  0
SECTION
  2
HEADER
  9
$ACADVER
  1
AC1014
  9
$ACADMAINTVER
 70
     9
  9
$DWGCODEPAGE
  3
ANSI_1252
  9
$INSBASE
 10
0.0
 20
0.0
 30
0.0
  9
$EXTMIN
 10
0.0001411111111158
 20
0.1000125
 30
0.0
  9
$EXTMAX
 10
299.9998938888889
 20
300.1001180555556
 30
0.0
  9
$LIMMIN
 10
0.0
 20
0.0
  9
$LIMMAX
 10
12.0
 20
9.0
  9
$ORTHOMODE
 70
     0
  9
$REGENMODE
 70
     1
  9
$FILLMODE
 70
     1
  9
$QTEXTMODE
 70
     0
  9
$MIRRTEXT
 70
     1
  9
$DRAGMODE
 70
     2
  9
$LTSCALE
 40
1.0
  9
$OSMODE
 70
    37
  9
$ATTMODE
 70
     1
  9
$TEXTSIZE
 40
0.2
  9
$TRACEWID
 40
0.05
  9
$TEXTSTYLE
  7
STANDARD
  9
$CLAYER
  8
DEFAULT
  9
$CELTYPE
  6
BYLAYER
  9
$CECOLOR
 62
   256
  9
$CELTSCALE
 40
1.0
  9
$DELOBJ
 70
     1
  9
$DISPSILH
 70
     0
  9
$DIMSCALE
 40
1.0
  9
$DIMASZ
 40
0.18
  9
$DIMEXO
 40
0.0625
  9
$DIMDLI
 40
0.38
  9
$DIMRND
 40
0.0
  9
$DIMDLE
 40
0.0
  9
$DIMEXE
 40
0.18
  9
$DIMTP
 40
0.0
  9
$DIMTM
 40
0.0
  9
$DIMTXT
 40
0.18
  9
$DIMCEN
 40
0.09
  9
$DIMTSZ
 40
0.0
  9
$DIMTOL
 70
     0
  9
$DIMLIM
 70
     0
  9
$DIMTIH
 70
     1
  9
$DIMTOH
 70
     1
  9
$DIMSE1
 70
     0
  9
$DIMSE2
 70
     0
  9
$DIMTAD
 70
     0
  9
$DIMZIN
 70
     0
  9
$DIMBLK
  1

  9
$DIMASO
 70
     1
  9
$DIMSHO
 70
     1
  9
$DIMPOST
  1

  9
$DIMAPOST
  1

  9
$DIMALT
 70
     0
  9
$DIMALTD
 70
     2
  9
$DIMALTF
 40
25.4
  9
$DIMLFAC
 40
1.0
  9
$DIMTOFL
 70
     0
  9
$DIMTVP
 40
0.0
  9
$DIMTIX
 70
     0
  9
$DIMSOXD
 70
     0
  9
$DIMSAH
 70
     0
  9
$DIMBLK1
  1

  9
$DIMBLK2
  1

  9
$DIMSTYLE
  2
STANDARD
  9
$DIMCLRD
 70
     0
  9
$DIMCLRE
 70
     0
  9
$DIMCLRT
 70
     0
  9
$DIMTFAC
 40
1.0
  9
$DIMGAP
 40
0.09
  9
$DIMJUST
 70
     0
  9
$DIMSD1
 70
     0
  9
$DIMSD2
 70
     0
  9
$DIMTOLJ
 70
     1
  9
$DIMTZIN
 70
     0
  9
$DIMALTZ
 70
     0
  9
$DIMALTTZ
 70
     0
  9
$DIMFIT
 70
     5
  9
$DIMUPT
 70
     0
  9
$DIMUNIT
 70
     2
  9
$DIMDEC
 70
     4
  9
$DIMTDEC
 70
     4
  9
$DIMALTU
 70
     2
  9
$DIMALTTD
 70
     2
  9
$DIMTXSTY
  7
STANDARD
  9
$DIMAUNIT
 70
     0
  9
$LUNITS
 70
     2
  9
$LUPREC
 70
     3
  9
$SKETCHINC
 40
0.1
  9
$FILLETRAD
 40
0.5
  9
$AUNITS
 70
     0
  9
$AUPREC
 70
     0
  9
$MENU
  1
.
  9
$ELEVATION
 40
0.0
  9
$PELEVATION
 40
0.0
  9
$THICKNESS
 40
0.0
  9
$LIMCHECK
 70
     0
  9
$CHAMFERA
 40
0.0
  9
$CHAMFERB
 40
0.0
  9
$CHAMFERC
 40
0.0
  9
$CHAMFERD
 40
0.0
  9
$SKPOLY
 70
     0
  9
$TDCREATE
 40
2459467.60953118
  9
$TDUPDATE
 40
2459467.609571088
  9
$TDINDWG
 40
0.0000000116
  9
$TDUSRTIMER
 40
0.0000000116
  9
$USRTIMER
 70
     1
  9
$ANGBASE
 50
0.0
  9
$ANGDIR
 70
     0
  9
$PDMODE
 70
     0
  9
$PDSIZE
 40
0.0
  9
$PLINEWID
 40
0.0
  9
$COORDS
 70
     1
  9
$SPLFRAME
 70
     0
  9
$SPLINETYPE
 70
     6
  9
$SPLINESEGS
 70
     8
  9
$ATTDIA
 70
     0
  9
$ATTREQ
 70
     1
  9
$HANDLING
 70
     1
  9
$HANDSEED
  5
306
  9
$SURFTAB1
 70
     6
  9
$SURFTAB2
 70
     6
  9
$SURFTYPE
 70
     6
  9
$SURFU
 70
     6
  9
$SURFV
 70
     6
  9
$UCSNAME
  2

  9
$UCSORG
 10
0.0
 20
0.0
 30
0.0
  9
$UCSXDIR
 10
1.0
 20
0.0
 30
0.0
  9
$UCSYDIR
 10
0.0
 20
1.0
 30
0.0
  9
$PUCSNAME
  2

  9
$PUCSORG
 10
0.0
 20
0.0
 30
0.0
  9
$PUCSXDIR
 10
1.0
 20
0.0
 30
0.0
  9
$PUCSYDIR
 10
0.0
 20
1.0
 30
0.0
  9
$USERI1
 70
     0
  9
$USERI2
 70
     0
  9
$USERI3
 70
     0
  9
$USERI4
 70
     0
  9
$USERI5
 70
     0
  9
$USERR1
 40
0.0
  9
$USERR2
 40
0.0
  9
$USERR3
 40
0.0
  9
$USERR4
 40
0.0
  9
$USERR5
 40
0.0
  9
$WORLDVIEW
 70
     1
  9
$SHADEDGE
 70
     3
  9
$SHADEDIF
 70
    70
  9
$TILEMODE
 70
     1
  9
$MAXACTVP
 70
    64
  9
$PINSBASE
 10
0.0
 20
0.0
 30
0.0
  9
$PLIMCHECK
 70
     0
  9
$PEXTMIN
 10
1.000000000000000E+20
 20
1.000000000000000E+20
 30
1.000000000000000E+20
  9
$PEXTMAX
 10
-1.000000000000000E+20
 20
-1.000000000000000E+20
 30
-1.000000000000000E+20
  9
$PLIMMIN
 10
0.0
 20
0.0
  9
$PLIMMAX
 10
12.0
 20
9.0
  9
$UNITMODE
 70
     0
  9
$VISRETAIN
 70
     1
  9
$PLINEGEN
 70
     0
  9
$PSLTSCALE
 70
     1
  9
$TREEDEPTH
 70
  3020
  9
$PICKSTYLE
 70
     1
  9
$CMLSTYLE
  2
STANDARD
  9
$CMLJUST
 70
     0
  9
$CMLSCALE
 40
1.0
  9
$PROXYGRAPHICS
 70
     1
  9
$MEASUREMENT
 70
     0
  0
ENDSEC
  0
SECTION
  2
CLASSES
  0
CLASS
  1
ACDBDICTIONARYWDFLT
  2
AcDbDictionaryWithDefault
  3
ObjectDBX Classes
 90
        0
280
     0
281
     0
  0
CLASS
  1
VISUALSTYLE
  2
AcDbVisualStyle
  3
ObjectDBX Classes
 90
     4095
280
     0
281
     0
  0
CLASS
  1
MATERIAL
  2
AcDbMaterial
  3
ObjectDBX Classes
 90
     1153
280
     0
281
     0
  0
CLASS
  1
SCALE
  2
AcDbScale
  3
ObjectDBX Classes
 90
     1153
280
     0
281
     0
  0
CLASS
  1
SUN
  2
AcDbSun
  3
SCENEOE
 90
     1153
280
     0
281
     0
  0
CLASS
  1
DICTIONARYVAR
  2
AcDbDictionaryVar
  3
ObjectDBX Classes
 90
        0
280
     0
281
     0
  0
CLASS
  1
XRECORD
  2
AcDbXrecord
  3
ObjectDBX Classes
 90
        0
280
     0
281
     0
  0
CLASS
  1
LWPOLYLINE
  2
AcDbPolyline
  3
ObjectDBX Classes
 90
        0
280
     0
281
     1
  0
CLASS
  1
HATCH
  2
AcDbHatch
  3
ObjectDBX Classes
 90
        0
280
     0
281
     1
  0
CLASS
  1
ACDBPLACEHOLDER
  2
AcDbPlaceHolder
  3
ObjectDBX Classes
 90
        0
280
     0
281
     0
  0
CLASS
  1
LAYOUT
  2
AcDbLayout
  3
ObjectDBX Classes
 90
        0
280
     0
281
     0
  0
ENDSEC
  0
SECTION
  2
TABLES
  0
TABLE
  2
VPORT
  5
8
330
0
100
AcDbSymbolTable
 70
     1
  0
VPORT
  5
29
330
8
100
AcDbSymbolTableRecord
100
AcDbViewportTableRecord
  2
*ACTIVE
 70
     0
 10
0.0
 20
0.0
 11
1.0
 21
1.0
 12
150.0000175
 22
150.1000652777778
 13
0.0
 23
0.0
 14
0.5
 24
0.5
 15
0.5
 25
0.5
 16
0.0
 26
0.0
 36
1.0
 17
0.0
 27
0.0
 37
0.0
 40
306.0001076666667
 41
0.9999988240744876
 42
50.0
 43
0.0
 44
0.0
 50
0.0
 51
0.0
 71
     0
 72
   100
 73
     1
 74
     3
 75
     0
 76
     0
 77
     0
 78
     0
  0
ENDTAB
  0
TABLE
  2
LTYPE
  5
5
330
0
100
AcDbSymbolTable
 70
     1
  0
LTYPE
  5
14
330
5
100
AcDbSymbolTableRecord
100
AcDbLinetypeTableRecord
  2
BYBLOCK
 70
     0
  3

 72
    65
 73
     0
 40
0.0
  0
LTYPE
  5
15
330
5
100
AcDbSymbolTableRecord
100
AcDbLinetypeTableRecord
  2
BYLAYER
 70
     0
  3

 72
    65
 73
     0
 40
0.0
  0
LTYPE
  5
16
330
5
100
AcDbSymbolTableRecord
100
AcDbLinetypeTableRecord
  2
CONTINUOUS
 70
     0
  3
Solid line
 72
    65
 73
     0
 40
0.0
  0
ENDTAB
  0
TABLE
  2
LAYER
  5
2
330
0
100
AcDbSymbolTable
 70
     2
  0
LAYER
  5
10
330
2
100
AcDbSymbolTableRecord
100
AcDbLayerTableRecord
  2
0
 70
     0
 62
     7
  6
CONTINUOUS
  0
LAYER
  5
6A
330
2
100
AcDbSymbolTableRecord
100
AcDbLayerTableRecord
  2
DEFAULT
 70
     0
 62
     7
  6
CONTINUOUS
  0
ENDTAB
  0
TABLE
  2
STYLE
  5
3
330
0
100
AcDbSymbolTable
 70
     1
  0
STYLE
  5
11
330
3
100
AcDbSymbolTableRecord
100
AcDbTextStyleTableRecord
  2
STANDARD
 70
     0
 40
0.0
 41
1.0
 50
0.0
 71
     0
 42
0.2
  3
txt
  4

  0
ENDTAB
  0
TABLE
  2
VIEW
  5
6
330
0
100
AcDbSymbolTable
 70
     0
  0
ENDTAB
  0
TABLE
  2
UCS
  5
7
330
0
100
AcDbSymbolTable
 70
     0
  0
ENDTAB
  0
TABLE
  2
APPID
  5
9
330
0
100
AcDbSymbolTable
 70
     1
  0
APPID
  5
12
330
9
100
AcDbSymbolTableRecord
100
AcDbRegAppTableRecord
  2
ACAD
 70
     0
  0
ENDTAB
  0
TABLE
  2
DIMSTYLE
  5
A
330
0
100
AcDbSymbolTable
 70
     1
  0
DIMSTYLE
105
27
330
A
100
AcDbSymbolTableRecord
100
AcDbDimStyleTableRecord
  2
STANDARD
 70
     0
  3

  4

  5

  6

  7

 40
1.0
 41
0.18
 42
0.0625
 43
0.38
 44
0.18
 45
0.0
 46
0.0
 47
0.0
 48
0.0
140
0.18
141
0.09
142
0.0
143
25.4
144
1.0
145
0.0
146
1.0
147
0.09
 71
     0
 72
     0
 73
     1
 74
     1
 75
     0
 76
     0
 77
     0
 78
     0
170
     0
171
     2
172
     0
173
     0
174
     0
175
     0
176
     0
177
     0
178
     0
270
     2
271
     4
272
     4
273
     2
274
     2
340
11
275
     0
280
     0
281
     0
282
     0
283
     1
284
     0
285
     0
286
     0
287
     3
288
     0
  0
ENDTAB
  0
TABLE
  2
BLOCK_RECORD
  5
1
330
0
100
AcDbSymbolTable
 70
     1
  0
BLOCK_RECORD
  5
1F
330
1
100
AcDbSymbolTableRecord
100
AcDbBlockTableRecord
  2
*MODEL_SPACE
  0
BLOCK_RECORD
  5
1B
330
1
100
AcDbSymbolTableRecord
100
AcDbBlockTableRecord
  2
*PAPER_SPACE
  0
ENDTAB
  0
ENDSEC
  0
SECTION
  2
BLOCKS
  0
BLOCK
  5
20
330
1F
100
AcDbEntity
  8
0
100
AcDbBlockBegin
  2
*MODEL_SPACE
 70
     0
 10
0.0
 20
0.0
 30
0.0
  3
*MODEL_SPACE
  1

  0
ENDBLK
  5
21
330
1F
100
AcDbEntity
  8
0
100
AcDbBlockEnd
  0
BLOCK
  5
1C
330
1B
100
AcDbEntity
 67
     1
  8
0
100
AcDbBlockBegin
  2
*PAPER_SPACE
 70
     0
 10
0.0
 20
0.0
 30
0.0
  3
*PAPER_SPACE
  1

  0
ENDBLK
  5
1D
330
1B
100
AcDbEntity
 67
     1
  8
0
100
AcDbBlockEnd
  0
ENDSEC
  0
SECTION
  2
ENTITIES
  0
SPLINE
  5
6B
330
1F
100
AcDbEntity
  8
DEFAULT
 62
   250
100
AcDbSpline
210
0.0
220
0.0
230
1.0
 70
     8
 71
     3
 72
    29
 73
    25
 74
     0
 42
0.000000001
 43
0.0000000001
 40
0.0
 40
0.0
 40
0.0
 40
0.0
 40
1.801606227786669
 40
1.801606227786669
 40
1.801606227786669
 40
2.81261463526917
 40
2.81261463526917
 40
2.81261463526917
 40
4.007912087788872
 40
4.007912087788872
 40
4.007912087788872
 40
4.645327180173759
 40
4.645327180173759
 40
4.645327180173759
 40
7.433755052649559
 40
7.433755052649559
 40
7.433755052649559
 40
8.433755052649559
 40
8.433755052649559
 40
8.433755052649559
 40
9.433755052649559
 40
9.433755052649559
 40
9.433755052649559
 40
10.43375505264956
 40
10.43375505264956
 40
10.43375505264956
 40
10.43375505264956
 10
225.3087244444445
 20
52.34629555555553
 30
0.0
 10
225.2033614814815
 20
52.16249833333331
 30
0.0
 10
225.0979985185186
 20
51.97870111111109
 30
0.0
 10
224.9926355555556
 20
51.79490388888888
 30
0.0
 10
224.8895068518518
 20
51.85405296296295
 30
0.0
 10
224.7863781481481
 20
51.91320203703702
 30
0.0
 10
224.6832494444444
 20
51.9723511111111
 30
0.0
 10
224.7491012962963
 20
51.84817333333333
 30
0.0
 10
224.8149531481481
 20
51.72399555555555
 30
0.0
 10
224.880805
 20
51.59981777777777
 30
0.0
 10
224.9180818518518
 20
51.66484648148147
 30
0.0
 10
224.9553587037037
 20
51.72987518518517
 30
0.0
 10
224.9926355555556
 20
51.79490388888888
 30
0.0
 10
225.2770920370371
 20
51.63180296296296
 30
0.0
 10
225.5615485185185
 20
51.46870203703704
 30
0.0
 10
225.846005
 20
51.30560111111111
 30
0.0
 10
225.9941716666666
 20
51.22093444444444
 30
0.0
 10
226.1194077777778
 20
51.18001222222221
 30
0.0
 10
226.2245355555555
 20
51.20647055555555
 30
0.0
 10
226.3180216666666
 20
51.22516777777777
 30
0.0
 10
226.4012772222222
 20
51.29148999999999
 30
0.0
 10
226.4623077777777
 20
51.39838166666665
 30
0.0
 10
226.5131077777777
 20
51.4865761111111
 30
0.0
 10
226.5402716666666
 20
51.56453999999999
 30
0.0
 10
226.5473272222222
 20
51.61922055555554
 30
0.0
  0
SPLINE
  5
6C
330
1F
100
AcDbEntity
  8
DEFAULT
 62
   250
100
AcDbSpline
210
0.0
220
0.0
230
1.0
 70
     8
 71
     3
 72
    14
 73
    10
 74
     0
 42
0.000000001
 43
0.0000000001
 40
0.0
 40
0.0
 40
0.0
 40
0.0
 40
1.0
 40
1.0
 40
1.0
 40
2.0
 40
2.0
 40
2.0
 40
4.405904819397468
 40
4.405904819397468
 40
4.405904819397468
 40
4.405904819397468
 10
226.2292275
 20
31.12692388888889
 30
0.0
 10
226.2962552777778
 20
31.00909611111111
 30
0.0
 10
226.3530525
 20
30.80025166666666
 30
0.0
 10
226.2246413888889
 20
30.57659055555555
 30
0.0
 10
226.1113997222222
 20
30.37868222222222
 30
0.0
 10
225.8665719444444
 20
30.20476277777777
 30
0.0
 10
225.4241886111111
 20
30.45805722222222
 30
0.0
 10
225.1787728703704
 20
30.59881555555556
 30
0.0
 10
224.9333571296296
 20
30.73957388888889
 30
0.0
 10
224.6879413888889
 20
30.88033222222222
 30
0.0
  0
SPLINE
  5
6D
330
1F
100
AcDbEntity
  8
DEFAULT
 62
   250
100
AcDbSpline
210
0.0
220
0.0
230
1.0
 70
     8
 71
     3
 72
    11
 73
     7
 74
     0
 42
0.000000001
 43
0.0000000001
 40
0.0
 40
0.0
 40
0.0
 40
0.0
 40
2.992216569702136
 40
2.992216569702136
 40
2.992216569702136
 40
3.992216569702136
 40
3.992216569702136
 40
3.992216569702136
 40
3.992216569702136
 10
225.175586111111
 20
31.73080888888887
 30
0.0
 10
225.4808564814814
 20
31.55583111111109
 30
0.0
 10
225.7861268518518
 20
31.38085333333332
 30
0.0
 10
226.0913972222222
 20
31.20587555555554
 30
0.0
 10
226.2215722222222
 20
31.13143944444444
 30
0.0
 10
226.3372833333333
 20
31.06829222222222
 30
0.0
 10
226.4406472222222
 20
31.01960888888888
 30
0.0
  0
SPLINE
  5
6E
330
1F
100
AcDbEntity
  8
DEFAULT
 62
   250
100
AcDbSpline
210
0.0
220
0.0
230
1.0
 70
     8
 71
     3
 72
    20
 73
    16
 74
     0
 42
0.000000001
 43
0.0000000001
 40
0.0
 40
0.0
 40
0.0
 40
0.0
 40
1.0
 40
1.0
 40
1.0
 40
2.0
 40
2.0
 40
2.0
 40
3.0
 40
3.0
 40
3.0
 40
4.0
 40
4.0
 40
4.0
 40
5.0
 40
5.0
 40
5.0
 40
5.0
 10
223.1956561111111
 20
64.47229083333333
 30
0.0
 10
223.219645
 20
64.60528805555555
 30
0.0
 10
223.3452338888889
 20
64.7315825
 30
0.0
 10
223.4972811111111
 20
64.79825749999999
 30
0.0
 10
223.7682144444445
 20
64.91679083333332
 30
0.0
 10
224.1005311111111
 20
64.84306027777777
 30
0.0
 10
224.2638672222222
 20
64.47017416666667
 30
0.0
 10
224.4014505555556
 20
64.15549638888889
 30
0.0
 10
224.2853866666667
 20
63.8521075
 30
0.0
 10
224.0073977777778
 20
63.73039916666666
 30
0.0
 10
223.81972
 20
63.64820194444444
 30
0.0
 10
223.651445
 20
63.66372416666666
 30
0.0
 10
223.5106866666667
 20
63.75262416666666
 30
0.0
 10
223.460945
 20
63.88138805555555
 30
0.0
 10
222.76562
 20
65.45477694444443
 30
0.0
 10
222.76562
 20
65.45477694444443
 30
0.0
  0
SPLINE
  5
6F
330
1F
100
AcDbEntity
  8
DEFAULT
 62
   250
100
AcDbSpline
210
0.0
220
0.0
230
1.0
 70
     8
 71
     3
 72
    17
 73
    13
 74
     0
 42
0.000000001
 43
0.0000000001
 40
0.0
 40
0.0
 40
0.0
 40
0.0
 40
1.0
 40
1.0
 40
1.0
 40
2.0
 40
2.0
 40
2.0
 40
3.0
 40
3.0
 40
3.0
 40
4.0
 40
4.0
 40
4.0
 40
4.0
 10
212.8779997222222
 20
22.33563111111111
 30
0.0
 10
212.8088552777778
 20
22.29964777777778
 30
0.0
 10
212.6561025
 20
22.25167
 30
0.0
 10
212.4610163888889
 20
22.25167
 30
0.0
 10
212.0232191666666
 20
22.25167
 30
0.0
 10
211.7385275
 20
22.54835611111111
 30
0.0
 10
211.7385275
 20
22.99215055555555
 30
0.0
 10
211.7385275
 20
23.43912
 30
0.0
 10
212.0443858333333
 20
23.76297
 30
0.0
 10
212.5181663888889
 20
23.76297
 30
0.0
 10
212.6740941666667
 20
23.76297
 30
0.0
 10
212.8120302777778
 20
23.72381166666666
 30
0.0
 10
212.8839969444444
 20
23.68782833333333
 30
0.0
  0
SPLINE
  5
70
330
1F
100
AcDbEntity
  8
DEFAULT
 62
   250
100
AcDbSpline
210
0.0
220
0.0
230
1.0
 70
     8
 71
     3
 72
    20
 73
    16
 74
     0
 42
0.000000001
 43
0.0000000001
 40
0.0
 40
0.0
 40
0.0
 40
0.0
 40
1.002999999999997
 40
1.002999999999997
 40
1.002999999999997
 40
2.005999999999994
 40
2.005999999999994
 40
2.005999999999994
 40
3.008999999999992
 40
3.008999999999992
 40
3.008999999999992
 40
4.011999999999989
 40
4.011999999999989
 40
4.011999999999989
 40
5.014999999999986
 40
5.014999999999986
 40
5.014999999999986
 40
5.014999999999986
 10
210.8202822222222
 20
53.98798222222221
 30
0.0
 10
210.9077711111111
 20
54.12556555555555
 30
0.0
 10
211.0566433333333
 20
54.21481833333333
 30
0.0
 10
211.2637238888889
 20
54.21481833333333
 30
0.0
 10
211.582635
 20
54.21481833333333
 30
0.0
 10
211.80806
 20
53.95975999999999
 30
0.0
 10
211.8055905555556
 20
53.58546277777778
 30
0.0
 10
211.8055905555556
 20
53.14413777777777
 30
0.0
 10
211.51596
 20
52.92506277777777
 30
0.0
 10
211.2291516666667
 20
52.92506277777777
 30
0.0
 10
211.0432377777778
 20
52.92506277777777
 30
0.0
 10
210.915885
 20
52.99385444444444
 30
0.0
 10
210.8202822222222
 20
53.15719055555555
 30
0.0
 10
210.8262794444445
 20
53.25596833333334
 30
0.0
 10
210.8202822222222
 20
55.086885
 30
0.0
 10
210.8202822222222
 20
55.086885
 30
0.0
  0
SPLINE
  5
71
330
1F
100
AcDbEntity
  8
DEFAULT
 62
     1
100
AcDbSpline
210
0.0
220
0.0
230
1.0
 70
    11
 71
     3
 72
   152
 73
   148
 74
     0
 42
0.000000001
 43
0.0000000001
 40
1.0
 40
1.0
 40
1.0
 40
1.0
 40
2.0
 40
2.0
 40
2.0
 40
3.0
 40
3.0
 40
3.0
 40
4.0
 40
4.0
 40
4.0
 40
12.50630942301067
 40
12.50630942301067
 40
12.50630942301067
 40
13.50630942301067
 40
13.50630942301067
 40
13.50630942301067
 40
14.50630942301067
 40
14.50630942301067
 40
14.50630942301067
 40
15.50630942301067
 40
15.50630942301067
 40
15.50630942301067
 40
16.50630942301067
 40
16.50630942301067
 40
16.50630942301067
 40
17.50630942301067
 40
17.50630942301067
 40
17.50630942301067
 40
18.50630942301067
 40
18.50630942301067
 40
18.50630942301067
 40
19.50630942301067
 40
19.50630942301067
 40
19.50630942301067
 40
20.50630942301067
 40
20.50630942301067
 40
20.50630942301067
 40
30.42630942301067
 40
30.42630942301067
 40
30.42630942301067
 40
38.92630942301067
 40
38.92630942301067
 40
38.92630942301067
 40
48.84630942301067
 40
48.84630942301067
 40
48.84630942301067
 40
49.84630942301067
 40
49.84630942301067
 40
49.84630942301067
 40
50.84630942301067
 40
50.84630942301067
 40
50.84630942301067
 40
51.84630942301067
 40
51.84630942301067
 40
51.84630942301067
 40
52.84630942301067
 40
52.84630942301067
 40
52.84630942301067
 40
53.84630942301067
 40
53.84630942301067
 40
53.84630942301067
 40
54.84630942301067
 40
54.84630942301067
 40
54.84630942301067
 40
55.84630942301067
 40
55.84630942301067
 40
55.84630942301067
 40
56.84630942301067
 40
56.84630942301067
 40
56.84630942301067
 40
66.76630942301068
 40
66.76630942301068
 40
66.76630942301068
 40
75.27630942301067
 40
75.27630942301067
 40
75.27630942301067
 40
85.19630942301069
 40
85.19630942301069
 40
85.19630942301069
 40
86.19630942301069
 40
86.19630942301069
 40
86.19630942301069
 40
87.19630942301069
 40
87.19630942301069
 40
87.19630942301069
 40
88.19630942301069
 40
88.19630942301069
 40
88.19630942301069
 40
89.19630942301069
 40
89.19630942301069
 40
89.19630942301069
 40
90.19630942301069
 40
90.19630942301069
 40
90.19630942301069
 40
91.19630942301069
 40
91.19630942301069
 40
91.19630942301069
 40
92.19630942301069
 40
92.19630942301069
 40
92.19630942301069
 40
93.19630942301069
 40
93.19630942301069
 40
93.19630942301069
 40
94.19630942301069
 40
94.19630942301069
 40
94.19630942301069
 40
102.6999674594089
 40
102.6999674594089
 40
102.6999674594089
 40
103.6999674594089
 40
103.6999674594089
 40
103.6999674594089
 40
104.6999674594089
 40
104.6999674594089
 40
104.6999674594089
 40
105.6999674594089
 40
105.6999674594089
 40
105.6999674594089
 40
106.6999674594089
 40
106.6999674594089
 40
106.6999674594089
 40
107.6999674594089
 40
107.6999674594089
 40
107.6999674594089
 40
108.6999674594089
 40
108.6999674594089
 40
108.6999674594089
 40
109.6999674594089
 40
109.6999674594089
 40
109.6999674594089
 40
110.6999674594089
 40
110.6999674594089
 40
110.6999674594089
 40
119.2062768824196
 40
119.2062768824196
 40
119.2062768824196
 40
120.2062768824196
 40
120.2062768824196
 40
120.2062768824196
 40
121.2062768824196
 40
121.2062768824196
 40
121.2062768824196
 40
122.2062768824196
 40
122.2062768824196
 40
122.2062768824196
 40
123.2062768824196
 40
123.2062768824196
 40
123.2062768824196
 40
123.2062768824196
 10
234.7485991666666
 20
27.42254555555555
 30
0.0
 10
234.7203769444444
 20
27.37315666666666
 30
0.0
 10
234.0183491666666
 20
27.72240666666666
 30
0.0
 10
233.1787380555555
 20
28.20218444444444
 30
0.0
 10
232.3391269444444
 20
28.68548999999999
 30
0.0
 10
231.8628769444444
 20
29.07354555555555
 30
0.0
 10
231.7111824999999
 20
29.15821222222222
 30
0.0
 10
230.9491825
 20
29.59565666666666
 30
0.0
 10
228.6737658333333
 20
30.89740666666666
 30
0.0
 10
228.6737658333333
 20
30.89740666666666
 30
0.0
 10
228.1763491666666
 20
30.02957333333333
 30
0.0
 10
227.6789324999999
 20
29.16174
 30
0.0
 10
227.1815158333333
 20
28.29390666666666
 30
0.0
 10
227.1815158333333
 20
28.29390666666666
 30
0.0
 10
229.4604602777777
 20
26.99215666666666
 30
0.0
 10
230.2189324999999
 20
26.55471222222222
 30
0.0
 10
230.3706269444444
 20
26.47004555555555
 30
0.0
 10
230.9491825
 20
26.25485111111111
 30
0.0
 10
231.7887936111111
 20
25.77507333333333
 30
0.0
 10
232.6284047222222
 20
25.29176777777777
 30
0.0
 10
233.2845713888888
 20
24.86490666666666
 30
0.0
 10
233.2563491666666
 20
24.81904555555555
 30
0.0
 10
231.6335713888888
 20
21.97565666666667
 30
0.0
 10
223.5196825
 20
15.12118444444444
 30
0.0
 10
224.8884602777777
 20
12.58471222222222
 30
0.0
 10
226.8675436111111
 20
8.933462222222222
 30
0.0
 10
222.6553769444444
 20
9.258017777777775
 30
0.0
 10
219.7802380555555
 20
8.129128888888888
 30
0.0
 10
216.9086269444444
 20
7.000239999999998
 30
0.0
 10
217.6071269444444
 20
13.30085111111111
 30
0.0
 10
213.8112380555555
 20
13.30085111111111
 30
0.0
 10
213.7547936111111
 20
13.30085111111111
 30
0.0
 10
213.7124602777778
 20
14.08401777777777
 30
0.0
 10
213.7124602777778
 20
15.05062888888889
 30
0.0
 10
213.7124602777778
 20
16.01724
 30
0.0
 10
213.8112380555555
 20
16.62401777777778
 30
0.0
 10
213.8112380555555
 20
16.80040666666666
 30
0.0
 10
213.8112380555555
 20
17.96692518518518
 30
0.0
 10
213.8112380555555
 20
19.1334437037037
 30
0.0
 10
213.8112380555555
 20
20.29996222222222
 30
0.0
 10
212.8117010185184
 20
20.29996222222222
 30
0.0
 10
211.8121639814814
 20
20.29996222222222
 30
0.0
 10
210.8126269444444
 20
20.29996222222222
 30
0.0
 10
210.8126269444444
 20
19.1334437037037
 30
0.0
 10
210.8126269444444
 20
17.96692518518518
 30
0.0
 10
210.8126269444444
 20
16.80040666666666
 30
0.0
 10
210.8126269444444
 20
16.62401777777778
 30
0.0
 10
210.9114047222222
 20
16.01724
 30
0.0
 10
210.9114047222222
 20
15.05062888888889
 30
0.0
 10
210.9114047222222
 20
14.08401777777777
 30
0.0
 10
210.8655436111111
 20
13.30085111111111
 30
0.0
 10
210.8126269444444
 20
13.30085111111111
 30
0.0
 10
207.6587936111111
 20
13.30085111111111
 30
0.0
 10
206.1806547222222
 20
12.36246222222222
 30
0.0
 10
207.1155158333333
 20
17.74937888888888
 30
0.0
 10
208.0503769444444
 20
23.13276777777778
 30
0.0
 10
207.0520158333333
 20
27.29907333333333
 30
0.0
 10
209.4191547222222
 20
27.29907333333333
 30
0.0
 10
211.7862936111111
 20
27.29907333333333
 30
0.0
 10
214.6473213888889
 20
27.40843444444444
 30
0.0
 10
216.1430991666666
 20
28.85129555555555
 30
0.0
 10
217.6353491666666
 20
30.29415666666666
 30
0.0
 10
222.4613491666666
 20
44.29943444444444
 30
0.0
 10
212.8128769444444
 20
44.29943444444444
 30
0.0
 10
212.7564325
 20
44.29943444444444
 30
0.0
 10
212.7105713888888
 20
45.08260111111111
 30
0.0
 10
212.7105713888888
 20
46.04921222222222
 30
0.0
 10
212.7105713888888
 20
47.01582333333333
 30
0.0
 10
212.8128769444444
 20
47.62612888888888
 30
0.0
 10
212.8128769444444
 20
47.79899
 30
0.0
 10
212.8128769444444
 20
48.96550851851851
 30
0.0
 10
212.8128769444444
 20
50.13202703703703
 30
0.0
 10
212.8128769444444
 20
51.29854555555556
 30
0.0
 10
211.8121639814815
 20
51.29854555555556
 30
0.0
 10
210.8114510185185
 20
51.29854555555556
 30
0.0
 10
209.8107380555555
 20
51.29854555555556
 30
0.0
 10
209.8107380555556
 20
50.13202703703703
 30
0.0
 10
209.8107380555556
 20
48.96550851851851
 30
0.0
 10
209.8107380555555
 20
47.79899
 30
0.0
 10
209.8107380555555
 20
47.62612888888888
 30
0.0
 10
209.9130436111111
 20
47.01582333333333
 30
0.0
 10
209.9130436111111
 20
46.04921222222222
 30
0.0
 10
209.9130436111111
 20
45.08260111111111
 30
0.0
 10
209.8671825
 20
44.29943444444444
 30
0.0
 10
209.8107380555555
 20
44.29943444444444
 30
0.0
 10
206.8862102777777
 20
44.29943444444444
 30
0.0
 10
205.6232658333333
 20
45.17079555555556
 30
0.0
 10
205.9936825
 20
48.90671222222221
 30
0.0
 10
206.3676269444444
 20
52.64262888888888
 30
0.0
 10
207.3695158333333
 20
53.31996222222221
 30
0.0
 10
206.1806547222222
 20
56.29740666666665
 30
0.0
 10
204.9917936111111
 20
59.27132333333332
 30
0.0
 10
206.5828213888888
 20
58.91148999999999
 30
0.0
 10
208.5477936111111
 20
60.31907333333333
 30
0.0
 10
217.7059047222222
 20
66.87368444444444
 30
0.0
 10
210.7455991666666
 20
69.72800944444444
 30
0.0
 10
218.3585436111111
 20
72.98767611111111
 30
0.0
 10
218.4079325
 20
73.005315
 30
0.0
 10
218.7642380555555
 20
72.31034277777778
 30
0.0
 10
219.152293611111
 20
71.42487055555556
 30
0.0
 10
219.5403491666666
 20
70.53939833333334
 30
0.0
 10
219.6955713888889
 20
69.94320388888889
 30
0.0
 10
219.7661269444444
 20
69.7809261111111
 30
0.0
 10
220.1153769444444
 20
68.98012055555554
 30
0.0
 10
221.1701825
 20
66.57770388888888
 30
0.0
 10
221.1701825
 20
66.57770388888888
 30
0.0
 10
222.0862287962962
 20
66.97869462962962
 30
0.0
 10
223.0022750925925
 20
67.37968537037035
 30
0.0
 10
223.9183213888888
 20
67.7806761111111
 30
0.0
 10
223.9183213888888
 20
67.7806761111111
 30
0.0
 10
222.8635158333333
 20
70.18662055555555
 30
0.0
 10
222.5107380555555
 20
70.9874261111111
 30
0.0
 10
222.4437102777777
 20
71.14970388888888
 30
0.0
 10
222.1050436111111
 20
71.66475944444444
 30
0.0
 10
221.7169880555555
 20
72.54670388888889
 30
0.0
 10
221.3254047222222
 20
73.4321761111111
 30
0.0
 10
221.0537658333333
 20
74.16948166666666
 30
0.0
 10
221.1031547222222
 20
74.19417611111109
 30
0.0
 10
223.9042102777777
 20
75.259565
 30
0.0
 10
225.5975436111111
 20
72.82892611111112
 30
0.0
 10
226.6558769444444
 20
69.66803722222221
 30
0.0
 10
233.7149602777777
 20
48.60367611111111
 30
0.0
 10
236.2373213888889
 20
50.77643444444444
 30
0.0
 10
234.7485991666666
 20
48.17293444444444
 30
0.0
 10
234.7203769444444
 20
48.12354555555554
 30
0.0
 10
234.0183491666666
 20
48.47632333333333
 30
0.0
 10
233.1787380555555
 20
48.95610111111111
 30
0.0
 10
232.3391269444444
 20
49.43587888888888
 30
0.0
 10
231.8628769444444
 20
49.82393444444445
 30
0.0
 10
231.7111824999999
 20
49.91212888888889
 30
0.0
 10
230.9491825
 20
50.34604555555555
 30
0.0
 10
228.6737658333333
 20
51.65132333333334
 30
0.0
 10
228.6737658333333
 20
51.65132333333334
 30
0.0
 10
228.1763491666666
 20
50.78349
 30
0.0
 10
227.6789324999999
 20
49.91565666666666
 30
0.0
 10
227.1815158333333
 20
49.04782333333333
 30
0.0
 10
227.1815158333333
 20
49.04782333333333
 30
0.0
 10
229.4604602777777
 20
47.74254555555555
 30
0.0
 10
230.2189324999999
 20
47.30862888888888
 30
0.0
 10
230.3706269444444
 20
47.22043444444444
 30
0.0
 10
230.9491825
 20
47.00523999999999
 30
0.0
 10
231.7887936111111
 20
46.52546222222222
 30
0.0
 10
232.6284047222222
 20
46.04568444444444
 30
0.0
 10
233.2845713888888
 20
45.61529555555556
 30
0.0
 10
233.2563491666666
 20
45.56943444444445
 30
0.0
 10
231.7535158333333
 20
42.94123999999999
 30
0.0
 10
236.0750436111111
 20
29.74029555555556
 30
0.0
 10
234.7485991666666
 20
27.42254555555555
 30
0.0
  0
SPLINE
  5
72
330
1F
100
AcDbEntity
  8
DEFAULT
 62
   250
100
AcDbSpline
210
0.0
220
0.0
230
1.0
 70
     8
 71
     3
 72
    29
 73
    25
 74
     0
 42
0.000000001
 43
0.0000000001
 40
0.0
 40
0.0
 40
0.0
 40
0.0
 40
1.801606227786718
 40
1.801606227786718
 40
1.801606227786718
 40
2.813482208329797
 40
2.813482208329797
 40
2.813482208329797
 40
4.009527776023598
 40
4.009527776023598
 40
4.009527776023598
 40
4.646942868408484
 40
4.646942868408484
 40
4.646942868408484
 40
7.434873462953485
 40
7.434873462953485
 40
7.434873462953485
 40
8.434873462953485
 40
8.434873462953485
 40
8.434873462953485
 40
9.434873462953485
 40
9.434873462953485
 40
9.434873462953485
 40
10.43487346295348
 40
10.43487346295348
 40
10.43487346295348
 40
10.43487346295348
 10
75.6594386111111
 20
51.59964138888887
 30
0.0
 10
75.55407564814816
 20
51.78343861111109
 30
0.0
 10
75.44871268518519
 20
51.96723583333331
 30
0.0
 10
75.34334972222223
 20
52.15103305555553
 30
0.0
 10
75.44659601851852
 20
52.21018212962961
 30
0.0
 10
75.54984231481482
 20
52.26933120370369
 30
0.0
 10
75.6530886111111
 20
52.32848027777777
 30
0.0
 10
75.51256546296297
 20
52.3343599074074
 30
0.0
 10
75.3720423148148
 20
52.34023953703703
 30
0.0
 10
75.23151916666666
 20
52.34611916666666
 30
0.0
 10
75.26879601851851
 20
52.28109046296296
 30
0.0
 10
75.30607287037037
 20
52.21606175925925
 30
0.0
 10
75.34334972222223
 20
52.15103305555554
 30
0.0
 10
75.05889324074074
 20
51.98804972222221
 30
0.0
 10
74.77443675925926
 20
51.82506638888887
 30
0.0
 10
74.48998027777778
 20
51.66208305555554
 30
0.0
 10
74.3418136111111
 20
51.57706361111111
 30
0.0
 10
74.2433886111111
 20
51.48957472222221
 30
0.0
 10
74.21304972222222
 20
51.38550527777777
 30
0.0
 10
74.18200527777778
 20
51.29519416666665
 30
0.0
 10
74.19717472222221
 20
51.19006638888888
 30
0.0
 10
74.25855805555555
 20
51.0835275
 30
0.0
 10
74.30900527777777
 20
50.99498027777777
 30
0.0
 10
74.36227472222222
 20
50.93218583333333
 30
0.0
 10
74.40601916666667
 20
50.89831916666666
 30
0.0
  0
SPLINE
  5
73
330
1F
100
AcDbEntity
  8
DEFAULT
 62
   250
100
AcDbSpline
210
0.0
220
0.0
230
1.0
 70
     8
 71
     3
 72
    14
 73
    10
 74
     0
 42
0.000000001
 43
0.0000000001
 40
0.0
 40
0.0
 40
0.0
 40
0.0
 40
1.0
 40
1.0
 40
1.0
 40
2.0
 40
2.0
 40
2.0
 40
4.405407449892834
 40
4.405407449892834
 40
4.405407449892834
 40
4.405407449892834
 10
74.792205
 20
30.28738333333333
 30
0.0
 10
74.65638555555554
 20
30.28914722222222
 30
0.0
 10
74.44789388888888
 20
30.34559166666667
 30
0.0
 10
74.31948277777776
 20
30.56960555555555
 30
0.0
 10
74.2062411111111
 20
30.76716111111111
 30
0.0
 10
74.17978277777777
 20
31.06666944444444
 30
0.0
 10
74.6221661111111
 20
31.31996388888889
 30
0.0
 10
74.86758185185182
 20
31.46060462962963
 30
0.0
 10
75.11299759259258
 20
31.60124537037037
 30
0.0
 10
75.35841333333332
 20
31.74188611111111
 30
0.0
  0
SPLINE
  5
74
330
1F
100
AcDbEntity
  8
DEFAULT
 62
   250
100
AcDbSpline
210
0.0
220
0.0
230
1.0
 70
     8
 71
     3
 72
    11
 73
     7
 74
     0
 42
0.000000001
 43
0.0000000001
 40
0.0
 40
0.0
 40
0.0
 40
0.0
 40
2.992216569702136
 40
2.992216569702136
 40
2.992216569702136
 40
3.992216569702136
 40
3.992216569702136
 40
3.992216569702136
 40
3.992216569702136
 10
75.84581111111109
 20
30.8913036111111
 30
0.0
 10
75.54054074074072
 20
30.71632583333333
 30
0.0
 10
75.23527037037034
 20
30.54134805555555
 30
0.0
 10
74.92999999999998
 20
30.36637027777777
 30
0.0
 10
74.80017777777778
 20
30.29193416666666
 30
0.0
 10
74.68693611111111
 20
30.22349527777778
 30
0.0
 10
74.59274444444445
 20
30.15928972222222
 30
0.0
  0
SPLINE
  5
75
330
1F
100
AcDbEntity
  8
DEFAULT
 62
   250
100
AcDbSpline
210
0.0
220
0.0
230
1.0
 70
     8
 71
     3
 72
    20
 73
    16
 74
     0
 42
0.000000001
 43
0.0000000001
 40
0.0
 40
0.0
 40
0.0
 40
0.0
 40
1.0
 40
1.0
 40
1.0
 40
2.0
 40
2.0
 40
2.0
 40
3.0
 40
3.0
 40
3.0
 40
4.0
 40
4.0
 40
4.0
 40
5.0
 40
5.0
 40
5.0
 40
5.0
 10
76.44902583333334
 20
64.86429749999999
 30
0.0
 10
76.56297305555556
 20
64.93696972222222
 30
0.0
 10
76.74112583333333
 20
64.93026694444444
 30
0.0
 10
76.89317305555555
 20
64.86359194444444
 30
0.0
 10
77.16410638888888
 20
64.7450586111111
 30
0.0
 10
77.33520361111111
 20
64.45084194444443
 30
0.0
 10
77.17222027777778
 20
64.0783086111111
 30
0.0
 10
77.03428416666667
 20
63.76327805555555
 30
0.0
 10
76.73230638888889
 20
63.64298083333333
 30
0.0
 10
76.45431749999999
 20
63.76468916666666
 30
0.0
 10
76.26663972222222
 20
63.84688638888889
 30
0.0
 10
76.16398138888889
 20
63.98094194444444
 30
0.0
 10
76.13399527777777
 20
64.14463083333332
 30
0.0
 10
76.19502583333333
 20
64.26880861111111
 30
0.0
 10
76.87906194444444
 20
65.8467836111111
 30
0.0
 10
76.87906194444444
 20
65.8467836111111
 30
0.0
  0
SPLINE
  5
76
330
1F
100
AcDbEntity
  8
DEFAULT
 62
   250
100
AcDbSpline
210
0.0
220
0.0
230
1.0
 70
     8
 71
     3
 72
    17
 73
    13
 74
     0
 42
0.000000001
 43
0.0000000001
 40
0.0
 40
0.0
 40
0.0
 40
0.0
 40
1.0
 40
1.0
 40
1.0
 40
2.0
 40
2.0
 40
2.0
 40
3.0
 40
3.0
 40
3.0
 40
4.0
 40
4.0
 40
4.0
 40
4.0
 10
88.79434305555554
 20
22.33563111111111
 30
0.0
 10
88.72519861111111
 20
22.29964777777778
 30
0.0
 10
88.57244583333333
 20
22.25167
 30
0.0
 10
88.37735972222222
 20
22.25167
 30
0.0
 10
87.93991527777777
 20
22.25167
 30
0.0
 10
87.65487083333333
 20
22.54835611111111
 30
0.0
 10
87.65487083333333
 20
22.99215055555555
 30
0.0
 10
87.65487083333333
 20
23.43912
 30
0.0
 10
87.96072916666667
 20
23.76297
 30
0.0
 10
88.43450972222222
 20
23.76297
 30
0.0
 10
88.5904375
 20
23.76297
 30
0.0
 10
88.7283736111111
 20
23.72381166666666
 30
0.0
 10
88.80034027777776
 20
23.68782833333333
 30
0.0
  0
SPLINE
  5
77
330
1F
100
AcDbEntity
  8
DEFAULT
 62
   250
100
AcDbSpline
210
0.0
220
0.0
230
1.0
 70
     8
 71
     3
 72
    20
 73
    16
 74
     0
 42
0.000000001
 43
0.0000000001
 40
0.0
 40
0.0
 40
0.0
 40
0.0
 40
1.002999999999997
 40
1.002999999999997
 40
1.002999999999997
 40
2.005999999999994
 40
2.005999999999994
 40
2.005999999999994
 40
3.008999999999992
 40
3.008999999999992
 40
3.008999999999992
 40
4.011999999999989
 40
4.011999999999989
 40
4.011999999999989
 40
5.014999999999986
 40
5.014999999999986
 40
5.014999999999986
 40
5.014999999999986
 10
88.73687555555554
 20
53.98798222222221
 30
0.0
 10
88.82436444444443
 20
54.12556555555555
 30
0.0
 10
88.97323666666665
 20
54.21481833333333
 30
0.0
 10
89.18031722222221
 20
54.21481833333333
 30
0.0
 10
89.49922833333332
 20
54.21481833333333
 30
0.0
 10
89.72465333333332
 20
53.95975999999999
 30
0.0
 10
89.72218388888888
 20
53.58546277777778
 30
0.0
 10
89.72218388888888
 20
53.14413777777777
 30
0.0
 10
89.43255333333333
 20
52.92506277777777
 30
0.0
 10
89.14574499999999
 20
52.92506277777777
 30
0.0
 10
88.9598311111111
 20
52.92506277777777
 30
0.0
 10
88.83247833333331
 20
52.99385444444444
 30
0.0
 10
88.73687555555554
 20
53.15719055555555
 30
0.0
 10
88.74287277777776
 20
53.25596833333334
 30
0.0
 10
88.73687555555554
 20
55.086885
 30
0.0
 10
88.73687555555554
 20
55.086885
 30
0.0
  0
SPLINE
  5
78
330
1F
100
AcDbEntity
  8
DEFAULT
 62
     1
100
AcDbSpline
210
0.0
220
0.0
230
1.0
 70
    11
 71
     3
 72
   152
 73
   148
 74
     0
 42
0.000000001
 43
0.0000000001
 40
1.0
 40
1.0
 40
1.0
 40
1.0
 40
2.0
 40
2.0
 40
2.0
 40
3.0
 40
3.0
 40
3.0
 40
4.0
 40
4.0
 40
4.0
 40
12.50630942301065
 40
12.50630942301065
 40
12.50630942301065
 40
13.50630942301065
 40
13.50630942301065
 40
13.50630942301065
 40
14.50630942301065
 40
14.50630942301065
 40
14.50630942301065
 40
15.50630942301065
 40
15.50630942301065
 40
15.50630942301065
 40
16.50630942301066
 40
16.50630942301066
 40
16.50630942301066
 40
17.50630942301066
 40
17.50630942301066
 40
17.50630942301066
 40
18.50630942301066
 40
18.50630942301066
 40
18.50630942301066
 40
19.50630942301066
 40
19.50630942301066
 40
19.50630942301066
 40
20.50630942301066
 40
20.50630942301066
 40
20.50630942301066
 40
30.42630942301066
 40
30.42630942301066
 40
30.42630942301066
 40
38.92630942301066
 40
38.92630942301066
 40
38.92630942301066
 40
48.84630942301066
 40
48.84630942301066
 40
48.84630942301066
 40
49.84630942301066
 40
49.84630942301066
 40
49.84630942301066
 40
50.84630942301066
 40
50.84630942301066
 40
50.84630942301066
 40
51.84630942301066
 40
51.84630942301066
 40
51.84630942301066
 40
52.84630942301066
 40
52.84630942301066
 40
52.84630942301066
 40
53.84630942301066
 40
53.84630942301066
 40
53.84630942301066
 40
54.84630942301066
 40
54.84630942301066
 40
54.84630942301066
 40
55.84630942301066
 40
55.84630942301066
 40
55.84630942301066
 40
56.84630942301066
 40
56.84630942301066
 40
56.84630942301066
 40
66.76630942301068
 40
66.76630942301068
 40
66.76630942301068
 40
75.27630942301064
 40
75.27630942301064
 40
75.27630942301064
 40
85.19630942301066
 40
85.19630942301066
 40
85.19630942301066
 40
86.19630942301066
 40
86.19630942301066
 40
86.19630942301066
 40
87.19630942301066
 40
87.19630942301066
 40
87.19630942301066
 40
88.19630942301066
 40
88.19630942301066
 40
88.19630942301066
 40
89.19630942301066
 40
89.19630942301066
 40
89.19630942301066
 40
90.19630942301066
 40
90.19630942301066
 40
90.19630942301066
 40
91.19630942301066
 40
91.19630942301066
 40
91.19630942301066
 40
92.19630942301066
 40
92.19630942301066
 40
92.19630942301066
 40
93.19630942301066
 40
93.19630942301066
 40
93.19630942301066
 40
94.19630942301066
 40
94.19630942301066
 40
94.19630942301066
 40
102.6999674594089
 40
102.6999674594089
 40
102.6999674594089
 40
103.6999674594089
 40
103.6999674594089
 40
103.6999674594089
 40
104.6999674594089
 40
104.6999674594089
 40
104.6999674594089
 40
105.6999674594089
 40
105.6999674594089
 40
105.6999674594089
 40
106.6999674594089
 40
106.6999674594089
 40
106.6999674594089
 40
107.6999674594089
 40
107.6999674594089
 40
107.6999674594089
 40
108.6999674594089
 40
108.6999674594089
 40
108.6999674594089
 40
109.6999674594089
 40
109.6999674594089
 40
109.6999674594089
 40
110.6999674594089
 40
110.6999674594089
 40
110.6999674594089
 40
119.2062768824196
 40
119.2062768824196
 40
119.2062768824196
 40
120.2062768824196
 40
120.2062768824196
 40
120.2062768824196
 40
121.2062768824196
 40
121.2062768824196
 40
121.2062768824196
 40
122.2062768824196
 40
122.2062768824196
 40
122.2062768824196
 40
123.2062768824196
 40
123.2062768824196
 40
123.2062768824196
 40
123.2062768824196
 10
65.79157388888888
 20
27.42254555555555
 30
0.0
 10
65.81979611111112
 20
27.37315666666666
 30
0.0
 10
66.52182388888887
 20
27.72240666666666
 30
0.0
 10
67.36143499999999
 20
28.20218444444444
 30
0.0
 10
68.20104611111111
 20
28.68548999999999
 30
0.0
 10
68.6772961111111
 20
29.07354555555555
 30
0.0
 10
68.82899055555555
 20
29.15821222222222
 30
0.0
 10
69.59099055555555
 20
29.59565666666666
 30
0.0
 10
71.86640722222222
 20
30.89740666666666
 30
0.0
 10
71.86640722222222
 20
30.89740666666666
 30
0.0
 10
72.36382388888889
 20
30.02957333333333
 30
0.0
 10
72.86124055555554
 20
29.16174
 30
0.0
 10
73.3586572222222
 20
28.29390666666666
 30
0.0
 10
73.3586572222222
 20
28.29390666666666
 30
0.0
 10
71.07971277777777
 20
26.99215666666666
 30
0.0
 10
70.32124055555555
 20
26.55471222222222
 30
0.0
 10
70.1695461111111
 20
26.47004555555555
 30
0.0
 10
69.59099055555555
 20
26.25485111111111
 30
0.0
 10
68.75137944444444
 20
25.77507333333333
 30
0.0
 10
67.91176833333333
 20
25.29176777777777
 30
0.0
 10
67.25560166666666
 20
24.86490666666666
 30
0.0
 10
67.28382388888888
 20
24.81904555555555
 30
0.0
 10
68.90660166666666
 20
21.97565666666667
 30
0.0
 10
77.02049055555555
 20
15.12118444444444
 30
0.0
 10
75.65171277777777
 20
12.58471222222222
 30
0.0
 10
73.67262944444444
 20
8.933462222222222
 30
0.0
 10
77.8847961111111
 20
9.258017777777775
 30
0.0
 10
80.759935
 20
8.129128888888888
 30
0.0
 10
83.6315461111111
 20
7.000239999999998
 30
0.0
 10
82.93304611111111
 20
13.30085111111111
 30
0.0
 10
86.72893499999999
 20
13.30085111111111
 30
0.0
 10
86.78537944444443
 20
13.30085111111111
 30
0.0
 10
86.82771277777776
 20
14.08401777777777
 30
0.0
 10
86.82771277777776
 20
15.05062888888889
 30
0.0
 10
86.82771277777776
 20
16.01724
 30
0.0
 10
86.72893499999999
 20
16.62401777777778
 30
0.0
 10
86.72893499999999
 20
16.80040666666666
 30
0.0
 10
86.72893499999999
 20
17.96692518518518
 30
0.0
 10
86.72893499999999
 20
19.1334437037037
 30
0.0
 10
86.72893499999999
 20
20.29996222222222
 30
0.0
 10
87.72847203703702
 20
20.29996222222222
 30
0.0
 10
88.72800907407407
 20
20.29996222222222
 30
0.0
 10
89.7275461111111
 20
20.29996222222222
 30
0.0
 10
89.7275461111111
 20
19.1334437037037
 30
0.0
 10
89.7275461111111
 20
17.96692518518518
 30
0.0
 10
89.7275461111111
 20
16.80040666666666
 30
0.0
 10
89.7275461111111
 20
16.62401777777778
 30
0.0
 10
89.62876833333333
 20
16.01724
 30
0.0
 10
89.62876833333333
 20
15.05062888888889
 30
0.0
 10
89.62876833333333
 20
14.08401777777777
 30
0.0
 10
89.67462944444445
 20
13.30085111111111
 30
0.0
 10
89.7275461111111
 20
13.30085111111111
 30
0.0
 10
92.88137944444443
 20
13.30085111111111
 30
0.0
 10
94.35951833333333
 20
12.36246222222222
 30
0.0
 10
93.42465722222222
 20
17.74937888888888
 30
0.0
 10
92.48979611111109
 20
23.13276777777778
 30
0.0
 10
93.48815722222223
 20
27.29907333333333
 30
0.0
 10
91.12101833333332
 20
27.29907333333333
 30
0.0
 10
88.75387944444444
 20
27.29907333333333
 30
0.0
 10
85.89285166666666
 20
27.40843444444444
 30
0.0
 10
84.39707388888888
 20
28.85129555555555
 30
0.0
 10
82.90482388888888
 20
30.29415666666666
 30
0.0
 10
78.07882388888889
 20
44.29943444444444
 30
0.0
 10
87.7272961111111
 20
44.29943444444444
 30
0.0
 10
87.78374055555555
 20
44.29943444444444
 30
0.0
 10
87.82960166666666
 20
45.08260111111111
 30
0.0
 10
87.82960166666666
 20
46.04921222222222
 30
0.0
 10
87.82960166666666
 20
47.01582333333333
 30
0.0
 10
87.7272961111111
 20
47.62612888888888
 30
0.0
 10
87.7272961111111
 20
47.79899
 30
0.0
 10
87.7272961111111
 20
48.96550851851851
 30
0.0
 10
87.7272961111111
 20
50.13202703703703
 30
0.0
 10
87.7272961111111
 20
51.29854555555556
 30
0.0
 10
88.72800907407407
 20
51.29854555555556
 30
0.0
 10
89.72872203703703
 20
51.29854555555556
 30
0.0
 10
90.72943499999998
 20
51.29854555555556
 30
0.0
 10
90.72943499999998
 20
50.13202703703703
 30
0.0
 10
90.72943499999998
 20
48.96550851851851
 30
0.0
 10
90.72943499999998
 20
47.79899
 30
0.0
 10
90.72943499999998
 20
47.62612888888888
 30
0.0
 10
90.62712944444444
 20
47.01582333333333
 30
0.0
 10
90.62712944444444
 20
46.04921222222222
 30
0.0
 10
90.62712944444444
 20
45.08260111111111
 30
0.0
 10
90.67299055555554
 20
44.29943444444444
 30
0.0
 10
90.72943499999998
 20
44.29943444444444
 30
0.0
 10
93.65396277777776
 20
44.29943444444444
 30
0.0
 10
94.9169072222222
 20
45.17079555555556
 30
0.0
 10
94.54649055555555
 20
48.90671222222221
 30
0.0
 10
94.1725461111111
 20
52.64262888888888
 30
0.0
 10
93.1706572222222
 20
53.31996222222221
 30
0.0
 10
94.35951833333333
 20
56.29740666666665
 30
0.0
 10
95.54837944444444
 20
59.27132333333332
 30
0.0
 10
93.95735166666665
 20
58.91148999999999
 30
0.0
 10
91.99237944444444
 20
60.31907333333333
 30
0.0
 10
82.83426833333333
 20
66.87368444444444
 30
0.0
 10
89.79457388888888
 20
69.72800944444444
 30
0.0
 10
82.18162944444444
 20
72.98767611111111
 30
0.0
 10
82.13224055555554
 20
73.005315
 30
0.0
 10
81.77593499999999
 20
72.31034277777778
 30
0.0
 10
81.38787944444444
 20
71.42487055555556
 30
0.0
 10
80.99982388888888
 20
70.53939833333334
 30
0.0
 10
80.84460166666666
 20
69.94320388888889
 30
0.0
 10
80.7740461111111
 20
69.7809261111111
 30
0.0
 10
80.4247961111111
 20
68.98012055555554
 30
0.0
 10
79.36999055555555
 20
66.57770388888888
 30
0.0
 10
79.36999055555555
 20
66.57770388888888
 30
0.0
 10
78.45394425925925
 20
66.97869462962962
 30
0.0
 10
77.53789796296296
 20
67.37968537037035
 30
0.0
 10
76.62185166666666
 20
67.7806761111111
 30
0.0
 10
76.62185166666666
 20
67.7806761111111
 30
0.0
 10
77.67665722222222
 20
70.18662055555555
 30
0.0
 10
78.02943499999999
 20
70.9874261111111
 30
0.0
 10
78.09646277777777
 20
71.14970388888888
 30
0.0
 10
78.43512944444444
 20
71.66475944444444
 30
0.0
 10
78.823185
 20
72.54670388888889
 30
0.0
 10
79.21476833333332
 20
73.4321761111111
 30
0.0
 10
79.48640722222221
 20
74.16948166666666
 30
0.0
 10
79.43701833333333
 20
74.19417611111109
 30
0.0
 10
76.63596277777778
 20
75.259565
 30
0.0
 10
74.94262944444444
 20
72.82892611111112
 30
0.0
 10
73.8842961111111
 20
69.66803722222221
 30
0.0
 10
66.82521277777778
 20
48.60367611111111
 30
0.0
 10
64.30285166666667
 20
50.77643444444444
 30
0.0
 10
65.79157388888888
 20
48.17293444444444
 30
0.0
 10
65.81979611111112
 20
48.12354555555554
 30
0.0
 10
66.52182388888887
 20
48.47632333333333
 30
0.0
 10
67.36143499999999
 20
48.95610111111111
 30
0.0
 10
68.20104611111111
 20
49.43587888888888
 30
0.0
 10
68.6772961111111
 20
49.82393444444445
 30
0.0
 10
68.82899055555555
 20
49.91212888888889
 30
0.0
 10
69.59099055555555
 20
50.34604555555555
 30
0.0
 10
71.86640722222222
 20
51.65132333333334
 30
0.0
 10
71.86640722222222
 20
51.65132333333334
 30
0.0
 10
72.36382388888889
 20
50.78349
 30
0.0
 10
72.86124055555554
 20
49.91565666666666
 30
0.0
 10
73.3586572222222
 20
49.04782333333333
 30
0.0
 10
73.3586572222222
 20
49.04782333333333
 30
0.0
 10
71.07971277777777
 20
47.74254555555555
 30
0.0
 10
70.32124055555555
 20
47.30862888888888
 30
0.0
 10
70.1695461111111
 20
47.22043444444444
 30
0.0
 10
69.59099055555555
 20
47.00523999999999
 30
0.0
 10
68.75137944444444
 20
46.52546222222222
 30
0.0
 10
67.91176833333333
 20
46.04568444444444
 30
0.0
 10
67.25560166666666
 20
45.61529555555556
 30
0.0
 10
67.28382388888888
 20
45.56943444444445
 30
0.0
 10
68.78665722222222
 20
42.94123999999999
 30
0.0
 10
64.46512944444444
 20
29.74029555555556
 30
0.0
 10
65.79157388888888
 20
27.42254555555555
 30
0.0
  0
SPLINE
  5
79
330
1F
100
AcDbEntity
  8
DEFAULT
 62
   250
100
AcDbSpline
210
0.0
220
0.0
230
1.0
 70
     8
 71
     3
 72
    14
 73
    10
 74
     0
 42
0.000000001
 43
0.0000000001
 40
0.0
 40
0.0
 40
0.0
 40
0.0
 40
3.83299999999997
 40
3.83299999999997
 40
3.83299999999997
 40
4.83299999999997
 40
4.83299999999997
 40
4.83299999999997
 40
5.83299999999997
 40
5.83299999999997
 40
5.83299999999997
 40
5.83299999999997
 10
271.2125922222222
 20
135.7917161111111
 30
0.0
 10
270.7618598148148
 20
135.7917161111111
 30
0.0
 10
270.3111274074074
 20
135.7917161111111
 30
0.0
 10
269.860395
 20
135.7917161111111
 30
0.0
 10
269.32382
 20
135.7917161111111
 30
0.0
 10
269.15872
 20
136.0555938888889
 30
0.0
 10
269.15872
 20
136.4034327777778
 30
0.0
 10
269.15872
 20
136.4993883333333
 30
0.0
 10
269.1795338888888
 20
136.6161577777778
 30
0.0
 10
269.2066977777777
 20
136.6821272222222
 30
0.0
  0
SPLINE
  5
7A
330
1F
100
AcDbEntity
  8
DEFAULT
 62
     1
100
AcDbSpline
210
0.0
220
0.0
230
1.0
 70
    11
 71
     3
 72
    50
 73
    46
 74
     0
 42
0.000000001
 43
0.0000000001
 40
1.0
 40
1.0
 40
1.0
 40
1.0
 40
2.0
 40
2.0
 40
2.0
 40
3.0
 40
3.0
 40
3.0
 40
4.0
 40
4.0
 40
4.0
 40
5.0
 40
5.0
 40
5.0
 40
6.0
 40
6.0
 40
6.0
 40
15.92000000000007
 40
15.92000000000007
 40
15.92000000000007
 40
24.43000000000012
 40
24.43000000000012
 40
24.43000000000012
 40
34.35000000000019
 40
34.35000000000019
 40
34.35000000000019
 40
35.35000000000019
 40
35.35000000000019
 40
35.35000000000019
 40
36.35000000000019
 40
36.35000000000019
 40
36.35000000000019
 40
37.35000000000019
 40
37.35000000000019
 40
37.35000000000019
 40
38.35000000000019
 40
38.35000000000019
 40
38.35000000000019
 40
46.86000000000024
 40
46.86000000000024
 40
46.86000000000024
 40
47.86000000000024
 40
47.86000000000024
 40
47.86000000000024
 40
48.86000000000024
 40
48.86000000000024
 40
48.86000000000024
 40
48.86000000000024
 10
277.5260091666667
 20
148.6645772222222
 30
0.0
 10
271.5499536111111
 20
150.3579105555555
 30
0.0
 10
272.6400369444444
 20
148.7527716666667
 30
0.0
 10
267.8316758333333
 20
146.255105
 30
0.0
 10
263.0268425
 20
143.7574383333333
 30
0.0
 10
267.8669536111111
 20
140.7376605555555
 30
0.0
 10
263.1432591666667
 20
140.7376605555555
 30
0.0
 10
261.4852036111111
 20
140.7376605555555
 30
0.0
 10
260.1446480555555
 20
139.397105
 30
0.0
 10
260.1446480555555
 20
137.7390494444444
 30
0.0
 10
260.1446480555555
 20
137.682605
 30
0.0
 10
260.9242869444444
 20
137.6402716666666
 30
0.0
 10
261.8944258333333
 20
137.6402716666666
 30
0.0
 10
262.8610369444444
 20
137.6402716666666
 30
0.0
 10
263.4678147222222
 20
137.7390494444444
 30
0.0
 10
263.6442036111111
 20
137.7390494444444
 30
0.0
 10
264.8107221296296
 20
137.7390494444444
 30
0.0
 10
265.9772406481481
 20
137.7390494444444
 30
0.0
 10
267.1437591666667
 20
137.7390494444444
 30
0.0
 10
267.1437591666667
 20
136.7383364814815
 30
0.0
 10
267.1437591666667
 20
135.7376235185185
 30
0.0
 10
267.1437591666667
 20
134.7369105555555
 30
0.0
 10
265.9772406481481
 20
134.7369105555555
 30
0.0
 10
264.8107221296296
 20
134.7369105555555
 30
0.0
 10
263.6442036111111
 20
134.7369105555555
 30
0.0
 10
263.4678147222222
 20
134.7369105555555
 30
0.0
 10
262.8610369444444
 20
134.8392161111111
 30
0.0
 10
261.8944258333333
 20
134.8392161111111
 30
0.0
 10
260.9242869444444
 20
134.8392161111111
 30
0.0
 10
260.1446480555555
 20
134.793355
 30
0.0
 10
260.1446480555555
 20
134.7369105555555
 30
0.0
 10
260.1446480555555
 20
133.078855
 30
0.0
 10
259.8447869444444
 20
129.1937133333333
 30
0.0
 10
262.2031063888888
 20
129.9553605555556
 30
0.0
 10
270.1716508333333
 20
132.5285216666666
 30
0.0
 10
274.1428702777778
 20
129.8177772222222
 30
0.0
 10
274.1428702777778
 20
134.7369105555555
 30
0.0
 10
274.1428702777778
 20
135.7376235185185
 30
0.0
 10
274.1428702777778
 20
136.7383364814815
 30
0.0
 10
274.1428702777778
 20
137.7390494444444
 30
0.0
 10
274.1428702777778
 20
140.3601883333333
 30
0.0
 10
273.3561758333333
 20
144.0520077777778
 30
0.0
 10
277.2155647222222
 20
145.2341661111111
 30
0.0
 10
281.0749536111111
 20
146.4191466666666
 30
0.0
 10
283.5020647222222
 20
146.9712438888889
 30
0.0
 10
277.5260091666667
 20
148.6645772222222
 30
0.0
  0
SPLINE
  5
7B
330
1F
100
AcDbEntity
  8
DEFAULT
 62
   250
100
AcDbSpline
210
0.0
220
0.0
230
1.0
 70
     8
 71
     3
 72
    14
 73
    10
 74
     0
 42
0.000000001
 43
0.0000000001
 40
0.0
 40
0.0
 40
0.0
 40
0.0
 40
3.83299999999997
 40
3.83299999999997
 40
3.83299999999997
 40
4.83299999999997
 40
4.83299999999997
 40
4.83299999999997
 40
5.83299999999997
 40
5.83299999999997
 40
5.83299999999997
 40
5.83299999999997
 10
280.9839369444445
 20
138.7975944444444
 30
0.0
 10
281.4346693518518
 20
138.7975944444444
 30
0.0
 10
281.8854017592592
 20
138.7975944444444
 30
0.0
 10
282.3361341666666
 20
138.7975944444444
 30
0.0
 10
282.8727091666667
 20
138.7975944444444
 30
0.0
 10
283.0378091666666
 20
138.5337166666667
 30
0.0
 10
283.0378091666666
 20
138.1858777777778
 30
0.0
 10
283.0378091666666
 20
138.0899222222222
 30
0.0
 10
283.0169952777778
 20
137.9731527777778
 30
0.0
 10
282.9898313888889
 20
137.9071833333333
 30
0.0
  0
SPLINE
  5
7C
330
1F
100
AcDbEntity
  8
DEFAULT
 62
     1
100
AcDbSpline
210
0.0
220
0.0
230
1.0
 70
    11
 71
     3
 72
    50
 73
    46
 74
     0
 42
0.000000001
 43
0.0000000001
 40
1.0
 40
1.0
 40
1.0
 40
1.0
 40
2.0
 40
2.0
 40
2.0
 40
3.0
 40
3.0
 40
3.0
 40
4.0
 40
4.0
 40
4.0
 40
5.0
 40
5.0
 40
5.0
 40
6.0
 40
6.0
 40
6.0
 40
15.92000000000007
 40
15.92000000000007
 40
15.92000000000007
 40
24.43000000000006
 40
24.43000000000006
 40
24.43000000000006
 40
34.35000000000014
 40
34.35000000000014
 40
34.35000000000014
 40
35.35000000000014
 40
35.35000000000014
 40
35.35000000000014
 40
36.35000000000014
 40
36.35000000000014
 40
36.35000000000014
 40
37.35000000000014
 40
37.35000000000014
 40
37.35000000000014
 40
38.35000000000014
 40
38.35000000000014
 40
38.35000000000014
 40
46.86000000000013
 40
46.86000000000013
 40
46.86000000000013
 40
47.86000000000013
 40
47.86000000000013
 40
47.86000000000013
 40
48.86000000000013
 40
48.86000000000013
 40
48.86000000000013
 40
48.86000000000013
 10
274.67052
 20
125.9247333333333
 30
0.0
 10
280.6465755555556
 20
124.2314
 30
0.0
 10
279.5564922222222
 20
125.8365388888889
 30
0.0
 10
284.3648533333333
 20
128.3342055555555
 30
0.0
 10
289.1696866666667
 20
130.8318722222222
 30
0.0
 10
284.3295755555556
 20
133.85165
 30
0.0
 10
289.05327
 20
133.85165
 30
0.0
 10
290.7113255555556
 20
133.85165
 30
0.0
 10
292.0518811111111
 20
135.1922055555555
 30
0.0
 10
292.0518811111111
 20
136.8502611111111
 30
0.0
 10
292.0518811111111
 20
136.9067055555555
 30
0.0
 10
291.2722422222222
 20
136.9490388888889
 30
0.0
 10
290.3021033333333
 20
136.9490388888889
 30
0.0
 10
289.3354922222222
 20
136.9490388888889
 30
0.0
 10
288.7287144444444
 20
136.8502611111111
 30
0.0
 10
288.5523255555556
 20
136.8502611111111
 30
0.0
 10
287.385807037037
 20
136.8502611111111
 30
0.0
 10
286.2192885185185
 20
136.8502611111111
 30
0.0
 10
285.05277
 20
136.8502611111111
 30
0.0
 10
285.05277
 20
137.8509740740741
 30
0.0
 10
285.05277
 20
138.851687037037
 30
0.0
 10
285.05277
 20
139.8524
 30
0.0
 10
286.2192885185185
 20
139.8524
 30
0.0
 10
287.385807037037
 20
139.8524
 30
0.0
 10
288.5523255555556
 20
139.8524
 30
0.0
 10
288.7287144444444
 20
139.8524
 30
0.0
 10
289.3354922222222
 20
139.7500944444444
 30
0.0
 10
290.3021033333333
 20
139.7500944444444
 30
0.0
 10
291.2722422222222
 20
139.7500944444444
 30
0.0
 10
292.0518811111111
 20
139.7959555555555
 30
0.0
 10
292.0518811111111
 20
139.8524
 30
0.0
 10
292.0518811111111
 20
141.5104555555556
 30
0.0
 10
292.3517422222222
 20
145.3955972222222
 30
0.0
 10
289.9934227777778
 20
144.63395
 30
0.0
 10
282.0248783333333
 20
142.0607888888889
 30
0.0
 10
278.0536588888889
 20
144.7715333333333
 30
0.0
 10
278.0536588888889
 20
139.8524
 30
0.0
 10
278.0536588888889
 20
138.851687037037
 30
0.0
 10
278.0536588888889
 20
137.8509740740741
 30
0.0
 10
278.0536588888889
 20
136.8502611111111
 30
0.0
 10
278.0536588888889
 20
134.2291222222222
 30
0.0
 10
278.8403533333333
 20
130.5373027777778
 30
0.0
 10
274.9809644444445
 20
129.3551444444444
 30
0.0
 10
271.1215755555556
 20
128.1701638888889
 30
0.0
 10
268.6944644444444
 20
127.6180666666667
 30
0.0
 10
274.67052
 20
125.9247333333333
 30
0.0
  0
SPLINE
  5
7D
330
1F
100
AcDbEntity
  8
DEFAULT
 62
   250
100
AcDbSpline
210
0.0
220
0.0
230
1.0
 70
     8
 71
     3
 72
    14
 73
    10
 74
     0
 42
0.000000001
 43
0.0000000001
 40
0.0
 40
0.0
 40
0.0
 40
0.0
 40
3.83299999999997
 40
3.83299999999997
 40
3.83299999999997
 40
4.83299999999997
 40
4.83299999999997
 40
4.83299999999997
 40
5.83299999999997
 40
5.83299999999997
 40
5.83299999999997
 40
5.83299999999997
 10
271.2125922222222
 20
108.9239841666667
 30
0.0
 10
270.7618598148148
 20
108.9239841666667
 30
0.0
 10
270.3111274074074
 20
108.9239841666667
 30
0.0
 10
269.860395
 20
108.9239841666667
 30
0.0
 10
269.32382
 20
108.9239841666667
 30
0.0
 10
269.15872
 20
109.1878619444444
 30
0.0
 10
269.15872
 20
109.5357008333333
 30
0.0
 10
269.15872
 20
109.6316563888889
 30
0.0
 10
269.1795338888888
 20
109.7484258333333
 30
0.0
 10
269.2066977777777
 20
109.8143952777778
 30
0.0
  0
SPLINE
  5
7E
330
1F
100
AcDbEntity
  8
DEFAULT
 62
     1
100
AcDbSpline
210
0.0
220
0.0
230
1.0
 70
    11
 71
     3
 72
    50
 73
    46
 74
     0
 42
0.000000001
 43
0.0000000001
 40
1.0
 40
1.0
 40
1.0
 40
1.0
 40
2.0
 40
2.0
 40
2.0
 40
3.0
 40
3.0
 40
3.0
 40
4.0
 40
4.0
 40
4.0
 40
5.0
 40
5.0
 40
5.0
 40
6.0
 40
6.0
 40
6.0
 40
15.92000000000007
 40
15.92000000000007
 40
15.92000000000007
 40
24.43000000000006
 40
24.43000000000006
 40
24.43000000000006
 40
34.35000000000014
 40
34.35000000000014
 40
34.35000000000014
 40
35.35000000000014
 40
35.35000000000014
 40
35.35000000000014
 40
36.35000000000014
 40
36.35000000000014
 40
36.35000000000014
 40
37.35000000000014
 40
37.35000000000014
 40
37.35000000000014
 40
38.35000000000014
 40
38.35000000000014
 40
38.35000000000014
 40
46.86000000000013
 40
46.86000000000013
 40
46.86000000000013
 40
47.86000000000013
 40
47.86000000000013
 40
47.86000000000013
 40
48.86000000000013
 40
48.86000000000013
 40
48.86000000000013
 40
48.86000000000013
 10
277.5260091666667
 20
121.7968452777778
 30
0.0
 10
271.5499536111111
 20
123.4901786111111
 30
0.0
 10
272.6400369444444
 20
121.8850397222222
 30
0.0
 10
267.8316758333333
 20
119.3873730555556
 30
0.0
 10
263.0268425
 20
116.8897063888889
 30
0.0
 10
267.8669536111111
 20
113.8699286111111
 30
0.0
 10
263.1432591666667
 20
113.8699286111111
 30
0.0
 10
261.4852036111111
 20
113.8699286111111
 30
0.0
 10
260.1446480555555
 20
112.5293730555556
 30
0.0
 10
260.1446480555555
 20
110.8713175
 30
0.0
 10
260.1446480555555
 20
110.8148730555556
 30
0.0
 10
260.9242869444444
 20
110.7725397222222
 30
0.0
 10
261.8944258333333
 20
110.7725397222222
 30
0.0
 10
262.8610369444444
 20
110.7725397222222
 30
0.0
 10
263.4678147222222
 20
110.8713175
 30
0.0
 10
263.6442036111111
 20
110.8713175
 30
0.0
 10
264.8107221296296
 20
110.8713175
 30
0.0
 10
265.9772406481481
 20
110.8713175
 30
0.0
 10
267.1437591666667
 20
110.8713175
 30
0.0
 10
267.1437591666667
 20
109.870604537037
 30
0.0
 10
267.1437591666667
 20
108.8698915740741
 30
0.0
 10
267.1437591666667
 20
107.8691786111111
 30
0.0
 10
265.9772406481481
 20
107.8691786111111
 30
0.0
 10
264.8107221296296
 20
107.8691786111111
 30
0.0
 10
263.6442036111111
 20
107.8691786111111
 30
0.0
 10
263.4678147222222
 20
107.8691786111111
 30
0.0
 10
262.8610369444444
 20
107.9714841666667
 30
0.0
 10
261.8944258333333
 20
107.9714841666667
 30
0.0
 10
260.9242869444444
 20
107.9714841666667
 30
0.0
 10
260.1446480555555
 20
107.9256230555555
 30
0.0
 10
260.1446480555555
 20
107.8691786111111
 30
0.0
 10
260.1446480555555
 20
106.2111230555555
 30
0.0
 10
259.8447869444444
 20
102.3259813888889
 30
0.0
 10
262.2031063888888
 20
103.0876286111111
 30
0.0
 10
270.1716508333333
 20
105.6607897222222
 30
0.0
 10
274.1428702777778
 20
102.9500452777778
 30
0.0
 10
274.1428702777778
 20
107.8691786111111
 30
0.0
 10
274.1428702777778
 20
108.8698915740741
 30
0.0
 10
274.1428702777778
 20
109.870604537037
 30
0.0
 10
274.1428702777778
 20
110.8713175
 30
0.0
 10
274.1428702777778
 20
113.4924563888889
 30
0.0
 10
273.3561758333333
 20
117.1842758333333
 30
0.0
 10
277.2155647222222
 20
118.3664341666667
 30
0.0
 10
281.0749536111111
 20
119.5514147222222
 30
0.0
 10
283.5020647222222
 20
120.1035119444444
 30
0.0
 10
277.5260091666667
 20
121.7968452777778
 30
0.0
  0
SPLINE
  5
7F
330
1F
100
AcDbEntity
  8
DEFAULT
 62
   250
100
AcDbSpline
210
0.0
220
0.0
230
1.0
 70
     8
 71
     3
 72
    14
 73
    10
 74
     0
 42
0.000000001
 43
0.0000000001
 40
0.0
 40
0.0
 40
0.0
 40
0.0
 40
3.83299999999997
 40
3.83299999999997
 40
3.83299999999997
 40
4.83299999999997
 40
4.83299999999997
 40
4.83299999999997
 40
5.83299999999997
 40
5.83299999999997
 40
5.83299999999997
 40
5.83299999999997
 10
280.9839369444445
 20
111.9298625
 30
0.0
 10
281.4346693518518
 20
111.9298625
 30
0.0
 10
281.8854017592592
 20
111.9298625
 30
0.0
 10
282.3361341666666
 20
111.9298625
 30
0.0
 10
282.8727091666667
 20
111.9298625
 30
0.0
 10
283.0378091666666
 20
111.6659847222222
 30
0.0
 10
283.0378091666666
 20
111.3181458333333
 30
0.0
 10
283.0378091666666
 20
111.2221902777778
 30
0.0
 10
283.0169952777778
 20
111.1054208333333
 30
0.0
 10
282.9898313888889
 20
111.0394513888889
 30
0.0
  0
SPLINE
  5
80
330
1F
100
AcDbEntity
  8
DEFAULT
 62
     1
100
AcDbSpline
210
0.0
220
0.0
230
1.0
 70
    11
 71
     3
 72
    50
 73
    46
 74
     0
 42
0.000000001
 43
0.0000000001
 40
1.0
 40
1.0
 40
1.0
 40
1.0
 40
2.0
 40
2.0
 40
2.0
 40
3.0
 40
3.0
 40
3.0
 40
4.0
 40
4.0
 40
4.0
 40
5.0
 40
5.0
 40
5.0
 40
6.0
 40
6.0
 40
6.0
 40
15.92000000000007
 40
15.92000000000007
 40
15.92000000000007
 40
24.43000000000012
 40
24.43000000000012
 40
24.43000000000012
 40
34.35000000000019
 40
34.35000000000019
 40
34.35000000000019
 40
35.35000000000019
 40
35.35000000000019
 40
35.35000000000019
 40
36.35000000000019
 40
36.35000000000019
 40
36.35000000000019
 40
37.35000000000019
 40
37.35000000000019
 40
37.35000000000019
 40
38.35000000000019
 40
38.35000000000019
 40
38.35000000000019
 40
46.86000000000024
 40
46.86000000000024
 40
46.86000000000024
 40
47.86000000000024
 40
47.86000000000024
 40
47.86000000000024
 40
48.86000000000024
 40
48.86000000000024
 40
48.86000000000024
 40
48.86000000000024
 10
274.67052
 20
99.05700138888888
 30
0.0
 10
280.6465755555556
 20
97.36366805555554
 30
0.0
 10
279.5564922222222
 20
98.96880694444442
 30
0.0
 10
284.3648533333333
 20
101.4664736111111
 30
0.0
 10
289.1696866666667
 20
103.9641402777778
 30
0.0
 10
284.3295755555556
 20
106.9839180555555
 30
0.0
 10
289.05327
 20
106.9839180555555
 30
0.0
 10
290.7113255555556
 20
106.9839180555555
 30
0.0
 10
292.0518811111111
 20
108.3244736111111
 30
0.0
 10
292.0518811111111
 20
109.9825291666666
 30
0.0
 10
292.0518811111111
 20
110.0389736111111
 30
0.0
 10
291.2722422222222
 20
110.0813069444444
 30
0.0
 10
290.3021033333333
 20
110.0813069444444
 30
0.0
 10
289.3354922222222
 20
110.0813069444444
 30
0.0
 10
288.7287144444444
 20
109.9825291666666
 30
0.0
 10
288.5523255555556
 20
109.9825291666666
 30
0.0
 10
287.385807037037
 20
109.9825291666667
 30
0.0
 10
286.2192885185185
 20
109.9825291666667
 30
0.0
 10
285.05277
 20
109.9825291666666
 30
0.0
 10
285.05277
 20
110.9832421296296
 30
0.0
 10
285.05277
 20
111.9839550925926
 30
0.0
 10
285.05277
 20
112.9846680555555
 30
0.0
 10
286.2192885185185
 20
112.9846680555556
 30
0.0
 10
287.385807037037
 20
112.9846680555556
 30
0.0
 10
288.5523255555556
 20
112.9846680555555
 30
0.0
 10
288.7287144444444
 20
112.9846680555555
 30
0.0
 10
289.3354922222222
 20
112.8823625
 30
0.0
 10
290.3021033333333
 20
112.8823625
 30
0.0
 10
291.2722422222222
 20
112.8823625
 30
0.0
 10
292.0518811111111
 20
112.9282236111111
 30
0.0
 10
292.0518811111111
 20
112.9846680555555
 30
0.0
 10
292.0518811111111
 20
114.6427236111111
 30
0.0
 10
292.3517422222222
 20
118.5278652777777
 30
0.0
 10
289.9934227777778
 20
117.7662180555555
 30
0.0
 10
282.0248783333333
 20
115.1930569444444
 30
0.0
 10
278.0536588888889
 20
117.9038013888889
 30
0.0
 10
278.0536588888889
 20
112.9846680555555
 30
0.0
 10
278.0536588888889
 20
111.9839550925926
 30
0.0
 10
278.0536588888889
 20
110.9832421296296
 30
0.0
 10
278.0536588888889
 20
109.9825291666666
 30
0.0
 10
278.0536588888889
 20
107.3613902777778
 30
0.0
 10
278.8403533333333
 20
103.6695708333333
 30
0.0
 10
274.9809644444445
 20
102.4877652777778
 30
0.0
 10
271.1215755555556
 20
101.3024319444444
 30
0.0
 10
268.6944644444444
 20
100.7503347222222
 30
0.0
 10
274.67052
 20
99.05700138888888
 30
0.0
  0
POLYLINE
  5
81
330
1F
100
AcDbEntity
  8
DEFAULT
 62
   250
100
AcDb2dPolyline
 66
     1
 10
0.0
 20
0.0
 30
0.0
  0
VERTEX
  5
82
330
81
100
AcDbEntity
  8
DEFAULT
 62
   250
100
AcDbVertex
100
AcDb2dVertex
 10
68.98287222222221
 20
212.9036466666666
 30
0.0
  0
VERTEX
  5
83
330
81
100
AcDbEntity
  8
DEFAULT
 62
   250
100
AcDbVertex
100
AcDb2dVertex
 10
67.8194111111111
 20
213.6758772222222
 30
0.0
  0
SEQEND
  5
84
330
81
100
AcDbEntity
  8
DEFAULT
 62
   250
  0
POLYLINE
  5
85
330
1F
100
AcDbEntity
  8
DEFAULT
 62
   250
100
AcDb2dPolyline
 66
     1
 10
0.0
 20
0.0
 30
0.0
  0
VERTEX
  5
86
330
85
100
AcDbEntity
  8
DEFAULT
 62
   250
100
AcDbVertex
100
AcDb2dVertex
 10
67.81948166666666
 20
212.0957855555556
 30
0.0
  0
VERTEX
  5
87
330
85
100
AcDbEntity
  8
DEFAULT
 62
   250
100
AcDbVertex
100
AcDb2dVertex
 10
68.9797677777778
 20
212.9036466666666
 30
0.0
  0
VERTEX
  5
88
330
85
100
AcDbEntity
  8
DEFAULT
 62
   250
100
AcDbVertex
100
AcDb2dVertex
 10
69.84054555555555
 20
212.9036466666666
 30
0.0
  0
SEQEND
  5
89
330
85
100
AcDbEntity
  8
DEFAULT
 62
   250
  0
SPLINE
  5
8A
330
1F
100
AcDbEntity
  8
DEFAULT
 62
   250
100
AcDbSpline
210
0.0
220
0.0
230
1.0
 70
     8
 71
     3
 72
    17
 73
    13
 74
     0
 42
0.000000001
 43
0.0000000001
 40
0.0
 40
0.0
 40
0.0
 40
0.0
 40
6.000044166504146
 40
6.000044166504146
 40
6.000044166504146
 40
7.000044166504146
 40
7.000044166504146
 40
7.000044166504146
 40
8.000044166504146
 40
8.000044166504146
 40
8.000044166504146
 40
13.99979124450673
 40
13.99979124450673
 40
13.99979124450673
 40
13.99979124450673
 10
60.15125694444445
 20
214.3376530555556
 30
0.0
 10
60.36092453703704
 20
215.0113410185185
 30
0.0
 10
60.57059212962963
 20
215.6850289814815
 30
0.0
 10
60.78025972222222
 20
216.3587169444445
 30
0.0
 10
60.84658194444444
 20
216.1064808333333
 30
0.0
 10
61.37045694444443
 20
214.3376530555555
 30
0.0
 10
61.37045694444443
 20
214.3376530555555
 30
0.0
 10
61.37045694444443
 20
214.3376530555555
 30
0.0
 10
61.89397916666666
 20
216.1064808333333
 30
0.0
 10
61.96065416666666
 20
216.3587169444444
 30
0.0
 10
62.17020416666666
 20
215.6850289814814
 30
0.0
 10
62.37975416666666
 20
215.0113410185185
 30
0.0
 10
62.58930416666666
 20
214.3376530555555
 30
0.0
  0
SPLINE
  5
8B
330
1F
100
AcDbEntity
  8
DEFAULT
 62
     1
100
AcDbSpline
210
0.0
220
0.0
230
1.0
 70
    11
 71
     3
 72
    68
 73
    64
 74
     0
 42
0.000000001
 43
0.0000000001
 40
1.0
 40
1.0
 40
1.0
 40
1.0
 40
2.0
 40
2.0
 40
2.0
 40
3.0
 40
3.0
 40
3.0
 40
4.0
 40
4.0
 40
4.0
 40
5.0
 40
5.0
 40
5.0
 40
14.92000000000002
 40
14.92000000000002
 40
14.92000000000002
 40
23.42000000000002
 40
23.42000000000002
 40
23.42000000000002
 40
33.34000000000003
 40
33.34000000000003
 40
33.34000000000003
 40
34.34000000000003
 40
34.34000000000003
 40
34.34000000000003
 40
35.34000000000003
 40
35.34000000000003
 40
35.34000000000003
 40
36.34000000000003
 40
36.34000000000003
 40
36.34000000000003
 40
37.34000000000003
 40
37.34000000000003
 40
37.34000000000003
 40
38.34000000000003
 40
38.34000000000003
 40
38.34000000000003
 40
39.34000000000003
 40
39.34000000000003
 40
39.34000000000003
 40
49.2600000000001
 40
49.2600000000001
 40
49.2600000000001
 40
57.7600000000001
 40
57.7600000000001
 40
57.7600000000001
 40
67.68000000000018
 40
67.68000000000018
 40
67.68000000000018
 40
68.68000000000018
 40
68.68000000000018
 40
68.68000000000018
 40
69.68000000000018
 40
69.68000000000018
 40
69.68000000000018
 40
70.68000000000018
 40
70.68000000000018
 40
70.68000000000018
 40
71.68000000000018
 40
71.68000000000018
 40
71.68000000000018
 40
72.68000000000018
 40
72.68000000000018
 40
72.68000000000018
 40
72.68000000000018
 10
61.37663055555555
 20
208.1840444444445
 30
0.0
 10
69.3846861111111
 20
208.1840444444445
 30
0.0
 10
73.27582499999998
 20
208.3851277777778
 30
0.0
 10
75.86874166666665
 20
208.3851277777778
 30
0.0
 10
77.52679722222221
 20
208.3851277777778
 30
0.0
 10
78.87088055555554
 20
209.7256833333333
 30
0.0
 10
78.87088055555554
 20
211.3872666666667
 30
0.0
 10
78.87088055555554
 20
211.4405361111111
 30
0.0
 10
78.08771388888889
 20
211.4860444444444
 30
0.0
 10
77.12110277777776
 20
211.4860444444444
 30
0.0
 10
76.15449166666666
 20
211.4860444444444
 30
0.0
 10
75.5441861111111
 20
211.3872666666667
 30
0.0
 10
75.371325
 20
211.3872666666667
 30
0.0
 10
74.20480648148147
 20
211.3872666666667
 30
0.0
 10
73.03828796296295
 20
211.3872666666667
 30
0.0
 10
71.87176944444444
 20
211.3872666666667
 30
0.0
 10
71.87176944444444
 20
212.3868037037037
 30
0.0
 10
71.87176944444444
 20
213.3863407407408
 30
0.0
 10
71.87176944444444
 20
214.3858777777778
 30
0.0
 10
73.03828796296295
 20
214.3858777777778
 30
0.0
 10
74.20480648148147
 20
214.3858777777778
 30
0.0
 10
75.371325
 20
214.3858777777778
 30
0.0
 10
75.5441861111111
 20
214.3858777777778
 30
0.0
 10
76.15449166666666
 20
214.2871
 30
0.0
 10
77.12110277777776
 20
214.2871
 30
0.0
 10
78.08771388888889
 20
214.2871
 30
0.0
 10
78.87088055555554
 20
214.3294333333333
 30
0.0
 10
78.87088055555554
 20
214.3858777777778
 30
0.0
 10
78.87088055555554
 20
216.0439333333333
 30
0.0
 10
77.52679722222221
 20
217.3844888888889
 30
0.0
 10
75.86874166666665
 20
217.3844888888889
 30
0.0
 10
67.01754722222222
 20
217.3844888888889
 30
0.0
 10
79.22013055555554
 20
227.0611833333333
 30
0.0
 10
62.86888055555554
 20
227.0611833333333
 30
0.0
 10
62.8124361111111
 20
226.9871
 30
0.0
 10
62.77363055555555
 20
224.5917388888889
 30
0.0
 10
62.77363055555555
 20
223.6392388888889
 30
0.0
 10
62.77010277777777
 20
222.6726277777778
 30
0.0
 10
62.86888055555554
 20
222.06585
 30
0.0
 10
62.86888055555554
 20
221.8894611111111
 30
0.0
 10
62.86888055555554
 20
220.7229425925926
 30
0.0
 10
62.86888055555554
 20
219.556424074074
 30
0.0
 10
62.86888055555554
 20
218.3899055555555
 30
0.0
 10
61.8693435185185
 20
218.3899055555555
 30
0.0
 10
60.86980648148147
 20
218.3899055555555
 30
0.0
 10
59.87026944444443
 20
218.3899055555555
 30
0.0
 10
59.87026944444443
 20
219.556424074074
 30
0.0
 10
59.87026944444443
 20
220.7229425925926
 30
0.0
 10
59.87026944444443
 20
221.8894611111111
 30
0.0
 10
59.87026944444443
 20
222.06585
 30
0.0
 10
59.972575
 20
222.6726277777778
 30
0.0
 10
59.972575
 20
223.6392388888889
 30
0.0
 10
59.972575
 20
224.60585
 30
0.0
 10
59.9231861111111
 20
227.0650638888889
 30
0.0
 10
59.87026944444443
 20
227.0650638888889
 30
0.0
 10
53.5096861111111
 20
227.0650638888889
 30
0.0
 10
50.46521388888888
 20
226.8636277777778
 30
0.0
 10
50.46521388888888
 20
219.7657388888889
 30
0.0
 10
50.46521388888888
 20
216.7636
 30
0.0
 10
50.34526944444443
 20
215.5606277777778
 30
0.0
 10
51.62585277777777
 20
213.6732666666666
 30
0.0
 10
53.81660277777777
 20
210.44535
 30
0.0
 10
57.24560277777777
 20
208.1840444444445
 30
0.0
 10
61.37663055555555
 20
208.1840444444445
 30
0.0
  0
POLYLINE
  5
8C
330
1F
100
AcDbEntity
  8
DEFAULT
 62
   250
100
AcDb2dPolyline
 66
     1
 10
0.0
 20
0.0
 30
0.0
  0
VERTEX
  5
8D
330
8C
100
AcDbEntity
  8
DEFAULT
 62
   250
100
AcDbVertex
100
AcDb2dVertex
 10
75.49719611111112
 20
241.4192741666667
 30
0.0
  0
VERTEX
  5
8E
330
8C
100
AcDbEntity
  8
DEFAULT
 62
   250
100
AcDbVertex
100
AcDb2dVertex
 10
76.66065722222224
 20
240.6470436111111
 30
0.0
  0
SEQEND
  5
8F
330
8C
100
AcDbEntity
  8
DEFAULT
 62
   250
  0
POLYLINE
  5
90
330
1F
100
AcDbEntity
  8
DEFAULT
 62
   250
100
AcDb2dPolyline
 66
     1
 10
0.0
 20
0.0
 30
0.0
  0
VERTEX
  5
91
330
90
100
AcDbEntity
  8
DEFAULT
 62
   250
100
AcDbVertex
100
AcDb2dVertex
 10
76.66058666666666
 20
242.2271352777777
 30
0.0
  0
VERTEX
  5
92
330
90
100
AcDbEntity
  8
DEFAULT
 62
   250
100
AcDbVertex
100
AcDb2dVertex
 10
75.50030055555555
 20
241.4192741666666
 30
0.0
  0
VERTEX
  5
93
330
90
100
AcDbEntity
  8
DEFAULT
 62
   250
100
AcDbVertex
100
AcDb2dVertex
 10
74.63952277777777
 20
241.4192741666667
 30
0.0
  0
SEQEND
  5
94
330
90
100
AcDbEntity
  8
DEFAULT
 62
   250
  0
SPLINE
  5
95
330
1F
100
AcDbEntity
  8
DEFAULT
 62
   250
100
AcDbSpline
210
0.0
220
0.0
230
1.0
 70
     8
 71
     3
 72
    17
 73
    13
 74
     0
 42
0.000000001
 43
0.0000000001
 40
0.0
 40
0.0
 40
0.0
 40
0.0
 40
6.000044166504263
 40
6.000044166504263
 40
6.000044166504263
 40
7.000044166504263
 40
7.000044166504263
 40
7.000044166504263
 40
8.000044166504264
 40
8.000044166504264
 40
8.000044166504264
 40
13.99979124450685
 40
13.99979124450685
 40
13.99979124450685
 40
13.99979124450685
 10
84.32881138888891
 20
239.9853030555556
 30
0.0
 10
84.11914379629631
 20
239.3116150925926
 30
0.0
 10
83.90947620370372
 20
238.6379271296297
 30
0.0
 10
83.69980861111112
 20
237.9642391666667
 30
0.0
 10
83.63348638888888
 20
238.2164752777777
 30
0.0
 10
83.1096113888889
 20
239.9853030555555
 30
0.0
 10
83.1096113888889
 20
239.9853030555555
 30
0.0
 10
83.1096113888889
 20
239.9853030555555
 30
0.0
 10
82.58608916666667
 20
238.2164752777777
 30
0.0
 10
82.51941416666666
 20
237.9642391666666
 30
0.0
 10
82.30986416666666
 20
238.6379271296296
 30
0.0
 10
82.10031416666665
 20
239.3116150925925
 30
0.0
 10
81.89076416666666
 20
239.9853030555555
 30
0.0
  0
SPLINE
  5
96
330
1F
100
AcDbEntity
  8
DEFAULT
 62
     1
100
AcDbSpline
210
0.0
220
0.0
230
1.0
 70
    11
 71
     3
 72
    68
 73
    64
 74
     0
 42
0.000000001
 43
0.0000000001
 40
1.0
 40
1.0
 40
1.0
 40
1.0
 40
2.0
 40
2.0
 40
2.0
 40
3.0
 40
3.0
 40
3.0
 40
4.0
 40
4.0
 40
4.0
 40
5.0
 40
5.0
 40
5.0
 40
14.91999999999999
 40
14.91999999999999
 40
14.91999999999999
 40
23.41999999999999
 40
23.41999999999999
 40
23.41999999999999
 40
33.33999999999997
 40
33.33999999999997
 40
33.33999999999997
 40
34.33999999999997
 40
34.33999999999997
 40
34.33999999999997
 40
35.33999999999997
 40
35.33999999999997
 40
35.33999999999997
 40
36.33999999999997
 40
36.33999999999997
 40
36.33999999999997
 40
37.33999999999997
 40
37.33999999999997
 40
37.33999999999997
 40
38.33999999999997
 40
38.33999999999997
 40
38.33999999999997
 40
39.33999999999997
 40
39.33999999999997
 40
39.33999999999997
 40
49.26000000000005
 40
49.26000000000005
 40
49.26000000000005
 40
57.76000000000005
 40
57.76000000000005
 40
57.76000000000005
 40
67.68000000000012
 40
67.68000000000012
 40
67.68000000000012
 40
68.68000000000012
 40
68.68000000000012
 40
68.68000000000012
 40
69.68000000000012
 40
69.68000000000012
 40
69.68000000000012
 40
70.68000000000012
 40
70.68000000000012
 40
70.68000000000012
 40
71.68000000000012
 40
71.68000000000012
 40
71.68000000000012
 40
72.68000000000012
 40
72.68000000000012
 40
72.68000000000012
 40
72.68000000000012
 10
83.1034025
 20
246.1389116666666
 30
0.0
 10
75.09534694444444
 20
246.1389116666666
 30
0.0
 10
71.20420805555555
 20
245.9378283333333
 30
0.0
 10
68.61129138888889
 20
245.9378283333333
 30
0.0
 10
66.95323583333332
 20
245.9378283333333
 30
0.0
 10
65.6091525
 20
244.5972727777777
 30
0.0
 10
65.6091525
 20
242.9356894444444
 30
0.0
 10
65.6091525
 20
242.88242
 30
0.0
 10
66.39231916666667
 20
242.8369116666666
 30
0.0
 10
67.35893027777777
 20
242.8369116666666
 30
0.0
 10
68.32554138888888
 20
242.8369116666666
 30
0.0
 10
68.93584694444444
 20
242.9356894444444
 30
0.0
 10
69.10870805555555
 20
242.9356894444444
 30
0.0
 10
70.27522657407407
 20
242.9356894444444
 30
0.0
 10
71.4417450925926
 20
242.9356894444444
 30
0.0
 10
72.60826361111111
 20
242.9356894444444
 30
0.0
 10
72.60826361111111
 20
241.9361524074073
 30
0.0
 10
72.60826361111111
 20
240.9366153703703
 30
0.0
 10
72.60826361111111
 20
239.9370783333333
 30
0.0
 10
71.4417450925926
 20
239.9370783333333
 30
0.0
 10
70.27522657407407
 20
239.9370783333333
 30
0.0
 10
69.10870805555555
 20
239.9370783333333
 30
0.0
 10
68.93584694444444
 20
239.9370783333333
 30
0.0
 10
68.32554138888888
 20
240.0358561111111
 30
0.0
 10
67.35893027777777
 20
240.0358561111111
 30
0.0
 10
66.39231916666667
 20
240.0358561111111
 30
0.0
 10
65.6091525
 20
239.9935227777778
 30
0.0
 10
65.6091525
 20
239.9370783333333
 30
0.0
 10
65.6091525
 20
238.2790227777778
 30
0.0
 10
66.95323583333332
 20
236.9384672222222
 30
0.0
 10
68.61129138888889
 20
236.9384672222222
 30
0.0
 10
77.46248583333333
 20
236.9384672222222
 30
0.0
 10
65.2599025
 20
227.2617727777777
 30
0.0
 10
81.6111525
 20
227.2617727777777
 30
0.0
 10
81.66759694444444
 20
227.3358561111111
 30
0.0
 10
81.7064025
 20
229.7312172222222
 30
0.0
 10
81.7064025
 20
230.6837172222222
 30
0.0
 10
81.70993027777777
 20
231.6503283333333
 30
0.0
 10
81.6111525
 20
232.2571061111111
 30
0.0
 10
81.6111525
 20
232.433495
 30
0.0
 10
81.6111525
 20
233.6000135185185
 30
0.0
 10
81.6111525
 20
234.766532037037
 30
0.0
 10
81.6111525
 20
235.9330505555556
 30
0.0
 10
82.61068953703703
 20
235.9330505555555
 30
0.0
 10
83.61022657407408
 20
235.9330505555555
 30
0.0
 10
84.6097636111111
 20
235.9330505555556
 30
0.0
 10
84.6097636111111
 20
234.766532037037
 30
0.0
 10
84.6097636111111
 20
233.6000135185185
 30
0.0
 10
84.6097636111111
 20
232.433495
 30
0.0
 10
84.6097636111111
 20
232.2571061111111
 30
0.0
 10
84.50745805555555
 20
231.6503283333333
 30
0.0
 10
84.50745805555555
 20
230.6837172222222
 30
0.0
 10
84.50745805555555
 20
229.7171061111111
 30
0.0
 10
84.55684694444444
 20
227.2578922222222
 30
0.0
 10
84.6097636111111
 20
227.2578922222222
 30
0.0
 10
90.97034694444443
 20
227.2578922222222
 30
0.0
 10
94.01481916666665
 20
227.4593283333333
 30
0.0
 10
94.01481916666665
 20
234.5572172222222
 30
0.0
 10
94.01481916666665
 20
237.5593561111111
 30
0.0
 10
94.13476361111111
 20
238.7623283333333
 30
0.0
 10
92.85418027777777
 20
240.6496894444444
 30
0.0
 10
90.66343027777776
 20
243.8776061111111
 30
0.0
 10
87.23443027777778
 20
246.1389116666666
 30
0.0
 10
83.1034025
 20
246.1389116666666
 30
0.0
  0
SPLINE
  5
97
330
1F
100
AcDbEntity
  8
DEFAULT
 62
   250
100
AcDbSpline
210
0.0
220
0.0
230
1.0
 70
     8
 71
     3
 72
    20
 73
    16
 74
     0
 42
0.000000001
 43
0.0000000001
 40
0.0
 40
0.0
 40
0.0
 40
0.0
 40
1.0
 40
1.0
 40
1.0
 40
2.0
 40
2.0
 40
2.0
 40
3.0
 40
3.0
 40
3.0
 40
4.0
 40
4.0
 40
4.0
 40
5.0
 40
5.0
 40
5.0
 40
5.0
 10
287.9441719444444
 20
52.30851305555556
 30
0.0
 10
287.9441719444444
 20
52.30851305555556
 30
0.0
 10
287.9501691666667
 20
54.0286575
 30
0.0
 10
287.9441719444444
 20
54.16659361111111
 30
0.0
 10
288.0373052777778
 20
54.30452972222222
 30
0.0
 10
288.1851191666667
 20
54.38637416666666
 30
0.0
 10
288.3900830555555
 20
54.38637416666666
 30
0.0
 10
288.6934719444444
 20
54.38637416666666
 30
0.0
 10
288.9217191666666
 20
54.15495194444445
 30
0.0
 10
288.9217191666666
 20
53.81099361111111
 30
0.0
 10
288.9217191666666
 20
53.40424083333333
 30
0.0
 10
288.6469052777778
 20
53.20351027777778
 30
0.0
 10
288.3512775
 20
53.20351027777778
 30
0.0
 10
288.1851191666667
 20
53.20351027777778
 30
0.0
 10
288.019313611111
 20
53.26877416666667
 30
0.0
 10
287.9441719444444
 20
53.38095749999999
 30
0.0
  0
SPLINE
  5
98
330
1F
100
AcDbEntity
  8
DEFAULT
 62
   250
100
AcDbSpline
210
0.0
220
0.0
230
1.0
 70
    11
 71
     3
 72
    17
 73
    13
 74
     0
 42
0.000000001
 43
0.0000000001
 40
0.0
 40
0.0
 40
0.0
 40
0.0
 40
1.0
 40
1.0
 40
1.0
 40
2.0
 40
2.0
 40
2.0
 40
3.0
 40
3.0
 40
3.0
 40
4.0
 40
4.0
 40
4.0
 40
4.0
 10
264.4137530555556
 20
59.65888499999999
 30
0.0
 10
264.5527475
 20
60.17746833333332
 30
0.0
 10
264.9725530555555
 20
60.30693777777776
 30
0.0
 10
265.3112197222222
 20
60.21592111111111
 30
0.0
 10
265.6908086111111
 20
60.1143211111111
 30
0.0
 10
265.9088252777778
 20
59.75801555555555
 30
0.0
 10
265.7899391666666
 20
59.31492666666666
 30
0.0
 10
265.6643502777778
 20
58.84573222222221
 30
0.0
 10
265.2837030555556
 20
58.65276277777777
 30
0.0
 10
264.8952947222222
 20
58.75683222222222
 30
0.0
 10
264.4927752777778
 20
58.86478222222221
 30
0.0
 10
264.2987475
 20
59.23025999999999
 30
0.0
 10
264.4137530555556
 20
59.65888499999999
 30
0.0
  0
SPLINE
  5
99
330
1F
100
AcDbEntity
  8
DEFAULT
 62
   250
100
AcDbSpline
210
0.0
220
0.0
230
1.0
 70
     8
 71
     3
 72
    14
 73
    10
 74
     0
 42
0.000000001
 43
0.0000000001
 40
0.0
 40
0.0
 40
0.0
 40
0.0
 40
1.0
 40
1.0
 40
1.0
 40
2.0
 40
2.0
 40
2.0
 40
4.45658563864562
 40
4.45658563864562
 40
4.45658563864562
 40
4.45658563864562
 10
264.9513511111111
 20
50.20920305555555
 30
0.0
 10
264.9661677777777
 20
50.36407249999999
 30
0.0
 10
265.0712955555555
 20
50.55210305555556
 30
0.0
 10
265.2935455555555
 20
50.64206138888888
 30
0.0
 10
265.4798122222222
 20
50.71755583333333
 30
0.0
 10
265.8138927777778
 20
50.72355305555555
 30
0.0
 10
266.0005122222222
 20
50.26211972222222
 30
0.0
 10
266.1089325925926
 20
49.99436138888888
 30
0.0
 10
266.2173529629629
 20
49.72660305555555
 30
0.0
 10
266.3257733333333
 20
49.45884472222222
 30
0.0
  0
SPLINE
  5
9A
330
1F
100
AcDbEntity
  8
DEFAULT
 62
   250
100
AcDbSpline
210
0.0
220
0.0
230
1.0
 70
     8
 71
     3
 72
    11
 73
     7
 74
     0
 42
0.000000001
 43
0.0000000001
 40
0.0
 40
0.0
 40
0.0
 40
0.0
 40
3.000306151045279
 40
3.000306151045279
 40
3.000306151045279
 40
4.00030615104528
 40
4.00030615104528
 40
4.00030615104528
 40
4.00030615104528
 10
265.4071752777778
 20
49.0869111111111
 30
0.0
 10
265.2747660185184
 20
49.41393611111111
 30
0.0
 10
265.1423567592592
 20
49.74096111111111
 30
0.0
 10
265.0099475
 20
50.06798611111111
 30
0.0
 10
264.9538558333333
 20
50.20698055555556
 30
0.0
 10
264.9048197222222
 20
50.31951666666667
 30
0.0
 10
264.8511975
 20
50.42746666666667
 30
0.0
  0
SPLINE
  5
9B
330
1F
100
AcDbEntity
  8
DEFAULT
 62
     1
100
AcDbSpline
210
0.0
220
0.0
230
1.0
 70
    11
 71
     3
 72
   104
 73
   100
 74
     0
 42
0.000000001
 43
0.0000000001
 40
0.0
 40
0.0
 40
0.0
 40
0.0
 40
16.95808066969841
 40
16.95808066969841
 40
16.95808066969841
 40
17.95808066969841
 40
17.95808066969841
 40
17.95808066969841
 40
18.95808066969841
 40
18.95808066969841
 40
18.95808066969841
 40
19.95808066969841
 40
19.95808066969841
 40
19.95808066969841
 40
20.95808066969841
 40
20.95808066969841
 40
20.95808066969841
 40
29.45773360378934
 40
29.45773360378934
 40
29.45773360378934
 40
30.45773360378934
 40
30.45773360378934
 40
30.45773360378934
 40
31.45773360378934
 40
31.45773360378934
 40
31.45773360378934
 40
32.45773360378934
 40
32.45773360378934
 40
32.45773360378934
 40
33.45773360378934
 40
33.45773360378934
 40
33.45773360378934
 40
34.45773360378934
 40
34.45773360378934
 40
34.45773360378934
 40
35.45773360378934
 40
35.45773360378934
 40
35.45773360378934
 40
54.32773360378934
 40
54.32773360378934
 40
54.32773360378934
 40
55.32773360378934
 40
55.32773360378934
 40
55.32773360378934
 40
56.32773360378934
 40
56.32773360378934
 40
56.32773360378934
 40
57.32773360378934
 40
57.32773360378934
 40
57.32773360378934
 40
67.24773360378936
 40
67.24773360378936
 40
67.24773360378936
 40
75.74773360378936
 40
75.74773360378936
 40
75.74773360378936
 40
85.66773360378937
 40
85.66773360378937
 40
85.66773360378937
 40
86.66773360378937
 40
86.66773360378937
 40
86.66773360378937
 40
87.66773360378937
 40
87.66773360378937
 40
87.66773360378937
 40
88.66773360378937
 40
88.66773360378937
 40
88.66773360378937
 40
89.66773360378937
 40
89.66773360378937
 40
89.66773360378937
 40
90.66773360378937
 40
90.66773360378937
 40
90.66773360378937
 40
91.66773360378937
 40
91.66773360378937
 40
91.66773360378937
 40
92.66773360378937
 40
92.66773360378937
 40
92.66773360378937
 40
101.1689394006161
 40
101.1689394006161
 40
101.1689394006161
 40
102.1689394006161
 40
102.1689394006161
 40
102.1689394006161
 40
103.1689394006161
 40
103.1689394006161
 40
103.1689394006161
 40
104.1689394006161
 40
104.1689394006161
 40
104.1689394006161
 40
105.1689394006161
 40
105.1689394006161
 40
105.1689394006161
 40
122.1305224635262
 40
122.1305224635262
 40
122.1305224635262
 40
123.1305224635262
 40
123.1305224635262
 40
123.1305224635262
 40
123.1305224635262
 10
260.9437955555555
 20
61.3503838888889
 30
0.0
 10
261.460027037037
 20
63.27655055555556
 30
0.0
 10
261.9762585185185
 20
65.2027172222222
 30
0.0
 10
262.49249
 20
67.12888388888888
 30
0.0
 10
262.9228788888889
 20
68.73049499999999
 30
0.0
 10
264.5668233333333
 20
69.67946722222221
 30
0.0
 10
266.1684344444444
 20
69.24907833333333
 30
0.0
 10
266.2213511111111
 20
69.23496722222221
 30
0.0
 10
266.0626011111111
 20
68.46943944444443
 30
0.0
 10
265.8121288888889
 20
67.53457833333333
 30
0.0
 10
265.5616566666667
 20
66.59971722222221
 30
0.0
 10
265.3076566666667
 20
66.03880055555554
 30
0.0
 10
265.2617955555556
 20
65.86946722222221
 30
0.0
 10
265.03249
 20
65.02632833333332
 30
0.0
 10
264.3551566666666
 20
62.4898561111111
 30
0.0
 10
264.3551566666666
 20
62.4898561111111
 30
0.0
 10
265.3205918518518
 20
62.2311524074074
 30
0.0
 10
266.2860270370371
 20
61.9724487037037
 30
0.0
 10
267.2514622222222
 20
61.713745
 30
0.0
 10
267.2514622222222
 20
61.713745
 30
0.0
 10
267.9323233333333
 20
64.24668944444444
 30
0.0
 10
268.1581011111111
 20
65.0933561111111
 30
0.0
 10
268.2039622222222
 20
65.26268944444443
 30
0.0
 10
268.2639344444444
 20
65.87652277777778
 30
0.0
 10
268.5144066666667
 20
66.80785611111111
 30
0.0
 10
268.7613511111111
 20
67.73566166666666
 30
0.0
 10
269.0082955555555
 20
68.47296722222221
 30
0.0
 10
269.06474
 20
68.47296722222221
 30
0.0
 10
270.6663511111111
 20
68.04257833333332
 30
0.0
 10
271.6153233333333
 20
66.40216166666666
 30
0.0
 10
271.1849344444444
 20
64.80055055555555
 30
0.0
 10
269.8831844444445
 20
59.94280055555554
 30
0.0
 10
271.28724
 20
47.59910611111111
 30
0.0
 10
279.7045177777778
 20
55.65302277777777
 30
0.0
 10
284.3400177777778
 20
60.08743944444443
 30
0.0
 10
292.9336844444444
 20
60.41905055555556
 30
0.0
 10
292.9336844444444
 20
53.29646722222221
 30
0.0
 10
292.9336844444444
 20
51.07749499999999
 30
0.0
 10
292.9336844444444
 20
48.85852277777777
 30
0.0
 10
292.9336844444444
 20
46.63955055555554
 30
0.0
 10
292.9336844444444
 20
44.981495
 30
0.0
 10
291.5896011111111
 20
43.63741166666666
 30
0.0
 10
289.9315455555555
 20
43.63741166666666
 30
0.0
 10
289.8786288888889
 20
43.63741166666666
 30
0.0
 10
289.8327677777777
 20
44.42057833333332
 30
0.0
 10
289.8327677777777
 20
45.38718944444444
 30
0.0
 10
289.8327677777777
 20
46.35732833333333
 30
0.0
 10
289.9315455555555
 20
46.96410611111111
 30
0.0
 10
289.9315455555555
 20
47.14049499999999
 30
0.0
 10
289.9315455555555
 20
48.30701351851852
 30
0.0
 10
289.9315455555555
 20
49.47353203703704
 30
0.0
 10
289.9315455555555
 20
50.64005055555555
 30
0.0
 10
288.9320085185185
 20
50.64005055555555
 30
0.0
 10
287.9324714814815
 20
50.64005055555555
 30
0.0
 10
286.9329344444444
 20
50.64005055555555
 30
0.0
 10
286.9329344444444
 20
49.47353203703704
 30
0.0
 10
286.9329344444444
 20
48.30701351851852
 30
0.0
 10
286.9329344444444
 20
47.14049499999999
 30
0.0
 10
286.9329344444444
 20
46.96410611111111
 30
0.0
 10
287.0317122222222
 20
46.35732833333333
 30
0.0
 10
287.0317122222222
 20
45.38718944444444
 30
0.0
 10
287.0317122222222
 20
44.42057833333332
 30
0.0
 10
286.9893788888889
 20
43.63741166666666
 30
0.0
 10
286.9329344444444
 20
43.63741166666666
 30
0.0
 10
285.2748788888889
 20
43.63741166666666
 30
0.0
 10
283.9343233333333
 20
44.981495
 30
0.0
 10
283.9343233333333
 20
46.63955055555554
 30
0.0
 10
283.9343233333333
 20
50.14263388888888
 30
0.0
 10
272.1550733333333
 20
42.14868944444444
 30
0.0
 10
270.6169622222222
 20
41.52427277777777
 30
0.0
 10
270.5675733333333
 20
41.50310611111111
 30
0.0
 10
270.2324344444444
 20
42.21218944444444
 30
0.0
 10
269.8690733333333
 20
43.10824499999999
 30
0.0
 10
269.5057122222222
 20
44.00782833333333
 30
0.0
 10
269.3681288888889
 20
44.60755055555555
 30
0.0
 10
269.3046288888889
 20
44.76982833333333
 30
0.0
 10
268.9765455555556
 20
45.58121722222221
 30
0.0
 10
267.9887677777778
 20
48.01185611111111
 30
0.0
 10
267.9887677777778
 20
48.01185611111111
 30
0.0
 10
267.0621381481482
 20
47.63673574074074
 30
0.0
 10
266.1355085185185
 20
47.26161537037037
 30
0.0
 10
265.2088788888889
 20
46.886495
 30
0.0
 10
265.2088788888889
 20
46.886495
 30
0.0
 10
266.1931288888889
 20
44.45232833333333
 30
0.0
 10
266.52474
 20
43.64446722222222
 30
0.0
 10
266.58824
 20
43.48218944444444
 30
0.0
 10
266.9092677777778
 20
42.95655055555555
 30
0.0
 10
267.2726288888889
 20
42.05696722222222
 30
0.0
 10
267.63599
 20
41.16091166666666
 30
0.0
 10
267.88999
 20
40.42007833333333
 30
0.0
 10
267.8370733333333
 20
40.39891166666666
 30
0.0
 10
266.2989622222222
 20
39.77802277777777
 30
0.0
 10
264.5527122222222
 20
40.51532833333333
 30
0.0
 10
263.9318233333333
 20
42.05343944444444
 30
0.0
 10
263.1827585185185
 20
43.901995
 30
0.0
 10
262.4336937037037
 20
45.75055055555555
 30
0.0
 10
261.6846288888889
 20
47.59910611111111
 30
0.0
 10
260.1676844444444
 20
51.34207833333333
 30
0.0
 10
259.85724
 20
57.29696722222221
 30
0.0
 10
260.9437955555555
 20
61.3503838888889
 30
0.0
  0
SPLINE
  5
9C
330
1F
100
AcDbEntity
  8
DEFAULT
 62
   250
100
AcDbSpline
210
0.0
220
0.0
230
1.0
 70
     8
 71
     3
 72
    20
 73
    16
 74
     0
 42
0.000000001
 43
0.0000000001
 40
0.0
 40
0.0
 40
0.0
 40
0.0
 40
1.0
 40
1.0
 40
1.0
 40
2.0
 40
2.0
 40
2.0
 40
3.0
 40
3.0
 40
3.0
 40
4.0
 40
4.0
 40
4.0
 40
5.0
 40
5.0
 40
5.0
 40
5.0
 10
11.33115166666667
 20
52.30851305555556
 30
0.0
 10
11.33115166666667
 20
52.30851305555556
 30
0.0
 10
11.33714888888889
 20
54.0286575
 30
0.0
 10
11.33115166666667
 20
54.16659361111111
 30
0.0
 10
11.424285
 20
54.30452972222222
 30
0.0
 10
11.57209888888889
 20
54.38637416666666
 30
0.0
 10
11.77706277777778
 20
54.38637416666666
 30
0.0
 10
12.08045166666667
 20
54.38637416666666
 30
0.0
 10
12.30869888888889
 20
54.15495194444445
 30
0.0
 10
12.30869888888889
 20
53.81099361111111
 30
0.0
 10
12.30869888888889
 20
53.40424083333333
 30
0.0
 10
12.033885
 20
53.20351027777778
 30
0.0
 10
11.73825722222222
 20
53.20351027777778
 30
0.0
 10
11.57209888888889
 20
53.20351027777778
 30
0.0
 10
11.40629333333333
 20
53.26877416666667
 30
0.0
 10
11.33115166666667
 20
53.38095749999999
 30
0.0
  0
SPLINE
  5
9D
330
1F
100
AcDbEntity
  8
DEFAULT
 62
   250
100
AcDbSpline
210
0.0
220
0.0
230
1.0
 70
    11
 71
     3
 72
    17
 73
    13
 74
     0
 42
0.000000001
 43
0.0000000001
 40
0.0
 40
0.0
 40
0.0
 40
0.0
 40
1.0
 40
1.0
 40
1.0
 40
2.0
 40
2.0
 40
2.0
 40
3.0
 40
3.0
 40
3.0
 40
4.0
 40
4.0
 40
4.0
 40
4.0
 10
34.46917583333333
 20
59.29174916666666
 30
0.0
 10
34.33018138888888
 20
59.81033249999999
 30
0.0
 10
34.62898416666666
 20
60.13206583333333
 30
0.0
 10
34.96765083333333
 20
60.22308249999999
 30
0.0
 10
35.34723972222222
 20
60.32468249999999
 30
0.0
 10
35.71412861111111
 20
60.12501027777777
 30
0.0
 10
35.83301472222222
 20
59.68192138888888
 30
0.0
 10
35.9586036111111
 20
59.21272694444444
 30
0.0
 10
35.7254175
 20
58.85536305555555
 30
0.0
 10
35.33736194444444
 20
58.75164638888888
 30
0.0
 10
34.93484249999999
 20
58.64369638888889
 30
0.0
 10
34.58418138888888
 20
58.86312416666666
 30
0.0
 10
34.46917583333333
 20
59.29174916666666
 30
0.0
  0
SPLINE
  5
9E
330
1F
100
AcDbEntity
  8
DEFAULT
 62
   250
100
AcDbSpline
210
0.0
220
0.0
230
1.0
 70
     8
 71
     3
 72
    14
 73
    10
 74
     0
 42
0.000000001
 43
0.0000000001
 40
0.0
 40
0.0
 40
0.0
 40
0.0
 40
1.0
 40
1.0
 40
1.0
 40
2.0
 40
2.0
 40
2.0
 40
4.455658771083646
 40
4.455658771083646
 40
4.455658771083646
 40
4.455658771083646
 10
34.39163527777777
 20
50.5775736111111
 30
0.0
 10
34.50981583333333
 20
50.67846805555555
 30
0.0
 10
34.71619083333333
 20
50.74055694444443
 30
0.0
 10
34.93879361111111
 20
50.6505986111111
 30
0.0
 10
35.1247075
 20
50.57510416666666
 30
0.0
 10
35.36882972222222
 20
50.34685694444444
 30
0.0
 10
35.18221027777778
 20
49.88542361111111
 30
0.0
 10
35.07378990740741
 20
49.61778287037036
 30
0.0
 10
34.96536953703703
 20
49.35014212962962
 30
0.0
 10
34.85694916666667
 20
49.08250138888888
 30
0.0
  0
SPLINE
  5
9F
330
1F
100
AcDbEntity
  8
DEFAULT
 62
   250
100
AcDbSpline
210
0.0
220
0.0
230
1.0
 70
     8
 71
     3
 72
    11
 73
     7
 74
     0
 42
0.000000001
 43
0.0000000001
 40
0.0
 40
0.0
 40
0.0
 40
0.0
 40
3.00030615104529
 40
3.00030615104529
 40
3.00030615104529
 40
4.00030615104529
 40
4.00030615104529
 40
4.00030615104529
 40
4.00030615104529
 10
33.93831583333333
 20
49.45429388888888
 30
0.0
 10
34.07072509259259
 20
49.78131888888888
 30
0.0
 10
34.20313435185185
 20
50.1083438888889
 30
0.0
 10
34.33554361111111
 20
50.4353688888889
 30
0.0
 10
34.39163527777777
 20
50.57436333333333
 30
0.0
 10
34.43502694444445
 20
50.68936888888888
 30
0.0
 10
34.47171583333333
 20
50.80402166666666
 30
0.0
  0
SPLINE
  5
A0
330
1F
100
AcDbEntity
  8
DEFAULT
 62
     1
100
AcDbSpline
210
0.0
220
0.0
230
1.0
 70
    11
 71
     3
 72
   104
 73
   100
 74
     0
 42
0.000000001
 43
0.0000000001
 40
0.0
 40
0.0
 40
0.0
 40
0.0
 40
16.95808066969849
 40
16.95808066969849
 40
16.95808066969849
 40
17.95808066969849
 40
17.95808066969849
 40
17.95808066969849
 40
18.95808066969849
 40
18.95808066969849
 40
18.95808066969849
 40
19.95808066969849
 40
19.95808066969849
 40
19.95808066969849
 40
20.95808066969849
 40
20.95808066969849
 40
20.95808066969849
 40
29.45773360378938
 40
29.45773360378938
 40
29.45773360378938
 40
30.45773360378938
 40
30.45773360378938
 40
30.45773360378938
 40
31.45773360378938
 40
31.45773360378938
 40
31.45773360378938
 40
32.45773360378938
 40
32.45773360378938
 40
32.45773360378938
 40
33.45773360378938
 40
33.45773360378938
 40
33.45773360378938
 40
34.45773360378938
 40
34.45773360378938
 40
34.45773360378938
 40
35.45773360378938
 40
35.45773360378938
 40
35.45773360378938
 40
54.32773360378938
 40
54.32773360378938
 40
54.32773360378938
 40
55.32773360378938
 40
55.32773360378938
 40
55.32773360378938
 40
56.32773360378938
 40
56.32773360378938
 40
56.32773360378938
 40
57.32773360378938
 40
57.32773360378938
 40
57.32773360378938
 40
67.2477336037894
 40
67.2477336037894
 40
67.2477336037894
 40
75.7477336037894
 40
75.7477336037894
 40
75.7477336037894
 40
85.66773360378942
 40
85.66773360378942
 40
85.66773360378942
 40
86.66773360378942
 40
86.66773360378942
 40
86.66773360378942
 40
87.66773360378942
 40
87.66773360378942
 40
87.66773360378942
 40
88.66773360378942
 40
88.66773360378942
 40
88.66773360378942
 40
89.66773360378942
 40
89.66773360378942
 40
89.66773360378942
 40
90.66773360378942
 40
90.66773360378942
 40
90.66773360378942
 40
91.66773360378942
 40
91.66773360378942
 40
91.66773360378942
 40
92.66773360378942
 40
92.66773360378942
 40
92.66773360378942
 40
101.1689394006161
 40
101.1689394006161
 40
101.1689394006161
 40
102.1689394006161
 40
102.1689394006161
 40
102.1689394006161
 40
103.1689394006161
 40
103.1689394006161
 40
103.1689394006161
 40
104.1689394006161
 40
104.1689394006161
 40
104.1689394006161
 40
105.1689394006161
 40
105.1689394006161
 40
105.1689394006161
 40
122.1305224635263
 40
122.1305224635263
 40
122.1305224635263
 40
123.1305224635263
 40
123.1305224635263
 40
123.1305224635263
 40
123.1305224635263
 10
39.30911055555556
 20
61.35038388888887
 30
0.0
 10
38.79287907407407
 20
63.27655055555554
 30
0.0
 10
38.27664759259259
 20
65.2027172222222
 30
0.0
 10
37.76041611111111
 20
67.1288838888889
 30
0.0
 10
37.33002722222222
 20
68.73049499999999
 30
0.0
 10
35.68608277777778
 20
69.67946722222221
 30
0.0
 10
34.08447166666667
 20
69.24907833333333
 30
0.0
 10
34.031555
 20
69.23496722222221
 30
0.0
 10
34.190305
 20
68.46943944444443
 30
0.0
 10
34.44077722222222
 20
67.53457833333333
 30
0.0
 10
34.69124944444444
 20
66.59971722222221
 30
0.0
 10
34.94524944444444
 20
66.03880055555554
 30
0.0
 10
34.99111055555556
 20
65.86946722222221
 30
0.0
 10
35.22041611111111
 20
65.02632833333332
 30
0.0
 10
35.89774944444444
 20
62.4898561111111
 30
0.0
 10
35.89774944444444
 20
62.4898561111111
 30
0.0
 10
34.93231425925926
 20
62.2311524074074
 30
0.0
 10
33.96687907407407
 20
61.9724487037037
 30
0.0
 10
33.00144388888889
 20
61.713745
 30
0.0
 10
33.00144388888889
 20
61.713745
 30
0.0
 10
32.32058277777777
 20
64.24668944444444
 30
0.0
 10
32.094805
 20
65.0933561111111
 30
0.0
 10
32.04894388888889
 20
65.26268944444443
 30
0.0
 10
31.98897166666666
 20
65.87652277777778
 30
0.0
 10
31.73849944444444
 20
66.80785611111111
 30
0.0
 10
31.491555
 20
67.73566166666666
 30
0.0
 10
31.24461055555555
 20
68.47296722222221
 30
0.0
 10
31.18816611111111
 20
68.47296722222221
 30
0.0
 10
29.586555
 20
68.04257833333332
 30
0.0
 10
28.63758277777778
 20
66.40216166666666
 30
0.0
 10
29.06797166666666
 20
64.80055055555555
 30
0.0
 10
30.36972166666666
 20
59.94280055555554
 30
0.0
 10
28.96566611111111
 20
47.59910611111111
 30
0.0
 10
20.54838833333334
 20
55.65302277777777
 30
0.0
 10
15.91288833333334
 20
60.08743944444443
 30
0.0
 10
7.319221666666666
 20
60.41905055555556
 30
0.0
 10
7.319221666666666
 20
53.29646722222221
 30
0.0
 10
7.319221666666667
 20
51.07749499999999
 30
0.0
 10
7.319221666666667
 20
48.85852277777777
 30
0.0
 10
7.319221666666666
 20
46.63955055555554
 30
0.0
 10
7.319221666666666
 20
44.981495
 30
0.0
 10
8.663305
 20
43.63741166666666
 30
0.0
 10
10.32136055555556
 20
43.63741166666666
 30
0.0
 10
10.37427722222222
 20
43.63741166666666
 30
0.0
 10
10.42013833333333
 20
44.42057833333332
 30
0.0
 10
10.42013833333333
 20
45.38718944444444
 30
0.0
 10
10.42013833333333
 20
46.35732833333333
 30
0.0
 10
10.32136055555556
 20
46.96410611111111
 30
0.0
 10
10.32136055555556
 20
47.14049499999999
 30
0.0
 10
10.32136055555556
 20
48.30701351851852
 30
0.0
 10
10.32136055555556
 20
49.47353203703704
 30
0.0
 10
10.32136055555556
 20
50.64005055555555
 30
0.0
 10
11.32089759259259
 20
50.64005055555555
 30
0.0
 10
12.32043462962963
 20
50.64005055555555
 30
0.0
 10
13.31997166666667
 20
50.64005055555555
 30
0.0
 10
13.31997166666667
 20
49.47353203703704
 30
0.0
 10
13.31997166666667
 20
48.30701351851852
 30
0.0
 10
13.31997166666667
 20
47.14049499999999
 30
0.0
 10
13.31997166666667
 20
46.96410611111111
 30
0.0
 10
13.22119388888889
 20
46.35732833333333
 30
0.0
 10
13.22119388888889
 20
45.38718944444444
 30
0.0
 10
13.22119388888889
 20
44.42057833333332
 30
0.0
 10
13.26352722222222
 20
43.63741166666666
 30
0.0
 10
13.31997166666667
 20
43.63741166666666
 30
0.0
 10
14.97802722222222
 20
43.63741166666666
 30
0.0
 10
16.31858277777778
 20
44.981495
 30
0.0
 10
16.31858277777778
 20
46.63955055555554
 30
0.0
 10
16.31858277777778
 20
50.14263388888888
 30
0.0
 10
28.09783277777778
 20
42.14868944444444
 30
0.0
 10
29.63594388888889
 20
41.52427277777777
 30
0.0
 10
29.68533277777778
 20
41.50310611111111
 30
0.0
 10
30.02047166666667
 20
42.21218944444444
 30
0.0
 10
30.38383277777778
 20
43.10824499999999
 30
0.0
 10
30.74719388888889
 20
44.00782833333333
 30
0.0
 10
30.88477722222222
 20
44.60755055555555
 30
0.0
 10
30.94827722222222
 20
44.76982833333333
 30
0.0
 10
31.27636055555556
 20
45.58121722222221
 30
0.0
 10
32.26413833333334
 20
48.01185611111111
 30
0.0
 10
32.26413833333334
 20
48.01185611111111
 30
0.0
 10
33.19076796296296
 20
47.63673574074074
 30
0.0
 10
34.11739759259259
 20
47.26161537037037
 30
0.0
 10
35.04402722222222
 20
46.886495
 30
0.0
 10
35.04402722222222
 20
46.886495
 30
0.0
 10
34.05977722222222
 20
44.45232833333333
 30
0.0
 10
33.72816611111111
 20
43.64446722222222
 30
0.0
 10
33.66466611111111
 20
43.48218944444444
 30
0.0
 10
33.34363833333333
 20
42.95655055555555
 30
0.0
 10
32.98027722222222
 20
42.05696722222222
 30
0.0
 10
32.61691611111111
 20
41.16091166666666
 30
0.0
 10
32.36291611111111
 20
40.42007833333333
 30
0.0
 10
32.41583277777778
 20
40.39891166666666
 30
0.0
 10
33.95394388888889
 20
39.77802277777777
 30
0.0
 10
35.70019388888888
 20
40.51532833333333
 30
0.0
 10
36.32108277777778
 20
42.05343944444444
 30
0.0
 10
37.07014759259259
 20
43.901995
 30
0.0
 10
37.81921240740741
 20
45.75055055555555
 30
0.0
 10
38.56827722222222
 20
47.59910611111111
 30
0.0
 10
40.08522130499893
 20
51.34207744093921
 30
0.0
 10
40.39566596307959
 20
57.29696438271005
 30
0.0
 10
39.30911055555556
 20
61.35038388888887
 30
0.0
  0
SPLINE
  5
A1
330
1F
100
AcDbEntity
  8
DEFAULT
 62
   250
100
AcDbSpline
210
0.0
220
0.0
230
1.0
 70
     8
 71
     3
 72
    23
 73
    19
 74
     0
 42
0.000000001
 43
0.0000000001
 40
0.0
 40
0.0
 40
0.0
 40
0.0
 40
3.156510098193839
 40
3.156510098193839
 40
3.156510098193839
 40
4.15651009819384
 40
4.15651009819384
 40
4.15651009819384
 40
5.15651009819384
 40
5.15651009819384
 40
5.15651009819384
 40
6.15651009819384
 40
6.15651009819384
 40
6.15651009819384
 40
7.15651009819384
 40
7.15651009819384
 40
7.15651009819384
 40
9.579724905015546
 40
9.579724905015546
 40
9.579724905015546
 40
9.579724905015546
 10
90.39179138888888
 20
122.7541430555556
 30
0.0
 10
90.51879138888887
 20
123.1029226851852
 30
0.0
 10
90.64579138888887
 20
123.4517023148148
 30
0.0
 10
90.77279138888888
 20
123.8004819444444
 30
0.0
 10
90.82853027777777
 20
123.9532347222222
 30
0.0
 10
91.03173027777778
 20
124.1006958333333
 30
0.0
 10
91.3280636111111
 20
123.9927458333333
 30
0.0
 10
91.51397749999998
 20
123.9250125
 30
0.0
 10
91.62051638888889
 20
123.6427902777778
 30
0.0
 10
91.56442472222221
 20
123.4247736111111
 30
0.0
 10
91.64838583333334
 20
123.6459652777778
 30
0.0
 10
91.82477472222222
 20
123.8117708333333
 30
0.0
 10
92.13909972222221
 20
123.6971180555555
 30
0.0
 10
92.31972194444442
 20
123.6315013888889
 30
0.0
 10
92.50175527777778
 20
123.4311236111111
 30
0.0
 10
92.32959972222221
 20
122.9580486111111
 30
0.0
 10
92.23211546296295
 20
122.6902902777778
 30
0.0
 10
92.13463120370369
 20
122.4225319444444
 30
0.0
 10
92.03714694444443
 20
122.1547736111111
 30
0.0
  0
POLYLINE
  5
A2
330
1F
100
AcDbEntity
  8
DEFAULT
 62
   250
100
AcDb2dPolyline
 66
     1
 10
0.0
 20
0.0
 30
0.0
  0
VERTEX
  5
A3
330
A2
100
AcDbEntity
  8
DEFAULT
 62
   250
100
AcDbVertex
100
AcDb2dVertex
 10
85.72362416666667
 20
129.8378855555555
 30
0.0
  0
VERTEX
  5
A4
330
A2
100
AcDbEntity
  8
DEFAULT
 62
   250
100
AcDbVertex
100
AcDb2dVertex
 10
85.72362416666667
 20
131.9665466666667
 30
0.0
  0
VERTEX
  5
A5
330
A2
100
AcDbEntity
  8
DEFAULT
 62
   250
100
AcDbVertex
100
AcDb2dVertex
 10
85.35744083333333
 20
131.9665466666667
 30
0.0
  0
SEQEND
  5
A6
330
A2
100
AcDbEntity
  8
DEFAULT
 62
   250
  0
SPLINE
  5
A7
330
1F
100
AcDbEntity
  8
DEFAULT
 62
   250
100
AcDbSpline
210
0.0
220
0.0
230
1.0
 70
     8
 71
     3
 72
    11
 73
     7
 74
     0
 42
0.000000001
 43
0.0000000001
 40
0.0
 40
0.0
 40
0.0
 40
0.0
 40
2.640911395711741
 40
2.640911395711741
 40
2.640911395711741
 40
3.640911395711741
 40
3.640911395711741
 40
3.640911395711741
 40
3.640911395711741
 10
90.88882
 20
145.8108519444444
 30
0.0
 10
90.95620055555555
 20
145.5076982407407
 30
0.0
 10
91.02358111111111
 20
145.204544537037
 30
0.0
 10
91.09096166666666
 20
144.9013908333333
 30
0.0
 10
91.03945611111112
 20
144.8657602777778
 30
0.0
 10
90.34201444444444
 20
144.4653575
 30
0.0
 10
90.34201444444444
 20
144.4653575
 30
0.0
  0
POLYLINE
  5
A8
330
1F
100
AcDbEntity
  8
DEFAULT
 62
   250
100
AcDb2dPolyline
 66
     1
 10
0.0
 20
0.0
 30
0.0
  0
VERTEX
  5
A9
330
A8
100
AcDbEntity
  8
DEFAULT
 62
   250
100
AcDbVertex
100
AcDb2dVertex
 10
91.35939027777776
 20
145.6397194444444
 30
0.0
  0
VERTEX
  5
AA
330
A8
100
AcDbEntity
  8
DEFAULT
 62
   250
100
AcDbVertex
100
AcDb2dVertex
 10
90.63160972222221
 20
143.6391166666667
 30
0.0
  0
SEQEND
  5
AB
330
A8
100
AcDbEntity
  8
DEFAULT
 62
   250
  0
POLYLINE
  5
AC
330
1F
100
AcDbEntity
  8
DEFAULT
 62
   250
100
AcDb2dPolyline
 66
     1
 10
0.0
 20
0.0
 30
0.0
  0
VERTEX
  5
AD
330
AC
100
AcDbEntity
  8
DEFAULT
 62
   250
100
AcDbVertex
100
AcDb2dVertex
 10
109.6455558333333
 20
156.3512875
 30
0.0
  0
VERTEX
  5
AE
330
AC
100
AcDbEntity
  8
DEFAULT
 62
   250
100
AcDbVertex
100
AcDb2dVertex
 10
109.4846891666667
 20
156.0729458333333
 30
0.0
  0
SEQEND
  5
AF
330
AC
100
AcDbEntity
  8
DEFAULT
 62
   250
  0
POLYLINE
  5
B0
330
1F
100
AcDbEntity
  8
DEFAULT
 62
   250
100
AcDb2dPolyline
 66
     1
 10
0.0
 20
0.0
 30
0.0
  0
VERTEX
  5
B1
330
B0
100
AcDbEntity
  8
DEFAULT
 62
   250
100
AcDbVertex
100
AcDb2dVertex
 10
110.6045116666666
 20
158.0102955555555
 30
0.0
  0
VERTEX
  5
B2
330
B0
100
AcDbEntity
  8
DEFAULT
 62
   250
100
AcDbVertex
100
AcDb2dVertex
 10
109.8781422222222
 20
156.7537011111111
 30
0.0
  0
SEQEND
  5
B3
330
B0
100
AcDbEntity
  8
DEFAULT
 62
   250
  0
POLYLINE
  5
B4
330
1F
100
AcDbEntity
  8
DEFAULT
 62
   250
100
AcDb2dPolyline
 66
     1
 10
0.0
 20
0.0
 30
0.0
  0
VERTEX
  5
B5
330
B4
100
AcDbEntity
  8
DEFAULT
 62
   250
100
AcDbVertex
100
AcDb2dVertex
 10
100.4315647222222
 20
155.0034294444444
 30
0.0
  0
VERTEX
  5
B6
330
B4
100
AcDbEntity
  8
DEFAULT
 62
   250
100
AcDbVertex
100
AcDb2dVertex
 10
100.2706980555556
 20
154.724735
 30
0.0
  0
SEQEND
  5
B7
330
B4
100
AcDbEntity
  8
DEFAULT
 62
   250
  0
SPLINE
  5
B8
330
1F
100
AcDbEntity
  8
DEFAULT
 62
   250
100
AcDbSpline
210
0.0
220
0.0
230
1.0
 70
     8
 71
     3
 72
    14
 73
    10
 74
     0
 42
0.000000001
 43
0.0000000001
 40
0.0
 40
0.0
 40
0.0
 40
0.0
 40
3.57967875653676
 40
3.57967875653676
 40
3.57967875653676
 40
4.57967875653676
 40
4.57967875653676
 40
4.57967875653676
 40
5.57967875653676
 40
5.57967875653676
 40
5.57967875653676
 40
5.57967875653676
 10
100.6656680555555
 20
155.4088769444444
 30
0.0
 10
100.8761587962963
 20
155.7734139814814
 30
0.0
 10
101.086649537037
 20
156.1379510185185
 30
0.0
 10
101.2971402777778
 20
156.5024880555555
 30
0.0
 10
101.4237875
 20
156.7219158333333
 30
0.0
 10
101.5447902777778
 20
156.8415075
 30
0.0
 10
101.7158875
 20
156.8799602777778
 30
0.0
 10
101.8696986111111
 20
156.9120630555556
 30
0.0
 10
102.0552597222222
 20
156.8549130555556
 30
0.0
 10
102.1565069444444
 20
156.7434352777778
 30
0.0
  0
SPLINE
  5
B9
330
1F
100
AcDbEntity
  8
DEFAULT
 62
   250
100
AcDbSpline
210
0.0
220
0.0
230
1.0
 70
     8
 71
     3
 72
    14
 73
    10
 74
     0
 42
0.000000001
 43
0.0000000001
 40
0.0
 40
0.0
 40
0.0
 40
0.0
 40
5.728999999999985
 40
5.728999999999985
 40
5.728999999999985
 40
6.728999999999985
 40
6.728999999999985
 40
6.728999999999985
 40
12.45840354661807
 40
12.45840354661807
 40
12.45840354661807
 40
12.45840354661807
 10
119.8141283333333
 20
156.3191494444444
 30
0.0
 10
119.1404403703704
 20
156.3191494444444
 30
0.0
 10
118.4667524074074
 20
156.3191494444444
 30
0.0
 10
117.7930644444444
 20
156.3191494444444
 30
0.0
 10
117.7930644444444
 20
156.3191494444444
 30
0.0
 10
119.6074005555555
 20
157.6304244444444
 30
0.0
 10
119.8141283333333
 20
157.72638
 30
0.0
 10
119.1404403703704
 20
157.7183837037037
 30
0.0
 10
118.4667524074074
 20
157.7103874074074
 30
0.0
 10
117.7930644444444
 20
157.7023911111111
 30
0.0
  0
SPLINE
  5
BA
330
1F
100
AcDbEntity
  8
DEFAULT
 62
   250
100
AcDbSpline
210
0.0
220
0.0
230
1.0
 70
     8
 71
     3
 72
    17
 73
    13
 74
     0
 42
0.000000001
 43
0.0000000001
 40
0.0
 40
0.0
 40
0.0
 40
0.0
 40
5.7776742725771
 40
5.7776742725771
 40
5.7776742725771
 40
6.7776742725771
 40
6.7776742725771
 40
6.7776742725771
 40
11.99020878085613
 40
11.99020878085613
 40
11.99020878085613
 40
17.76021822625569
 40
17.76021822625569
 40
17.76021822625569
 40
17.76021822625569
 10
106.4836791666667
 20
118.9864058333333
 30
0.0
 10
106.5725791666667
 20
119.6599762037037
 30
0.0
 10
106.6614791666667
 20
120.3335465740741
 30
0.0
 10
106.7503791666666
 20
121.0071169444444
 30
0.0
 10
106.7503791666666
 20
121.0071169444444
 30
0.0
 10
107.4552291666667
 20
119.5589641666666
 30
0.0
 10
107.5060291666667
 20
119.3490613888889
 30
0.0
 10
107.7710828703704
 20
119.9017465740741
 30
0.0
 10
108.0361365740741
 20
120.4544317592593
 30
0.0
 10
108.3011902777778
 20
121.0071169444444
 30
0.0
 10
108.3829171296296
 20
120.333546574074
 30
0.0
 10
108.4646439814815
 20
119.6599762037037
 30
0.0
 10
108.5463708333333
 20
118.9864058333333
 30
0.0
  0
POLYLINE
  5
BB
330
1F
100
AcDbEntity
  8
DEFAULT
 62
   250
100
AcDb2dPolyline
 66
     1
 10
0.0
 20
0.0
 30
0.0
  0
VERTEX
  5
BC
330
BB
100
AcDbEntity
  8
DEFAULT
 62
   250
100
AcDbVertex
100
AcDb2dVertex
 10
97.00185916666665
 20
115.0700080555555
 30
0.0
  0
VERTEX
  5
BD
330
BB
100
AcDbEntity
  8
DEFAULT
 62
   250
100
AcDbVertex
100
AcDb2dVertex
 10
97.00185916666665
 20
113.0492969444444
 30
0.0
  0
SEQEND
  5
BE
330
BB
100
AcDbEntity
  8
DEFAULT
 62
   250
  0
POLYLINE
  5
BF
330
1F
100
AcDbEntity
  8
DEFAULT
 62
   250
100
AcDb2dPolyline
 66
     1
 10
0.0
 20
0.0
 30
0.0
  0
VERTEX
  5
C0
330
BF
100
AcDbEntity
  8
DEFAULT
 62
   250
100
AcDbVertex
100
AcDb2dVertex
 10
97.00185916666665
 20
113.9965052777778
 30
0.0
  0
VERTEX
  5
C1
330
BF
100
AcDbEntity
  8
DEFAULT
 62
   250
100
AcDbVertex
100
AcDb2dVertex
 10
95.49973138888888
 20
113.9965052777778
 30
0.0
  0
SEQEND
  5
C2
330
BF
100
AcDbEntity
  8
DEFAULT
 62
   250
  0
POLYLINE
  5
C3
330
1F
100
AcDbEntity
  8
DEFAULT
 62
   250
100
AcDb2dPolyline
 66
     1
 10
0.0
 20
0.0
 30
0.0
  0
VERTEX
  5
C4
330
C3
100
AcDbEntity
  8
DEFAULT
 62
   250
100
AcDbVertex
100
AcDb2dVertex
 10
95.49980194444444
 20
113.0491205555555
 30
0.0
  0
VERTEX
  5
C5
330
C3
100
AcDbEntity
  8
DEFAULT
 62
   250
100
AcDbVertex
100
AcDb2dVertex
 10
95.49980194444444
 20
115.0698316666667
 30
0.0
  0
SEQEND
  5
C6
330
C3
100
AcDbEntity
  8
DEFAULT
 62
   250
  0
SPLINE
  5
C7
330
1F
100
AcDbEntity
  8
DEFAULT
 62
     1
100
AcDbSpline
210
0.0
220
0.0
230
1.0
 70
    11
 71
     3
 72
   227
 73
   223
 74
     0
 42
0.000000001
 43
0.0000000001
 40
1.0
 40
1.0
 40
1.0
 40
1.0
 40
2.0
 40
2.0
 40
2.0
 40
3.0
 40
3.0
 40
3.0
 40
4.0
 40
4.0
 40
4.0
 40
5.0
 40
5.0
 40
5.0
 40
14.91899999999998
 40
14.91899999999998
 40
14.91899999999998
 40
23.41899999999998
 40
23.41899999999998
 40
23.41899999999998
 40
33.33799999999997
 40
33.33799999999997
 40
33.33799999999997
 40
34.33799999999997
 40
34.33799999999997
 40
34.33799999999997
 40
35.33799999999997
 40
35.33799999999997
 40
35.33799999999997
 40
36.33799999999997
 40
36.33799999999997
 40
36.33799999999997
 40
37.33799999999997
 40
37.33799999999997
 40
37.33799999999997
 40
38.33799999999997
 40
38.33799999999997
 40
38.33799999999997
 40
61.48799999999994
 40
61.48799999999994
 40
61.48799999999994
 40
62.48799999999994
 40
62.48799999999994
 40
62.48799999999994
 40
63.48799999999994
 40
63.48799999999994
 40
63.48799999999994
 40
64.48799999999994
 40
64.48799999999994
 40
64.48799999999994
 40
74.40799999999996
 40
74.40799999999996
 40
74.40799999999996
 40
82.90799999999996
 40
82.90799999999996
 40
82.90799999999996
 40
92.82799999999997
 40
92.82799999999997
 40
92.82799999999997
 40
93.82799999999997
 40
93.82799999999997
 40
93.82799999999997
 40
94.82799999999997
 40
94.82799999999997
 40
94.82799999999997
 40
95.82799999999997
 40
95.82799999999997
 40
95.82799999999997
 40
96.82799999999997
 40
96.82799999999997
 40
96.82799999999997
 40
97.82799999999997
 40
97.82799999999997
 40
97.82799999999997
 40
98.82799999999997
 40
98.82799999999997
 40
98.82799999999997
 40
107.328
 40
107.328
 40
107.328
 40
108.328
 40
108.328
 40
108.328
 40
109.328
 40
109.328
 40
109.328
 40
110.328
 40
110.328
 40
110.328
 40
111.328
 40
111.328
 40
111.328
 40
112.328
 40
112.328
 40
112.328
 40
113.328
 40
113.328
 40
113.328
 40
114.328
 40
114.328
 40
114.328
 40
122.831422840245
 40
122.831422840245
 40
122.831422840245
 40
123.831422840245
 40
123.831422840245
 40
123.831422840245
 40
124.831422840245
 40
124.831422840245
 40
124.831422840245
 40
125.831422840245
 40
125.831422840245
 40
125.831422840245
 40
126.831422840245
 40
126.831422840245
 40
126.831422840245
 40
127.831422840245
 40
127.831422840245
 40
127.831422840245
 40
151.1514228402449
 40
151.1514228402449
 40
151.1514228402449
 40
152.1514228402449
 40
152.1514228402449
 40
152.1514228402449
 40
153.1514228402449
 40
153.1514228402449
 40
153.1514228402449
 40
154.1514228402449
 40
154.1514228402449
 40
154.1514228402449
 40
164.071422840245
 40
164.071422840245
 40
164.071422840245
 40
172.571422840245
 40
172.571422840245
 40
172.571422840245
 40
182.491422840245
 40
182.491422840245
 40
182.491422840245
 40
183.491422840245
 40
183.491422840245
 40
183.491422840245
 40
184.491422840245
 40
184.491422840245
 40
184.491422840245
 40
185.491422840245
 40
185.491422840245
 40
185.491422840245
 40
186.491422840245
 40
186.491422840245
 40
186.491422840245
 40
187.491422840245
 40
187.491422840245
 40
187.491422840245
 40
188.491422840245
 40
188.491422840245
 40
188.491422840245
 40
189.491422840245
 40
189.491422840245
 40
189.491422840245
 40
198.0033028323502
 40
198.0033028323502
 40
198.0033028323502
 40
199.0033028323502
 40
199.0033028323502
 40
199.0033028323502
 40
200.0033028323502
 40
200.0033028323502
 40
200.0033028323502
 40
201.0033028323502
 40
201.0033028323502
 40
201.0033028323502
 40
202.0033028323502
 40
202.0033028323502
 40
202.0033028323502
 40
203.0033028323502
 40
203.0033028323502
 40
203.0033028323502
 40
204.0033028323502
 40
204.0033028323502
 40
204.0033028323502
 40
205.0033028323502
 40
205.0033028323502
 40
205.0033028323502
 40
206.0033028323502
 40
206.0033028323502
 40
206.0033028323502
 40
214.5031158302931
 40
214.5031158302931
 40
214.5031158302931
 40
215.5031158302931
 40
215.5031158302931
 40
215.5031158302931
 40
216.5031158302931
 40
216.5031158302931
 40
216.5031158302931
 40
217.5031158302931
 40
217.5031158302931
 40
217.5031158302931
 40
218.5031158302931
 40
218.5031158302931
 40
218.5031158302931
 40
219.5031158302931
 40
219.5031158302931
 40
219.5031158302931
 40
220.5031158302931
 40
220.5031158302931
 40
220.5031158302931
 40
221.5031158302931
 40
221.5031158302931
 40
221.5031158302931
 40
230.0067962099875
 40
230.0067962099875
 40
230.0067962099875
 40
231.0067962099875
 40
231.0067962099875
 40
231.0067962099875
 40
232.0067962099875
 40
232.0067962099875
 40
232.0067962099875
 40
233.0067962099875
 40
233.0067962099875
 40
233.0067962099875
 40
233.0067962099875
 10
116.2283891666667
 20
164.742495
 30
0.0
 10
118.3037808333333
 20
163.5430505555555
 30
0.0
 10
123.2021002777778
 20
161.5248088888889
 30
0.0
 10
125.8461697222222
 20
161.5248088888889
 30
0.0
 10
127.6185252777777
 20
161.5248088888889
 30
0.0
 10
128.8447808333333
 20
160.1842533333333
 30
0.0
 10
128.8447808333333
 20
158.52267
 30
0.0
 10
128.8447808333333
 20
158.4697533333333
 30
0.0
 10
128.0651419444444
 20
158.4238922222222
 30
0.0
 10
127.0950030555555
 20
158.4238922222222
 30
0.0
 10
126.1280391666667
 20
158.4238922222222
 30
0.0
 10
125.5212613888889
 20
158.52267
 30
0.0
 10
125.3448725
 20
158.52267
 30
0.0
 10
124.1784715740741
 20
158.52267
 30
0.0
 10
123.0120706481481
 20
158.52267
 30
0.0
 10
121.8456697222222
 20
158.52267
 30
0.0
 10
121.8456697222222
 20
157.5231329629629
 30
0.0
 10
121.8456697222222
 20
156.5235959259259
 30
0.0
 10
121.8456697222222
 20
155.5240588888889
 30
0.0
 10
123.0120706481481
 20
155.5240588888889
 30
0.0
 10
124.1784715740741
 20
155.5240588888889
 30
0.0
 10
125.3448725
 20
155.5240588888889
 30
0.0
 10
125.5212613888889
 20
155.5240588888889
 30
0.0
 10
126.1280391666667
 20
155.6228366666666
 30
0.0
 10
127.0950030555555
 20
155.6228366666666
 30
0.0
 10
128.0651419444444
 20
155.6228366666666
 30
0.0
 10
128.8479558333333
 20
155.5805033333333
 30
0.0
 10
128.8479558333333
 20
155.5240588888889
 30
0.0
 10
128.8479558333333
 20
153.8660033333333
 30
0.0
 10
127.5042252777778
 20
152.5254477777778
 30
0.0
 10
125.8461697222222
 20
152.5254477777778
 30
0.0
 10
108.8458086111111
 20
152.5254477777778
 30
0.0
 10
96.30808638888888
 20
141.2683088888889
 30
0.0
 10
96.30808638888888
 20
133.2426144444444
 30
0.0
 10
96.30808638888888
 20
123.8657811111111
 30
0.0
 10
112.0169280555555
 20
129.6725033333333
 30
0.0
 10
112.0169280555555
 20
121.12117
 30
0.0
 10
112.0169280555555
 20
118.3989014814815
 30
0.0
 10
112.0169280555555
 20
115.676632962963
 30
0.0
 10
112.0169280555555
 20
112.9543644444444
 30
0.0
 10
112.0169280555555
 20
111.2963088888889
 30
0.0
 10
110.6728447222222
 20
109.9557533333333
 30
0.0
 10
109.0151419444444
 20
109.9557533333333
 30
0.0
 10
108.9622252777778
 20
109.9557533333333
 30
0.0
 10
108.9160113888889
 20
110.73892
 30
0.0
 10
108.9160113888889
 20
111.7055311111111
 30
0.0
 10
108.9160113888889
 20
112.6721422222222
 30
0.0
 10
109.0151419444444
 20
113.2824477777778
 30
0.0
 10
109.0151419444444
 20
113.4553088888889
 30
0.0
 10
109.0151419444444
 20
114.6218274074074
 30
0.0
 10
109.0151419444444
 20
115.7883459259259
 30
0.0
 10
109.0151419444444
 20
116.9548644444444
 30
0.0
 10
108.0156049074074
 20
116.9548644444445
 30
0.0
 10
107.0160678703704
 20
116.9548644444445
 30
0.0
 10
106.0165308333333
 20
116.9548644444444
 30
0.0
 10
106.0165308333333
 20
115.7883459259259
 30
0.0
 10
106.0165308333333
 20
114.6218274074074
 30
0.0
 10
106.0165308333333
 20
113.4553088888889
 30
0.0
 10
106.0165308333333
 20
113.2824477777778
 30
0.0
 10
106.1149558333333
 20
112.6721422222222
 30
0.0
 10
106.1149558333333
 20
111.7055311111111
 30
0.0
 10
106.1149558333333
 20
110.73892
 30
0.0
 10
106.0729752777778
 20
109.9557533333333
 30
0.0
 10
106.0165308333333
 20
109.9557533333333
 30
0.0
 10
98.71015027777776
 20
109.9557533333333
 30
0.0
 10
102.9755863888889
 20
104.0149755555555
 30
0.0
 10
97.75094749999998
 20
104.0149755555555
 30
0.0
 10
97.69450305555556
 20
104.0149755555555
 30
0.0
 10
97.64828916666666
 20
104.7981422222222
 30
0.0
 10
97.65181694444442
 20
105.7647533333333
 30
0.0
 10
97.65181694444442
 20
106.7348922222222
 30
0.0
 10
97.74706694444444
 20
107.34167
 30
0.0
 10
97.74706694444444
 20
107.5180588888889
 30
0.0
 10
97.74706694444444
 20
108.3929477777778
 30
0.0
 10
97.75094749999998
 20
111.0176144444444
 30
0.0
 10
97.75094749999998
 20
111.0176144444444
 30
0.0
 10
96.75141046296295
 20
111.0176144444444
 30
0.0
 10
95.75187342592591
 20
111.0176144444444
 30
0.0
 10
94.75233638888888
 20
111.0176144444444
 30
0.0
 10
94.75233638888888
 20
111.0176144444444
 30
0.0
 10
94.74845583333332
 20
108.3929477777778
 30
0.0
 10
94.74845583333332
 20
107.5180588888889
 30
0.0
 10
94.74845583333332
 20
107.34167
 30
0.0
 10
94.85111416666666
 20
106.7313644444445
 30
0.0
 10
94.85111416666666
 20
105.7647533333333
 30
0.0
 10
94.85111416666666
 20
104.7981422222222
 30
0.0
 10
94.80878083333333
 20
104.0149755555555
 30
0.0
 10
94.75233638888888
 20
104.0149755555555
 30
0.0
 10
90.78358638888888
 20
104.0149755555555
 30
0.0
 10
90.22972527777776
 20
113.2718644444444
 30
0.0
 10
89.55591972222221
 20
113.5188088888889
 30
0.0
 10
89.50617805555555
 20
113.5364477777778
 30
0.0
 10
89.7323086111111
 20
114.2878644444444
 30
0.0
 10
90.06039194444442
 20
115.1945033333333
 30
0.0
 10
90.39200305555553
 20
116.10467
 30
0.0
 10
90.69539194444442
 20
116.6408922222222
 30
0.0
 10
90.75536416666665
 20
116.8066977777778
 30
0.0
 10
91.05522527777775
 20
117.62867
 30
0.0
 10
91.95128083333331
 20
120.0945866666667
 30
0.0
 10
91.95128083333331
 20
120.0945866666667
 30
0.0
 10
91.0117160185185
 20
120.4367811111111
 30
0.0
 10
90.0721512037037
 20
120.7789755555555
 30
0.0
 10
89.13258638888887
 20
121.12117
 30
0.0
 10
89.13258638888887
 20
121.12117
 30
0.0
 10
88.23300305555554
 20
118.6552533333333
 30
0.0
 10
87.9366697222222
 20
117.8332811111111
 30
0.0
 10
87.87669749999998
 20
117.6674755555556
 30
0.0
 10
87.76028083333333
 20
117.0642255555555
 30
0.0
 10
87.43219749999999
 20
116.1540588888889
 30
0.0
 10
87.10058638888887
 20
115.2438922222222
 30
0.0
 10
86.79014194444443
 20
114.5242255555555
 30
0.0
 10
86.73722527777777
 20
114.5418644444444
 30
0.0
 10
84.27483638888887
 20
115.43792
 30
0.0
 10
84.51825305555555
 20
117.0501144444444
 30
0.0
 10
85.32964194444443
 20
120.3626977777778
 30
0.0
 10
86.20805861111111
 20
123.9539755555556
 30
0.0
 10
81.03951138888888
 20
123.0296977777778
 30
0.0
 10
81.03951138888888
 20
129.3832255555556
 30
0.0
 10
81.03951138888888
 20
132.1254848148148
 30
0.0
 10
81.03951138888888
 20
134.8677440740741
 30
0.0
 10
81.03951138888888
 20
137.6100033333333
 30
0.0
 10
81.03951138888888
 20
139.2680588888889
 30
0.0
 10
82.38359472222221
 20
140.6086144444444
 30
0.0
 10
84.04200305555554
 20
140.6086144444444
 30
0.0
 10
84.09844749999999
 20
140.6086144444444
 30
0.0
 10
84.14042805555555
 20
139.8254477777778
 30
0.0
 10
84.14042805555555
 20
138.8588366666667
 30
0.0
 10
84.14042805555555
 20
137.8922255555555
 30
0.0
 10
84.04200305555554
 20
137.28192
 30
0.0
 10
84.04200305555554
 20
137.1090588888889
 30
0.0
 10
84.04200305555554
 20
135.9425403703704
 30
0.0
 10
84.04200305555554
 20
134.7760218518518
 30
0.0
 10
84.04200305555554
 20
133.6095033333333
 30
0.0
 10
85.04154009259258
 20
133.6095033333333
 30
0.0
 10
86.04107712962963
 20
133.6095033333333
 30
0.0
 10
87.04061416666666
 20
133.6095033333333
 30
0.0
 10
87.04061416666666
 20
134.7760218518519
 30
0.0
 10
87.04061416666666
 20
135.9425403703704
 30
0.0
 10
87.04061416666666
 20
137.1090588888889
 30
0.0
 10
87.04061416666666
 20
137.28192
 30
0.0
 10
86.94183638888887
 20
137.8922255555555
 30
0.0
 10
86.94183638888887
 20
138.8588366666667
 30
0.0
 10
86.94183638888887
 20
139.8254477777778
 30
0.0
 10
86.98769749999998
 20
140.6086144444444
 30
0.0
 10
87.04061416666666
 20
140.6086144444444
 30
0.0
 10
87.41067805555555
 20
140.6086144444444
 30
0.0
 10
86.35975305555554
 20
145.8650033333333
 30
0.0
 10
88.80062249999999
 20
152.5783644444444
 30
0.0
 10
89.36894749999999
 20
154.1341144444444
 30
0.0
 10
91.08697527777777
 20
154.9384477777778
 30
0.0
 10
92.64625305555555
 20
154.3704755555555
 30
0.0
 10
92.69916972222221
 20
154.3528366666667
 30
0.0
 10
92.47339194444443
 20
153.60142
 30
0.0
 10
92.14178083333333
 20
152.6912533333333
 30
0.0
 10
91.81016972222221
 20
151.7810866666667
 30
0.0
 10
91.5103086111111
 20
151.2448644444444
 30
0.0
 10
91.45033638888887
 20
151.0825866666667
 30
0.0
 10
91.15047527777777
 20
150.2606144444444
 30
0.0
 10
90.25089194444443
 20
147.79117
 30
0.0
 10
90.25089194444443
 20
147.79117
 30
0.0
 10
91.19151509259258
 20
147.4489755555555
 30
0.0
 10
92.13213824074073
 20
147.1067811111111
 30
0.0
 10
93.07276138888888
 20
146.7645866666666
 30
0.0
 10
93.07276138888888
 20
146.7645866666666
 30
0.0
 10
93.96916972222222
 20
149.2340311111111
 30
0.0
 10
94.26867805555554
 20
150.0560033333333
 30
0.0
 10
94.32900305555555
 20
150.2182811111111
 30
0.0
 10
94.44189194444444
 20
150.8250588888889
 30
0.0
 10
94.77350305555554
 20
151.7352255555556
 30
0.0
 10
95.10511416666665
 20
152.6418644444445
 30
0.0
 10
95.41203083333332
 20
153.3615311111111
 30
0.0
 10
95.46494749999998
 20
153.3438922222222
 30
0.0
 10
96.53386416666666
 20
152.9558366666666
 30
0.0
 10
97.32055861111111
 20
157.9899755555555
 30
0.0
 10
100.8201141666666
 20
164.0506977777778
 30
0.0
 10
101.6491419444444
 20
165.4865033333333
 30
0.0
 10
103.4835863888889
 20
165.9803922222222
 30
0.0
 10
104.9193919444444
 20
165.1513644444444
 30
0.0
 10
104.9652530555555
 20
165.1231422222222
 30
0.0
 10
104.6156502777778
 20
164.4211144444444
 30
0.0
 10
104.1291697222222
 20
163.5850311111111
 30
0.0
 10
103.6455113888889
 20
162.74542
 30
0.0
 10
103.2578086111111
 20
162.26917
 30
0.0
 10
103.1696141666667
 20
162.1174755555556
 30
0.0
 10
102.7321697222222
 20
161.3625311111111
 30
0.0
 10
101.4194836111111
 20
159.0871144444444
 30
0.0
 10
101.4194836111111
 20
159.0871144444444
 30
0.0
 10
102.2850826851852
 20
158.5873459259259
 30
0.0
 10
103.1506817592592
 20
158.0875774074074
 30
0.0
 10
104.0162808333333
 20
157.5878088888889
 30
0.0
 10
104.0162808333333
 20
157.5878088888889
 30
0.0
 10
105.3286141666667
 20
159.8596977777778
 30
0.0
 10
105.7657058333333
 20
160.61817
 30
0.0
 10
105.8539002777778
 20
160.7698644444444
 30
0.0
 10
106.0729752777778
 20
161.3448922222222
 30
0.0
 10
106.5559280555555
 20
162.1845033333333
 30
0.0
 10
107.0395863888889
 20
163.0205866666666
 30
0.0
 10
107.4699752777778
 20
163.6767533333333
 30
0.0
 10
107.5158363888889
 20
163.6485311111111
 30
0.0
 10
108.9516419444444
 20
162.8195033333333
 30
0.0
 10
109.4741058333333
 20
168.6463338888889
 30
0.0
 10
113.6312391666666
 20
166.2439172222222
 30
0.0
 10
113.6788641666667
 20
166.2160477777778
 30
0.0
 10
113.3260863888889
 20
165.5161366666667
 30
0.0
 10
112.8417225
 20
164.6786422222222
 30
0.0
 10
112.3577113888889
 20
163.8411477777778
 30
0.0
 10
111.9668336111111
 20
163.3648977777778
 30
0.0
 10
111.8796975
 20
163.2135561111111
 30
0.0
 10
111.4415475
 20
162.4561422222222
 30
0.0
 10
110.1281558333333
 20
160.1835477777778
 30
0.0
 10
110.1281558333333
 20
160.1835477777778
 30
0.0
 10
110.9938725
 20
159.6830737037037
 30
0.0
 10
111.8595891666667
 20
159.1825996296296
 30
0.0
 10
112.7253058333333
 20
158.6821255555556
 30
0.0
 10
112.7253058333333
 20
158.6821255555556
 30
0.0
 10
114.0390502777778
 20
160.95472
 30
0.0
 10
114.4768475
 20
161.7121338888889
 30
0.0
 10
114.5643363888889
 20
161.8634755555555
 30
0.0
 10
114.7820002777778
 20
162.4399144444444
 30
0.0
 10
115.2660113888889
 20
163.2774088888889
 30
0.0
 10
115.7500225
 20
164.1149033333333
 30
0.0
 10
116.1804113888889
 20
164.7700116666666
 30
0.0
 10
116.2283891666667
 20
164.742495
 30
0.0
  0
SPLINE
  5
C8
330
1F
100
AcDbEntity
  8
DEFAULT
 62
   250
100
AcDbSpline
210
0.0
220
0.0
230
1.0
 70
     8
 71
     3
 72
    23
 73
    19
 74
     0
 42
0.000000001
 43
0.0000000001
 40
0.0
 40
0.0
 40
0.0
 40
0.0
 40
3.155570471404487
 40
3.155570471404487
 40
3.155570471404487
 40
4.155570471404488
 40
4.155570471404488
 40
4.155570471404488
 40
5.155570471404488
 40
5.155570471404488
 40
5.155570471404488
 40
6.155570471404488
 40
6.155570471404488
 40
6.155570471404488
 40
7.155570471404488
 40
7.155570471404488
 40
7.155570471404488
 40
9.577845641569919
 40
9.577845641569919
 40
9.577845641569919
 40
9.577845641569919
 10
208.5032025
 20
122.15495
 30
0.0
 10
208.3762025
 20
122.5036120370371
 30
0.0
 10
208.2492025
 20
122.8522740740741
 30
0.0
 10
208.1222025
 20
123.2009361111111
 30
0.0
 10
208.0664636111111
 20
123.3540416666667
 30
0.0
 10
208.1274941666666
 20
123.5974583333333
 30
0.0
 10
208.4238275
 20
123.7054083333333
 30
0.0
 10
208.6097413888889
 20
123.7731416666667
 30
0.0
 10
208.8725608333333
 20
123.6256805555555
 30
0.0
 10
208.9699275
 20
123.4224805555556
 30
0.0
 10
208.8919636111111
 20
123.6457888888889
 30
0.0
 10
208.9205386111111
 20
123.8863833333333
 30
0.0
 10
209.2348636111111
 20
124.0010361111111
 30
0.0
 10
209.4151330555555
 20
124.0666527777778
 30
0.0
 10
209.6835969444444
 20
124.0303166666666
 30
0.0
 10
209.8561052777778
 20
123.5572416666667
 30
0.0
 10
209.953589537037
 20
123.2896009259259
 30
0.0
 10
210.0510737962963
 20
123.0219601851852
 30
0.0
 10
210.1485580555555
 20
122.7543194444444
 30
0.0
  0
POLYLINE
  5
C9
330
1F
100
AcDbEntity
  8
DEFAULT
 62
   250
100
AcDb2dPolyline
 66
     1
 10
0.0
 20
0.0
 30
0.0
  0
VERTEX
  5
CA
330
C9
100
AcDbEntity
  8
DEFAULT
 62
   250
100
AcDbVertex
100
AcDb2dVertex
 10
215.1827675
 20
129.8378855555555
 30
0.0
  0
VERTEX
  5
CB
330
C9
100
AcDbEntity
  8
DEFAULT
 62
   250
100
AcDbVertex
100
AcDb2dVertex
 10
215.1827675
 20
131.9665466666667
 30
0.0
  0
VERTEX
  5
CC
330
C9
100
AcDbEntity
  8
DEFAULT
 62
   250
100
AcDbVertex
100
AcDb2dVertex
 10
214.8165841666666
 20
131.9665466666667
 30
0.0
  0
SEQEND
  5
CD
330
C9
100
AcDbEntity
  8
DEFAULT
 62
   250
  0
SPLINE
  5
CE
330
1F
100
AcDbEntity
  8
DEFAULT
 62
   250
100
AcDbSpline
210
0.0
220
0.0
230
1.0
 70
     8
 71
     3
 72
    11
 73
     7
 74
     0
 42
0.000000001
 43
0.0000000001
 40
0.0
 40
0.0
 40
0.0
 40
0.0
 40
2.640354900387609
 40
2.640354900387609
 40
2.640354900387609
 40
3.640354900387609
 40
3.640354900387609
 40
3.640354900387609
 40
3.640354900387609
 10
209.2285841666667
 20
145.6570761111111
 30
0.0
 10
209.4749406481482
 20
145.4681048148148
 30
0.0
 10
209.7212971296296
 20
145.2791335185185
 30
0.0
 10
209.9676536111112
 20
145.0901622222222
 30
0.0
 10
209.9510730555555
 20
145.0298372222222
 30
0.0
 10
209.6737897222222
 20
144.2748927777778
 30
0.0
 10
209.6737897222222
 20
144.2748927777778
 30
0.0
  0
POLYLINE
  5
CF
330
1F
100
AcDbEntity
  8
DEFAULT
 62
   250
100
AcDb2dPolyline
 66
     1
 10
0.0
 20
0.0
 30
0.0
  0
VERTEX
  5
D0
330
CF
100
AcDbEntity
  8
DEFAULT
 62
   250
100
AcDbVertex
100
AcDb2dVertex
 10
209.6991191666666
 20
145.8282438888889
 30
0.0
  0
VERTEX
  5
D1
330
CF
100
AcDbEntity
  8
DEFAULT
 62
   250
100
AcDbVertex
100
AcDb2dVertex
 10
210.4268997222222
 20
143.8276411111111
 30
0.0
  0
SEQEND
  5
D2
330
CF
100
AcDbEntity
  8
DEFAULT
 62
   250
  0
POLYLINE
  5
D3
330
1F
100
AcDbEntity
  8
DEFAULT
 62
   250
100
AcDb2dPolyline
 66
     1
 10
0.0
 20
0.0
 30
0.0
  0
VERTEX
  5
D4
330
D3
100
AcDbEntity
  8
DEFAULT
 62
   250
100
AcDbVertex
100
AcDb2dVertex
 10
190.8946525
 20
156.3512875
 30
0.0
  0
VERTEX
  5
D5
330
D3
100
AcDbEntity
  8
DEFAULT
 62
   250
100
AcDbVertex
100
AcDb2dVertex
 10
191.0555191666666
 20
156.0729458333333
 30
0.0
  0
SEQEND
  5
D6
330
D3
100
AcDbEntity
  8
DEFAULT
 62
   250
  0
POLYLINE
  5
D7
330
1F
100
AcDbEntity
  8
DEFAULT
 62
   250
100
AcDb2dPolyline
 66
     1
 10
0.0
 20
0.0
 30
0.0
  0
VERTEX
  5
D8
330
D7
100
AcDbEntity
  8
DEFAULT
 62
   250
100
AcDbVertex
100
AcDb2dVertex
 10
189.9356613888889
 20
158.0102955555556
 30
0.0
  0
VERTEX
  5
D9
330
D7
100
AcDbEntity
  8
DEFAULT
 62
   250
100
AcDbVertex
100
AcDb2dVertex
 10
190.6620308333333
 20
156.7537011111111
 30
0.0
  0
SEQEND
  5
DA
330
D7
100
AcDbEntity
  8
DEFAULT
 62
   250
  0
POLYLINE
  5
DB
330
1F
100
AcDbEntity
  8
DEFAULT
 62
   250
100
AcDb2dPolyline
 66
     1
 10
0.0
 20
0.0
 30
0.0
  0
VERTEX
  5
DC
330
DB
100
AcDbEntity
  8
DEFAULT
 62
   250
100
AcDbVertex
100
AcDb2dVertex
 10
199.5685408333333
 20
154.6915386111111
 30
0.0
  0
VERTEX
  5
DD
330
DB
100
AcDbEntity
  8
DEFAULT
 62
   250
100
AcDbVertex
100
AcDb2dVertex
 10
199.7294075
 20
154.4128441666666
 30
0.0
  0
SEQEND
  5
DE
330
DB
100
AcDbEntity
  8
DEFAULT
 62
   250
  0
SPLINE
  5
DF
330
1F
100
AcDbEntity
  8
DEFAULT
 62
   250
100
AcDbSpline
210
0.0
220
0.0
230
1.0
 70
     8
 71
     3
 72
    14
 73
    10
 74
     0
 42
0.000000001
 43
0.0000000001
 40
0.0
 40
0.0
 40
0.0
 40
0.0
 40
3.579678756536683
 40
3.579678756536683
 40
3.579678756536683
 40
4.579678756536683
 40
4.579678756536683
 40
4.579678756536683
 40
5.579678756536683
 40
5.579678756536683
 40
5.579678756536683
 40
5.579678756536683
 10
199.3344022222222
 20
155.0970213888889
 30
0.0
 10
199.1239114814815
 20
155.4615584259259
 30
0.0
 10
198.9134207407407
 20
155.826095462963
 30
0.0
 10
198.70293
 20
156.1906325
 30
0.0
 10
198.5762827777778
 20
156.4100602777778
 30
0.0
 10
198.5328911111111
 20
156.5748075
 30
0.0
 10
198.585455
 20
156.7420241666667
 30
0.0
 10
198.6344911111111
 20
156.8912491666667
 30
0.0
 10
198.7766605555555
 20
157.0231880555556
 30
0.0
 10
198.9237688888889
 20
157.0556436111111
 30
0.0
  0
SPLINE
  5
E0
330
1F
100
AcDbEntity
  8
DEFAULT
 62
   250
100
AcDbSpline
210
0.0
220
0.0
230
1.0
 70
     8
 71
     3
 72
    14
 73
    10
 74
     0
 42
0.000000001
 43
0.0000000001
 40
0.0
 40
0.0
 40
0.0
 40
0.0
 40
5.729000000000042
 40
5.729000000000042
 40
5.729000000000042
 40
6.729000000000042
 40
6.729000000000042
 40
6.729000000000042
 40
12.45840354661818
 40
12.45840354661818
 40
12.45840354661818
 40
12.45840354661818
 10
180.72608
 20
157.72638
 30
0.0
 10
181.399767962963
 20
157.72638
 30
0.0
 10
182.0734559259259
 20
157.72638
 30
0.0
 10
182.7471438888889
 20
157.72638
 30
0.0
 10
182.7471438888889
 20
157.72638
 30
0.0
 10
180.9328077777778
 20
156.415105
 30
0.0
 10
180.72608
 20
156.3191494444444
 30
0.0
 10
181.399767962963
 20
156.3271457407407
 30
0.0
 10
182.0734559259259
 20
156.3351420370371
 30
0.0
 10
182.7471438888889
 20
156.3431383333333
 30
0.0
  0
SPLINE
  5
E1
330
1F
100
AcDbEntity
  8
DEFAULT
 62
   250
100
AcDbSpline
210
0.0
220
0.0
230
1.0
 70
     8
 71
     3
 72
    17
 73
    13
 74
     0
 42
0.000000001
 43
0.0000000001
 40
0.0
 40
0.0
 40
0.0
 40
0.0
 40
5.777674272577235
 40
5.777674272577235
 40
5.777674272577235
 40
6.777674272577235
 40
6.777674272577235
 40
6.777674272577235
 40
11.99020878085629
 40
11.99020878085629
 40
11.99020878085629
 40
17.76021822625584
 40
17.76021822625584
 40
17.76021822625584
 40
17.76021822625584
 10
191.9924263888888
 20
118.9864058333333
 30
0.0
 10
192.0813263888889
 20
119.6599762037037
 30
0.0
 10
192.1702263888889
 20
120.3335465740741
 30
0.0
 10
192.2591263888889
 20
121.0071169444444
 30
0.0
 10
192.2591263888889
 20
121.0071169444444
 30
0.0
 10
192.9636236111111
 20
119.5589641666666
 30
0.0
 10
193.0147763888889
 20
119.3490613888889
 30
0.0
 10
193.2798300925926
 20
119.9017465740741
 30
0.0
 10
193.5448837962963
 20
120.4544317592593
 30
0.0
 10
193.8099375
 20
121.0071169444444
 30
0.0
 10
193.8916643518518
 20
120.333546574074
 30
0.0
 10
193.9733912037037
 20
119.6599762037037
 30
0.0
 10
194.0551180555555
 20
118.9864058333333
 30
0.0
  0
POLYLINE
  5
E2
330
1F
100
AcDbEntity
  8
DEFAULT
 62
   250
100
AcDb2dPolyline
 66
     1
 10
0.0
 20
0.0
 30
0.0
  0
VERTEX
  5
E3
330
E2
100
AcDbEntity
  8
DEFAULT
 62
   250
100
AcDbVertex
100
AcDb2dVertex
 10
205.0390305555555
 20
115.0700080555555
 30
0.0
  0
VERTEX
  5
E4
330
E2
100
AcDbEntity
  8
DEFAULT
 62
   250
100
AcDbVertex
100
AcDb2dVertex
 10
205.0390305555555
 20
113.0492969444444
 30
0.0
  0
SEQEND
  5
E5
330
E2
100
AcDbEntity
  8
DEFAULT
 62
   250
  0
POLYLINE
  5
E6
330
1F
100
AcDbEntity
  8
DEFAULT
 62
   250
100
AcDb2dPolyline
 66
     1
 10
0.0
 20
0.0
 30
0.0
  0
VERTEX
  5
E7
330
E6
100
AcDbEntity
  8
DEFAULT
 62
   250
100
AcDbVertex
100
AcDb2dVertex
 10
205.0390305555555
 20
113.9965052777778
 30
0.0
  0
VERTEX
  5
E8
330
E6
100
AcDbEntity
  8
DEFAULT
 62
   250
100
AcDbVertex
100
AcDb2dVertex
 10
203.5369027777777
 20
113.9965052777778
 30
0.0
  0
SEQEND
  5
E9
330
E6
100
AcDbEntity
  8
DEFAULT
 62
   250
  0
POLYLINE
  5
EA
330
1F
100
AcDbEntity
  8
DEFAULT
 62
   250
100
AcDb2dPolyline
 66
     1
 10
0.0
 20
0.0
 30
0.0
  0
VERTEX
  5
EB
330
EA
100
AcDbEntity
  8
DEFAULT
 62
   250
100
AcDbVertex
100
AcDb2dVertex
 10
203.5370086111111
 20
113.0491205555555
 30
0.0
  0
VERTEX
  5
EC
330
EA
100
AcDbEntity
  8
DEFAULT
 62
   250
100
AcDbVertex
100
AcDb2dVertex
 10
203.5370086111111
 20
115.0698316666667
 30
0.0
  0
SEQEND
  5
ED
330
EA
100
AcDbEntity
  8
DEFAULT
 62
   250
  0
SPLINE
  5
EE
330
1F
100
AcDbEntity
  8
DEFAULT
 62
     1
100
AcDbSpline
210
0.0
220
0.0
230
1.0
 70
    11
 71
     3
 72
   227
 73
   223
 74
     0
 42
0.000000001
 43
0.0000000001
 40
1.0
 40
1.0
 40
1.0
 40
1.0
 40
2.0
 40
2.0
 40
2.0
 40
3.0
 40
3.0
 40
3.0
 40
4.0
 40
4.0
 40
4.0
 40
5.0
 40
5.0
 40
5.0
 40
14.91899999999998
 40
14.91899999999998
 40
14.91899999999998
 40
23.41899999999998
 40
23.41899999999998
 40
23.41899999999998
 40
33.33799999999997
 40
33.33799999999997
 40
33.33799999999997
 40
34.33799999999997
 40
34.33799999999997
 40
34.33799999999997
 40
35.33799999999997
 40
35.33799999999997
 40
35.33799999999997
 40
36.33799999999997
 40
36.33799999999997
 40
36.33799999999997
 40
37.33799999999997
 40
37.33799999999997
 40
37.33799999999997
 40
38.33799999999997
 40
38.33799999999997
 40
38.33799999999997
 40
61.48799999999994
 40
61.48799999999994
 40
61.48799999999994
 40
62.48799999999994
 40
62.48799999999994
 40
62.48799999999994
 40
63.48799999999994
 40
63.48799999999994
 40
63.48799999999994
 40
64.48799999999994
 40
64.48799999999994
 40
64.48799999999994
 40
74.40799999999996
 40
74.40799999999996
 40
74.40799999999996
 40
82.90799999999996
 40
82.90799999999996
 40
82.90799999999996
 40
92.82799999999997
 40
92.82799999999997
 40
92.82799999999997
 40
93.82799999999997
 40
93.82799999999997
 40
93.82799999999997
 40
94.82799999999997
 40
94.82799999999997
 40
94.82799999999997
 40
95.82799999999997
 40
95.82799999999997
 40
95.82799999999997
 40
96.82799999999997
 40
96.82799999999997
 40
96.82799999999997
 40
97.82799999999997
 40
97.82799999999997
 40
97.82799999999997
 40
98.82799999999997
 40
98.82799999999997
 40
98.82799999999997
 40
107.328
 40
107.328
 40
107.328
 40
108.328
 40
108.328
 40
108.328
 40
109.328
 40
109.328
 40
109.328
 40
110.328
 40
110.328
 40
110.328
 40
111.328
 40
111.328
 40
111.328
 40
112.328
 40
112.328
 40
112.328
 40
113.328
 40
113.328
 40
113.328
 40
114.328
 40
114.328
 40
114.328
 40
122.831422840245
 40
122.831422840245
 40
122.831422840245
 40
123.831422840245
 40
123.831422840245
 40
123.831422840245
 40
124.831422840245
 40
124.831422840245
 40
124.831422840245
 40
125.831422840245
 40
125.831422840245
 40
125.831422840245
 40
126.831422840245
 40
126.831422840245
 40
126.831422840245
 40
127.831422840245
 40
127.831422840245
 40
127.831422840245
 40
151.1514228402449
 40
151.1514228402449
 40
151.1514228402449
 40
152.1514228402449
 40
152.1514228402449
 40
152.1514228402449
 40
153.1514228402449
 40
153.1514228402449
 40
153.1514228402449
 40
154.1514228402449
 40
154.1514228402449
 40
154.1514228402449
 40
164.071422840245
 40
164.071422840245
 40
164.071422840245
 40
172.571422840245
 40
172.571422840245
 40
172.571422840245
 40
182.491422840245
 40
182.491422840245
 40
182.491422840245
 40
183.491422840245
 40
183.491422840245
 40
183.491422840245
 40
184.491422840245
 40
184.491422840245
 40
184.491422840245
 40
185.491422840245
 40
185.491422840245
 40
185.491422840245
 40
186.491422840245
 40
186.491422840245
 40
186.491422840245
 40
187.491422840245
 40
187.491422840245
 40
187.491422840245
 40
188.491422840245
 40
188.491422840245
 40
188.491422840245
 40
189.491422840245
 40
189.491422840245
 40
189.491422840245
 40
198.004242584607
 40
198.004242584607
 40
198.004242584607
 40
199.004242584607
 40
199.004242584607
 40
199.004242584607
 40
200.004242584607
 40
200.004242584607
 40
200.004242584607
 40
201.004242584607
 40
201.004242584607
 40
201.004242584607
 40
202.004242584607
 40
202.004242584607
 40
202.004242584607
 40
203.004242584607
 40
203.004242584607
 40
203.004242584607
 40
204.004242584607
 40
204.004242584607
 40
204.004242584607
 40
205.004242584607
 40
205.004242584607
 40
205.004242584607
 40
206.004242584607
 40
206.004242584607
 40
206.004242584607
 40
214.50405558255
 40
214.50405558255
 40
214.50405558255
 40
215.50405558255
 40
215.50405558255
 40
215.50405558255
 40
216.50405558255
 40
216.50405558255
 40
216.50405558255
 40
217.50405558255
 40
217.50405558255
 40
217.50405558255
 40
218.50405558255
 40
218.50405558255
 40
218.50405558255
 40
219.50405558255
 40
219.50405558255
 40
219.50405558255
 40
220.50405558255
 40
220.50405558255
 40
220.50405558255
 40
221.50405558255
 40
221.50405558255
 40
221.50405558255
 40
230.0077359622445
 40
230.0077359622445
 40
230.0077359622445
 40
231.0077359622445
 40
231.0077359622445
 40
231.0077359622445
 40
232.0077359622445
 40
232.0077359622445
 40
232.0077359622445
 40
233.0077359622445
 40
233.0077359622445
 40
233.0077359622445
 40
233.0077359622445
 10
184.3117838888889
 20
164.742495
 30
0.0
 10
182.2363922222222
 20
163.5430505555555
 30
0.0
 10
177.3384255555555
 20
161.5248088888889
 30
0.0
 10
174.6940033333333
 20
161.5248088888889
 30
0.0
 10
172.9216477777778
 20
161.5248088888889
 30
0.0
 10
171.6953922222222
 20
160.1842533333333
 30
0.0
 10
171.6953922222222
 20
158.52267
 30
0.0
 10
171.6953922222222
 20
158.4697533333333
 30
0.0
 10
172.4750311111111
 20
158.4238922222222
 30
0.0
 10
173.44517
 20
158.4238922222222
 30
0.0
 10
174.4121338888889
 20
158.4238922222222
 30
0.0
 10
175.0189116666667
 20
158.52267
 30
0.0
 10
175.1953005555555
 20
158.52267
 30
0.0
 10
176.3617014814814
 20
158.52267
 30
0.0
 10
177.5281024074074
 20
158.52267
 30
0.0
 10
178.6945033333333
 20
158.52267
 30
0.0
 10
178.6945033333333
 20
157.5231329629629
 30
0.0
 10
178.6945033333333
 20
156.5235959259259
 30
0.0
 10
178.6945033333333
 20
155.5240588888889
 30
0.0
 10
177.5281024074074
 20
155.5240588888889
 30
0.0
 10
176.3617014814814
 20
155.5240588888889
 30
0.0
 10
175.1953005555555
 20
155.5240588888889
 30
0.0
 10
175.0189116666667
 20
155.5240588888889
 30
0.0
 10
174.4121338888889
 20
155.6228366666666
 30
0.0
 10
173.44517
 20
155.6228366666666
 30
0.0
 10
172.4750311111111
 20
155.6228366666666
 30
0.0
 10
171.6922172222222
 20
155.5805033333333
 30
0.0
 10
171.6922172222222
 20
155.5240588888889
 30
0.0
 10
171.6922172222222
 20
153.8660033333333
 30
0.0
 10
173.0359477777778
 20
152.5254477777778
 30
0.0
 10
174.6940033333333
 20
152.5254477777778
 30
0.0
 10
191.6947172222222
 20
152.5254477777778
 30
0.0
 10
204.2320866666666
 20
141.2683088888889
 30
0.0
 10
204.2320866666666
 20
133.2426144444444
 30
0.0
 10
204.2320866666666
 20
123.8657811111111
 30
0.0
 10
188.523245
 20
129.6725033333333
 30
0.0
 10
188.523245
 20
121.12117
 30
0.0
 10
188.523245
 20
118.3989014814815
 30
0.0
 10
188.523245
 20
115.676632962963
 30
0.0
 10
188.523245
 20
112.9543644444444
 30
0.0
 10
188.523245
 20
111.2963088888889
 30
0.0
 10
189.8673283333333
 20
109.9557533333333
 30
0.0
 10
191.5250311111111
 20
109.9557533333333
 30
0.0
 10
191.5779477777778
 20
109.9557533333333
 30
0.0
 10
191.6241616666667
 20
110.73892
 30
0.0
 10
191.6241616666667
 20
111.7055311111111
 30
0.0
 10
191.6241616666667
 20
112.6721422222222
 30
0.0
 10
191.5250311111111
 20
113.2824477777778
 30
0.0
 10
191.5250311111111
 20
113.4553088888889
 30
0.0
 10
191.5250311111111
 20
114.6218274074074
 30
0.0
 10
191.5250311111111
 20
115.7883459259259
 30
0.0
 10
191.5250311111111
 20
116.9548644444444
 30
0.0
 10
192.5245681481482
 20
116.9548644444445
 30
0.0
 10
193.5241051851852
 20
116.9548644444445
 30
0.0
 10
194.5236422222222
 20
116.9548644444444
 30
0.0
 10
194.5236422222223
 20
115.7883459259259
 30
0.0
 10
194.5236422222223
 20
114.6218274074074
 30
0.0
 10
194.5236422222222
 20
113.4553088888889
 30
0.0
 10
194.5236422222222
 20
113.2824477777778
 30
0.0
 10
194.4252172222222
 20
112.6721422222222
 30
0.0
 10
194.4252172222222
 20
111.7055311111111
 30
0.0
 10
194.4252172222222
 20
110.73892
 30
0.0
 10
194.4671977777778
 20
109.9557533333333
 30
0.0
 10
194.5236422222222
 20
109.9557533333333
 30
0.0
 10
201.8300227777778
 20
109.9557533333333
 30
0.0
 10
197.5645866666667
 20
104.0149755555555
 30
0.0
 10
202.7892255555555
 20
104.0149755555555
 30
0.0
 10
202.84567
 20
104.0149755555555
 30
0.0
 10
202.8918838888889
 20
104.7981422222222
 30
0.0
 10
202.8883561111111
 20
105.7647533333333
 30
0.0
 10
202.8883561111111
 20
106.7348922222222
 30
0.0
 10
202.7931061111111
 20
107.34167
 30
0.0
 10
202.7931061111111
 20
107.5180588888889
 30
0.0
 10
202.7931061111111
 20
108.3929477777778
 30
0.0
 10
202.7892255555555
 20
111.0176144444444
 30
0.0
 10
202.7892255555555
 20
111.0176144444444
 30
0.0
 10
203.7887625925925
 20
111.0176144444444
 30
0.0
 10
204.7882996296296
 20
111.0176144444444
 30
0.0
 10
205.7878366666666
 20
111.0176144444444
 30
0.0
 10
205.7878366666666
 20
111.0176144444444
 30
0.0
 10
205.7917172222222
 20
108.3929477777778
 30
0.0
 10
205.7917172222222
 20
107.5180588888889
 30
0.0
 10
205.7917172222222
 20
107.34167
 30
0.0
 10
205.6890588888889
 20
106.7313644444445
 30
0.0
 10
205.6890588888889
 20
105.7647533333333
 30
0.0
 10
205.6890588888889
 20
104.7981422222222
 30
0.0
 10
205.7313922222222
 20
104.0149755555555
 30
0.0
 10
205.7878366666666
 20
104.0149755555555
 30
0.0
 10
209.7565866666666
 20
104.0149755555555
 30
0.0
 10
210.3104477777778
 20
113.2718644444444
 30
0.0
 10
210.9842533333333
 20
113.5188088888889
 30
0.0
 10
211.033995
 20
113.5364477777778
 30
0.0
 10
210.8078644444444
 20
114.2878644444444
 30
0.0
 10
210.4801338888889
 20
115.1945033333333
 30
0.0
 10
210.14817
 20
116.10467
 30
0.0
 10
209.8447811111111
 20
116.6408922222222
 30
0.0
 10
209.7851616666667
 20
116.8066977777778
 30
0.0
 10
209.4849477777778
 20
117.62867
 30
0.0
 10
208.5888922222222
 20
120.0945866666667
 30
0.0
 10
208.5888922222222
 20
120.0945866666667
 30
0.0
 10
209.528457037037
 20
120.4367811111111
 30
0.0
 10
210.4680218518518
 20
120.7789755555555
 30
0.0
 10
211.4075866666667
 20
121.12117
 30
0.0
 10
211.4075866666667
 20
121.12117
 30
0.0
 10
212.30717
 20
118.6552533333333
 30
0.0
 10
212.6035033333333
 20
117.8332811111111
 30
0.0
 10
212.6634755555556
 20
117.6674755555556
 30
0.0
 10
212.7798922222222
 20
117.0642255555555
 30
0.0
 10
213.1079755555555
 20
116.1540588888889
 30
0.0
 10
213.4395866666667
 20
115.2438922222222
 30
0.0
 10
213.7500311111111
 20
114.5242255555555
 30
0.0
 10
213.8029477777778
 20
114.5418644444444
 30
0.0
 10
216.2653366666667
 20
115.43792
 30
0.0
 10
216.0222727777778
 20
117.0501144444444
 30
0.0
 10
215.2105311111111
 20
120.3626977777778
 30
0.0
 10
214.3321144444444
 20
123.9539755555556
 30
0.0
 10
219.5006616666667
 20
123.0296977777778
 30
0.0
 10
219.5006616666667
 20
129.3832255555556
 30
0.0
 10
219.5006616666667
 20
132.1254848148148
 30
0.0
 10
219.5006616666667
 20
134.8677440740741
 30
0.0
 10
219.5006616666667
 20
137.6100033333333
 30
0.0
 10
219.5006616666667
 20
139.2680588888889
 30
0.0
 10
218.1565783333333
 20
140.6086144444444
 30
0.0
 10
216.49817
 20
140.6086144444444
 30
0.0
 10
216.4417255555556
 20
140.6086144444444
 30
0.0
 10
216.399745
 20
139.8254477777778
 30
0.0
 10
216.399745
 20
138.8588366666667
 30
0.0
 10
216.399745
 20
137.8922255555555
 30
0.0
 10
216.49817
 20
137.28192
 30
0.0
 10
216.49817
 20
137.1090588888889
 30
0.0
 10
216.49817
 20
135.9425403703704
 30
0.0
 10
216.49817
 20
134.7760218518518
 30
0.0
 10
216.49817
 20
133.6095033333333
 30
0.0
 10
215.4986329629629
 20
133.6095033333333
 30
0.0
 10
214.4990959259259
 20
133.6095033333333
 30
0.0
 10
213.4995588888889
 20
133.6095033333333
 30
0.0
 10
213.4995588888889
 20
134.7760218518519
 30
0.0
 10
213.4995588888889
 20
135.9425403703704
 30
0.0
 10
213.4995588888889
 20
137.1090588888889
 30
0.0
 10
213.4995588888889
 20
137.28192
 30
0.0
 10
213.5983366666667
 20
137.8922255555555
 30
0.0
 10
213.5983366666667
 20
138.8588366666667
 30
0.0
 10
213.5983366666667
 20
139.8254477777778
 30
0.0
 10
213.5528283333333
 20
140.6086144444444
 30
0.0
 10
213.4995588888889
 20
140.6086144444444
 30
0.0
 10
213.129495
 20
140.6086144444444
 30
0.0
 10
214.1807727777778
 20
145.8650033333333
 30
0.0
 10
211.7395505555556
 20
152.5783644444444
 30
0.0
 10
211.1715783333333
 20
154.1341144444444
 30
0.0
 10
209.4531977777777
 20
154.9384477777778
 30
0.0
 10
207.89392
 20
154.3704755555555
 30
0.0
 10
207.8410033333333
 20
154.3528366666667
 30
0.0
 10
208.0667811111111
 20
153.60142
 30
0.0
 10
208.3983922222222
 20
152.6912533333333
 30
0.0
 10
208.7300033333333
 20
151.7810866666667
 30
0.0
 10
209.0298644444445
 20
151.2448644444444
 30
0.0
 10
209.0898366666667
 20
151.0825866666667
 30
0.0
 10
209.3896977777778
 20
150.2606144444444
 30
0.0
 10
210.2896338888889
 20
147.79117
 30
0.0
 10
210.2896338888889
 20
147.79117
 30
0.0
 10
209.3488931481481
 20
147.4489755555555
 30
0.0
 10
208.4081524074074
 20
147.1067811111111
 30
0.0
 10
207.4674116666667
 20
146.7645866666666
 30
0.0
 10
207.4674116666667
 20
146.7645866666666
 30
0.0
 10
206.5710033333333
 20
149.2340311111111
 30
0.0
 10
206.271495
 20
150.0560033333333
 30
0.0
 10
206.21117
 20
150.2182811111111
 30
0.0
 10
206.0982811111111
 20
150.8250588888889
 30
0.0
 10
205.76667
 20
151.7352255555556
 30
0.0
 10
205.4350588888889
 20
152.6418644444445
 30
0.0
 10
205.1281422222222
 20
153.3615311111111
 30
0.0
 10
205.0752255555555
 20
153.3438922222222
 30
0.0
 10
204.0063088888889
 20
152.9558366666666
 30
0.0
 10
203.2196144444444
 20
157.9899755555555
 30
0.0
 10
199.7204116666667
 20
164.0506977777778
 30
0.0
 10
198.8910311111111
 20
165.4865033333333
 30
0.0
 10
197.0565866666666
 20
165.9803922222222
 30
0.0
 10
195.6207811111111
 20
165.1513644444444
 30
0.0
 10
195.5752727777778
 20
165.1231422222222
 30
0.0
 10
195.9245227777778
 20
164.4211144444444
 30
0.0
 10
196.4110033333334
 20
163.5850311111111
 30
0.0
 10
196.8946616666667
 20
162.74542
 30
0.0
 10
197.2823644444445
 20
162.26917
 30
0.0
 10
197.3705588888889
 20
162.1174755555556
 30
0.0
 10
197.8080033333333
 20
161.3625311111111
 30
0.0
 10
199.1206894444444
 20
159.0871144444444
 30
0.0
 10
199.1206894444444
 20
159.0871144444444
 30
0.0
 10
198.2550903703703
 20
158.5873459259259
 30
0.0
 10
197.3894912962963
 20
158.0875774074074
 30
0.0
 10
196.5238922222222
 20
157.5878088888889
 30
0.0
 10
196.5238922222222
 20
157.5878088888889
 30
0.0
 10
195.2119116666667
 20
159.8596977777778
 30
0.0
 10
194.7744672222222
 20
160.61817
 30
0.0
 10
194.6862727777778
 20
160.7698644444444
 30
0.0
 10
194.4671977777778
 20
161.3448922222222
 30
0.0
 10
193.984245
 20
162.1845033333333
 30
0.0
 10
193.5005866666667
 20
163.0205866666666
 30
0.0
 10
193.0701977777778
 20
163.6767533333333
 30
0.0
 10
193.0243366666667
 20
163.6485311111111
 30
0.0
 10
191.5885311111111
 20
162.8195033333333
 30
0.0
 10
191.0660672222222
 20
168.6463338888889
 30
0.0
 10
186.9092866666667
 20
166.2439172222222
 30
0.0
 10
186.8613088888889
 20
166.2160477777778
 30
0.0
 10
187.2140866666666
 20
165.5161366666667
 30
0.0
 10
187.6984505555556
 20
164.6786422222222
 30
0.0
 10
188.1824616666667
 20
163.8411477777778
 30
0.0
 10
188.5733394444445
 20
163.3648977777778
 30
0.0
 10
188.6604755555556
 20
163.2135561111111
 30
0.0
 10
189.0986255555555
 20
162.4561422222222
 30
0.0
 10
190.4120172222222
 20
160.1835477777778
 30
0.0
 10
190.4120172222222
 20
160.1835477777778
 30
0.0
 10
189.5463005555556
 20
159.6830737037037
 30
0.0
 10
188.6805838888889
 20
159.1825996296296
 30
0.0
 10
187.8148672222222
 20
158.6821255555556
 30
0.0
 10
187.8148672222222
 20
158.6821255555556
 30
0.0
 10
186.5011227777778
 20
160.95472
 30
0.0
 10
186.0633255555556
 20
161.7121338888889
 30
0.0
 10
185.9758366666667
 20
161.8634755555555
 30
0.0
 10
185.7581727777778
 20
162.4399144444444
 30
0.0
 10
185.2741616666667
 20
163.2774088888889
 30
0.0
 10
184.7901505555556
 20
164.1149033333333
 30
0.0
 10
184.3597616666667
 20
164.7700116666666
 30
0.0
 10
184.3117838888889
 20
164.742495
 30
0.0
  0
SPLINE
  5
EF
330
1F
100
AcDbEntity
  8
DEFAULT
 62
   250
100
AcDbSpline
210
0.0
220
0.0
230
1.0
 70
     8
 71
     3
 72
    17
 73
    13
 74
     0
 42
0.000000001
 43
0.0000000001
 40
0.0
 40
0.0
 40
0.0
 40
0.0
 40
2.362178020387079
 40
2.362178020387079
 40
2.362178020387079
 40
3.362178020387079
 40
3.362178020387079
 40
3.362178020387079
 40
4.362178020387079
 40
4.362178020387079
 40
4.362178020387079
 40
5.362178020387079
 40
5.362178020387079
 40
5.362178020387079
 40
5.362178020387079
 10
123.9693213888889
 20
112.7427683333333
 30
0.0
 10
124.2210871296297
 20
112.8601257407407
 30
0.0
 10
124.4728528703704
 20
112.9774831481482
 30
0.0
 10
124.7246186111111
 20
113.0948405555556
 30
0.0
 10
124.9366380555556
 20
113.1939711111111
 30
0.0
 10
125.0735158333333
 20
113.3682433333333
 30
0.0
 10
124.9521602777778
 20
113.6285933333333
 30
0.0
 10
124.8689047222222
 20
113.8070988888889
 30
0.0
 10
124.6946325
 20
113.8977627777778
 30
0.0
 10
124.5408213888889
 20
113.8871794444444
 30
0.0
 10
124.5009575
 20
113.8875322222222
 30
0.0
 10
124.4639158333333
 20
113.8744794444444
 30
0.0
 10
124.4177019444444
 20
113.85296
 30
0.0
  0
POLYLINE
  5
F0
330
1F
100
AcDbEntity
  8
DEFAULT
 62
   250
100
AcDb2dPolyline
 66
     1
 10
0.0
 20
0.0
 30
0.0
  0
VERTEX
  5
F1
330
F0
100
AcDbEntity
  8
DEFAULT
 62
   250
100
AcDbVertex
100
AcDb2dVertex
 10
123.6242694444445
 20
113.4827902777778
 30
0.0
  0
VERTEX
  5
F2
330
F0
100
AcDbEntity
  8
DEFAULT
 62
   250
100
AcDbVertex
100
AcDb2dVertex
 10
125.5536111111111
 20
114.3823736111111
 30
0.0
  0
SEQEND
  5
F3
330
F0
100
AcDbEntity
  8
DEFAULT
 62
   250
  0
SPLINE
  5
F4
330
1F
100
AcDbEntity
  8
DEFAULT
 62
   250
100
AcDbSpline
210
0.0
220
0.0
230
1.0
 70
     8
 71
     3
 72
    17
 73
    13
 74
     0
 42
0.000000001
 43
0.0000000001
 40
0.0
 40
0.0
 40
0.0
 40
0.0
 40
2.363084425068288
 40
2.363084425068288
 40
2.363084425068288
 40
3.363084425068288
 40
3.363084425068288
 40
3.363084425068288
 40
4.363084425068288
 40
4.363084425068288
 40
4.363084425068288
 40
5.363084425068288
 40
5.363084425068288
 40
5.363084425068288
 40
5.363084425068288
 10
176.9229591666667
 20
113.4793683333334
 30
0.0
 10
176.6710758333334
 20
113.5967257407408
 30
0.0
 10
176.4191925000001
 20
113.7140831481482
 30
0.0
 10
176.1673091666667
 20
113.8314405555556
 30
0.0
 10
175.9556425
 20
113.9305711111111
 30
0.0
 10
175.7337452777778
 20
113.9231627777778
 30
0.0
 10
175.6123897222222
 20
113.6628127777778
 30
0.0
 10
175.5291341666666
 20
113.4843072222222
 30
0.0
 10
175.5721730555555
 20
113.2923961111111
 30
0.0
 10
175.6790647222222
 20
113.1812711111111
 30
0.0
 10
175.7044647222222
 20
113.1505794444444
 30
0.0
 10
175.7383313888889
 20
113.1308238888889
 30
0.0
 10
175.7841925
 20
113.1093044444444
 30
0.0
  0
POLYLINE
  5
F5
330
1F
100
AcDbEntity
  8
DEFAULT
 62
   250
100
AcDb2dPolyline
 66
     1
 10
0.0
 20
0.0
 30
0.0
  0
VERTEX
  5
F6
330
F5
100
AcDbEntity
  8
DEFAULT
 62
   250
100
AcDbVertex
100
AcDb2dVertex
 10
176.5779425
 20
112.7393111111111
 30
0.0
  0
VERTEX
  5
F7
330
F5
100
AcDbEntity
  8
DEFAULT
 62
   250
100
AcDbVertex
100
AcDb2dVertex
 10
174.6486008333334
 20
113.6388944444444
 30
0.0
  0
SEQEND
  5
F8
330
F5
100
AcDbEntity
  8
DEFAULT
 62
   250
  0
SPLINE
  5
F9
330
1F
100
AcDbEntity
  8
DEFAULT
 62
   250
100
AcDbSpline
210
0.0
220
0.0
230
1.0
 70
     8
 71
     3
 72
    23
 73
    19
 74
     0
 42
0.000000001
 43
0.0000000001
 40
0.0
 40
0.0
 40
0.0
 40
0.0
 40
1.0
 40
1.0
 40
1.0
 40
2.0
 40
2.0
 40
2.0
 40
3.0
 40
3.0
 40
3.0
 40
4.0
 40
4.0
 40
4.0
 40
5.0
 40
5.0
 40
5.0
 40
6.0
 40
6.0
 40
6.0
 40
6.0
 10
171.0409541666667
 20
124.7758419444444
 30
0.0
 10
170.9160708333333
 20
124.7758419444444
 30
0.0
 10
170.7915402777778
 20
125.0294891666667
 30
0.0
 10
170.7915402777778
 20
125.2125808333333
 30
0.0
 10
170.7915402777778
 20
125.5946391666667
 30
0.0
 10
170.9919180555555
 20
125.6845975
 30
0.0
 10
171.2826069444444
 20
125.6845975
 30
0.0
 10
171.2826069444444
 20
125.6845975
 30
0.0
 10
171.8759791666667
 20
125.6701336111111
 30
0.0
 10
171.9747569444444
 20
125.6881252777778
 30
0.0
 10
172.1218652777778
 20
125.6881252777778
 30
0.0
 10
172.2061791666667
 20
125.3141808333333
 30
0.0
 10
172.2061791666667
 20
125.1466113888889
 30
0.0
 10
172.2061791666667
 20
124.9081336111111
 30
0.0
 10
172.0382569444444
 20
124.7860725
 30
0.0
 10
171.8678652777778
 20
124.7860725
 30
0.0
 10
171.5831736111111
 20
124.7860725
 30
0.0
 10
171.3281152777778
 20
124.8873197222222
 30
0.0
 10
171.4297152777778
 20
125.6845975
 30
0.0
  0
SPLINE
  5
FA
330
1F
100
AcDbEntity
  8
DEFAULT
 62
   250
100
AcDbSpline
210
0.0
220
0.0
230
1.0
 70
     8
 71
     3
 72
    23
 73
    19
 74
     0
 42
0.000000001
 43
0.0000000001
 40
0.0
 40
0.0
 40
0.0
 40
0.0
 40
1.0
 40
1.0
 40
1.0
 40
2.0
 40
2.0
 40
2.0
 40
3.0
 40
3.0
 40
3.0
 40
4.0
 40
4.0
 40
4.0
 40
5.0
 40
5.0
 40
5.0
 40
6.0
 40
6.0
 40
6.0
 40
6.0
 10
129.506345
 20
125.68809
 30
0.0
 10
129.6312283333333
 20
125.68809
 30
0.0
 10
129.7557588888889
 20
125.4344427777778
 30
0.0
 10
129.7557588888889
 20
125.2513511111111
 30
0.0
 10
129.7557588888889
 20
124.8692927777778
 30
0.0
 10
129.5553811111111
 20
124.7793344444444
 30
0.0
 10
129.2646922222222
 20
124.7793344444444
 30
0.0
 10
129.2646922222222
 20
124.7793344444444
 30
0.0
 10
128.67132
 20
124.7937983333333
 30
0.0
 10
128.5725422222222
 20
124.7758066666667
 30
0.0
 10
128.4254338888889
 20
124.7758066666667
 30
0.0
 10
128.34112
 20
125.1497511111111
 30
0.0
 10
128.34112
 20
125.3176733333333
 30
0.0
 10
128.34112
 20
125.5557983333333
 30
0.0
 10
128.5090422222222
 20
125.6778594444444
 30
0.0
 10
128.6794338888889
 20
125.6778594444444
 30
0.0
 10
128.9641255555555
 20
125.6778594444444
 30
0.0
 10
129.2191838888889
 20
125.5766122222222
 30
0.0
 10
129.1175838888889
 20
124.7793344444444
 30
0.0
  0
POLYLINE
  5
FB
330
1F
100
AcDbEntity
  8
DEFAULT
 62
   250
100
AcDb2dPolyline
 66
     1
 10
0.0
 20
0.0
 30
0.0
  0
VERTEX
  5
FC
330
FB
100
AcDbEntity
  8
DEFAULT
 62
   250
100
AcDbVertex
100
AcDb2dVertex
 10
188.4363558333333
 20
100.4426419444444
 30
0.0
  0
VERTEX
  5
FD
330
FB
100
AcDbEntity
  8
DEFAULT
 62
   250
100
AcDbVertex
100
AcDb2dVertex
 10
187.6641252777778
 20
101.6061030555556
 30
0.0
  0
SEQEND
  5
FE
330
FB
100
AcDbEntity
  8
DEFAULT
 62
   250
  0
POLYLINE
  5
FF
330
1F
100
AcDbEntity
  8
DEFAULT
 62
   250
100
AcDb2dPolyline
 66
     1
 10
0.0
 20
0.0
 30
0.0
  0
VERTEX
  5
100
330
FF
100
AcDbEntity
  8
DEFAULT
 62
   250
100
AcDbVertex
100
AcDb2dVertex
 10
189.2441816666666
 20
101.6060325
 30
0.0
  0
VERTEX
  5
101
330
FF
100
AcDbEntity
  8
DEFAULT
 62
   250
100
AcDbVertex
100
AcDb2dVertex
 10
188.4363205555555
 20
100.4457463888889
 30
0.0
  0
VERTEX
  5
102
330
FF
100
AcDbEntity
  8
DEFAULT
 62
   250
100
AcDbVertex
100
AcDb2dVertex
 10
188.4363205555555
 20
99.58532138888889
 30
0.0
  0
SEQEND
  5
103
330
FF
100
AcDbEntity
  8
DEFAULT
 62
   250
  0
POLYLINE
  5
104
330
1F
100
AcDbEntity
  8
DEFAULT
 62
   250
100
AcDb2dPolyline
 66
     1
 10
0.0
 20
0.0
 30
0.0
  0
VERTEX
  5
105
330
104
100
AcDbEntity
  8
DEFAULT
 62
   250
100
AcDbVertex
100
AcDb2dVertex
 10
112.0704797222222
 20
100.4463108333333
 30
0.0
  0
VERTEX
  5
106
330
104
100
AcDbEntity
  8
DEFAULT
 62
   250
100
AcDbVertex
100
AcDb2dVertex
 10
111.2982491666666
 20
101.6097719444444
 30
0.0
  0
SEQEND
  5
107
330
104
100
AcDbEntity
  8
DEFAULT
 62
   250
  0
POLYLINE
  5
108
330
1F
100
AcDbEntity
  8
DEFAULT
 62
   250
100
AcDb2dPolyline
 66
     1
 10
0.0
 20
0.0
 30
0.0
  0
VERTEX
  5
109
330
108
100
AcDbEntity
  8
DEFAULT
 62
   250
100
AcDbVertex
100
AcDb2dVertex
 10
112.8783761111111
 20
101.6096661111111
 30
0.0
  0
VERTEX
  5
10A
330
108
100
AcDbEntity
  8
DEFAULT
 62
   250
100
AcDbVertex
100
AcDb2dVertex
 10
112.070515
 20
100.44938
 30
0.0
  0
VERTEX
  5
10B
330
108
100
AcDbEntity
  8
DEFAULT
 62
   250
100
AcDbVertex
100
AcDb2dVertex
 10
112.070515
 20
99.58895499999998
 30
0.0
  0
SEQEND
  5
10C
330
108
100
AcDbEntity
  8
DEFAULT
 62
   250
  0
SPLINE
  5
10D
330
1F
100
AcDbEntity
  8
DEFAULT
 62
   250
100
AcDbSpline
210
0.0
220
0.0
230
1.0
 70
     8
 71
     3
 72
    17
 73
    13
 74
     0
 42
0.000000001
 43
0.0000000001
 40
0.0
 40
0.0
 40
0.0
 40
0.0
 40
3.339999999999975
 40
3.339999999999975
 40
3.339999999999975
 40
4.339999999999975
 40
4.339999999999975
 40
4.339999999999975
 40
5.339999999999975
 40
5.339999999999975
 40
5.339999999999975
 40
8.713999999999999
 40
8.713999999999999
 40
8.713999999999999
 40
8.713999999999999
 10
149.5313169444444
 20
146.7613411111111
 30
0.0
 10
149.5313169444444
 20
147.1541003703703
 30
0.0
 10
149.5313169444444
 20
147.5468596296296
 30
0.0
 10
149.5313169444444
 20
147.9396188888888
 30
0.0
 10
149.5313169444444
 20
148.5605077777778
 30
0.0
 10
149.8579891666666
 20
148.8152133333333
 30
0.0
 10
150.2957863888889
 20
148.8152133333333
 30
0.0
 10
150.7095947222222
 20
148.8152133333333
 30
0.0
 10
151.0214502777777
 20
148.5781466666666
 30
0.0
 10
151.0214502777777
 20
147.9516133333333
 30
0.0
 10
151.0214502777777
 20
147.5548559259259
 30
0.0
 10
151.0214502777777
 20
147.1580985185185
 30
0.0
 10
151.0214502777777
 20
146.7613411111111
 30
0.0
  0
POLYLINE
  5
10E
330
1F
100
AcDbEntity
  8
DEFAULT
 62
   250
100
AcDb2dPolyline
 66
     1
 10
0.0
 20
0.0
 30
0.0
  0
VERTEX
  5
10F
330
10E
100
AcDbEntity
  8
DEFAULT
 62
   250
100
AcDbVertex
100
AcDb2dVertex
 10
141.012545
 20
146.7779216666667
 30
0.0
  0
VERTEX
  5
110
330
10E
100
AcDbEntity
  8
DEFAULT
 62
   250
100
AcDbVertex
100
AcDb2dVertex
 10
139.5164144444444
 20
146.7779216666667
 30
0.0
  0
SEQEND
  5
111
330
10E
100
AcDbEntity
  8
DEFAULT
 62
   250
  0
POLYLINE
  5
112
330
1F
100
AcDbEntity
  8
DEFAULT
 62
   250
100
AcDb2dPolyline
 66
     1
 10
0.0
 20
0.0
 30
0.0
  0
VERTEX
  5
113
330
112
100
AcDbEntity
  8
DEFAULT
 62
   250
100
AcDbVertex
100
AcDb2dVertex
 10
140.2645855555555
 20
146.7779216666667
 30
0.0
  0
VERTEX
  5
114
330
112
100
AcDbEntity
  8
DEFAULT
 62
   250
100
AcDbVertex
100
AcDb2dVertex
 10
140.2645855555555
 20
148.7986327777778
 30
0.0
  0
SEQEND
  5
115
330
112
100
AcDbEntity
  8
DEFAULT
 62
   250
  0
POLYLINE
  5
116
330
1F
100
AcDbEntity
  8
DEFAULT
 62
   250
100
AcDb2dPolyline
 66
     1
 10
0.0
 20
0.0
 30
0.0
  0
VERTEX
  5
117
330
116
100
AcDbEntity
  8
DEFAULT
 62
   250
100
AcDbVertex
100
AcDb2dVertex
 10
161.0292266666667
 20
146.7744644444444
 30
0.0
  0
VERTEX
  5
118
330
116
100
AcDbEntity
  8
DEFAULT
 62
   250
100
AcDbVertex
100
AcDb2dVertex
 10
159.5330961111111
 20
146.7744644444444
 30
0.0
  0
SEQEND
  5
119
330
116
100
AcDbEntity
  8
DEFAULT
 62
   250
  0
POLYLINE
  5
11A
330
1F
100
AcDbEntity
  8
DEFAULT
 62
   250
100
AcDb2dPolyline
 66
     1
 10
0.0
 20
0.0
 30
0.0
  0
VERTEX
  5
11B
330
11A
100
AcDbEntity
  8
DEFAULT
 62
   250
100
AcDbVertex
100
AcDb2dVertex
 10
160.2812319444444
 20
146.7744644444444
 30
0.0
  0
VERTEX
  5
11C
330
11A
100
AcDbEntity
  8
DEFAULT
 62
   250
100
AcDbVertex
100
AcDb2dVertex
 10
160.2812319444444
 20
148.7955283333333
 30
0.0
  0
SEQEND
  5
11D
330
11A
100
AcDbEntity
  8
DEFAULT
 62
   250
  0
SPLINE
  5
11E
330
1F
100
AcDbEntity
  8
DEFAULT
 62
   250
100
AcDbSpline
210
0.0
220
0.0
230
1.0
 70
     8
 71
     3
 72
    14
 73
    10
 74
     0
 42
0.000000001
 43
0.0000000001
 40
0.0
 40
0.0
 40
0.0
 40
0.0
 40
5.728999999999985
 40
5.728999999999985
 40
5.728999999999985
 40
6.728999999999985
 40
6.728999999999985
 40
6.728999999999985
 40
12.45840354661807
 40
12.45840354661807
 40
12.45840354661807
 40
12.45840354661807
 10
156.5648944444444
 20
103.4164527777778
 30
0.0
 10
156.5648944444444
 20
104.0901407407407
 30
0.0
 10
156.5648944444444
 20
104.7638287037037
 30
0.0
 10
156.5648944444444
 20
105.4375166666667
 30
0.0
 10
156.5648944444444
 20
105.4375166666667
 30
0.0
 10
157.8761694444444
 20
103.6231805555555
 30
0.0
 10
157.972125
 20
103.4164527777778
 30
0.0
 10
157.9641287037037
 20
104.0901407407407
 30
0.0
 10
157.9561324074074
 20
104.7638287037037
 30
0.0
 10
157.9481361111111
 20
105.4375166666667
 30
0.0
  0
SPLINE
  5
11F
330
1F
100
AcDbEntity
  8
DEFAULT
 62
   250
100
AcDbSpline
210
0.0
220
0.0
230
1.0
 70
     8
 71
     3
 72
    14
 73
    10
 74
     0
 42
0.000000001
 43
0.0000000001
 40
0.0
 40
0.0
 40
0.0
 40
0.0
 40
5.728999999999985
 40
5.728999999999985
 40
5.728999999999985
 40
6.728999999999985
 40
6.728999999999985
 40
6.728999999999985
 40
12.45840354661807
 40
12.45840354661807
 40
12.45840354661807
 40
12.45840354661807
 10
142.5666722222222
 20
103.4164527777778
 30
0.0
 10
142.5666722222222
 20
104.0901407407407
 30
0.0
 10
142.5666722222222
 20
104.7638287037037
 30
0.0
 10
142.5666722222222
 20
105.4375166666667
 30
0.0
 10
142.5666722222222
 20
105.4375166666667
 30
0.0
 10
143.8779472222222
 20
103.6231805555555
 30
0.0
 10
143.9739027777777
 20
103.4164527777778
 30
0.0
 10
143.9659064814814
 20
104.0901407407407
 30
0.0
 10
143.9579101851851
 20
104.7638287037037
 30
0.0
 10
143.9499138888889
 20
105.4375166666667
 30
0.0
  0
SPLINE
  5
120
330
1F
100
AcDbEntity
  8
DEFAULT
 62
   250
100
AcDbSpline
210
0.0
220
0.0
230
1.0
 70
     8
 71
     3
 72
    11
 73
     7
 74
     0
 42
0.000000001
 43
0.0000000001
 40
0.0
 40
0.0
 40
0.0
 40
0.0
 40
1.0
 40
1.0
 40
1.0
 40
5.219068262069239
 40
5.219068262069239
 40
5.219068262069239
 40
5.219068262069239
 10
135.6683497222222
 20
139.1124486111111
 30
0.0
 10
135.6683497222222
 20
139.1124486111111
 30
0.0
 10
135.7360830555556
 20
140.4480652777778
 30
0.0
 10
135.7191497222222
 20
140.5415513888889
 30
0.0
 10
135.2230265740741
 20
140.5387291666667
 30
0.0
 10
134.7269034259259
 20
140.5359069444444
 30
0.0
 10
134.2307802777778
 20
140.5330847222222
 30
0.0
  0
POLYLINE
  5
121
330
1F
100
AcDbEntity
  8
DEFAULT
 62
   250
100
AcDb2dPolyline
 66
     1
 10
0.0
 20
0.0
 30
0.0
  0
VERTEX
  5
122
330
121
100
AcDbEntity
  8
DEFAULT
 62
   250
100
AcDbVertex
100
AcDb2dVertex
 10
134.9792688888888
 20
141.2813616666666
 30
0.0
  0
VERTEX
  5
123
330
121
100
AcDbEntity
  8
DEFAULT
 62
   250
100
AcDbVertex
100
AcDb2dVertex
 10
136.4083716666666
 20
139.8522588888888
 30
0.0
  0
SEQEND
  5
124
330
121
100
AcDbEntity
  8
DEFAULT
 62
   250
  0
SPLINE
  5
125
330
1F
100
AcDbEntity
  8
DEFAULT
 62
   250
100
AcDbSpline
210
0.0
220
0.0
230
1.0
 70
     8
 71
     3
 72
    11
 73
     7
 74
     0
 42
0.000000001
 43
0.0000000001
 40
0.0
 40
0.0
 40
0.0
 40
0.0
 40
1.0
 40
1.0
 40
1.0
 40
5.218068278252517
 40
5.218068278252517
 40
5.218068278252517
 40
5.218068278252517
 10
136.3963772222222
 20
110.6284652777778
 30
0.0
 10
136.3963772222222
 20
110.6284652777778
 30
0.0
 10
135.0607605555555
 20
110.6961986111111
 30
0.0
 10
134.9672744444444
 20
110.6792652777778
 30
0.0
 10
134.9700966666666
 20
110.1832597222222
 30
0.0
 10
134.9729188888889
 20
109.6872541666667
 30
0.0
 10
134.9757411111111
 20
109.1912486111111
 30
0.0
  0
POLYLINE
  5
126
330
1F
100
AcDbEntity
  8
DEFAULT
 62
   250
100
AcDb2dPolyline
 66
     1
 10
0.0
 20
0.0
 30
0.0
  0
VERTEX
  5
127
330
126
100
AcDbEntity
  8
DEFAULT
 62
   250
100
AcDbVertex
100
AcDb2dVertex
 10
134.2274288888889
 20
109.9394902777778
 30
0.0
  0
VERTEX
  5
128
330
126
100
AcDbEntity
  8
DEFAULT
 62
   250
100
AcDbVertex
100
AcDb2dVertex
 10
135.6565316666667
 20
111.3682402777778
 30
0.0
  0
SEQEND
  5
129
330
126
100
AcDbEntity
  8
DEFAULT
 62
   250
  0
SPLINE
  5
12A
330
1F
100
AcDbEntity
  8
DEFAULT
 62
   250
100
AcDbSpline
210
0.0
220
0.0
230
1.0
 70
     8
 71
     3
 72
    11
 73
     7
 74
     0
 42
0.000000001
 43
0.0000000001
 40
0.0
 40
0.0
 40
0.0
 40
0.0
 40
1.0
 40
1.0
 40
1.0
 40
5.219030338833789
 40
5.219030338833789
 40
5.219030338833789
 40
5.219030338833789
 10
164.8825477777778
 20
111.3588563888889
 30
0.0
 10
164.8825477777778
 20
111.3588563888889
 30
0.0
 10
164.8126977777778
 20
110.0232397222222
 30
0.0
 10
164.8292783333333
 20
109.9301063888889
 30
0.0
 10
165.3254014814815
 20
109.9319878703703
 30
0.0
 10
165.8215246296296
 20
109.9338693518518
 30
0.0
 10
166.3176477777778
 20
109.9357508333333
 30
0.0
  0
POLYLINE
  5
12B
330
1F
100
AcDbEntity
  8
DEFAULT
 62
   250
100
AcDb2dPolyline
 66
     1
 10
0.0
 20
0.0
 30
0.0
  0
VERTEX
  5
12C
330
12B
100
AcDbEntity
  8
DEFAULT
 62
   250
100
AcDbVertex
100
AcDb2dVertex
 10
165.567995
 20
109.1887791666667
 30
0.0
  0
VERTEX
  5
12D
330
12B
100
AcDbEntity
  8
DEFAULT
 62
   250
100
AcDbVertex
100
AcDb2dVertex
 10
164.1413616666667
 20
110.6199986111111
 30
0.0
  0
SEQEND
  5
12E
330
12B
100
AcDbEntity
  8
DEFAULT
 62
   250
  0
SPLINE
  5
12F
330
1F
100
AcDbEntity
  8
DEFAULT
 62
   250
100
AcDbSpline
210
0.0
220
0.0
230
1.0
 70
     8
 71
     3
 72
    11
 73
     7
 74
     0
 42
0.000000001
 43
0.0000000001
 40
0.0
 40
0.0
 40
0.0
 40
0.0
 40
1.0
 40
1.0
 40
1.0
 40
5.219068262069239
 40
5.219068262069239
 40
5.219068262069239
 40
5.219068262069239
 10
164.1545202777778
 20
139.8404055555555
 30
0.0
 10
164.1545202777778
 20
139.8404055555555
 30
0.0
 10
165.4901369444444
 20
139.7726722222222
 30
0.0
 10
165.5836230555555
 20
139.7896055555555
 30
0.0
 10
165.5808008333333
 20
140.2857287037037
 30
0.0
 10
165.5779786111111
 20
140.7818518518519
 30
0.0
 10
165.5751563888889
 20
141.277975
 30
0.0
  0
POLYLINE
  5
130
330
1F
100
AcDbEntity
  8
DEFAULT
 62
   250
100
AcDb2dPolyline
 66
     1
 10
0.0
 20
0.0
 30
0.0
  0
VERTEX
  5
131
330
130
100
AcDbEntity
  8
DEFAULT
 62
   250
100
AcDbVertex
100
AcDb2dVertex
 10
166.3234333333333
 20
140.5294511111111
 30
0.0
  0
VERTEX
  5
132
330
130
100
AcDbEntity
  8
DEFAULT
 62
   250
100
AcDbVertex
100
AcDb2dVertex
 10
164.8943305555555
 20
139.1003483333333
 30
0.0
  0
SEQEND
  5
133
330
130
100
AcDbEntity
  8
DEFAULT
 62
   250
  0
SPLINE
  5
134
330
1F
100
AcDbEntity
  8
DEFAULT
 62
     1
100
AcDbSpline
210
0.0
220
0.0
230
1.0
 70
    11
 71
     3
 72
   386
 73
   382
 74
     0
 42
0.000000001
 43
0.0000000001
 40
1.0
 40
1.0
 40
1.0
 40
1.0
 40
2.0
 40
2.0
 40
2.0
 40
3.0
 40
3.0
 40
3.0
 40
4.0
 40
4.0
 40
4.0
 40
12.49576953548062
 40
12.49576953548062
 40
12.49576953548062
 40
13.49576953548062
 40
13.49576953548062
 40
13.49576953548062
 40
14.49576953548062
 40
14.49576953548062
 40
14.49576953548062
 40
15.49576953548062
 40
15.49576953548062
 40
15.49576953548062
 40
16.49576953548062
 40
16.49576953548062
 40
16.49576953548062
 40
17.49576953548062
 40
17.49576953548062
 40
17.49576953548062
 40
18.49576953548062
 40
18.49576953548062
 40
18.49576953548062
 40
28.41576953548057
 40
28.41576953548057
 40
28.41576953548057
 40
36.92576953548057
 40
36.92576953548057
 40
36.92576953548057
 40
46.84576953548053
 40
46.84576953548053
 40
46.84576953548053
 40
47.84576953548053
 40
47.84576953548053
 40
47.84576953548053
 40
48.84576953548053
 40
48.84576953548053
 40
48.84576953548053
 40
49.84576953548053
 40
49.84576953548053
 40
49.84576953548053
 40
50.84576953548053
 40
50.84576953548053
 40
50.84576953548053
 40
51.84576953548053
 40
51.84576953548053
 40
51.84576953548053
 40
52.84576953548053
 40
52.84576953548053
 40
52.84576953548053
 40
61.34519304534282
 40
61.34519304534282
 40
61.34519304534282
 40
62.34519304534282
 40
62.34519304534282
 40
62.34519304534282
 40
63.34519304534282
 40
63.34519304534282
 40
63.34519304534282
 40
64.34519304534282
 40
64.34519304534282
 40
64.34519304534282
 40
65.34519304534282
 40
65.34519304534282
 40
65.34519304534282
 40
66.34519304534282
 40
66.34519304534282
 40
66.34519304534282
 40
67.34519304534282
 40
67.34519304534282
 40
67.34519304534282
 40
77.26519304534284
 40
77.26519304534284
 40
77.26519304534284
 40
85.76519892769375
 40
85.76519892769375
 40
85.76519892769375
 40
95.67519892769377
 40
95.67519892769377
 40
95.67519892769377
 40
96.67519892769377
 40
96.67519892769377
 40
96.67519892769377
 40
97.67519892769377
 40
97.67519892769377
 40
97.67519892769377
 40
98.67519892769377
 40
98.67519892769377
 40
98.67519892769377
 40
99.67519892769377
 40
99.67519892769377
 40
99.67519892769377
 40
100.6751989276938
 40
100.6751989276938
 40
100.6751989276938
 40
110.5951989276938
 40
110.5951989276938
 40
110.5951989276938
 40
119.1051989276938
 40
119.1051989276938
 40
119.1051989276938
 40
129.0251989276938
 40
129.0251989276938
 40
129.0251989276938
 40
130.0251989276938
 40
130.0251989276938
 40
130.0251989276938
 40
131.0251989276938
 40
131.0251989276938
 40
131.0251989276938
 40
132.0251989276938
 40
132.0251989276938
 40
132.0251989276938
 40
133.0251989276938
 40
133.0251989276938
 40
133.0251989276938
 40
134.0251989276938
 40
134.0251989276938
 40
134.0251989276938
 40
143.9351989276938
 40
143.9351989276938
 40
143.9351989276938
 40
152.4352048100447
 40
152.4352048100447
 40
152.4352048100447
 40
162.3552048100447
 40
162.3552048100447
 40
162.3552048100447
 40
163.3552048100447
 40
163.3552048100447
 40
163.3552048100447
 40
164.3552048100447
 40
164.3552048100447
 40
164.3552048100447
 40
165.3552048100447
 40
165.3552048100447
 40
165.3552048100447
 40
166.3552048100447
 40
166.3552048100447
 40
166.3552048100447
 40
167.3552048100447
 40
167.3552048100447
 40
167.3552048100447
 40
168.3552048100447
 40
168.3552048100447
 40
168.3552048100447
 40
176.854628319907
 40
176.854628319907
 40
176.854628319907
 40
177.854628319907
 40
177.854628319907
 40
177.854628319907
 40
178.854628319907
 40
178.854628319907
 40
178.854628319907
 40
179.854628319907
 40
179.854628319907
 40
179.854628319907
 40
180.854628319907
 40
180.854628319907
 40
180.854628319907
 40
181.854628319907
 40
181.854628319907
 40
181.854628319907
 40
182.854628319907
 40
182.854628319907
 40
182.854628319907
 40
192.774628319907
 40
192.774628319907
 40
192.774628319907
 40
201.274628319907
 40
201.274628319907
 40
201.274628319907
 40
211.1946283199071
 40
211.1946283199071
 40
211.1946283199071
 40
212.1946283199071
 40
212.1946283199071
 40
212.1946283199071
 40
213.1946283199071
 40
213.1946283199071
 40
213.1946283199071
 40
214.1946283199071
 40
214.1946283199071
 40
214.1946283199071
 40
215.1946283199071
 40
215.1946283199071
 40
215.1946283199071
 40
216.1946283199071
 40
216.1946283199071
 40
216.1946283199071
 40
217.1946283199071
 40
217.1946283199071
 40
217.1946283199071
 40
225.6903978553877
 40
225.6903978553877
 40
225.6903978553877
 40
226.6903978553877
 40
226.6903978553877
 40
226.6903978553877
 40
227.6903978553877
 40
227.6903978553877
 40
227.6903978553877
 40
228.6903978553877
 40
228.6903978553877
 40
228.6903978553877
 40
229.6903978553877
 40
229.6903978553877
 40
229.6903978553877
 40
255.0603978553877
 40
255.0603978553877
 40
255.0603978553877
 40
256.0603978553877
 40
256.0603978553877
 40
256.0603978553877
 40
257.0603978553877
 40
257.0603978553877
 40
257.0603978553877
 40
258.0603978553877
 40
258.0603978553877
 40
258.0603978553877
 40
267.9803978553877
 40
267.9803978553877
 40
267.9803978553877
 40
276.4903978553877
 40
276.4903978553877
 40
276.4903978553877
 40
286.4103978553877
 40
286.4103978553877
 40
286.4103978553877
 40
287.4103978553877
 40
287.4103978553877
 40
287.4103978553877
 40
288.4103978553877
 40
288.4103978553877
 40
288.4103978553877
 40
289.4103978553877
 40
289.4103978553877
 40
289.4103978553877
 40
290.4103978553877
 40
290.4103978553877
 40
290.4103978553877
 40
291.4103978553877
 40
291.4103978553877
 40
291.4103978553877
 40
292.4103978553877
 40
292.4103978553877
 40
292.4103978553877
 40
293.4103978553877
 40
293.4103978553877
 40
293.4103978553877
 40
301.90982136525
 40
301.90982136525
 40
301.90982136525
 40
302.90982136525
 40
302.90982136525
 40
302.90982136525
 40
303.90982136525
 40
303.90982136525
 40
303.90982136525
 40
304.90982136525
 40
304.90982136525
 40
304.90982136525
 40
305.90982136525
 40
305.90982136525
 40
305.90982136525
 40
306.90982136525
 40
306.90982136525
 40
306.90982136525
 40
307.90982136525
 40
307.90982136525
 40
307.90982136525
 40
317.83982136525
 40
317.83982136525
 40
317.83982136525
 40
326.339827247601
 40
326.339827247601
 40
326.339827247601
 40
336.259827247601
 40
336.259827247601
 40
336.259827247601
 40
337.259827247601
 40
337.259827247601
 40
337.259827247601
 40
338.259827247601
 40
338.259827247601
 40
338.259827247601
 40
339.259827247601
 40
339.259827247601
 40
339.259827247601
 40
340.259827247601
 40
340.259827247601
 40
340.259827247601
 40
341.259827247601
 40
341.259827247601
 40
341.259827247601
 40
342.259827247601
 40
342.259827247601
 40
342.259827247601
 40
352.179827247601
 40
352.179827247601
 40
352.179827247601
 40
360.679827247601
 40
360.679827247601
 40
360.679827247601
 40
370.599827247601
 40
370.599827247601
 40
370.599827247601
 40
371.599827247601
 40
371.599827247601
 40
371.599827247601
 40
372.599827247601
 40
372.599827247601
 40
372.599827247601
 40
373.599827247601
 40
373.599827247601
 40
373.599827247601
 40
374.599827247601
 40
374.599827247601
 40
374.599827247601
 40
375.599827247601
 40
375.599827247601
 40
375.599827247601
 40
376.599827247601
 40
376.599827247601
 40
376.599827247601
 40
385.1134046390387
 40
385.1134046390387
 40
385.1134046390387
 40
386.1134046390387
 40
386.1134046390387
 40
386.1134046390387
 40
387.1134046390387
 40
387.1134046390387
 40
387.1134046390387
 40
388.1134046390387
 40
388.1134046390387
 40
388.1134046390387
 40
389.1134046390387
 40
389.1134046390387
 40
389.1134046390387
 40
390.1134046390387
 40
390.1134046390387
 40
390.1134046390387
 40
391.1134046390387
 40
391.1134046390387
 40
391.1134046390387
 40
392.1134046390387
 40
392.1134046390387
 40
392.1134046390387
 40
402.0334046390387
 40
402.0334046390387
 40
402.0334046390387
 40
410.5434046390387
 40
410.5434046390387
 40
410.5434046390387
 40
420.4634046390387
 40
420.4634046390387
 40
420.4634046390387
 40
421.4634046390387
 40
421.4634046390387
 40
421.4634046390387
 40
422.4634046390387
 40
422.4634046390387
 40
422.4634046390387
 40
423.4634046390387
 40
423.4634046390387
 40
423.4634046390387
 40
448.8334046390387
 40
448.8334046390387
 40
448.8334046390387
 40
449.8334046390387
 40
449.8334046390387
 40
449.8334046390387
 40
449.8334046390387
 10
183.9462355555555
 20
108.0983430555555
 30
0.0
 10
183.97093
 20
108.1477319444444
 30
0.0
 10
183.2794855555556
 20
108.5181486111111
 30
0.0
 10
182.4081244444444
 20
108.9273708333333
 30
0.0
 10
181.5297077777778
 20
109.3365930555555
 30
0.0
 10
180.9370411111111
 20
109.5023986111111
 30
0.0
 10
180.7782911111111
 20
109.5764819444444
 30
0.0
 10
179.9845411111111
 20
109.9468986111111
 30
0.0
 10
177.6068188888889
 20
111.0581486111111
 30
0.0
 10
177.6068188888889
 20
111.0581486111111
 30
0.0
 10
178.0289762962963
 20
111.9636115740741
 30
0.0
 10
178.4511337037037
 20
112.869074537037
 30
0.0
 10
178.8732911111111
 20
113.7745375
 30
0.0
 10
178.8732911111111
 20
113.7745375
 30
0.0
 10
181.2545411111111
 20
112.6668152777778
 30
0.0
 10
182.0482911111111
 20
112.2963986111111
 30
0.0
 10
182.2035133333333
 20
112.2223152777778
 30
0.0
 10
182.7150411111111
 20
111.8765930555555
 30
0.0
 10
183.58993
 20
111.4673708333333
 30
0.0
 10
184.4683466666666
 20
111.0581486111111
 30
0.0
 10
185.1950688888889
 20
110.7688708333333
 30
0.0
 10
185.2197633333333
 20
110.8182597222222
 30
0.0
 10
186.4862355555555
 20
113.5346486111111
 30
0.0
 10
181.2051522222222
 20
115.0445375
 30
0.0
 10
181.20868
 20
123.7299263888889
 30
0.0
 10
181.20868
 20
123.7863708333333
 30
0.0
 10
180.4255133333333
 20
123.8322319444444
 30
0.0
 10
179.4553744444444
 20
123.8322319444444
 30
0.0
 10
178.4887633333333
 20
123.8322319444444
 30
0.0
 10
177.8819855555555
 20
123.7299263888889
 30
0.0
 10
177.7055966666667
 20
123.7299263888889
 30
0.0
 10
176.5390781481481
 20
123.7299263888889
 30
0.0
 10
175.3725596296296
 20
123.7299263888889
 30
0.0
 10
174.2060411111111
 20
123.7299263888889
 30
0.0
 10
174.2060411111111
 20
124.7306393518518
 30
0.0
 10
174.2060411111111
 20
125.7313523148148
 30
0.0
 10
174.2060411111111
 20
126.7320652777778
 30
0.0
 10
175.3725596296296
 20
126.7320652777777
 30
0.0
 10
176.5390781481481
 20
126.7320652777777
 30
0.0
 10
177.7055966666667
 20
126.7320652777778
 30
0.0
 10
177.8819855555555
 20
126.7320652777778
 30
0.0
 10
178.4887633333333
 20
126.6297597222222
 30
0.0
 10
179.4553744444444
 20
126.6297597222222
 30
0.0
 10
180.4255133333333
 20
126.6297597222222
 30
0.0
 10
181.20868
 20
126.6756208333333
 30
0.0
 10
181.20868
 20
126.7320652777778
 30
0.0
 10
181.20868
 20
138.4160652777778
 30
0.0
 10
180.7888744444444
 20
138.8358708333333
 30
0.0
 10
173.3946522222222
 20
146.2300930555555
 30
0.0
 10
173.3558466666667
 20
146.2688986111111
 30
0.0
 10
172.7702355555555
 20
145.7467875
 30
0.0
 10
172.0858466666667
 20
145.0623986111111
 30
0.0
 10
171.4049855555555
 20
144.3780097222222
 30
0.0
 10
171.0451522222222
 20
143.8770652777778
 30
0.0
 10
170.92168
 20
143.7535930555555
 30
0.0
 10
170.3007911111111
 20
143.1362319444444
 30
0.0
 10
168.44518
 20
141.2806208333333
 30
0.0
 10
168.44518
 20
141.2806208333333
 30
0.0
 10
167.7384485185185
 20
141.9873523148148
 30
0.0
 10
167.031717037037
 20
142.6940837962963
 30
0.0
 10
166.3249855555555
 20
143.4008152777778
 30
0.0
 10
166.3249855555555
 20
143.4008152777778
 30
0.0
 10
168.1805966666666
 20
145.2564263888889
 30
0.0
 10
168.7979577777778
 20
145.8773152777778
 30
0.0
 10
168.92143
 20
146.0007875
 30
0.0
 10
169.4223744444444
 20
146.3606208333333
 30
0.0
 10
170.1067633333333
 20
147.0414819444444
 30
0.0
 10
170.7911522222222
 20
147.7258708333333
 30
0.0
 10
171.3132633333333
 20
148.3114819444444
 30
0.0
 10
171.2744577777778
 20
148.3502875
 30
0.0
 10
164.5328744444444
 20
155.0918708333333
 30
0.0
 10
167.1963466666667
 20
157.8294263888889
 30
0.0
 10
161.7812077777778
 20
157.8294263888889
 30
0.0
 10
161.7247633333333
 20
157.8258986111111
 30
0.0
 10
161.68243
 20
157.0462597222222
 30
0.0
 10
161.6789022222222
 20
156.0761208333333
 30
0.0
 10
161.68243
 20
155.1095097222222
 30
0.0
 10
161.7812077777778
 20
154.4992041666667
 30
0.0
 10
161.7812077777778
 20
154.3263430555556
 30
0.0
 10
161.7812077777778
 20
153.159824537037
 30
0.0
 10
161.7812077777778
 20
151.9933060185185
 30
0.0
 10
161.7812077777778
 20
150.8267875
 30
0.0
 10
160.7816707407407
 20
150.8279634259259
 30
0.0
 10
159.7821337037037
 20
150.8291393518518
 30
0.0
 10
158.7825966666666
 20
150.8303152777778
 30
0.0
 10
158.7825966666666
 20
151.9956578703704
 30
0.0
 10
158.7825966666666
 20
153.161000462963
 30
0.0
 10
158.7825966666666
 20
154.3263430555556
 30
0.0
 10
158.7825966666666
 20
154.4992041666667
 30
0.0
 10
158.8813744444444
 20
155.1095097222222
 30
0.0
 10
158.8813744444444
 20
156.0761208333333
 30
0.0
 10
158.8813744444444
 20
157.0427319444444
 30
0.0
 10
158.8355133333333
 20
157.8258986111111
 30
0.0
 10
158.7825966666666
 20
157.8258986111111
 30
0.0
 10
156.7999855555555
 20
157.8258986111111
 30
0.0
 10
154.8173744444444
 20
157.8258986111111
 30
0.0
 10
151.77643
 20
157.8294263888889
 30
0.0
 10
151.7199855555556
 20
157.8294263888889
 30
0.0
 10
151.6741244444444
 20
157.0462597222222
 30
0.0
 10
151.6741244444444
 20
156.0796486111111
 30
0.0
 10
151.6741244444444
 20
155.1130375
 30
0.0
 10
151.77643
 20
154.5027319444444
 30
0.0
 10
151.77643
 20
154.3298708333333
 30
0.0
 10
151.77643
 20
153.1633523148148
 30
0.0
 10
151.77643
 20
151.9968337962963
 30
0.0
 10
151.77643
 20
150.8303152777778
 30
0.0
 10
150.775717037037
 20
150.8303152777778
 30
0.0
 10
149.7750040740741
 20
150.8303152777778
 30
0.0
 10
148.7742911111111
 20
150.8303152777778
 30
0.0
 10
148.7742911111111
 20
151.9968337962963
 30
0.0
 10
148.7742911111111
 20
153.1633523148148
 30
0.0
 10
148.7742911111111
 20
154.3298708333333
 30
0.0
 10
148.7742911111111
 20
154.5027319444444
 30
0.0
 10
148.8730688888889
 20
155.1130375
 30
0.0
 10
148.8730688888889
 20
156.0796486111111
 30
0.0
 10
148.8730688888889
 20
157.0462597222222
 30
0.0
 10
148.8307355555555
 20
157.8294263888889
 30
0.0
 10
148.7742911111111
 20
157.8294263888889
 30
0.0
 10
145.7368744444444
 20
157.8294263888889
 30
0.0
 10
143.7472077777778
 20
157.8258986111111
 30
0.0
 10
141.7645966666666
 20
157.8294263888889
 30
0.0
 10
141.7081522222222
 20
157.8294263888889
 30
0.0
 10
141.6693466666667
 20
157.0462597222222
 30
0.0
 10
141.6658188888889
 20
156.0796486111111
 30
0.0
 10
141.6658188888889
 20
155.1130375
 30
0.0
 10
141.7610688888889
 20
154.4992041666667
 30
0.0
 10
141.7645966666666
 20
154.3263430555556
 30
0.0
 10
141.7645966666666
 20
153.161000462963
 30
0.0
 10
141.7645966666666
 20
151.9956578703704
 30
0.0
 10
141.7645966666666
 20
150.8303152777778
 30
0.0
 10
140.7650596296296
 20
150.8314912037037
 30
0.0
 10
139.7655225925926
 20
150.8326671296296
 30
0.0
 10
138.7659855555555
 20
150.8338430555555
 30
0.0
 10
138.7659855555555
 20
152.0003615740741
 30
0.0
 10
138.7659855555555
 20
153.1668800925926
 30
0.0
 10
138.7659855555555
 20
154.3333986111111
 30
0.0
 10
138.7659855555555
 20
154.5027319444444
 30
0.0
 10
138.8647633333333
 20
155.1165652777778
 30
0.0
 10
138.8647633333333
 20
156.0796486111111
 30
0.0
 10
138.8647633333333
 20
157.0462597222222
 30
0.0
 10
138.8189022222222
 20
157.8294263888889
 30
0.0
 10
138.7695133333333
 20
157.8329541666667
 30
0.0
 10
133.3543744444444
 20
157.8329541666667
 30
0.0
 10
136.0178466666667
 20
155.0918708333333
 30
0.0
 10
129.2797911111111
 20
148.3538152777778
 30
0.0
 10
129.2586244444444
 20
148.2973708333333
 30
0.0
 10
129.77368
 20
147.7188152777778
 30
0.0
 10
130.4474855555555
 20
147.0450097222222
 30
0.0
 10
131.1318744444444
 20
146.3641486111111
 30
0.0
 10
131.6328188888889
 20
146.0043152777777
 30
0.0
 10
131.7562911111111
 20
145.8808430555555
 30
0.0
 10
132.3736522222222
 20
145.2599541666667
 30
0.0
 10
134.2292633333333
 20
143.4043430555555
 30
0.0
 10
134.2292633333333
 20
143.4043430555555
 30
0.0
 10
133.5225318518518
 20
142.697611574074
 30
0.0
 10
132.8158003703704
 20
141.9908800925926
 30
0.0
 10
132.1090688888889
 20
141.2841486111111
 30
0.0
 10
132.1090688888889
 20
141.2841486111111
 30
0.0
 10
130.2534577777778
 20
143.1397597222222
 30
0.0
 10
129.6325688888889
 20
143.7571208333333
 30
0.0
 10
129.5090966666666
 20
143.8805930555556
 30
0.0
 10
129.1492633333333
 20
144.3815375
 30
0.0
 10
128.4684022222222
 20
145.0659263888889
 30
0.0
 10
127.7840133333333
 20
145.7503152777778
 30
0.0
 10
127.1984022222222
 20
146.2724263888889
 30
0.0
 10
127.1595966666667
 20
146.2336208333333
 30
0.0
 10
119.7653744444444
 20
138.8393986111111
 30
0.0
 10
119.3420411111111
 20
138.4160652777778
 30
0.0
 10
119.3420411111111
 20
126.7320652777778
 30
0.0
 10
119.3420411111111
 20
126.6791486111111
 30
0.0
 10
120.1252077777778
 20
126.6332875
 30
0.0
 10
121.0918188888889
 20
126.6332875
 30
0.0
 10
122.05843
 20
126.6332875
 30
0.0
 10
122.6687355555555
 20
126.7320652777778
 30
0.0
 10
122.8415966666667
 20
126.7320652777778
 30
0.0
 10
124.0081151851852
 20
126.7320652777777
 30
0.0
 10
125.1746337037037
 20
126.7320652777777
 30
0.0
 10
126.3411522222222
 20
126.7320652777778
 30
0.0
 10
126.3411522222222
 20
125.7325282407407
 30
0.0
 10
126.3411522222222
 20
124.7329912037037
 30
0.0
 10
126.3411522222222
 20
123.7334541666667
 30
0.0
 10
125.1746337037037
 20
123.7334541666667
 30
0.0
 10
124.0081151851852
 20
123.7334541666667
 30
0.0
 10
122.8415966666667
 20
123.7334541666667
 30
0.0
 10
122.6687355555555
 20
123.7334541666667
 30
0.0
 10
122.05843
 20
123.8322319444444
 30
0.0
 10
121.0918188888889
 20
123.8322319444444
 30
0.0
 10
120.1252077777778
 20
123.8322319444444
 30
0.0
 10
119.3420411111111
 20
123.7898986111111
 30
0.0
 10
119.3420411111111
 20
123.7334541666667
 30
0.0
 10
119.3420411111111
 20
115.0480652777778
 30
0.0
 10
114.0609577777778
 20
113.5381763888889
 30
0.0
 10
115.32743
 20
110.8217875
 30
0.0
 10
115.3521244444444
 20
110.7723986111111
 30
0.0
 10
116.0788466666666
 20
111.0616763888889
 30
0.0
 10
116.9572633333333
 20
111.4708986111111
 30
0.0
 10
117.8321522222222
 20
111.8801208333333
 30
0.0
 10
118.34368
 20
112.2258430555555
 30
0.0
 10
118.4989022222222
 20
112.2999263888889
 30
0.0
 10
119.2926522222222
 20
112.6703430555555
 30
0.0
 10
121.6739022222222
 20
113.7780652777778
 30
0.0
 10
121.6739022222222
 20
113.7780652777778
 30
0.0
 10
122.0960596296296
 20
112.8726023148148
 30
0.0
 10
122.518217037037
 20
111.9671393518518
 30
0.0
 10
122.9403744444444
 20
111.0616763888889
 30
0.0
 10
122.9403744444444
 20
111.0616763888889
 30
0.0
 10
120.5626522222222
 20
109.9504263888889
 30
0.0
 10
119.7689022222222
 20
109.5800097222222
 30
0.0
 10
119.6101522222222
 20
109.5059263888889
 30
0.0
 10
119.0174855555555
 20
109.3401208333333
 30
0.0
 10
118.1390688888889
 20
108.9308986111111
 30
0.0
 10
117.26418
 20
108.5216763888889
 30
0.0
 10
116.5692077777778
 20
108.1512597222222
 30
0.0
 10
116.5939022222222
 20
108.1018708333333
 30
0.0
 10
117.0031244444444
 20
107.2234541666667
 30
0.0
 10
107.5874855555555
 20
104.8069263888889
 30
0.0
 10
107.5874855555555
 20
102.5068152777778
 30
0.0
 10
107.5874855555555
 20
99.5234912037037
 30
0.0
 10
107.5874855555555
 20
96.54016712962964
 30
0.0
 10
107.5874855555555
 20
93.55684305555556
 30
0.0
 10
107.5874855555555
 20
91.89878749999998
 30
0.0
 10
108.9280411111111
 20
90.55823194444444
 30
0.0
 10
110.5860966666666
 20
90.55823194444444
 30
0.0
 10
110.6425411111111
 20
90.55823194444444
 30
0.0
 10
110.6884022222222
 20
91.3413986111111
 30
0.0
 10
110.6884022222222
 20
92.30800972222222
 30
0.0
 10
110.6884022222222
 20
93.27462083333333
 30
0.0
 10
110.5860966666666
 20
93.8813986111111
 30
0.0
 10
110.5860966666666
 20
94.05778749999999
 30
0.0
 10
110.5860966666666
 20
95.22430601851852
 30
0.0
 10
110.5860966666666
 20
96.39082453703702
 30
0.0
 10
110.5860966666666
 20
97.55734305555555
 30
0.0
 10
111.5868096296296
 20
97.55734305555556
 30
0.0
 10
112.5875225925926
 20
97.55734305555556
 30
0.0
 10
113.5882355555555
 20
97.55734305555555
 30
0.0
 10
113.5882355555555
 20
96.39082453703702
 30
0.0
 10
113.5882355555555
 20
95.22430601851852
 30
0.0
 10
113.5882355555555
 20
94.05778749999999
 30
0.0
 10
113.5882355555555
 20
93.8813986111111
 30
0.0
 10
113.48593
 20
93.27462083333333
 30
0.0
 10
113.48593
 20
92.30800972222222
 30
0.0
 10
113.48593
 20
91.3413986111111
 30
0.0
 10
113.5317911111111
 20
90.55823194444444
 30
0.0
 10
113.5882355555555
 20
90.55823194444444
 30
0.0
 10
115.2462911111111
 20
90.55823194444444
 30
0.0
 10
116.5868466666666
 20
91.89878749999998
 30
0.0
 10
116.5868466666666
 20
93.55684305555556
 30
0.0
 10
116.5868466666666
 20
99.94917638888889
 30
0.0
 10
126.3235133333333
 20
105.0750375
 30
0.0
 10
127.1560688888889
 20
104.2389541666667
 30
0.0
 10
127.1948744444445
 20
104.2001486111111
 30
0.0
 10
127.7804855555555
 20
104.7222597222222
 30
0.0
 10
128.4613466666667
 20
105.4066486111111
 30
0.0
 10
129.1457355555555
 20
106.0875097222222
 30
0.0
 10
129.5055688888889
 20
106.5884541666667
 30
0.0
 10
129.6290411111111
 20
106.7119263888889
 30
0.0
 10
130.2464022222222
 20
107.3328152777778
 30
0.0
 10
132.1055411111111
 20
109.1884263888889
 30
0.0
 10
132.1055411111111
 20
109.1884263888889
 30
0.0
 10
132.8122725925926
 20
108.4816949074074
 30
0.0
 10
133.5190040740741
 20
107.7749634259259
 30
0.0
 10
134.2257355555555
 20
107.0682319444444
 30
0.0
 10
134.2257355555555
 20
107.0682319444444
 30
0.0
 10
132.3701244444444
 20
105.2126208333333
 30
0.0
 10
131.7492355555555
 20
104.5917319444444
 30
0.0
 10
131.6257633333333
 20
104.4682597222222
 30
0.0
 10
131.1283466666667
 20
104.1084263888889
 30
0.0
 10
130.4439577777778
 20
103.4240375
 30
0.0
 10
129.7595688888889
 20
102.7396486111111
 30
0.0
 10
129.23393
 20
102.1575652777778
 30
0.0
 10
129.2727355555556
 20
102.1187597222222
 30
0.0
 10
131.39293
 20
99.99503750000001
 30
0.0
 10
134.8642633333333
 20
94.3893986111111
 30
0.0
 10
141.7716522222222
 20
94.38587083333333
 30
0.0
 10
141.8245688888889
 20
94.38587083333333
 30
0.0
 10
141.87043
 20
95.1690375
 30
0.0
 10
141.87043
 20
96.13917638888888
 30
0.0
 10
141.87043
 20
97.10225972222221
 30
0.0
 10
141.7716522222222
 20
97.7090375
 30
0.0
 10
141.7716522222222
 20
97.88542638888889
 30
0.0
 10
141.7716522222222
 20
99.05312083333332
 30
0.0
 10
141.7716522222222
 20
100.2208152777778
 30
0.0
 10
141.7716522222222
 20
101.3885097222222
 30
0.0
 10
142.7711892592592
 20
101.3873337962963
 30
0.0
 10
143.7707262962963
 20
101.3861578703704
 30
0.0
 10
144.7702633333333
 20
101.3849819444444
 30
0.0
 10
144.7702633333333
 20
100.2184634259259
 30
0.0
 10
144.7702633333333
 20
99.0519449074074
 30
0.0
 10
144.7702633333333
 20
97.88542638888889
 30
0.0
 10
144.7702633333333
 20
97.7090375
 30
0.0
 10
144.6714855555555
 20
97.10225972222221
 30
0.0
 10
144.6714855555555
 20
96.1356486111111
 30
0.0
 10
144.6714855555555
 20
95.1690375
 30
0.0
 10
144.7173466666667
 20
94.38587083333333
 30
0.0
 10
144.7702633333333
 20
94.38587083333333
 30
0.0
 10
147.1232911111111
 20
94.38587083333333
 30
0.0
 10
147.2326522222222
 20
95.44420416666665
 30
0.0
 10
150.2700688888889
 20
95.44420416666665
 30
0.0
 10
153.3074855555556
 20
95.44420416666665
 30
0.0
 10
153.4168466666667
 20
94.38587083333333
 30
0.0
 10
155.7698744444444
 20
94.38587083333333
 30
0.0
 10
155.8227911111111
 20
94.38587083333333
 30
0.0
 10
155.8686522222222
 20
95.1690375
 30
0.0
 10
155.8686522222222
 20
96.1356486111111
 30
0.0
 10
155.8686522222222
 20
97.10225972222221
 30
0.0
 10
155.7698744444444
 20
97.7090375
 30
0.0
 10
155.7698744444444
 20
97.88542638888889
 30
0.0
 10
155.7698744444444
 20
99.0519449074074
 30
0.0
 10
155.7698744444444
 20
100.2184634259259
 30
0.0
 10
155.7698744444444
 20
101.3849819444444
 30
0.0
 10
156.7694114814815
 20
101.3849819444444
 30
0.0
 10
157.7689485185185
 20
101.3849819444444
 30
0.0
 10
158.7684855555555
 20
101.3849819444444
 30
0.0
 10
158.7684855555555
 20
100.2184634259259
 30
0.0
 10
158.7684855555555
 20
99.0519449074074
 30
0.0
 10
158.7684855555555
 20
97.88542638888889
 30
0.0
 10
158.7684855555555
 20
97.7090375
 30
0.0
 10
158.6697077777778
 20
97.10225972222221
 30
0.0
 10
158.6697077777778
 20
96.1356486111111
 30
0.0
 10
158.6697077777778
 20
95.1690375
 30
0.0
 10
158.7155688888889
 20
94.38587083333333
 30
0.0
 10
158.7684855555555
 20
94.38587083333333
 30
0.0
 10
165.6758744444444
 20
94.38587083333333
 30
0.0
 10
169.1472077777778
 20
99.9915097222222
 30
0.0
 10
171.2674022222222
 20
102.1152319444444
 30
0.0
 10
171.3062077777778
 20
102.1540375
 30
0.0
 10
170.7805688888889
 20
102.7361208333333
 30
0.0
 10
170.09618
 20
103.4205097222222
 30
0.0
 10
169.4117911111111
 20
104.1048986111111
 30
0.0
 10
168.9143744444444
 20
104.4647319444444
 30
0.0
 10
168.7909022222222
 20
104.5882041666667
 30
0.0
 10
168.1700133333333
 20
105.2090930555555
 30
0.0
 10
166.3144022222222
 20
107.0647041666667
 30
0.0
 10
166.3144022222222
 20
107.0647041666667
 30
0.0
 10
167.0234855555555
 20
107.7714356481481
 30
0.0
 10
167.7325688888889
 20
108.4781671296296
 30
0.0
 10
168.4416522222222
 20
109.1848986111111
 30
0.0
 10
168.4416522222222
 20
109.1848986111111
 30
0.0
 10
170.2937355555555
 20
107.3292875
 30
0.0
 10
170.9110966666667
 20
106.7083986111111
 30
0.0
 10
171.0345688888889
 20
106.5849263888889
 30
0.0
 10
171.3944022222222
 20
106.0839819444444
 30
0.0
 10
172.0787911111111
 20
105.4031208333333
 30
0.0
 10
172.7596522222222
 20
104.7187319444444
 30
0.0
 10
173.3452633333333
 20
104.1966208333333
 30
0.0
 10
173.3840688888889
 20
104.2354263888889
 30
0.0
 10
174.2166244444444
 20
105.0715097222222
 30
0.0
 10
183.9532911111111
 20
99.9456486111111
 30
0.0
 10
183.9532911111111
 20
93.55331527777777
 30
0.0
 10
183.9532911111111
 20
91.8952597222222
 30
0.0
 10
185.2938466666666
 20
90.55470416666665
 30
0.0
 10
186.9519022222222
 20
90.55470416666665
 30
0.0
 10
187.0083466666667
 20
90.55470416666665
 30
0.0
 10
187.0542077777777
 20
91.33787083333333
 30
0.0
 10
187.0542077777777
 20
92.30448194444445
 30
0.0
 10
187.0542077777777
 20
93.27109305555555
 30
0.0
 10
186.9519022222222
 20
93.87787083333332
 30
0.0
 10
186.9519022222222
 20
94.05425972222221
 30
0.0
 10
186.9519022222222
 20
95.22077824074074
 30
0.0
 10
186.9519022222222
 20
96.38729675925924
 30
0.0
 10
186.9519022222222
 20
97.55381527777777
 30
0.0
 10
187.9526151851852
 20
97.55381527777779
 30
0.0
 10
188.9533281481481
 20
97.55381527777779
 30
0.0
 10
189.9540411111111
 20
97.55381527777777
 30
0.0
 10
189.9540411111111
 20
96.38729675925924
 30
0.0
 10
189.9540411111111
 20
95.22077824074074
 30
0.0
 10
189.9540411111111
 20
94.05425972222221
 30
0.0
 10
189.9540411111111
 20
93.87787083333332
 30
0.0
 10
189.8517355555556
 20
93.27109305555555
 30
0.0
 10
189.8517355555556
 20
92.30448194444445
 30
0.0
 10
189.8517355555556
 20
91.33787083333333
 30
0.0
 10
189.8975966666667
 20
90.55470416666665
 30
0.0
 10
189.9540411111111
 20
90.55470416666665
 30
0.0
 10
191.6120966666666
 20
90.55470416666665
 30
0.0
 10
192.9526522222222
 20
91.8952597222222
 30
0.0
 10
192.9526522222222
 20
93.55331527777777
 30
0.0
 10
192.9526522222222
 20
96.53663935185183
 30
0.0
 10
192.9526522222222
 20
99.51996342592592
 30
0.0
 10
192.9526522222222
 20
102.5032875
 30
0.0
 10
192.9526522222222
 20
104.8033986111111
 30
0.0
 10
183.5370133333333
 20
107.2199263888889
 30
0.0
 10
183.9462355555555
 20
108.0983430555555
 30
0.0
  0
SPLINE
  5
135
330
1F
100
AcDbEntity
  8
DEFAULT
 62
     1
100
AcDbSpline
210
0.0
220
0.0
230
1.0
 70
    11
 71
     3
 72
    17
 73
    13
 74
     0
 42
0.000000001
 43
0.0000000001
 40
1.0
 40
1.0
 40
1.0
 40
1.0
 40
2.0
 40
2.0
 40
2.0
 40
3.0
 40
3.0
 40
3.0
 40
4.0
 40
4.0
 40
4.0
 40
5.0
 40
5.0
 40
5.0
 40
5.0
 10
150.2700688888889
 20
112.9031763888889
 30
0.0
 10
141.4329855555555
 20
112.9031763888889
 30
0.0
 10
128.2073466666666
 20
128.1537597222222
 30
0.0
 10
136.7198744444445
 20
130.5067875
 30
0.0
 10
145.14068
 20
132.8280652777778
 30
0.0
 10
141.4365133333333
 20
140.1905375
 30
0.0
 10
150.2735966666667
 20
140.1870097222222
 30
0.0
 10
159.1071522222222
 20
140.1870097222222
 30
0.0
 10
155.4029855555555
 20
132.8280652777778
 30
0.0
 10
163.8202633333333
 20
130.5032597222222
 30
0.0
 10
172.3363188888889
 20
128.1502319444444
 30
0.0
 10
159.1036244444444
 20
112.9031763888889
 30
0.0
 10
150.2700688888889
 20
112.9031763888889
 30
0.0
  0
SPLINE
  5
136
330
1F
100
AcDbEntity
  8
DEFAULT
 62
   250
100
AcDbSpline
210
0.0
220
0.0
230
1.0
 70
     8
 71
     3
 72
    17
 73
    13
 74
     0
 42
0.000000001
 43
0.0000000001
 40
0.0
 40
0.0
 40
0.0
 40
0.0
 40
2.363
 40
2.363
 40
2.363
 40
3.363
 40
3.363
 40
3.363
 40
4.363
 40
4.363
 40
4.363
 40
5.363
 40
5.363
 40
5.363
 40
5.363
 10
114.4931458333333
 20
69.95128249999999
 30
0.0
 10
114.7710171296296
 20
69.95128249999999
 30
0.0
 10
115.0488884259259
 20
69.95128249999999
 30
0.0
 10
115.3267597222222
 20
69.95128249999999
 30
0.0
 10
115.5606513888889
 20
69.95128249999999
 30
0.0
 10
115.7582069444444
 20
70.05147138888888
 30
0.0
 10
115.7582069444444
 20
70.3386325
 30
0.0
 10
115.7582069444444
 20
70.53583527777778
 30
0.0
 10
115.6386152777778
 20
70.69176305555555
 30
0.0
 10
115.4946819444444
 20
70.74714916666666
 30
0.0
 10
115.4586986111111
 20
70.76443527777778
 30
0.0
 10
115.4195402777778
 20
70.76796305555555
 30
0.0
 10
115.3687402777778
 20
70.76796305555555
 30
0.0
  0
POLYLINE
  5
137
330
1F
100
AcDbEntity
  8
DEFAULT
 62
   250
100
AcDb2dPolyline
 66
     1
 10
0.0
 20
0.0
 30
0.0
  0
VERTEX
  5
138
330
137
100
AcDbEntity
  8
DEFAULT
 62
   250
100
AcDbVertex
100
AcDb2dVertex
 10
114.4931458333333
 20
70.76782194444444
 30
0.0
  0
VERTEX
  5
139
330
137
100
AcDbEntity
  8
DEFAULT
 62
   250
100
AcDbVertex
100
AcDb2dVertex
 10
116.6218069444444
 20
70.76782194444444
 30
0.0
  0
SEQEND
  5
13A
330
137
100
AcDbEntity
  8
DEFAULT
 62
   250
  0
SPLINE
  5
13B
330
1F
100
AcDbEntity
  8
DEFAULT
 62
   250
100
AcDbSpline
210
0.0
220
0.0
230
1.0
 70
     8
 71
     3
 72
    17
 73
    13
 74
     0
 42
0.000000001
 43
0.0000000001
 40
0.0
 40
0.0
 40
0.0
 40
0.0
 40
2.363
 40
2.363
 40
2.363
 40
3.363
 40
3.363
 40
3.363
 40
4.363
 40
4.363
 40
4.363
 40
5.363
 40
5.363
 40
5.363
 40
5.363
 10
100.4913958333333
 20
34.78988611111111
 30
0.0
 10
100.7692671296296
 20
34.78988611111111
 30
0.0
 10
101.0471384259259
 20
34.78988611111111
 30
0.0
 10
101.3250097222222
 20
34.78988611111111
 30
0.0
 10
101.5589013888889
 20
34.78988611111111
 30
0.0
 10
101.7564569444445
 20
34.890075
 30
0.0
 10
101.7564569444445
 20
35.17723611111111
 30
0.0
 10
101.7564569444445
 20
35.37443888888889
 30
0.0
 10
101.6368652777778
 20
35.53036666666667
 30
0.0
 10
101.4929319444444
 20
35.58575277777778
 30
0.0
 10
101.4569486111111
 20
35.60303888888889
 30
0.0
 10
101.4177902777778
 20
35.60656666666667
 30
0.0
 10
101.3669902777778
 20
35.60656666666667
 30
0.0
  0
POLYLINE
  5
13C
330
1F
100
AcDbEntity
  8
DEFAULT
 62
   250
100
AcDb2dPolyline
 66
     1
 10
0.0
 20
0.0
 30
0.0
  0
VERTEX
  5
13D
330
13C
100
AcDbEntity
  8
DEFAULT
 62
   250
100
AcDbVertex
100
AcDb2dVertex
 10
100.4913958333333
 20
35.60642555555555
 30
0.0
  0
VERTEX
  5
13E
330
13C
100
AcDbEntity
  8
DEFAULT
 62
   250
100
AcDbVertex
100
AcDb2dVertex
 10
102.6200569444444
 20
35.60642555555555
 30
0.0
  0
SEQEND
  5
13F
330
13C
100
AcDbEntity
  8
DEFAULT
 62
   250
  0
SPLINE
  5
140
330
1F
100
AcDbEntity
  8
DEFAULT
 62
   250
100
AcDbSpline
210
0.0
220
0.0
230
1.0
 70
     8
 71
     3
 72
    29
 73
    25
 74
     0
 42
0.000000001
 43
0.0000000001
 40
0.0
 40
0.0
 40
0.0
 40
0.0
 40
1.0
 40
1.0
 40
1.0
 40
2.0
 40
2.0
 40
2.0
 40
3.0
 40
3.0
 40
3.0
 40
4.0
 40
4.0
 40
4.0
 40
5.0
 40
5.0
 40
5.0
 40
6.0
 40
6.0
 40
6.0
 40
7.0
 40
7.0
 40
7.0
 40
8.0
 40
8.0
 40
8.0
 40
8.0
 10
126.7957769444444
 20
76.08312472222221
 30
0.0
 10
126.8733880555556
 20
76.19566083333332
 30
0.0
 10
127.1030463888889
 20
76.28561916666666
 30
0.0
 10
127.3185936111111
 20
76.28561916666666
 30
0.0
 10
127.6632575
 20
76.28561916666666
 30
0.0
 10
127.9105547222222
 20
76.03126638888888
 30
0.0
 10
127.9105547222222
 20
75.69683305555554
 30
0.0
 10
127.9105547222222
 20
75.28761083333333
 30
0.0
 10
127.6029325
 20
75.05548305555554
 30
0.0
 10
127.2840213888889
 20
75.05548305555554
 30
0.0
 10
127.0427213888889
 20
75.05548305555554
 30
0.0
 10
126.8497519444444
 20
75.16519694444443
 30
0.0
 10
126.7894269444445
 20
75.26503305555555
 30
0.0
 10
126.7947186111111
 20
75.37016083333333
 30
0.0
 10
126.7957769444444
 20
76.4150886111111
 30
0.0
 10
126.7957769444444
 20
76.4150886111111
 30
0.0
 10
126.7957769444444
 20
76.74775805555555
 30
0.0
 10
126.8539852777778
 20
76.9516636111111
 30
0.0
 10
126.9778102777778
 20
77.0772525
 30
0.0
 10
127.1019880555556
 20
77.20954416666666
 30
0.0
 10
127.2811991666667
 20
77.25152472222221
 30
0.0
 10
127.4420658333333
 20
77.25152472222221
 30
0.0
 10
127.5951713888889
 20
77.25152472222221
 30
0.0
 10
127.7641519444444
 20
77.20954416666666
 30
0.0
 10
127.8668102777778
 20
77.13158027777777
 30
0.0
  0
SPLINE
  5
141
330
1F
100
AcDbEntity
  8
DEFAULT
 62
   250
100
AcDbSpline
210
0.0
220
0.0
230
1.0
 70
     8
 71
     3
 72
    11
 73
     7
 74
     0
 42
0.000000001
 43
0.0000000001
 40
0.0
 40
0.0
 40
0.0
 40
0.0
 40
4.112921346196632
 40
4.112921346196632
 40
4.112921346196632
 40
5.112921346196632
 40
5.112921346196632
 40
5.112921346196632
 40
5.112921346196632
 10
138.1605836111111
 20
67.58389666666666
 30
0.0
 10
138.0769752777777
 20
68.06026425925926
 30
0.0
 10
137.9933669444444
 20
68.53663185185185
 30
0.0
 10
137.9097586111111
 20
69.01299944444443
 30
0.0
 10
137.8021613888889
 20
69.62753833333333
 30
0.0
 10
138.0738002777778
 20
69.92775222222222
 30
0.0
 10
138.5292363888889
 20
69.80075222222221
 30
0.0
  0
POLYLINE
  5
142
330
1F
100
AcDbEntity
  8
DEFAULT
 62
   250
100
AcDb2dPolyline
 66
     1
 10
0.0
 20
0.0
 30
0.0
  0
VERTEX
  5
143
330
142
100
AcDbEntity
  8
DEFAULT
 62
   250
100
AcDbVertex
100
AcDb2dVertex
 10
137.5080505555556
 20
68.94269083333334
 30
0.0
  0
VERTEX
  5
144
330
142
100
AcDbEntity
  8
DEFAULT
 62
   250
100
AcDbVertex
100
AcDb2dVertex
 10
138.5117033333333
 20
69.11872694444445
 30
0.0
  0
SEQEND
  5
145
330
142
100
AcDbEntity
  8
DEFAULT
 62
   250
  0
SPLINE
  5
146
330
1F
100
AcDbEntity
  8
DEFAULT
 62
   250
100
AcDbSpline
210
0.0
220
0.0
230
1.0
 70
     8
 71
     3
 72
    23
 73
    19
 74
     0
 42
0.000000001
 43
0.0000000001
 40
0.0
 40
0.0
 40
0.0
 40
0.0
 40
1.0
 40
1.0
 40
1.0
 40
2.0
 40
2.0
 40
2.0
 40
3.0
 40
3.0
 40
3.0
 40
6.611531669527517
 40
6.611531669527517
 40
6.611531669527517
 40
7.611531669527517
 40
7.611531669527517
 40
7.611531669527517
 40
8.611531669527517
 40
8.611531669527517
 40
8.611531669527517
 40
8.611531669527517
 10
137.1404913888889
 20
35.09232249999999
 30
0.0
 10
137.3595663888889
 20
35.47120583333333
 30
0.0
 10
137.7553830555555
 20
35.64089194444444
 30
0.0
 10
138.1215663888889
 20
35.42922527777777
 30
0.0
 10
138.5314941666666
 20
35.19215861111111
 30
0.0
 10
138.4320108333333
 20
34.76847249999999
 30
0.0
 10
138.2983080555555
 20
34.53705027777777
 30
0.0
 10
138.2714969444444
 20
34.49048361111111
 30
0.0
 10
138.2612663888889
 20
34.47884194444444
 30
0.0
 10
138.2450386111111
 20
34.45732249999999
 30
0.0
 10
137.8768562037037
 20
34.66898916666666
 30
0.0
 10
137.5086737962963
 20
34.88065583333333
 30
0.0
 10
137.1404913888889
 20
35.09232249999999
 30
0.0
 10
136.9214163888889
 20
34.71343916666666
 30
0.0
 10
137.0053775
 20
34.32538361111111
 30
0.0
 10
137.3923747222222
 20
34.10172249999999
 30
0.0
 10
137.5920469444444
 20
33.98636416666666
 30
0.0
 10
137.7536191666667
 20
33.94826416666666
 30
0.0
 10
137.8552191666666
 20
33.93803361111111
 30
0.0
  0
SPLINE
  5
147
330
1F
100
AcDbEntity
  8
DEFAULT
 62
   250
100
AcDbSpline
210
0.0
220
0.0
230
1.0
 70
     8
 71
     3
 72
    20
 73
    16
 74
     0
 42
0.000000001
 43
0.0000000001
 40
0.0
 40
0.0
 40
0.0
 40
0.0
 40
1.00305286750449
 40
1.00305286750449
 40
1.00305286750449
 40
2.006105735008981
 40
2.006105735008981
 40
2.006105735008981
 40
3.009158602513471
 40
3.009158602513471
 40
3.009158602513471
 40
4.012211470017961
 40
4.012211470017961
 40
4.012211470017961
 40
5.015264337522452
 40
5.015264337522452
 40
5.015264337522452
 40
5.015264337522452
 10
123.0938680555555
 20
30.62830777777778
 30
0.0
 10
123.0938680555555
 20
30.62830777777778
 30
0.0
 10
122.0387097222222
 20
29.13217722222222
 30
0.0
 10
121.9872041666667
 20
29.04751055555556
 30
0.0
 10
121.8154013888889
 20
28.96884111111111
 30
0.0
 10
121.6714680555556
 20
28.98542166666667
 30
0.0
 10
121.5190680555556
 20
29.09231333333333
 30
0.0
 10
121.2841180555556
 20
29.25670777777778
 30
0.0
 10
121.1726402777778
 20
29.60207722222222
 30
0.0
 10
121.4255819444444
 20
29.96332166666667
 30
0.0
 10
121.6383069444445
 20
30.27200222222222
 30
0.0
 10
121.9692125
 20
30.35137722222222
 30
0.0
 10
122.2302680555556
 20
30.16828555555555
 30
0.0
 10
122.3999541666667
 20
30.04975222222222
 30
0.0
 10
122.4708625
 20
29.891355
 30
0.0
 10
122.4638069444444
 20
29.72837166666666
 30
0.0
  0
SPLINE
  5
148
330
1F
100
AcDbEntity
  8
DEFAULT
 62
     1
100
AcDbSpline
210
0.0
220
0.0
230
1.0
 70
    11
 71
     3
 72
   188
 73
   184
 74
     0
 42
0.000000001
 43
0.0000000001
 40
1.0
 40
1.0
 40
1.0
 40
1.0
 40
2.0
 40
2.0
 40
2.0
 40
3.0
 40
3.0
 40
3.0
 40
4.0
 40
4.0
 40
4.0
 40
5.0
 40
5.0
 40
5.0
 40
6.0
 40
6.0
 40
6.0
 40
15.92000000000002
 40
15.92000000000002
 40
15.92000000000002
 40
24.43000000000006
 40
24.43000000000006
 40
24.43000000000006
 40
34.35000000000008
 40
34.35000000000008
 40
34.35000000000008
 40
35.35000000000008
 40
35.35000000000008
 40
35.35000000000008
 40
36.35000000000008
 40
36.35000000000008
 40
36.35000000000008
 40
37.35000000000008
 40
37.35000000000008
 40
37.35000000000008
 40
38.35000000000008
 40
38.35000000000008
 40
38.35000000000008
 40
39.35000000000008
 40
39.35000000000008
 40
39.35000000000008
 40
40.35000000000008
 40
40.35000000000008
 40
40.35000000000008
 40
41.35000000000008
 40
41.35000000000008
 40
41.35000000000008
 40
51.2700000000001
 40
51.2700000000001
 40
51.2700000000001
 40
59.7700000000001
 40
59.7700000000001
 40
59.7700000000001
 40
69.69000000000011
 40
69.69000000000011
 40
69.69000000000011
 40
70.69000000000011
 40
70.69000000000011
 40
70.69000000000011
 40
71.69000000000011
 40
71.69000000000011
 40
71.69000000000011
 40
72.69000000000011
 40
72.69000000000011
 40
72.69000000000011
 40
73.69000000000011
 40
73.69000000000011
 40
73.69000000000011
 40
93.53000000000014
 40
93.53000000000014
 40
93.53000000000014
 40
94.53000000000014
 40
94.53000000000014
 40
94.53000000000014
 40
95.53000000000014
 40
95.53000000000014
 40
95.53000000000014
 40
96.53000000000014
 40
96.53000000000014
 40
96.53000000000014
 40
106.4500000000002
 40
106.4500000000002
 40
106.4500000000002
 40
114.9600000000002
 40
114.9600000000002
 40
114.9600000000002
 40
124.8800000000002
 40
124.8800000000002
 40
124.8800000000002
 40
125.8800000000002
 40
125.8800000000002
 40
125.8800000000002
 40
126.8800000000002
 40
126.8800000000002
 40
126.8800000000002
 40
127.8800000000002
 40
127.8800000000002
 40
127.8800000000002
 40
128.8800000000002
 40
128.8800000000002
 40
128.8800000000002
 40
129.8800000000002
 40
129.8800000000002
 40
129.8800000000002
 40
130.8800000000002
 40
130.8800000000002
 40
130.8800000000002
 40
131.8800000000002
 40
131.8800000000002
 40
131.8800000000002
 40
132.8800000000002
 40
132.8800000000002
 40
132.8800000000002
 40
141.3899354874172
 40
141.3899354874172
 40
141.3899354874172
 40
142.3899354874172
 40
142.3899354874172
 40
142.3899354874172
 40
143.3899354874172
 40
143.3899354874172
 40
143.3899354874172
 40
144.3899354874172
 40
144.3899354874172
 40
144.3899354874172
 40
145.3899354874172
 40
145.3899354874172
 40
145.3899354874172
 40
146.3899354874172
 40
146.3899354874172
 40
146.3899354874172
 40
147.3899354874172
 40
147.3899354874172
 40
147.3899354874172
 40
148.3899354874172
 40
148.3899354874172
 40
148.3899354874172
 40
156.9025437833509
 40
156.9025437833509
 40
156.9025437833509
 40
157.9025437833509
 40
157.9025437833509
 40
157.9025437833509
 40
158.9025437833509
 40
158.9025437833509
 40
158.9025437833509
 40
159.9025437833509
 40
159.9025437833509
 40
159.9025437833509
 40
160.9025437833509
 40
160.9025437833509
 40
160.9025437833509
 40
180.7495208831513
 40
180.7495208831513
 40
180.7495208831513
 40
181.7495208831513
 40
181.7495208831513
 40
181.7495208831513
 40
182.7495208831513
 40
182.7495208831513
 40
182.7495208831513
 40
183.7495208831513
 40
183.7495208831513
 40
183.7495208831513
 40
184.7495208831513
 40
184.7495208831513
 40
184.7495208831513
 40
185.7495208831513
 40
185.7495208831513
 40
185.7495208831513
 40
194.2574759841142
 40
194.2574759841142
 40
194.2574759841142
 40
195.2574759841142
 40
195.2574759841142
 40
195.2574759841142
 40
196.2574759841142
 40
196.2574759841142
 40
196.2574759841142
 40
197.2574759841142
 40
197.2574759841142
 40
197.2574759841142
 40
198.2574759841142
 40
198.2574759841142
 40
198.2574759841142
 40
198.2574759841142
 10
143.7321794444444
 20
62.86574083333333
 30
0.0
 10
143.4287905555555
 20
64.59082416666666
 30
0.0
 10
142.8220127777778
 20
68.03746305555555
 30
0.0
 10
142.5186238888889
 20
69.7590186111111
 30
0.0
 10
141.3085961111111
 20
76.65582416666666
 30
0.0
 10
132.848985
 20
78.04224083333332
 30
0.0
 10
132.848985
 20
82.85765749999999
 30
0.0
 10
132.848985
 20
84.51571305555555
 30
0.0
 10
130.5100683333333
 20
85.85979638888888
 30
0.0
 10
128.8520127777778
 20
85.85979638888888
 30
0.0
 10
128.7955683333333
 20
85.85979638888888
 30
0.0
 10
128.7497072222222
 20
85.07662972222222
 30
0.0
 10
128.7497072222222
 20
84.1100186111111
 30
0.0
 10
128.7497072222222
 20
83.1434075
 30
0.0
 10
128.8520127777778
 20
82.53310194444444
 30
0.0
 10
128.8520127777778
 20
82.36024083333334
 30
0.0
 10
128.8520127777778
 20
81.19372231481482
 30
0.0
 10
128.8520127777778
 20
80.02720379629629
 30
0.0
 10
128.8520127777778
 20
78.86068527777778
 30
0.0
 10
127.8512998148148
 20
78.86068527777778
 30
0.0
 10
126.8505868518518
 20
78.86068527777778
 30
0.0
 10
125.8498738888889
 20
78.86068527777778
 30
0.0
 10
125.8498738888889
 20
80.02720379629629
 30
0.0
 10
125.8498738888889
 20
81.19372231481482
 30
0.0
 10
125.8498738888889
 20
82.36024083333334
 30
0.0
 10
125.8498738888889
 20
82.53310194444444
 30
0.0
 10
125.9521794444444
 20
83.1434075
 30
0.0
 10
125.9521794444444
 20
84.1100186111111
 30
0.0
 10
125.9521794444444
 20
85.07662972222222
 30
0.0
 10
125.9063183333333
 20
85.85979638888888
 30
0.0
 10
125.8498738888889
 20
85.85979638888888
 30
0.0
 10
124.1918183333333
 20
85.85979638888888
 30
0.0
 10
121.8529016666666
 20
84.51571305555555
 30
0.0
 10
121.8529016666666
 20
82.85765749999999
 30
0.0
 10
121.8529016666666
 20
78.43735194444444
 30
0.0
 10
116.5894572222222
 20
75.85854638888888
 30
0.0
 10
108.8495127777778
 20
75.85854638888888
 30
0.0
 10
107.1914572222222
 20
75.85854638888888
 30
0.0
 10
105.8509016666667
 20
73.51610194444444
 30
0.0
 10
105.8509016666667
 20
71.85804638888888
 30
0.0
 10
105.8509016666667
 20
71.80512972222222
 30
0.0
 10
106.6340683333333
 20
71.75926861111111
 30
0.0
 10
107.6006794444444
 20
71.75926861111111
 30
0.0
 10
108.5672905555555
 20
71.75926861111111
 30
0.0
 10
109.1740683333333
 20
71.85804638888888
 30
0.0
 10
109.3504572222222
 20
71.85804638888888
 30
0.0
 10
110.5169757407407
 20
71.85804638888888
 30
0.0
 10
111.6834942592592
 20
71.85804638888888
 30
0.0
 10
112.8500127777778
 20
71.85804638888888
 30
0.0
 10
112.8500127777778
 20
70.85850935185185
 30
0.0
 10
112.8500127777778
 20
69.85897231481482
 30
0.0
 10
112.8500127777778
 20
68.85943527777778
 30
0.0
 10
111.6834942592592
 20
68.85943527777778
 30
0.0
 10
110.5169757407407
 20
68.85943527777778
 30
0.0
 10
109.3504572222222
 20
68.85943527777778
 30
0.0
 10
109.1740683333333
 20
68.85943527777778
 30
0.0
 10
108.5672905555555
 20
68.95821305555555
 30
0.0
 10
107.6006794444444
 20
68.95821305555555
 30
0.0
 10
106.6340683333333
 20
68.95821305555555
 30
0.0
 10
105.8509016666667
 20
68.91587972222221
 30
0.0
 10
105.8509016666667
 20
68.85943527777778
 30
0.0
 10
105.8509016666667
 20
67.20137972222221
 30
0.0
 10
107.1914572222222
 20
64.35799083333332
 30
0.0
 10
108.8495127777778
 20
64.35799083333332
 30
0.0
 10
122.8512627777777
 20
64.35799083333332
 30
0.0
 10
118.6320405555555
 20
41.19812972222222
 30
0.0
 10
101.8504016666666
 20
41.19812972222222
 30
0.0
 10
99.5173646296296
 20
41.19812972222222
 30
0.0
 10
97.18432759259257
 20
41.19812972222222
 30
0.0
 10
94.85129055555552
 20
41.19812972222222
 30
0.0
 10
93.193235
 20
41.19812972222222
 30
0.0
 10
91.84915166666664
 20
38.35826861111111
 30
0.0
 10
91.84915166666664
 20
36.70021305555556
 30
0.0
 10
91.84915166666664
 20
36.64376861111111
 30
0.0
 10
92.63231833333332
 20
36.60143527777778
 30
0.0
 10
93.59892944444444
 20
36.60143527777778
 30
0.0
 10
94.56554055555554
 20
36.60143527777778
 30
0.0
 10
95.17584611111108
 20
36.70021305555556
 30
0.0
 10
95.3487072222222
 20
36.70021305555556
 30
0.0
 10
96.51522574074072
 20
36.70021305555556
 30
0.0
 10
97.68174425925925
 20
36.70021305555556
 30
0.0
 10
98.84826277777776
 20
36.70021305555556
 30
0.0
 10
98.84826277777775
 20
35.69950009259259
 30
0.0
 10
98.84826277777775
 20
34.69878712962963
 30
0.0
 10
98.84826277777776
 20
33.69807416666666
 30
0.0
 10
97.68174425925925
 20
33.69807416666666
 30
0.0
 10
96.51522574074072
 20
33.69807416666666
 30
0.0
 10
95.3487072222222
 20
33.69807416666666
 30
0.0
 10
95.17584611111108
 20
33.70160194444445
 30
0.0
 10
94.56554055555554
 20
33.80037972222222
 30
0.0
 10
93.59892944444444
 20
33.80037972222222
 30
0.0
 10
92.63231833333332
 20
33.80037972222222
 30
0.0
 10
91.84915166666664
 20
33.75451861111111
 30
0.0
 10
91.84915166666664
 20
33.70160194444445
 30
0.0
 10
91.84915166666664
 20
32.04001861111111
 30
0.0
 10
93.193235
 20
30.69946305555555
 30
0.0
 10
94.85129055555552
 20
30.69946305555555
 30
0.0
 10
114.4092905555555
 20
30.69946305555555
 30
0.0
 10
107.0454072222222
 20
27.5904325
 30
0.0
 10
109.2721405555555
 20
26.17332416666667
 30
0.0
 10
110.9841711111111
 20
25.08394638888889
 30
0.0
 10
110.4758183333333
 20
26.00716583333333
 30
0.0
 10
115.2743016666667
 20
22.93482416666667
 30
0.0
 10
115.3219266666667
 20
22.90448527777778
 30
0.0
 10
115.8073488888889
 20
23.51761305555555
 30
0.0
 10
116.3615627777778
 20
24.30959916666667
 30
0.0
 10
116.9161294444444
 20
25.1012325
 30
0.0
 10
117.1824766666666
 20
25.6600325
 30
0.0
 10
117.2816072222222
 20
25.80149638888889
 30
0.0
 10
117.7832572222222
 20
26.51834083333333
 30
0.0
 10
119.2889127777778
 20
28.66816861111111
 30
0.0
 10
119.2889127777778
 20
28.66816861111111
 30
0.0
 10
120.1086507407407
 20
28.09419916666667
 30
0.0
 10
120.9283887037037
 20
27.52022972222222
 30
0.0
 10
121.7481266666666
 20
26.94626027777778
 30
0.0
 10
121.7481266666666
 20
26.94626027777778
 30
0.0
 10
120.2424711111111
 20
24.79607972222222
 30
0.0
 10
119.7408211111111
 20
24.07958805555556
 30
0.0
 10
119.6416905555555
 20
23.93812416666666
 30
0.0
 10
119.2077738888889
 20
23.49679916666667
 30
0.0
 10
118.6532072222222
 20
22.70481305555556
 30
0.0
 10
118.0989933333333
 20
21.91317972222222
 30
0.0
 10
117.6869488888889
 20
21.24501861111111
 30
0.0
 10
117.7335155555555
 20
21.21291583333333
 30
0.0
 10
122.0550433333333
 20
18.20477972222222
 30
0.0
 10
127.4444294444444
 20
29.50707416666666
 30
0.0
 10
131.5542905555555
 20
27.1364075
 30
0.0
 10
131.6036794444444
 20
27.10818527777778
 30
0.0
 10
132.0340683333333
 20
27.76435194444444
 30
0.0
 10
132.5173738888889
 20
28.60396305555555
 30
0.0
 10
133.0006794444444
 20
29.44004638888889
 30
0.0
 10
133.2158738888889
 20
30.01507416666666
 30
0.0
 10
133.3040683333333
 20
30.16676861111111
 30
0.0
 10
133.7415127777778
 20
30.92524083333333
 30
0.0
 10
135.0538461111111
 20
33.2006575
 30
0.0
 10
135.0538461111111
 20
33.2006575
 30
0.0
 10
135.9205035185185
 20
32.69971305555556
 30
0.0
 10
136.7871609259259
 20
32.19876861111111
 30
0.0
 10
137.6538183333333
 20
31.69782416666667
 30
0.0
 10
137.6538183333333
 20
31.69782416666667
 30
0.0
 10
136.341485
 20
29.42593527777778
 30
0.0
 10
135.9040405555555
 20
28.66746305555555
 30
0.0
 10
135.8158461111111
 20
28.51576861111111
 30
0.0
 10
135.4242627777778
 20
28.03951861111111
 30
0.0
 10
134.9409572222222
 20
27.20343527777777
 30
0.0
 10
134.4576516666666
 20
26.36382416666666
 30
0.0
 10
134.1048738888889
 20
25.66532416666667
 30
0.0
 10
134.1542627777777
 20
25.63710194444444
 30
0.0
 10
135.5900683333333
 20
24.80807416666667
 30
0.0
 10
137.420985
 20
25.29843527777778
 30
0.0
 10
138.2500127777778
 20
26.73424083333333
 30
0.0
 10
139.4165312962963
 20
28.7556575
 30
0.0
 10
140.5830498148148
 20
30.77707416666667
 30
0.0
 10
141.7495683333333
 20
32.79849083333333
 30
0.0
 10
142.723235
 20
34.48829638888888
 30
0.0
 10
141.6260961111111
 20
38.82746305555555
 30
0.0
 10
140.500735
 20
41.37804638888889
 30
0.0
 10
138.5110683333333
 20
45.87949083333333
 30
0.0
 10
137.3433738888889
 20
58.6959075
 30
0.0
 10
138.3452627777777
 20
58.87229638888888
 30
0.0
 10
138.3981794444444
 20
58.87935194444444
 30
0.0
 10
138.3064572222222
 20
59.65899083333333
 30
0.0
 10
138.1406516666667
 20
60.61149083333333
 30
0.0
 10
137.9713183333333
 20
61.56399083333333
 30
0.0
 10
137.7667072222222
 20
62.14607416666666
 30
0.0
 10
137.738485
 20
62.31893527777778
 30
0.0
 10
137.5867905555555
 20
63.18324083333333
 30
0.0
 10
137.1281794444444
 20
65.76557416666667
 30
0.0
 10
137.1281794444444
 20
65.76557416666667
 30
0.0
 10
138.1136053703704
 20
65.93843527777778
 30
0.0
 10
139.0990312962963
 20
66.1112963888889
 30
0.0
 10
140.0844572222222
 20
66.2841575
 30
0.0
 10
140.0844572222222
 20
66.2841575
 30
0.0
 10
140.5395405555555
 20
63.70182416666666
 30
0.0
 10
140.691235
 20
62.8375186111111
 30
0.0
 10
140.722985
 20
62.6646575
 30
0.0
 10
140.7300405555555
 20
62.05082416666666
 30
0.0
 10
140.8958461111111
 20
61.09832416666666
 30
0.0
 10
141.0651794444444
 20
60.15287972222222
 30
0.0
 10
141.2415683333333
 20
59.39440749999999
 30
0.0
 10
141.3015405555555
 20
59.39440749999999
 30
0.0
 10
142.9349016666666
 20
59.68015749999999
 30
0.0
 10
144.0214572222222
 20
61.23237972222222
 30
0.0
 10
143.7321794444444
 20
62.86574083333333
 30
0.0
  0
SPLINE
  5
149
330
1F
100
AcDbEntity
  8
DEFAULT
 62
     1
100
AcDbSpline
210
0.0
220
0.0
230
1.0
 70
    11
 71
     3
 72
    20
 73
    16
 74
     0
 42
0.000000001
 43
0.0000000001
 40
1.0
 40
1.0
 40
1.0
 40
1.0
 40
2.0
 40
2.0
 40
2.0
 40
3.0
 40
3.0
 40
3.0
 40
4.0
 40
4.0
 40
4.0
 40
5.0
 40
5.0
 40
5.0
 40
6.0
 40
6.0
 40
6.0
 40
6.0
 10
131.5888627777778
 20
41.52409638888889
 30
0.0
 10
129.9703183333333
 20
38.79218527777778
 30
0.0
 10
129.6284766666666
 20
39.29559916666667
 30
0.0
 10
127.1184627777778
 20
40.69930194444444
 30
0.0
 10
122.2212016666667
 20
43.43862138888889
 30
0.0
 10
121.7481266666666
 20
33.2909686111111
 30
0.0
 10
116.6804738888889
 20
37.46221305555556
 30
0.0
 10
113.1167127777777
 20
40.39556027777778
 30
0.0
 10
120.5197544444444
 20
38.7696075
 30
0.0
 10
123.5180127777778
 20
54.97762972222223
 30
0.0
 10
124.5985711111111
 20
60.81821861111111
 30
0.0
 10
128.4110405555555
 20
68.42199083333333
 30
0.0
 10
129.7621794444444
 20
64.93654638888889
 30
0.0
 10
131.610735
 20
60.17051861111111
 30
0.0
 10
135.1790822222222
 20
47.58376027777778
 30
0.0
 10
131.5888627777778
 20
41.52409638888889
 30
0.0
  0
SPLINE
  5
14A
330
1F
100
AcDbEntity
  8
DEFAULT
 62
   250
100
AcDbSpline
210
0.0
220
0.0
230
1.0
 70
     8
 71
     3
 72
    17
 73
    13
 74
     0
 42
0.000000001
 43
0.0000000001
 40
0.0
 40
0.0
 40
0.0
 40
0.0
 40
2.363000000000056
 40
2.363000000000056
 40
2.363000000000056
 40
3.363000000000056
 40
3.363000000000056
 40
3.363000000000056
 40
4.363000000000056
 40
4.363000000000056
 40
4.363000000000056
 40
5.363000000000056
 40
5.363000000000056
 40
5.363000000000056
 40
5.363000000000056
 10
186.0470977777778
 20
70.76775138888888
 30
0.0
 10
185.7692264814815
 20
70.76775138888888
 30
0.0
 10
185.4913551851852
 20
70.76775138888888
 30
0.0
 10
185.2134838888889
 20
70.76775138888888
 30
0.0
 10
184.9795922222222
 20
70.76775138888888
 30
0.0
 10
184.7820366666666
 20
70.66756249999999
 30
0.0
 10
184.7820366666666
 20
70.38040138888887
 30
0.0
 10
184.7820366666666
 20
70.1831986111111
 30
0.0
 10
184.9016283333333
 20
70.02727083333333
 30
0.0
 10
185.0455616666666
 20
69.97188472222221
 30
0.0
 10
185.081545
 20
69.9545986111111
 30
0.0
 10
185.1203505555556
 20
69.95107083333332
 30
0.0
 10
185.1715033333333
 20
69.95107083333332
 30
0.0
  0
POLYLINE
  5
14B
330
1F
100
AcDbEntity
  8
DEFAULT
 62
   250
100
AcDb2dPolyline
 66
     1
 10
0.0
 20
0.0
 30
0.0
  0
VERTEX
  5
14C
330
14B
100
AcDbEntity
  8
DEFAULT
 62
   250
100
AcDbVertex
100
AcDb2dVertex
 10
186.0470977777778
 20
69.95121194444444
 30
0.0
  0
VERTEX
  5
14D
330
14B
100
AcDbEntity
  8
DEFAULT
 62
   250
100
AcDbVertex
100
AcDb2dVertex
 10
183.9184366666667
 20
69.95121194444444
 30
0.0
  0
SEQEND
  5
14E
330
14B
100
AcDbEntity
  8
DEFAULT
 62
   250
  0
SPLINE
  5
14F
330
1F
100
AcDbEntity
  8
DEFAULT
 62
   250
100
AcDbSpline
210
0.0
220
0.0
230
1.0
 70
     8
 71
     3
 72
    17
 73
    13
 74
     0
 42
0.000000001
 43
0.0000000001
 40
0.0
 40
0.0
 40
0.0
 40
0.0
 40
2.363000000000056
 40
2.363000000000056
 40
2.363000000000056
 40
3.363000000000056
 40
3.363000000000056
 40
3.363000000000056
 40
4.363000000000056
 40
4.363000000000056
 40
4.363000000000056
 40
5.363000000000056
 40
5.363000000000056
 40
5.363000000000056
 40
5.363000000000056
 10
200.0488125
 20
35.60635499999999
 30
0.0
 10
199.7709412037036
 20
35.60635499999999
 30
0.0
 10
199.4930699074074
 20
35.60635499999999
 30
0.0
 10
199.2151986111111
 20
35.60635499999999
 30
0.0
 10
198.9813069444444
 20
35.60635499999999
 30
0.0
 10
198.7837513888889
 20
35.50616611111111
 30
0.0
 10
198.7837513888889
 20
35.219005
 30
0.0
 10
198.7837513888889
 20
35.02180222222222
 30
0.0
 10
198.9033430555556
 20
34.86587444444444
 30
0.0
 10
199.0472763888889
 20
34.81048833333333
 30
0.0
 10
199.0832597222222
 20
34.79320222222221
 30
0.0
 10
199.1224180555556
 20
34.78967444444444
 30
0.0
 10
199.1732180555555
 20
34.78967444444444
 30
0.0
  0
POLYLINE
  5
150
330
1F
100
AcDbEntity
  8
DEFAULT
 62
   250
100
AcDb2dPolyline
 66
     1
 10
0.0
 20
0.0
 30
0.0
  0
VERTEX
  5
151
330
150
100
AcDbEntity
  8
DEFAULT
 62
   250
100
AcDbVertex
100
AcDb2dVertex
 10
200.0488125
 20
34.78981555555555
 30
0.0
  0
VERTEX
  5
152
330
150
100
AcDbEntity
  8
DEFAULT
 62
   250
100
AcDbVertex
100
AcDb2dVertex
 10
197.9201513888889
 20
34.78981555555555
 30
0.0
  0
SEQEND
  5
153
330
150
100
AcDbEntity
  8
DEFAULT
 62
   250
  0
SPLINE
  5
154
330
1F
100
AcDbEntity
  8
DEFAULT
 62
   250
100
AcDbSpline
210
0.0
220
0.0
230
1.0
 70
     8
 71
     3
 72
    29
 73
    25
 74
     0
 42
0.000000001
 43
0.0000000001
 40
0.0
 40
0.0
 40
0.0
 40
0.0
 40
1.0
 40
1.0
 40
1.0
 40
2.0
 40
2.0
 40
2.0
 40
3.0
 40
3.0
 40
3.0
 40
4.0
 40
4.0
 40
4.0
 40
5.0
 40
5.0
 40
5.0
 40
6.0
 40
6.0
 40
6.0
 40
7.0
 40
7.0
 40
7.0
 40
8.0
 40
8.0
 40
8.0
 40
8.0
 10
172.6337811111111
 20
76.08312472222221
 30
0.0
 10
172.7113922222222
 20
76.19566083333332
 30
0.0
 10
172.9410505555555
 20
76.28561916666666
 30
0.0
 10
173.1565977777778
 20
76.28561916666666
 30
0.0
 10
173.5012616666666
 20
76.28561916666666
 30
0.0
 10
173.7485588888889
 20
76.03126638888888
 30
0.0
 10
173.7485588888889
 20
75.69683305555554
 30
0.0
 10
173.7485588888889
 20
75.28761083333333
 30
0.0
 10
173.4409366666667
 20
75.05548305555554
 30
0.0
 10
173.1220255555556
 20
75.05548305555554
 30
0.0
 10
172.8807255555555
 20
75.05548305555554
 30
0.0
 10
172.6877561111111
 20
75.16519694444443
 30
0.0
 10
172.6274311111111
 20
75.26503305555555
 30
0.0
 10
172.6327227777778
 20
75.37016083333333
 30
0.0
 10
172.6337811111111
 20
76.4150886111111
 30
0.0
 10
172.6337811111111
 20
76.4150886111111
 30
0.0
 10
172.6337811111111
 20
76.74775805555555
 30
0.0
 10
172.6919894444444
 20
76.9516636111111
 30
0.0
 10
172.8158144444444
 20
77.0772525
 30
0.0
 10
172.9399922222222
 20
77.20954416666666
 30
0.0
 10
173.1192033333333
 20
77.25152472222221
 30
0.0
 10
173.28007
 20
77.25152472222221
 30
0.0
 10
173.4331755555556
 20
77.25152472222221
 30
0.0
 10
173.6021561111111
 20
77.20954416666666
 30
0.0
 10
173.7048144444444
 20
77.13158027777777
 30
0.0
  0
SPLINE
  5
155
330
1F
100
AcDbEntity
  8
DEFAULT
 62
   250
100
AcDbSpline
210
0.0
220
0.0
230
1.0
 70
     8
 71
     3
 72
    11
 73
     7
 74
     0
 42
0.000000001
 43
0.0000000001
 40
0.0
 40
0.0
 40
0.0
 40
0.0
 40
4.112921346196632
 40
4.112921346196632
 40
4.112921346196632
 40
5.112921346196632
 40
5.112921346196632
 40
5.112921346196632
 40
5.112921346196632
 10
162.0451208333333
 20
67.6425988888889
 30
0.0
 10
162.1287291666667
 20
68.11896648148148
 30
0.0
 10
162.2123375
 20
68.59533407407407
 30
0.0
 10
162.2959458333333
 20
69.07170166666667
 30
0.0
 10
162.4035430555556
 20
69.68588777777776
 30
0.0
 10
162.7612597222222
 20
69.87603499999999
 30
0.0
 10
163.1464930555556
 20
69.60157388888888
 30
0.0
  0
POLYLINE
  5
156
330
1F
100
AcDbEntity
  8
DEFAULT
 62
   250
100
AcDb2dPolyline
 66
     1
 10
0.0
 20
0.0
 30
0.0
  0
VERTEX
  5
157
330
156
100
AcDbEntity
  8
DEFAULT
 62
   250
100
AcDbVertex
100
AcDb2dVertex
 10
161.8940261111111
 20
69.14232777777778
 30
0.0
  0
VERTEX
  5
158
330
156
100
AcDbEntity
  8
DEFAULT
 62
   250
100
AcDbVertex
100
AcDb2dVertex
 10
162.8976788888889
 20
68.96629166666666
 30
0.0
  0
SEQEND
  5
159
330
156
100
AcDbEntity
  8
DEFAULT
 62
   250
  0
SPLINE
  5
15A
330
1F
100
AcDbEntity
  8
DEFAULT
 62
   250
100
AcDbSpline
210
0.0
220
0.0
230
1.0
 70
     8
 71
     3
 72
    23
 73
    19
 74
     0
 42
0.000000001
 43
0.0000000001
 40
0.0
 40
0.0
 40
0.0
 40
0.0
 40
1.0
 40
1.0
 40
1.0
 40
2.0
 40
2.0
 40
2.0
 40
3.0
 40
3.0
 40
3.0
 40
6.61247449817985
 40
6.61247449817985
 40
6.61247449817985
 40
7.61247449817985
 40
7.61247449817985
 40
7.61247449817985
 40
8.61247449817985
 40
8.61247449817985
 40
8.61247449817985
 40
8.61247449817985
 10
162.2883611111111
 20
34.45019638888888
 30
0.0
 10
162.0696388888889
 20
34.82907972222222
 30
0.0
 10
162.1200861111111
 20
35.25664638888889
 30
0.0
 10
162.4862694444444
 20
35.46831305555555
 30
0.0
 10
162.8961972222222
 20
35.70537972222222
 30
0.0
 10
163.21405
 20
35.40763527777777
 30
0.0
 10
163.3474
 20
35.17621305555555
 30
0.0
 10
163.3745638888889
 20
35.12964638888889
 30
0.0
 10
163.3795027777778
 20
35.1151825
 30
0.0
 10
163.3904388888889
 20
35.09013527777777
 30
0.0
 10
163.0230796296296
 20
34.8768223148148
 30
0.0
 10
162.6557203703703
 20
34.66350935185184
 30
0.0
 10
162.2883611111111
 20
34.45019638888888
 30
0.0
 10
162.5074361111111
 20
34.07096027777777
 30
0.0
 10
162.8856138888889
 20
33.95031027777777
 30
0.0
 10
163.2726111111111
 20
34.1736186111111
 30
0.0
 10
163.4722833333333
 20
34.28932972222222
 30
0.0
 10
163.5858777777778
 20
34.4103325
 30
0.0
 10
163.6454972222222
 20
34.49323527777778
 30
0.0
  0
SPLINE
  5
15B
330
1F
100
AcDbEntity
  8
DEFAULT
 62
   250
100
AcDbSpline
210
0.0
220
0.0
230
1.0
 70
     8
 71
     3
 72
    20
 73
    16
 74
     0
 42
0.000000001
 43
0.0000000001
 40
0.0
 40
0.0
 40
0.0
 40
0.0
 40
1.003
 40
1.003
 40
1.003
 40
2.006
 40
2.006
 40
2.006
 40
3.009
 40
3.009
 40
3.009
 40
4.012
 40
4.012
 40
4.012
 40
5.015000000000001
 40
5.015000000000001
 40
5.015000000000001
 40
5.015000000000001
 10
178.2534605555555
 20
31.19345777777777
 30
0.0
 10
178.2534605555555
 20
31.19345777777777
 30
0.0
 10
179.2987411111111
 20
29.69027166666666
 30
0.0
 10
179.3601244444444
 20
29.61266055555555
 30
0.0
 10
179.3756466666666
 20
29.42427722222222
 30
0.0
 10
179.3107355555555
 20
29.29480777777777
 30
0.0
 10
179.1583355555555
 20
29.18826888888889
 30
0.0
 10
178.9233855555555
 20
29.02387444444444
 30
0.0
 10
178.56073
 20
29.03692722222222
 30
0.0
 10
178.3077883333333
 20
29.39852444444444
 30
0.0
 10
178.0904772222222
 20
29.70367722222222
 30
0.0
 10
178.1292827777778
 20
30.04199111111111
 30
0.0
 10
178.3903383333333
 20
30.22473
 30
0.0
 10
178.5600244444444
 20
30.3436161111111
 30
0.0
 10
178.7328855555555
 20
30.35596333333333
 30
0.0
 10
178.8835216666666
 20
30.29352166666666
 30
0.0
  0
SPLINE
  5
15C
330
1F
100
AcDbEntity
  8
DEFAULT
 62
     1
100
AcDbSpline
210
0.0
220
0.0
230
1.0
 70
    11
 71
     3
 72
   188
 73
   184
 74
     0
 42
0.000000001
 43
0.0000000001
 40
1.0
 40
1.0
 40
1.0
 40
1.0
 40
2.0
 40
2.0
 40
2.0
 40
3.0
 40
3.0
 40
3.0
 40
4.0
 40
4.0
 40
4.0
 40
12.50795510096286
 40
12.50795510096286
 40
12.50795510096286
 40
13.50795510096286
 40
13.50795510096286
 40
13.50795510096286
 40
14.50795510096286
 40
14.50795510096286
 40
14.50795510096286
 40
15.50795510096286
 40
15.50795510096286
 40
15.50795510096286
 40
16.50795510096286
 40
16.50795510096286
 40
16.50795510096286
 40
17.50795510096286
 40
17.50795510096286
 40
17.50795510096286
 40
37.35493220076324
 40
37.35493220076324
 40
37.35493220076324
 40
38.35493220076324
 40
38.35493220076324
 40
38.35493220076324
 40
39.35493220076324
 40
39.35493220076324
 40
39.35493220076324
 40
40.35493220076324
 40
40.35493220076324
 40
40.35493220076324
 40
41.35493220076324
 40
41.35493220076324
 40
41.35493220076324
 40
49.86754049669699
 40
49.86754049669699
 40
49.86754049669699
 40
50.86754049669699
 40
50.86754049669699
 40
50.86754049669699
 40
51.86754049669699
 40
51.86754049669699
 40
51.86754049669699
 40
52.86754049669699
 40
52.86754049669699
 40
52.86754049669699
 40
53.86754049669699
 40
53.86754049669699
 40
53.86754049669699
 40
54.86754049669699
 40
54.86754049669699
 40
54.86754049669699
 40
55.86754049669699
 40
55.86754049669699
 40
55.86754049669699
 40
56.86754049669699
 40
56.86754049669699
 40
56.86754049669699
 40
65.37747598411403
 40
65.37747598411403
 40
65.37747598411403
 40
66.37747598411403
 40
66.37747598411403
 40
66.37747598411403
 40
67.37747598411403
 40
67.37747598411403
 40
67.37747598411403
 40
68.37747598411403
 40
68.37747598411403
 40
68.37747598411403
 40
69.37747598411403
 40
69.37747598411403
 40
69.37747598411403
 40
70.37747598411403
 40
70.37747598411403
 40
70.37747598411403
 40
71.37747598411403
 40
71.37747598411403
 40
71.37747598411403
 40
72.37747598411403
 40
72.37747598411403
 40
72.37747598411403
 40
73.37747598411403
 40
73.37747598411403
 40
73.37747598411403
 40
83.2974759841141
 40
83.2974759841141
 40
83.2974759841141
 40
91.80747598411409
 40
91.80747598411409
 40
91.80747598411409
 40
101.7274759841142
 40
101.7274759841142
 40
101.7274759841142
 40
102.7274759841142
 40
102.7274759841142
 40
102.7274759841142
 40
103.7274759841142
 40
103.7274759841142
 40
103.7274759841142
 40
104.7274759841142
 40
104.7274759841142
 40
104.7274759841142
 40
124.5674759841142
 40
124.5674759841142
 40
124.5674759841142
 40
125.5674759841142
 40
125.5674759841142
 40
125.5674759841142
 40
126.5674759841142
 40
126.5674759841142
 40
126.5674759841142
 40
127.5674759841142
 40
127.5674759841142
 40
127.5674759841142
 40
128.5674759841142
 40
128.5674759841142
 40
128.5674759841142
 40
138.4874759841142
 40
138.4874759841142
 40
138.4874759841142
 40
146.9874759841142
 40
146.9874759841142
 40
146.9874759841142
 40
156.9074759841141
 40
156.9074759841141
 40
156.9074759841141
 40
157.9074759841141
 40
157.9074759841141
 40
157.9074759841141
 40
158.9074759841141
 40
158.9074759841141
 40
158.9074759841141
 40
159.9074759841141
 40
159.9074759841141
 40
159.9074759841141
 40
160.9074759841141
 40
160.9074759841141
 40
160.9074759841141
 40
161.9074759841141
 40
161.9074759841141
 40
161.9074759841141
 40
162.9074759841141
 40
162.9074759841141
 40
162.9074759841141
 40
163.9074759841141
 40
163.9074759841141
 40
163.9074759841141
 40
173.8274759841141
 40
173.8274759841141
 40
173.8274759841141
 40
182.3374759841141
 40
182.3374759841141
 40
182.3374759841141
 40
192.2574759841141
 40
192.2574759841141
 40
192.2574759841141
 40
193.2574759841141
 40
193.2574759841141
 40
193.2574759841141
 40
194.2574759841141
 40
194.2574759841141
 40
194.2574759841141
 40
195.2574759841141
 40
195.2574759841141
 40
195.2574759841141
 40
196.2574759841141
 40
196.2574759841141
 40
196.2574759841141
 40
197.2574759841141
 40
197.2574759841141
 40
197.2574759841141
 40
198.2574759841141
 40
198.2574759841141
 40
198.2574759841141
 40
198.2574759841141
 10
159.2385266666667
 20
59.39447805555555
 30
0.0
 10
159.2984988888889
 20
59.39447805555555
 30
0.0
 10
159.4748877777778
 20
60.15295027777778
 30
0.0
 10
159.6442211111111
 20
61.09839472222222
 30
0.0
 10
159.8100266666667
 20
62.05089472222222
 30
0.0
 10
159.8170822222222
 20
62.66472805555556
 30
0.0
 10
159.8488322222222
 20
62.83758916666667
 30
0.0
 10
160.0005266666666
 20
63.70189472222222
 30
0.0
 10
160.45561
 20
66.28422805555554
 30
0.0
 10
160.45561
 20
66.28422805555554
 30
0.0
 10
161.4410359259259
 20
66.11136694444444
 30
0.0
 10
162.4264618518519
 20
65.93850583333332
 30
0.0
 10
163.4118877777778
 20
65.76564472222222
 30
0.0
 10
163.4118877777778
 20
65.76564472222222
 30
0.0
 10
162.9532766666667
 20
63.18331138888889
 30
0.0
 10
162.8015822222222
 20
62.31900583333334
 30
0.0
 10
162.77336
 20
62.14614472222222
 30
0.0
 10
162.5687488888889
 20
61.56406138888889
 30
0.0
 10
162.3994155555555
 20
60.61156138888889
 30
0.0
 10
162.23361
 20
59.65906138888889
 30
0.0
 10
162.1418877777778
 20
58.8794225
 30
0.0
 10
162.1948044444444
 20
58.87236694444444
 30
0.0
 10
163.1966933333333
 20
58.69597805555556
 30
0.0
 10
162.0289988888889
 20
45.87956138888889
 30
0.0
 10
160.0393322222222
 20
41.37811694444444
 30
0.0
 10
158.9139711111111
 20
38.82753361111111
 30
0.0
 10
157.8168322222222
 20
34.48836694444444
 30
0.0
 10
158.7904988888889
 20
32.79856138888889
 30
0.0
 10
159.9570174074074
 20
30.77714472222222
 30
0.0
 10
161.1235359259259
 20
28.75572805555555
 30
0.0
 10
162.2900544444444
 20
26.73431138888889
 30
0.0
 10
163.1190822222222
 20
25.29850583333334
 30
0.0
 10
164.9499988888889
 20
24.80814472222222
 30
0.0
 10
166.3858044444444
 20
25.6371725
 30
0.0
 10
166.4351933333333
 20
25.66539472222223
 30
0.0
 10
166.0824155555555
 20
26.36389472222222
 30
0.0
 10
165.59911
 20
27.20350583333334
 30
0.0
 10
165.1158044444444
 20
28.03958916666667
 30
0.0
 10
164.7242211111111
 20
28.51583916666667
 30
0.0
 10
164.6360266666667
 20
28.66753361111111
 30
0.0
 10
164.1985822222222
 20
29.42600583333333
 30
0.0
 10
162.8862488888889
 20
31.69789472222222
 30
0.0
 10
162.8862488888889
 20
31.69789472222222
 30
0.0
 10
163.7529062962963
 20
32.19883916666667
 30
0.0
 10
164.6195637037037
 20
32.69978361111111
 30
0.0
 10
165.4862211111111
 20
33.20072805555556
 30
0.0
 10
165.4862211111111
 20
33.20072805555556
 30
0.0
 10
166.7985544444444
 20
30.92531138888889
 30
0.0
 10
167.2359988888889
 20
30.16683916666667
 30
0.0
 10
167.3241933333333
 20
30.01514472222222
 30
0.0
 10
167.5393877777778
 20
29.44011694444444
 30
0.0
 10
168.0226933333333
 20
28.60403361111111
 30
0.0
 10
168.5059988888889
 20
27.7644225
 30
0.0
 10
168.9363877777778
 20
27.10825583333333
 30
0.0
 10
168.9857766666667
 20
27.13647805555556
 30
0.0
 10
173.0956377777778
 20
29.50714472222222
 30
0.0
 10
178.4850238888889
 20
18.20449750000001
 30
0.0
 10
182.8065516666667
 20
21.21298638888889
 30
0.0
 10
182.8531183333333
 20
21.24508916666667
 30
0.0
 10
182.4414266666666
 20
21.91325027777778
 30
0.0
 10
181.88686
 20
22.70488361111111
 30
0.0
 10
181.3322933333333
 20
23.49686972222223
 30
0.0
 10
180.8987294444445
 20
23.93784194444445
 30
0.0
 10
180.7995988888889
 20
24.07965861111111
 30
0.0
 10
180.2975961111111
 20
24.79615027777778
 30
0.0
 10
178.7922933333333
 20
26.94633083333334
 30
0.0
 10
178.7922933333333
 20
26.94633083333334
 30
0.0
 10
179.6120312962963
 20
27.52030027777778
 30
0.0
 10
180.4317692592592
 20
28.09426972222222
 30
0.0
 10
181.2515072222222
 20
28.66823916666667
 30
0.0
 10
181.2515072222222
 20
28.66823916666667
 30
0.0
 10
182.75681
 20
26.51805861111111
 30
0.0
 10
183.2588127777778
 20
25.80156694444445
 30
0.0
 10
183.3579433333333
 20
25.66010305555556
 30
0.0
 10
183.6239377777778
 20
25.10130305555556
 30
0.0
 10
184.1785044444445
 20
24.30931694444445
 30
0.0
 10
184.7327183333333
 20
23.51768361111111
 30
0.0
 10
185.2184933333333
 20
22.90455583333334
 30
0.0
 10
185.2657655555556
 20
22.93489472222223
 30
0.0
 10
190.0642488888889
 20
26.00723638888889
 30
0.0
 10
189.5558961111111
 20
25.08366416666667
 30
0.0
 10
191.2679266666667
 20
26.17339472222223
 30
0.0
 10
193.4950127777778
 20
27.59050305555556
 30
0.0
 10
186.1307766666667
 20
30.69953361111111
 30
0.0
 10
205.6887766666667
 20
30.69953361111111
 30
0.0
 10
207.3468322222222
 20
30.69953361111111
 30
0.0
 10
208.6909155555555
 20
32.04008916666667
 30
0.0
 10
208.6909155555555
 20
33.7016725
 30
0.0
 10
208.6909155555555
 20
33.75458916666667
 30
0.0
 10
207.9077488888889
 20
33.80045027777778
 30
0.0
 10
206.9411377777778
 20
33.80045027777778
 30
0.0
 10
205.9745266666667
 20
33.80045027777778
 30
0.0
 10
205.3642211111111
 20
33.7016725
 30
0.0
 10
205.19136
 20
33.69814472222222
 30
0.0
 10
204.0248414814815
 20
33.69814472222222
 30
0.0
 10
202.8583229629629
 20
33.69814472222222
 30
0.0
 10
201.6918044444444
 20
33.69814472222222
 30
0.0
 10
201.6918044444444
 20
34.69885768518518
 30
0.0
 10
201.6918044444444
 20
35.69957064814815
 30
0.0
 10
201.6918044444444
 20
36.70028361111111
 30
0.0
 10
202.8583229629629
 20
36.70028361111111
 30
0.0
 10
204.0248414814815
 20
36.70028361111111
 30
0.0
 10
205.19136
 20
36.70028361111111
 30
0.0
 10
205.3642211111111
 20
36.70028361111111
 30
0.0
 10
205.9745266666667
 20
36.60150583333333
 30
0.0
 10
206.9411377777778
 20
36.60150583333333
 30
0.0
 10
207.9077488888889
 20
36.60150583333333
 30
0.0
 10
208.6909155555555
 20
36.64383916666667
 30
0.0
 10
208.6909155555555
 20
36.70028361111111
 30
0.0
 10
208.6909155555555
 20
38.35833916666667
 30
0.0
 10
207.3468322222222
 20
41.19820027777778
 30
0.0
 10
205.6887766666667
 20
41.19820027777778
 30
0.0
 10
203.3557396296296
 20
41.19820027777778
 30
0.0
 10
201.0227025925926
 20
41.19820027777778
 30
0.0
 10
198.6896655555555
 20
41.19820027777778
 30
0.0
 10
181.9080266666667
 20
41.19820027777778
 30
0.0
 10
177.6888044444444
 20
64.3580613888889
 30
0.0
 10
191.6905544444444
 20
64.3580613888889
 30
0.0
 10
193.34861
 20
64.3580613888889
 30
0.0
 10
194.6891655555555
 20
67.20145027777777
 30
0.0
 10
194.6891655555555
 20
68.85950583333333
 30
0.0
 10
194.6891655555555
 20
68.91595027777778
 30
0.0
 10
193.9059988888889
 20
68.95828361111111
 30
0.0
 10
192.9393877777778
 20
68.95828361111111
 30
0.0
 10
191.9727766666666
 20
68.95828361111111
 30
0.0
 10
191.3659988888889
 20
68.85950583333333
 30
0.0
 10
191.18961
 20
68.85950583333333
 30
0.0
 10
190.0230914814815
 20
68.85950583333333
 30
0.0
 10
188.8565729629629
 20
68.85950583333333
 30
0.0
 10
187.6900544444444
 20
68.85950583333333
 30
0.0
 10
187.6900544444444
 20
69.85904287037037
 30
0.0
 10
187.6900544444444
 20
70.8585799074074
 30
0.0
 10
187.6900544444444
 20
71.85811694444445
 30
0.0
 10
188.8565729629629
 20
71.85811694444445
 30
0.0
 10
190.0230914814815
 20
71.85811694444445
 30
0.0
 10
191.18961
 20
71.85811694444445
 30
0.0
 10
191.3659988888889
 20
71.85811694444445
 30
0.0
 10
191.9727766666666
 20
71.75933916666666
 30
0.0
 10
192.9393877777778
 20
71.75933916666666
 30
0.0
 10
193.9059988888889
 20
71.75933916666666
 30
0.0
 10
194.6891655555555
 20
71.80520027777777
 30
0.0
 10
194.6891655555555
 20
71.85811694444445
 30
0.0
 10
194.6891655555555
 20
73.5161725
 30
0.0
 10
193.34861
 20
75.85861694444445
 30
0.0
 10
191.6905544444444
 20
75.85861694444445
 30
0.0
 10
183.95061
 20
75.85861694444445
 30
0.0
 10
178.6871655555556
 20
78.4374225
 30
0.0
 10
178.6871655555556
 20
82.85772805555554
 30
0.0
 10
178.6871655555556
 20
84.5157836111111
 30
0.0
 10
176.3482488888889
 20
85.85986694444445
 30
0.0
 10
174.6901933333333
 20
85.85986694444445
 30
0.0
 10
174.6337488888889
 20
85.85986694444445
 30
0.0
 10
174.5878877777778
 20
85.07670027777777
 30
0.0
 10
174.5878877777778
 20
84.11008916666667
 30
0.0
 10
174.5878877777778
 20
83.14347805555555
 30
0.0
 10
174.6901933333333
 20
82.53317249999999
 30
0.0
 10
174.6901933333333
 20
82.36031138888889
 30
0.0
 10
174.6901933333333
 20
81.19379287037037
 30
0.0
 10
174.6901933333333
 20
80.02727435185186
 30
0.0
 10
174.6901933333333
 20
78.86075583333333
 30
0.0
 10
173.6894803703703
 20
78.86075583333333
 30
0.0
 10
172.6887674074074
 20
78.86075583333333
 30
0.0
 10
171.6880544444444
 20
78.86075583333333
 30
0.0
 10
171.6880544444444
 20
80.02727435185186
 30
0.0
 10
171.6880544444444
 20
81.19379287037037
 30
0.0
 10
171.6880544444444
 20
82.36031138888889
 30
0.0
 10
171.6880544444444
 20
82.53317249999999
 30
0.0
 10
171.79036
 20
83.14347805555555
 30
0.0
 10
171.79036
 20
84.11008916666667
 30
0.0
 10
171.79036
 20
85.07670027777777
 30
0.0
 10
171.7444988888889
 20
85.85986694444445
 30
0.0
 10
171.6880544444444
 20
85.85986694444445
 30
0.0
 10
170.0299988888889
 20
85.85986694444445
 30
0.0
 10
167.6910822222222
 20
84.5157836111111
 30
0.0
 10
167.6910822222222
 20
82.85772805555554
 30
0.0
 10
167.6910822222222
 20
78.04231138888889
 30
0.0
 10
159.2314711111111
 20
76.65589472222221
 30
0.0
 10
158.0214433333333
 20
69.75908916666666
 30
0.0
 10
157.7180544444444
 20
68.0375336111111
 30
0.0
 10
157.1112766666667
 20
64.59089472222223
 30
0.0
 10
156.8078877777778
 20
62.86581138888889
 30
0.0
 10
156.51861
 20
61.23245027777778
 30
0.0
 10
157.6051655555555
 20
59.68022805555555
 30
0.0
 10
159.2385266666667
 20
59.39447805555555
 30
0.0
  0
SPLINE
  5
15D
330
1F
100
AcDbEntity
  8
DEFAULT
 62
     1
100
AcDbSpline
210
0.0
220
0.0
230
1.0
 70
    11
 71
     3
 72
    20
 73
    16
 74
     0
 42
0.000000001
 43
0.0000000001
 40
1.0
 40
1.0
 40
1.0
 40
1.0
 40
2.0
 40
2.0
 40
2.0
 40
3.0
 40
3.0
 40
3.0
 40
4.0
 40
4.0
 40
4.0
 40
5.0
 40
5.0
 40
5.0
 40
6.0
 40
6.0
 40
6.0
 40
6.0
 10
170.7778877777778
 20
64.93661694444444
 30
0.0
 10
172.1290266666666
 20
68.42206138888889
 30
0.0
 10
175.9414961111111
 20
60.81828916666667
 30
0.0
 10
177.0220544444444
 20
54.97770027777778
 30
0.0
 10
180.0203127777778
 20
38.76932527777778
 30
0.0
 10
187.4233544444444
 20
40.39527805555556
 30
0.0
 10
183.8595933333334
 20
37.46228361111111
 30
0.0
 10
178.7922933333333
 20
33.29103916666667
 30
0.0
 10
178.3188655555555
 20
43.43869194444445
 30
0.0
 10
173.4216044444444
 20
40.6993725
 30
0.0
 10
170.9115905555556
 20
39.29566972222222
 30
0.0
 10
170.5697488888889
 20
38.79225583333334
 30
0.0
 10
168.9512044444444
 20
41.52416694444445
 30
0.0
 10
165.3613377777778
 20
47.58347805555556
 30
0.0
 10
168.9293322222222
 20
60.17058916666667
 30
0.0
 10
170.7778877777778
 20
64.93661694444444
 30
0.0
  0
SPLINE
  5
15E
330
1F
100
AcDbEntity
  8
DEFAULT
 62
   250
100
AcDbSpline
210
0.0
220
0.0
230
1.0
 70
     8
 71
     3
 72
    20
 73
    16
 74
     0
 42
0.000000001
 43
0.0000000001
 40
0.0
 40
0.0
 40
0.0
 40
0.0
 40
1.002999999999997
 40
1.002999999999997
 40
1.002999999999997
 40
2.005999999999994
 40
2.005999999999994
 40
2.005999999999994
 40
3.008999999999992
 40
3.008999999999992
 40
3.008999999999992
 40
4.011999999999989
 40
4.011999999999989
 40
4.011999999999989
 40
5.014999999999986
 40
5.014999999999986
 40
5.014999999999986
 40
5.014999999999986
 10
100.2366902777778
 20
283.6670941666666
 30
0.0
 10
100.3241791666667
 20
283.8046775
 30
0.0
 10
100.4730513888889
 20
283.8939302777778
 30
0.0
 10
100.6801319444444
 20
283.8939302777778
 30
0.0
 10
100.9990430555555
 20
283.8939302777778
 30
0.0
 10
101.2244680555555
 20
283.6388719444444
 30
0.0
 10
101.2219986111111
 20
283.2645747222222
 30
0.0
 10
101.2219986111111
 20
282.8232497222222
 30
0.0
 10
100.9323680555555
 20
282.6041747222222
 30
0.0
 10
100.6455597222222
 20
282.6041747222222
 30
0.0
 10
100.4596458333333
 20
282.6041747222222
 30
0.0
 10
100.3322930555555
 20
282.6729663888889
 30
0.0
 10
100.2366902777778
 20
282.8363024999999
 30
0.0
 10
100.2426875
 20
282.9350802777777
 30
0.0
 10
100.2366902777778
 20
284.7659969444444
 30
0.0
 10
100.2366902777778
 20
284.7659969444444
 30
0.0
  0
POLYLINE
  5
15F
330
1F
100
AcDbEntity
  8
DEFAULT
 62
   250
100
AcDb2dPolyline
 66
     1
 10
0.0
 20
0.0
 30
0.0
  0
VERTEX
  5
160
330
15F
100
AcDbEntity
  8
DEFAULT
 62
   250
100
AcDbVertex
100
AcDb2dVertex
 10
108.4959236111111
 20
276.9838602777778
 30
0.0
  0
VERTEX
  5
161
330
15F
100
AcDbEntity
  8
DEFAULT
 62
   250
100
AcDbVertex
100
AcDb2dVertex
 10
106.9810958333333
 20
276.9838602777778
 30
0.0
  0
VERTEX
  5
162
330
15F
100
AcDbEntity
  8
DEFAULT
 62
   250
100
AcDbVertex
100
AcDb2dVertex
 10
108.4959236111111
 20
278.8878019444444
 30
0.0
  0
VERTEX
  5
163
330
15F
100
AcDbEntity
  8
DEFAULT
 62
   250
100
AcDbVertex
100
AcDb2dVertex
 10
106.9645152777778
 20
278.8878019444444
 30
0.0
  0
SEQEND
  5
164
330
15F
100
AcDbEntity
  8
DEFAULT
 62
   250
  0
SPLINE
  5
165
330
1F
100
AcDbEntity
  8
DEFAULT
 62
     1
100
AcDbSpline
210
0.0
220
0.0
230
1.0
 70
    11
 71
     3
 72
    74
 73
    70
 74
     0
 42
0.000000001
 43
0.0000000001
 40
1.0
 40
1.0
 40
1.0
 40
1.0
 40
2.0
 40
2.0
 40
2.0
 40
3.0
 40
3.0
 40
3.0
 40
4.0
 40
4.0
 40
4.0
 40
13.92000000000007
 40
13.92000000000007
 40
13.92000000000007
 40
22.42000000000007
 40
22.42000000000007
 40
22.42000000000007
 40
32.34000000000015
 40
32.34000000000015
 40
32.34000000000015
 40
33.34000000000015
 40
33.34000000000015
 40
33.34000000000015
 40
34.34000000000015
 40
34.34000000000015
 40
34.34000000000015
 40
35.34000000000015
 40
35.34000000000015
 40
35.34000000000015
 40
36.34000000000015
 40
36.34000000000015
 40
36.34000000000015
 40
37.34000000000015
 40
37.34000000000015
 40
37.34000000000015
 40
38.34000000000015
 40
38.34000000000015
 40
38.34000000000015
 40
39.34000000000015
 40
39.34000000000015
 40
39.34000000000015
 40
40.34000000000015
 40
40.34000000000015
 40
40.34000000000015
 40
41.34000000000015
 40
41.34000000000015
 40
41.34000000000015
 40
51.2600000000001
 40
51.2600000000001
 40
51.2600000000001
 40
59.7700000000001
 40
59.7700000000001
 40
59.7700000000001
 40
69.69000000000005
 40
69.69000000000005
 40
69.69000000000005
 40
70.69000000000005
 40
70.69000000000005
 40
70.69000000000005
 40
71.69000000000005
 40
71.69000000000005
 40
71.69000000000005
 40
72.69000000000005
 40
72.69000000000005
 40
72.69000000000005
 40
73.69000000000005
 40
73.69000000000005
 40
73.69000000000005
 40
74.69000000000005
 40
74.69000000000005
 40
74.69000000000005
 40
74.69000000000005
 10
114.3157338888889
 20
287.1301372222222
 30
0.0
 10
114.3157338888889
 20
290.4286094444444
 30
0.0
 10
111.4091977777778
 20
287.9768038888889
 30
0.0
 10
109.2290311111111
 20
287.9768038888889
 30
0.0
 10
109.1761144444444
 20
287.9768038888889
 30
0.0
 10
109.1302533333333
 20
287.1936372222222
 30
0.0
 10
109.1302533333333
 20
286.2270261111111
 30
0.0
 10
109.1302533333333
 20
285.260415
 30
0.0
 10
109.2290311111111
 20
284.6501094444444
 30
0.0
 10
109.2290311111111
 20
284.4772483333333
 30
0.0
 10
109.2290311111111
 20
283.3107298148148
 30
0.0
 10
109.2290311111111
 20
282.1442112962963
 30
0.0
 10
109.2290311111111
 20
280.9776927777777
 30
0.0
 10
108.2294940740741
 20
280.9776927777777
 30
0.0
 10
107.229957037037
 20
280.9776927777777
 30
0.0
 10
106.23042
 20
280.9776927777777
 30
0.0
 10
106.23042
 20
282.1442112962963
 30
0.0
 10
106.23042
 20
283.3107298148148
 30
0.0
 10
106.23042
 20
284.4772483333333
 30
0.0
 10
106.23042
 20
284.6501094444444
 30
0.0
 10
106.3291977777778
 20
285.260415
 30
0.0
 10
106.3291977777778
 20
286.2270261111111
 30
0.0
 10
106.3291977777778
 20
287.1936372222222
 30
0.0
 10
106.2868644444444
 20
287.9768038888889
 30
0.0
 10
106.23042
 20
287.9768038888889
 30
0.0
 10
104.5335588888889
 20
287.9768038888889
 30
0.0
 10
105.1593866666667
 20
290.4286094444444
 30
0.0
 10
100.9260533333333
 20
289.0598316666666
 30
0.0
 10
96.69272
 20
287.6910538888889
 30
0.0
 10
94.26066999999999
 20
291.3687622222222
 30
0.0
 10
94.76161444444443
 20
287.5093733333333
 30
0.0
 10
95.2590311111111
 20
283.6464566666666
 30
0.0
 10
89.86682277777777
 20
278.3424427777778
 30
0.0
 10
91.70479499999999
 20
274.6806094444444
 30
0.0
 10
92.50207277777777
 20
273.0895816666667
 30
0.0
 10
92.32885888888889
 20
271.1916372222222
 30
0.0
 10
95.94835888888888
 20
271.1916372222222
 30
0.0
 10
99.22919222222222
 20
271.1916372222222
 30
0.0
 10
96.7385811111111
 20
273.9750538888889
 30
0.0
 10
99.22919222222222
 20
273.9750538888889
 30
0.0
 10
99.28563666666665
 20
273.9750538888889
 30
0.0
 10
99.33149777777776
 20
274.7582205555555
 30
0.0
 10
99.33149777777776
 20
275.7283594444444
 30
0.0
 10
99.33149777777776
 20
276.6949705555555
 30
0.0
 10
99.22919222222222
 20
277.3017483333333
 30
0.0
 10
99.22919222222222
 20
277.4781372222222
 30
0.0
 10
99.22919222222224
 20
278.6446557407407
 30
0.0
 10
99.22919222222224
 20
279.8111742592592
 30
0.0
 10
99.22919222222222
 20
280.9776927777777
 30
0.0
 10
100.2299051851852
 20
280.9776927777777
 30
0.0
 10
101.2306181481481
 20
280.9776927777777
 30
0.0
 10
102.2313311111111
 20
280.9776927777777
 30
0.0
 10
102.2313311111111
 20
279.8111742592592
 30
0.0
 10
102.2313311111111
 20
278.6446557407407
 30
0.0
 10
102.2313311111111
 20
277.4781372222222
 30
0.0
 10
102.2313311111111
 20
277.3017483333333
 30
0.0
 10
102.1290255555555
 20
276.6949705555555
 30
0.0
 10
102.1290255555555
 20
275.7283594444444
 30
0.0
 10
102.1290255555555
 20
274.7582205555555
 30
0.0
 10
102.1748866666667
 20
273.9750538888889
 30
0.0
 10
102.2313311111111
 20
273.9750538888889
 30
0.0
 10
104.7854422222222
 20
273.9750538888889
 30
0.0
 10
105.0309755555555
 20
273.0613594444444
 30
0.0
 10
108.2694755555555
 20
273.0613594444444
 30
0.0
 10
111.5079755555555
 20
273.0613594444444
 30
0.0
 10
114.5027061111111
 20
273.8692205555555
 30
0.0
 10
113.8818172222222
 20
275.925915
 30
0.0
 10
113.2574005555555
 20
277.9790816666666
 30
0.0
 10
114.3157338888889
 20
283.831665
 30
0.0
 10
114.3157338888889
 20
287.1301372222222
 30
0.0
  0
SPLINE
  5
166
330
1F
100
AcDbEntity
  8
DEFAULT
 62
   250
100
AcDbSpline
210
0.0
220
0.0
230
1.0
 70
     8
 71
     3
 72
    20
 73
    16
 74
     0
 42
0.000000001
 43
0.0000000001
 40
0.0
 40
0.0
 40
0.0
 40
0.0
 40
1.002999999999997
 40
1.002999999999997
 40
1.002999999999997
 40
2.005999999999994
 40
2.005999999999994
 40
2.005999999999994
 40
3.008999999999992
 40
3.008999999999992
 40
3.008999999999992
 40
4.011999999999989
 40
4.011999999999989
 40
4.011999999999989
 40
5.014999999999986
 40
5.014999999999986
 40
5.014999999999986
 40
5.014999999999986
 10
199.3159872222222
 20
283.6670941666666
 30
0.0
 10
199.4034761111111
 20
283.8046775
 30
0.0
 10
199.5523483333333
 20
283.8939302777778
 30
0.0
 10
199.7594288888888
 20
283.8939302777778
 30
0.0
 10
200.0783399999999
 20
283.8939302777778
 30
0.0
 10
200.3037649999999
 20
283.6388719444444
 30
0.0
 10
200.3012955555555
 20
283.2645747222222
 30
0.0
 10
200.3012955555555
 20
282.8232497222222
 30
0.0
 10
200.011665
 20
282.6041747222222
 30
0.0
 10
199.7248566666666
 20
282.6041747222222
 30
0.0
 10
199.5389427777777
 20
282.6041747222222
 30
0.0
 10
199.41159
 20
282.6729663888889
 30
0.0
 10
199.3159872222222
 20
282.8363024999999
 30
0.0
 10
199.3219844444444
 20
282.9350802777777
 30
0.0
 10
199.3159872222222
 20
284.7659969444444
 30
0.0
 10
199.3159872222222
 20
284.7659969444444
 30
0.0
  0
POLYLINE
  5
167
330
1F
100
AcDbEntity
  8
DEFAULT
 62
   250
100
AcDb2dPolyline
 66
     1
 10
0.0
 20
0.0
 30
0.0
  0
VERTEX
  5
168
330
167
100
AcDbEntity
  8
DEFAULT
 62
   250
100
AcDbVertex
100
AcDb2dVertex
 10
193.5767161111111
 20
276.9838602777778
 30
0.0
  0
VERTEX
  5
169
330
167
100
AcDbEntity
  8
DEFAULT
 62
   250
100
AcDbVertex
100
AcDb2dVertex
 10
192.0618883333333
 20
276.9838602777778
 30
0.0
  0
VERTEX
  5
16A
330
167
100
AcDbEntity
  8
DEFAULT
 62
   250
100
AcDbVertex
100
AcDb2dVertex
 10
193.5767161111111
 20
278.8878019444444
 30
0.0
  0
VERTEX
  5
16B
330
167
100
AcDbEntity
  8
DEFAULT
 62
   250
100
AcDbVertex
100
AcDb2dVertex
 10
192.0453077777778
 20
278.8878019444444
 30
0.0
  0
SEQEND
  5
16C
330
167
100
AcDbEntity
  8
DEFAULT
 62
   250
  0
SPLINE
  5
16D
330
1F
100
AcDbEntity
  8
DEFAULT
 62
     1
100
AcDbSpline
210
0.0
220
0.0
230
1.0
 70
    11
 71
     3
 72
    74
 73
    70
 74
     0
 42
0.000000001
 43
0.0000000001
 40
1.0
 40
1.0
 40
1.0
 40
1.0
 40
2.0
 40
2.0
 40
2.0
 40
3.0
 40
3.0
 40
3.0
 40
4.0
 40
4.0
 40
4.0
 40
13.92000000000007
 40
13.92000000000007
 40
13.92000000000007
 40
22.42000000000007
 40
22.42000000000007
 40
22.42000000000007
 40
32.34000000000015
 40
32.34000000000015
 40
32.34000000000015
 40
33.34000000000015
 40
33.34000000000015
 40
33.34000000000015
 40
34.34000000000015
 40
34.34000000000015
 40
34.34000000000015
 40
35.34000000000015
 40
35.34000000000015
 40
35.34000000000015
 40
36.34000000000015
 40
36.34000000000015
 40
36.34000000000015
 40
37.34000000000015
 40
37.34000000000015
 40
37.34000000000015
 40
38.34000000000015
 40
38.34000000000015
 40
38.34000000000015
 40
39.34000000000015
 40
39.34000000000015
 40
39.34000000000015
 40
40.34000000000015
 40
40.34000000000015
 40
40.34000000000015
 40
41.34000000000015
 40
41.34000000000015
 40
41.34000000000015
 40
51.2600000000001
 40
51.2600000000001
 40
51.2600000000001
 40
59.7700000000001
 40
59.7700000000001
 40
59.7700000000001
 40
69.69000000000005
 40
69.69000000000005
 40
69.69000000000005
 40
70.69000000000005
 40
70.69000000000005
 40
70.69000000000005
 40
71.69000000000005
 40
71.69000000000005
 40
71.69000000000005
 40
72.69000000000005
 40
72.69000000000005
 40
72.69000000000005
 40
73.69000000000005
 40
73.69000000000005
 40
73.69000000000005
 40
74.69000000000005
 40
74.69000000000005
 40
74.69000000000005
 40
74.69000000000005
 10
186.2243686111111
 20
287.1301372222222
 30
0.0
 10
186.2243686111111
 20
290.4286094444444
 30
0.0
 10
189.1309047222222
 20
287.9768038888889
 30
0.0
 10
191.3110713888888
 20
287.9768038888889
 30
0.0
 10
191.3639880555555
 20
287.9768038888889
 30
0.0
 10
191.4098491666666
 20
287.1936372222222
 30
0.0
 10
191.4098491666666
 20
286.2270261111111
 30
0.0
 10
191.4098491666666
 20
285.260415
 30
0.0
 10
191.3110713888888
 20
284.6501094444444
 30
0.0
 10
191.3110713888888
 20
284.4772483333333
 30
0.0
 10
191.3110713888888
 20
283.3107298148148
 30
0.0
 10
191.3110713888888
 20
282.1442112962963
 30
0.0
 10
191.3110713888888
 20
280.9776927777777
 30
0.0
 10
192.3106084259259
 20
280.9776927777777
 30
0.0
 10
193.3101454629629
 20
280.9776927777777
 30
0.0
 10
194.3096825
 20
280.9776927777777
 30
0.0
 10
194.3096825
 20
282.1442112962963
 30
0.0
 10
194.3096825
 20
283.3107298148148
 30
0.0
 10
194.3096825
 20
284.4772483333333
 30
0.0
 10
194.3096825
 20
284.6501094444444
 30
0.0
 10
194.2109047222222
 20
285.260415
 30
0.0
 10
194.2109047222222
 20
286.2270261111111
 30
0.0
 10
194.2109047222222
 20
287.1936372222222
 30
0.0
 10
194.2532380555555
 20
287.9768038888889
 30
0.0
 10
194.3096825
 20
287.9768038888889
 30
0.0
 10
196.0065436111111
 20
287.9768038888889
 30
0.0
 10
195.3807158333333
 20
290.4286094444444
 30
0.0
 10
199.6140491666667
 20
289.0598316666666
 30
0.0
 10
203.8473825
 20
287.6910538888889
 30
0.0
 10
206.2794325
 20
291.3687622222222
 30
0.0
 10
205.7784880555555
 20
287.5093733333333
 30
0.0
 10
205.2810713888889
 20
283.6464566666666
 30
0.0
 10
210.6732797222222
 20
278.3424427777778
 30
0.0
 10
208.8353074999999
 20
274.6806094444444
 30
0.0
 10
208.0380297222222
 20
273.0895816666667
 30
0.0
 10
208.2112436111111
 20
271.1916372222222
 30
0.0
 10
204.5917436111111
 20
271.1916372222222
 30
0.0
 10
201.3109102777777
 20
271.1916372222222
 30
0.0
 10
203.8015213888889
 20
273.9750538888889
 30
0.0
 10
201.3109102777777
 20
273.9750538888889
 30
0.0
 10
201.2544658333333
 20
273.9750538888889
 30
0.0
 10
201.2086047222222
 20
274.7582205555555
 30
0.0
 10
201.2086047222222
 20
275.7283594444444
 30
0.0
 10
201.2086047222222
 20
276.6949705555555
 30
0.0
 10
201.3109102777777
 20
277.3017483333333
 30
0.0
 10
201.3109102777777
 20
277.4781372222222
 30
0.0
 10
201.3109102777777
 20
278.6446557407407
 30
0.0
 10
201.3109102777777
 20
279.8111742592592
 30
0.0
 10
201.3109102777777
 20
280.9776927777777
 30
0.0
 10
200.3101973148148
 20
280.9776927777777
 30
0.0
 10
199.3094843518518
 20
280.9776927777777
 30
0.0
 10
198.3087713888889
 20
280.9776927777777
 30
0.0
 10
198.3087713888889
 20
279.8111742592592
 30
0.0
 10
198.3087713888889
 20
278.6446557407407
 30
0.0
 10
198.3087713888889
 20
277.4781372222222
 30
0.0
 10
198.3087713888889
 20
277.3017483333333
 30
0.0
 10
198.4110769444444
 20
276.6949705555555
 30
0.0
 10
198.4110769444444
 20
275.7283594444444
 30
0.0
 10
198.4110769444444
 20
274.7582205555555
 30
0.0
 10
198.3652158333333
 20
273.9750538888889
 30
0.0
 10
198.3087713888889
 20
273.9750538888889
 30
0.0
 10
195.7546602777777
 20
273.9750538888889
 30
0.0
 10
195.5091269444444
 20
273.0613594444444
 30
0.0
 10
192.2706269444444
 20
273.0613594444444
 30
0.0
 10
189.0321269444444
 20
273.0613594444444
 30
0.0
 10
186.0373963888889
 20
273.8692205555555
 30
0.0
 10
186.6582852777778
 20
275.925915
 30
0.0
 10
187.2827019444444
 20
277.9790816666666
 30
0.0
 10
186.2243686111111
 20
283.831665
 30
0.0
 10
186.2243686111111
 20
287.1301372222222
 30
0.0
  0
SPLINE
  5
16E
330
1F
100
AcDbEntity
  8
DEFAULT
 62
   250
100
AcDbSpline
210
0.0
220
0.0
230
1.0
 70
     8
 71
     3
 72
    23
 73
    19
 74
     0
 42
0.000000001
 43
0.0000000001
 40
0.0
 40
0.0
 40
0.0
 40
0.0
 40
1.0
 40
1.0
 40
1.0
 40
2.0
 40
2.0
 40
2.0
 40
3.0
 40
3.0
 40
3.0
 40
4.0
 40
4.0
 40
4.0
 40
5.0
 40
5.0
 40
5.0
 40
6.0
 40
6.0
 40
6.0
 40
6.0
 10
119.4616680555555
 20
264.6499025
 30
0.0
 10
119.3367847222222
 20
264.6499025
 30
0.0
 10
119.2122541666667
 20
264.9035497222222
 30
0.0
 10
119.2122541666667
 20
265.0866413888889
 30
0.0
 10
119.2122541666667
 20
265.4686997222222
 30
0.0
 10
119.4126319444444
 20
265.5586580555556
 30
0.0
 10
119.7033208333333
 20
265.5586580555556
 30
0.0
 10
119.7033208333333
 20
265.5586580555556
 30
0.0
 10
120.2966930555556
 20
265.5441941666667
 30
0.0
 10
120.3954708333333
 20
265.5621858333333
 30
0.0
 10
120.5425791666667
 20
265.5621858333333
 30
0.0
 10
120.6268930555556
 20
265.1882413888889
 30
0.0
 10
120.6268930555556
 20
265.0203191666666
 30
0.0
 10
120.6268930555556
 20
264.7821941666667
 30
0.0
 10
120.4589708333333
 20
264.6601330555555
 30
0.0
 10
120.2885791666667
 20
264.6601330555555
 30
0.0
 10
120.0038875
 20
264.6601330555555
 30
0.0
 10
119.7488291666667
 20
264.7613802777778
 30
0.0
 10
119.8504291666667
 20
265.5586580555556
 30
0.0
  0
POLYLINE
  5
16F
330
1F
100
AcDbEntity
  8
DEFAULT
 62
   250
100
AcDb2dPolyline
 66
     1
 10
0.0
 20
0.0
 30
0.0
  0
VERTEX
  5
170
330
16F
100
AcDbEntity
  8
DEFAULT
 62
   250
100
AcDbVertex
100
AcDb2dVertex
 10
110.1539438888889
 20
255.6096544444444
 30
0.0
  0
VERTEX
  5
171
330
16F
100
AcDbEntity
  8
DEFAULT
 62
   250
100
AcDbVertex
100
AcDb2dVertex
 10
108.6391161111111
 20
255.6096544444444
 30
0.0
  0
VERTEX
  5
172
330
16F
100
AcDbEntity
  8
DEFAULT
 62
   250
100
AcDbVertex
100
AcDb2dVertex
 10
110.1539438888889
 20
257.5135961111111
 30
0.0
  0
VERTEX
  5
173
330
16F
100
AcDbEntity
  8
DEFAULT
 62
   250
100
AcDbVertex
100
AcDb2dVertex
 10
108.6225355555556
 20
257.5135961111111
 30
0.0
  0
SEQEND
  5
174
330
16F
100
AcDbEntity
  8
DEFAULT
 62
   250
  0
SPLINE
  5
175
330
1F
100
AcDbEntity
  8
DEFAULT
 62
     1
100
AcDbSpline
210
0.0
220
0.0
230
1.0
 70
    11
 71
     3
 72
    68
 73
    64
 74
     0
 42
0.000000001
 43
0.0000000001
 40
1.0
 40
1.0
 40
1.0
 40
1.0
 40
2.0
 40
2.0
 40
2.0
 40
3.0
 40
3.0
 40
3.0
 40
4.0
 40
4.0
 40
4.0
 40
5.0
 40
5.0
 40
5.0
 40
6.0
 40
6.0
 40
6.0
 40
7.0
 40
7.0
 40
7.0
 40
16.91999999999996
 40
16.91999999999996
 40
16.91999999999996
 40
25.43000000000006
 40
25.43000000000006
 40
25.43000000000006
 40
35.35000000000002
 40
35.35000000000002
 40
35.35000000000002
 40
36.35000000000002
 40
36.35000000000002
 40
36.35000000000002
 40
37.35000000000002
 40
37.35000000000002
 40
37.35000000000002
 40
38.35000000000002
 40
38.35000000000002
 40
38.35000000000002
 40
39.35000000000002
 40
39.35000000000002
 40
39.35000000000002
 40
40.35000000000002
 40
40.35000000000002
 40
40.35000000000002
 40
41.35000000000002
 40
41.35000000000002
 40
41.35000000000002
 40
51.27999999999997
 40
51.27999999999997
 40
51.27999999999997
 40
59.77999999999997
 40
59.77999999999997
 40
59.77999999999997
 40
69.69999999999993
 40
69.69999999999993
 40
69.69999999999993
 40
70.69999999999993
 40
70.69999999999993
 40
70.69999999999993
 40
71.69999999999993
 40
71.69999999999993
 40
71.69999999999993
 40
72.69999999999993
 40
72.69999999999993
 40
72.69999999999993
 40
72.69999999999993
 10
102.9861344444444
 20
264.2459719444444
 30
0.0
 10
103.9209955555555
 20
259.7021941666666
 30
0.0
 10
103.4235788888889
 20
248.5579441666666
 30
0.0
 10
107.0324955555555
 20
250.6146386111111
 30
0.0
 10
110.64494
 20
252.6678052777777
 30
0.0
 10
112.7139816666666
 20
251.2990274999999
 30
0.0
 10
115.0176205555555
 20
254.6609997222222
 30
0.0
 10
117.3212594444444
 20
258.0229719444444
 30
0.0
 10
118.503065
 20
261.0709719444444
 30
0.0
 10
123.5442594444444
 20
260.4148052777777
 30
0.0
 10
128.5889816666667
 20
259.7551108333333
 30
0.0
 10
129.6261483333333
 20
260.7005552777778
 30
0.0
 10
129.6261483333333
 20
263.6039163888888
 30
0.0
 10
129.6261483333333
 20
263.6603608333333
 30
0.0
 10
128.8429816666666
 20
263.7062219444444
 30
0.0
 10
127.8763705555555
 20
263.7062219444444
 30
0.0
 10
126.9097594444444
 20
263.7062219444444
 30
0.0
 10
126.2994538888889
 20
263.6039163888888
 30
0.0
 10
126.1265927777777
 20
263.6039163888888
 30
0.0
 10
124.9600742592592
 20
263.6039163888888
 30
0.0
 10
123.7935557407407
 20
263.6039163888888
 30
0.0
 10
122.6270372222222
 20
263.6039163888888
 30
0.0
 10
122.6270372222222
 20
264.6046293518518
 30
0.0
 10
122.6270372222222
 20
265.6053423148148
 30
0.0
 10
122.6270372222222
 20
266.6060552777777
 30
0.0
 10
123.7935557407407
 20
266.6060552777777
 30
0.0
 10
124.9600742592592
 20
266.6060552777777
 30
0.0
 10
126.1265927777777
 20
266.6060552777777
 30
0.0
 10
126.2994538888889
 20
266.6060552777777
 30
0.0
 10
126.9097594444444
 20
266.5037497222222
 30
0.0
 10
127.8763705555555
 20
266.5037497222222
 30
0.0
 10
128.8429816666666
 20
266.5037497222222
 30
0.0
 10
129.6261483333333
 20
266.5496108333333
 30
0.0
 10
129.6261483333333
 20
266.6060552777777
 30
0.0
 10
129.6261483333333
 20
270.9064163888888
 30
0.0
 10
126.9979538888889
 20
268.5251663888889
 30
0.0
 10
121.8862038888889
 20
269.7457775
 30
0.0
 10
112.6716483333333
 20
271.9471108333333
 30
0.0
 10
119.1045511111111
 20
266.6060552777777
 30
0.0
 10
110.8883566666666
 20
266.6060552777777
 30
0.0
 10
110.8319122222222
 20
266.6060552777777
 30
0.0
 10
110.7895788888889
 20
265.8228886111111
 30
0.0
 10
110.7895788888889
 20
264.8562775
 30
0.0
 10
110.7895788888889
 20
263.8861386111111
 30
0.0
 10
110.8883566666666
 20
263.2793608333333
 30
0.0
 10
110.8883566666666
 20
263.1064997222222
 30
0.0
 10
110.8883566666666
 20
261.9388052777777
 30
0.0
 10
110.8883566666666
 20
260.7711108333332
 30
0.0
 10
110.8883566666666
 20
259.6034163888888
 30
0.0
 10
109.8888196296296
 20
259.6034163888888
 30
0.0
 10
108.8892825925926
 20
259.6034163888888
 30
0.0
 10
107.8897455555555
 20
259.6034163888888
 30
0.0
 10
107.8897455555555
 20
260.7699349074074
 30
0.0
 10
107.8897455555555
 20
261.9364534259259
 30
0.0
 10
107.8897455555555
 20
263.1029719444444
 30
0.0
 10
107.8897455555555
 20
263.2793608333333
 30
0.0
 10
107.9885233333333
 20
263.8861386111111
 30
0.0
 10
107.9885233333333
 20
264.8562775
 30
0.0
 10
107.9885233333333
 20
265.8228886111111
 30
0.0
 10
107.9426622222222
 20
266.6060552777777
 30
0.0
 10
107.8897455555555
 20
266.6060552777777
 30
0.0
 10
105.2121622222222
 20
266.6060552777777
 30
0.0
 10
102.0512733333333
 20
268.7897497222222
 30
0.0
 10
102.9861344444444
 20
264.2459719444444
 30
0.0
  0
SPLINE
  5
176
330
1F
100
AcDbEntity
  8
DEFAULT
 62
   250
100
AcDbSpline
210
0.0
220
0.0
230
1.0
 70
     8
 71
     3
 72
    23
 73
    19
 74
     0
 42
0.000000001
 43
0.0000000001
 40
0.0
 40
0.0
 40
0.0
 40
0.0
 40
1.0
 40
1.0
 40
1.0
 40
2.0
 40
2.0
 40
2.0
 40
3.0
 40
3.0
 40
3.0
 40
4.0
 40
4.0
 40
4.0
 40
5.0
 40
5.0
 40
5.0
 40
6.0
 40
6.0
 40
6.0
 40
6.0
 10
180.6100866666667
 20
265.5621505555555
 30
0.0
 10
180.73497
 20
265.5621505555555
 30
0.0
 10
180.8595005555555
 20
265.3085033333333
 30
0.0
 10
180.8595005555555
 20
265.1254116666666
 30
0.0
 10
180.8595005555555
 20
264.7433533333333
 30
0.0
 10
180.6591227777778
 20
264.6533949999999
 30
0.0
 10
180.3684338888889
 20
264.6533949999999
 30
0.0
 10
180.3684338888889
 20
264.6533949999999
 30
0.0
 10
179.7750616666666
 20
264.6678588888889
 30
0.0
 10
179.6762838888889
 20
264.6498672222222
 30
0.0
 10
179.5291755555555
 20
264.6498672222222
 30
0.0
 10
179.4448616666666
 20
265.0234588888889
 30
0.0
 10
179.4448616666666
 20
265.1917338888888
 30
0.0
 10
179.4448616666666
 20
265.4298588888889
 30
0.0
 10
179.6127838888889
 20
265.5519199999999
 30
0.0
 10
179.7831755555555
 20
265.5519199999999
 30
0.0
 10
180.0678672222222
 20
265.5519199999999
 30
0.0
 10
180.3229255555555
 20
265.4506727777778
 30
0.0
 10
180.2213255555556
 20
264.6533949999999
 30
0.0
  0
POLYLINE
  5
177
330
1F
100
AcDbEntity
  8
DEFAULT
 62
   250
100
AcDb2dPolyline
 66
     1
 10
0.0
 20
0.0
 30
0.0
  0
VERTEX
  5
178
330
177
100
AcDbEntity
  8
DEFAULT
 62
   250
100
AcDbVertex
100
AcDb2dVertex
 10
191.4476316666666
 20
255.6096897222222
 30
0.0
  0
VERTEX
  5
179
330
177
100
AcDbEntity
  8
DEFAULT
 62
   250
100
AcDbVertex
100
AcDb2dVertex
 10
189.9328038888889
 20
255.6096897222222
 30
0.0
  0
VERTEX
  5
17A
330
177
100
AcDbEntity
  8
DEFAULT
 62
   250
100
AcDbVertex
100
AcDb2dVertex
 10
191.4476316666666
 20
257.5136313888889
 30
0.0
  0
VERTEX
  5
17B
330
177
100
AcDbEntity
  8
DEFAULT
 62
   250
100
AcDbVertex
100
AcDb2dVertex
 10
189.9162233333333
 20
257.5136313888889
 30
0.0
  0
SEQEND
  5
17C
330
177
100
AcDbEntity
  8
DEFAULT
 62
   250
  0
SPLINE
  5
17D
330
1F
100
AcDbEntity
  8
DEFAULT
 62
     1
100
AcDbSpline
210
0.0
220
0.0
230
1.0
 70
    11
 71
     3
 72
    68
 73
    64
 74
     0
 42
0.000000001
 43
0.0000000001
 40
1.0
 40
1.0
 40
1.0
 40
1.0
 40
2.0
 40
2.0
 40
2.0
 40
3.0
 40
3.0
 40
3.0
 40
4.0
 40
4.0
 40
4.0
 40
5.0
 40
5.0
 40
5.0
 40
6.0
 40
6.0
 40
6.0
 40
7.0
 40
7.0
 40
7.0
 40
16.92000000000002
 40
16.92000000000002
 40
16.92000000000002
 40
25.43000000000012
 40
25.43000000000012
 40
25.43000000000012
 40
35.35000000000014
 40
35.35000000000014
 40
35.35000000000014
 40
36.35000000000014
 40
36.35000000000014
 40
36.35000000000014
 40
37.35000000000014
 40
37.35000000000014
 40
37.35000000000014
 40
38.35000000000014
 40
38.35000000000014
 40
38.35000000000014
 40
39.35000000000014
 40
39.35000000000014
 40
39.35000000000014
 40
40.35000000000014
 40
40.35000000000014
 40
40.35000000000014
 40
41.35000000000014
 40
41.35000000000014
 40
41.35000000000014
 40
51.28000000000009
 40
51.28000000000009
 40
51.28000000000009
 40
59.78000000000009
 40
59.78000000000009
 40
59.78000000000009
 40
69.70000000000005
 40
69.70000000000005
 40
69.70000000000005
 40
70.70000000000005
 40
70.70000000000005
 40
70.70000000000005
 40
71.70000000000005
 40
71.70000000000005
 40
71.70000000000005
 40
72.70000000000005
 40
72.70000000000005
 40
72.70000000000005
 40
72.70000000000005
 10
197.0856555555555
 20
264.2460072222222
 30
0.0
 10
196.1507944444444
 20
259.7022294444444
 30
0.0
 10
196.6482111111111
 20
248.5579794444444
 30
0.0
 10
193.0392944444444
 20
250.6146738888889
 30
0.0
 10
189.42685
 20
252.6678405555555
 30
0.0
 10
187.3578083333333
 20
251.2990627777777
 30
0.0
 10
185.0541694444444
 20
254.661035
 30
0.0
 10
182.7505305555555
 20
258.0230072222222
 30
0.0
 10
181.568725
 20
261.0710072222222
 30
0.0
 10
176.5275305555556
 20
260.4148405555555
 30
0.0
 10
171.4828083333333
 20
259.7551461111111
 30
0.0
 10
170.4456416666667
 20
260.7005905555556
 30
0.0
 10
170.4456416666667
 20
263.6039516666667
 30
0.0
 10
170.4456416666667
 20
263.6603961111111
 30
0.0
 10
171.2288083333333
 20
263.7062572222222
 30
0.0
 10
172.1954194444444
 20
263.7062572222222
 30
0.0
 10
173.1620305555555
 20
263.7062572222222
 30
0.0
 10
173.7723361111111
 20
263.6039516666667
 30
0.0
 10
173.9451972222222
 20
263.6039516666667
 30
0.0
 10
175.1117157407407
 20
263.6039516666667
 30
0.0
 10
176.2782342592592
 20
263.6039516666667
 30
0.0
 10
177.4447527777778
 20
263.6039516666667
 30
0.0
 10
177.4447527777778
 20
264.6046646296297
 30
0.0
 10
177.4447527777778
 20
265.6053775925926
 30
0.0
 10
177.4447527777778
 20
266.6060905555556
 30
0.0
 10
176.2782342592592
 20
266.6060905555556
 30
0.0
 10
175.1117157407407
 20
266.6060905555556
 30
0.0
 10
173.9451972222222
 20
266.6060905555556
 30
0.0
 10
173.7723361111111
 20
266.6060905555556
 30
0.0
 10
173.1620305555555
 20
266.503785
 30
0.0
 10
172.1954194444444
 20
266.503785
 30
0.0
 10
171.2288083333333
 20
266.503785
 30
0.0
 10
170.4456416666667
 20
266.5496461111111
 30
0.0
 10
170.4456416666667
 20
266.6060905555556
 30
0.0
 10
170.4456416666667
 20
270.9064516666667
 30
0.0
 10
173.0738361111111
 20
268.5252016666666
 30
0.0
 10
178.1855861111111
 20
269.7458127777778
 30
0.0
 10
187.4001416666666
 20
271.9471461111111
 30
0.0
 10
180.9672388888889
 20
266.6060905555556
 30
0.0
 10
189.1834333333333
 20
266.6060905555556
 30
0.0
 10
189.2398777777778
 20
266.6060905555556
 30
0.0
 10
189.2822111111111
 20
265.8229238888889
 30
0.0
 10
189.2822111111111
 20
264.8563127777778
 30
0.0
 10
189.2822111111111
 20
263.8861738888889
 30
0.0
 10
189.1834333333333
 20
263.2793961111111
 30
0.0
 10
189.1834333333333
 20
263.106535
 30
0.0
 10
189.1834333333333
 20
261.9388405555556
 30
0.0
 10
189.1834333333333
 20
260.7711461111111
 30
0.0
 10
189.1834333333333
 20
259.6034516666667
 30
0.0
 10
190.1829703703704
 20
259.6034516666667
 30
0.0
 10
191.1825074074074
 20
259.6034516666667
 30
0.0
 10
192.1820444444444
 20
259.6034516666667
 30
0.0
 10
192.1820444444444
 20
260.7699701851852
 30
0.0
 10
192.1820444444444
 20
261.9364887037037
 30
0.0
 10
192.1820444444444
 20
263.1030072222222
 30
0.0
 10
192.1820444444444
 20
263.2793961111111
 30
0.0
 10
192.0832666666667
 20
263.8861738888889
 30
0.0
 10
192.0832666666667
 20
264.8563127777778
 30
0.0
 10
192.0832666666667
 20
265.8229238888889
 30
0.0
 10
192.1291277777778
 20
266.6060905555556
 30
0.0
 10
192.1820444444444
 20
266.6060905555556
 30
0.0
 10
194.8596277777778
 20
266.6060905555556
 30
0.0
 10
198.0205166666667
 20
268.789785
 30
0.0
 10
197.0856555555555
 20
264.2460072222222
 30
0.0
  0
POLYLINE
  5
17E
330
1F
100
AcDbEntity
  8
DEFAULT
 62
   250
100
AcDb2dPolyline
 66
     1
 10
0.0
 20
0.0
 30
0.0
  0
VERTEX
  5
17F
330
17E
100
AcDbEntity
  8
DEFAULT
 62
   250
100
AcDbVertex
100
AcDb2dVertex
 10
231.5573008333333
 20
212.9036466666666
 30
0.0
  0
VERTEX
  5
180
330
17E
100
AcDbEntity
  8
DEFAULT
 62
   250
100
AcDbVertex
100
AcDb2dVertex
 10
232.7207619444444
 20
213.6758772222222
 30
0.0
  0
SEQEND
  5
181
330
17E
100
AcDbEntity
  8
DEFAULT
 62
   250
  0
POLYLINE
  5
182
330
1F
100
AcDbEntity
  8
DEFAULT
 62
   250
100
AcDb2dPolyline
 66
     1
 10
0.0
 20
0.0
 30
0.0
  0
VERTEX
  5
183
330
182
100
AcDbEntity
  8
DEFAULT
 62
   250
100
AcDbVertex
100
AcDb2dVertex
 10
232.7206913888889
 20
212.0957855555556
 30
0.0
  0
VERTEX
  5
184
330
182
100
AcDbEntity
  8
DEFAULT
 62
   250
100
AcDbVertex
100
AcDb2dVertex
 10
231.5604052777777
 20
212.9036466666666
 30
0.0
  0
VERTEX
  5
185
330
182
100
AcDbEntity
  8
DEFAULT
 62
   250
100
AcDbVertex
100
AcDb2dVertex
 10
230.6996275
 20
212.9036466666666
 30
0.0
  0
SEQEND
  5
186
330
182
100
AcDbEntity
  8
DEFAULT
 62
   250
  0
SPLINE
  5
187
330
1F
100
AcDbEntity
  8
DEFAULT
 62
   250
100
AcDbSpline
210
0.0
220
0.0
230
1.0
 70
     8
 71
     3
 72
    17
 73
    13
 74
     0
 42
0.000000001
 43
0.0000000001
 40
0.0
 40
0.0
 40
0.0
 40
0.0
 40
5.999747078002589
 40
5.999747078002589
 40
5.999747078002589
 40
6.999747078002589
 40
6.999747078002589
 40
6.999747078002589
 40
7.999747078002589
 40
7.999747078002589
 40
7.999747078002589
 40
13.99949415600515
 40
13.99949415600515
 40
13.99949415600515
 40
13.99949415600515
 10
240.3889161111112
 20
214.3376530555556
 30
0.0
 10
240.1793661111112
 20
215.0113410185185
 30
0.0
 10
239.9698161111112
 20
215.6850289814815
 30
0.0
 10
239.7602661111112
 20
216.3587169444445
 30
0.0
 10
239.6935911111111
 20
216.1064808333333
 30
0.0
 10
239.1697161111111
 20
214.3376530555555
 30
0.0
 10
239.1697161111111
 20
214.3376530555555
 30
0.0
 10
239.1697161111111
 20
214.3376530555555
 30
0.0
 10
238.6461938888889
 20
216.1064808333333
 30
0.0
 10
238.5795188888889
 20
216.3587169444444
 30
0.0
 10
238.3699688888889
 20
215.6850289814814
 30
0.0
 10
238.1604188888889
 20
215.0113410185185
 30
0.0
 10
237.9508688888889
 20
214.3376530555555
 30
0.0
  0
SPLINE
  5
188
330
1F
100
AcDbEntity
  8
DEFAULT
 62
     1
100
AcDbSpline
210
0.0
220
0.0
230
1.0
 70
    11
 71
     3
 72
    68
 73
    64
 74
     0
 42
0.000000001
 43
0.0000000001
 40
1.0
 40
1.0
 40
1.0
 40
1.0
 40
2.0
 40
2.0
 40
2.0
 40
3.0
 40
3.0
 40
3.0
 40
4.0
 40
4.0
 40
4.0
 40
5.0
 40
5.0
 40
5.0
 40
14.91999999999996
 40
14.91999999999996
 40
14.91999999999996
 40
23.41999999999996
 40
23.41999999999996
 40
23.41999999999996
 40
33.33999999999992
 40
33.33999999999992
 40
33.33999999999992
 40
34.33999999999992
 40
34.33999999999992
 40
34.33999999999992
 40
35.33999999999992
 40
35.33999999999992
 40
35.33999999999992
 40
36.33999999999992
 40
36.33999999999992
 40
36.33999999999992
 40
37.33999999999992
 40
37.33999999999992
 40
37.33999999999992
 40
38.33999999999992
 40
38.33999999999992
 40
38.33999999999992
 40
39.33999999999992
 40
39.33999999999992
 40
39.33999999999992
 40
49.25999999999999
 40
49.25999999999999
 40
49.25999999999999
 40
57.75999999999999
 40
57.75999999999999
 40
57.75999999999999
 40
67.68000000000006
 40
67.68000000000006
 40
67.68000000000006
 40
68.68000000000006
 40
68.68000000000006
 40
68.68000000000006
 40
69.68000000000006
 40
69.68000000000006
 40
69.68000000000006
 40
70.68000000000006
 40
70.68000000000006
 40
70.68000000000006
 40
71.68000000000006
 40
71.68000000000006
 40
71.68000000000006
 40
72.68000000000006
 40
72.68000000000006
 40
72.68000000000006
 40
72.68000000000006
 10
239.1635425
 20
208.1840444444445
 30
0.0
 10
231.1554869444444
 20
208.1840444444445
 30
0.0
 10
227.2643480555555
 20
208.3851277777778
 30
0.0
 10
224.6714313888889
 20
208.3851277777778
 30
0.0
 10
223.0133758333333
 20
208.3851277777778
 30
0.0
 10
221.6692925
 20
209.7256833333333
 30
0.0
 10
221.6692925
 20
211.3872666666667
 30
0.0
 10
221.6692925
 20
211.4405361111111
 30
0.0
 10
222.4524591666666
 20
211.4860444444444
 30
0.0
 10
223.4190702777778
 20
211.4860444444444
 30
0.0
 10
224.3856813888889
 20
211.4860444444444
 30
0.0
 10
224.9959869444444
 20
211.3872666666667
 30
0.0
 10
225.1688480555555
 20
211.3872666666667
 30
0.0
 10
226.3353665740741
 20
211.3872666666667
 30
0.0
 10
227.5018850925926
 20
211.3872666666667
 30
0.0
 10
228.6684036111111
 20
211.3872666666667
 30
0.0
 10
228.6684036111111
 20
212.3868037037037
 30
0.0
 10
228.6684036111111
 20
213.3863407407408
 30
0.0
 10
228.6684036111111
 20
214.3858777777778
 30
0.0
 10
227.5018850925926
 20
214.3858777777778
 30
0.0
 10
226.3353665740741
 20
214.3858777777778
 30
0.0
 10
225.1688480555555
 20
214.3858777777778
 30
0.0
 10
224.9959869444444
 20
214.3858777777778
 30
0.0
 10
224.3856813888889
 20
214.2871
 30
0.0
 10
223.4190702777778
 20
214.2871
 30
0.0
 10
222.4524591666666
 20
214.2871
 30
0.0
 10
221.6692925
 20
214.3294333333333
 30
0.0
 10
221.6692925
 20
214.3858777777778
 30
0.0
 10
221.6692925
 20
216.0439333333333
 30
0.0
 10
223.0133758333333
 20
217.3844888888889
 30
0.0
 10
224.6714313888889
 20
217.3844888888889
 30
0.0
 10
233.5226258333333
 20
217.3844888888889
 30
0.0
 10
221.3200425
 20
227.0611833333333
 30
0.0
 10
237.6712925
 20
227.0611833333333
 30
0.0
 10
237.7277369444444
 20
226.9871
 30
0.0
 10
237.7665425
 20
224.5917388888889
 30
0.0
 10
237.7665425
 20
223.6392388888889
 30
0.0
 10
237.7700702777777
 20
222.6726277777778
 30
0.0
 10
237.6712925
 20
222.06585
 30
0.0
 10
237.6712925
 20
221.8894611111111
 30
0.0
 10
237.6712925
 20
220.7229425925926
 30
0.0
 10
237.6712925
 20
219.556424074074
 30
0.0
 10
237.6712925
 20
218.3899055555555
 30
0.0
 10
238.670829537037
 20
218.3899055555555
 30
0.0
 10
239.670366574074
 20
218.3899055555555
 30
0.0
 10
240.6699036111111
 20
218.3899055555555
 30
0.0
 10
240.6699036111111
 20
219.556424074074
 30
0.0
 10
240.6699036111111
 20
220.7229425925926
 30
0.0
 10
240.6699036111111
 20
221.8894611111111
 30
0.0
 10
240.6699036111111
 20
222.06585
 30
0.0
 10
240.5675980555555
 20
222.6726277777778
 30
0.0
 10
240.5675980555555
 20
223.6392388888889
 30
0.0
 10
240.5675980555555
 20
224.60585
 30
0.0
 10
240.6169869444444
 20
227.0650638888889
 30
0.0
 10
240.6699036111111
 20
227.0650638888889
 30
0.0
 10
247.0304869444444
 20
227.0650638888889
 30
0.0
 10
250.0749591666666
 20
226.8636277777778
 30
0.0
 10
250.0749591666666
 20
219.7657388888889
 30
0.0
 10
250.0749591666666
 20
216.7636
 30
0.0
 10
250.1949036111111
 20
215.5606277777778
 30
0.0
 10
248.9143202777777
 20
213.6732666666666
 30
0.0
 10
246.7235702777777
 20
210.44535
 30
0.0
 10
243.2945702777778
 20
208.1840444444445
 30
0.0
 10
239.1635425
 20
208.1840444444445
 30
0.0
  0
POLYLINE
  5
189
330
1F
100
AcDbEntity
  8
DEFAULT
 62
   250
100
AcDb2dPolyline
 66
     1
 10
0.0
 20
0.0
 30
0.0
  0
VERTEX
  5
18A
330
189
100
AcDbEntity
  8
DEFAULT
 62
   250
100
AcDbVertex
100
AcDb2dVertex
 10
225.0429769444444
 20
241.4192741666667
 30
0.0
  0
VERTEX
  5
18B
330
189
100
AcDbEntity
  8
DEFAULT
 62
   250
100
AcDbVertex
100
AcDb2dVertex
 10
223.8795158333333
 20
240.6470436111111
 30
0.0
  0
SEQEND
  5
18C
330
189
100
AcDbEntity
  8
DEFAULT
 62
   250
  0
POLYLINE
  5
18D
330
1F
100
AcDbEntity
  8
DEFAULT
 62
   250
100
AcDb2dPolyline
 66
     1
 10
0.0
 20
0.0
 30
0.0
  0
VERTEX
  5
18E
330
18D
100
AcDbEntity
  8
DEFAULT
 62
   250
100
AcDbVertex
100
AcDb2dVertex
 10
223.8795863888888
 20
242.2271352777778
 30
0.0
  0
VERTEX
  5
18F
330
18D
100
AcDbEntity
  8
DEFAULT
 62
   250
100
AcDbVertex
100
AcDb2dVertex
 10
225.0398724999999
 20
241.4192741666667
 30
0.0
  0
VERTEX
  5
190
330
18D
100
AcDbEntity
  8
DEFAULT
 62
   250
100
AcDbVertex
100
AcDb2dVertex
 10
225.9006502777777
 20
241.4192741666667
 30
0.0
  0
SEQEND
  5
191
330
18D
100
AcDbEntity
  8
DEFAULT
 62
   250
  0
SPLINE
  5
192
330
1F
100
AcDbEntity
  8
DEFAULT
 62
   250
100
AcDbSpline
210
0.0
220
0.0
230
1.0
 70
     8
 71
     3
 72
    17
 73
    13
 74
     0
 42
0.000000001
 43
0.0000000001
 40
0.0
 40
0.0
 40
0.0
 40
0.0
 40
6.000044166504154
 40
6.000044166504154
 40
6.000044166504154
 40
7.000044166504154
 40
7.000044166504154
 40
7.000044166504154
 40
8.000044166504154
 40
8.000044166504154
 40
8.000044166504154
 40
13.99979124450671
 40
13.99979124450671
 40
13.99979124450671
 40
13.99979124450671
 10
216.2113616666666
 20
239.9853030555555
 30
0.0
 10
216.4210292592593
 20
239.3116150925925
 30
0.0
 10
216.6306968518519
 20
238.6379271296296
 30
0.0
 10
216.8403644444444
 20
237.9642391666666
 30
0.0
 10
216.9066866666666
 20
238.2164752777777
 30
0.0
 10
217.4305616666666
 20
239.9853030555555
 30
0.0
 10
217.4305616666666
 20
239.9853030555555
 30
0.0
 10
217.4305616666666
 20
239.9853030555555
 30
0.0
 10
217.9540838888889
 20
238.2164752777777
 30
0.0
 10
218.0207588888889
 20
237.9642391666666
 30
0.0
 10
218.2303088888889
 20
238.6379271296296
 30
0.0
 10
218.4398588888889
 20
239.3116150925925
 30
0.0
 10
218.6494088888889
 20
239.9853030555555
 30
0.0
  0
SPLINE
  5
193
330
1F
100
AcDbEntity
  8
DEFAULT
 62
     1
100
AcDbSpline
210
0.0
220
0.0
230
1.0
 70
    11
 71
     3
 72
    68
 73
    64
 74
     0
 42
0.000000001
 43
0.0000000001
 40
1.0
 40
1.0
 40
1.0
 40
1.0
 40
2.0
 40
2.0
 40
2.0
 40
3.0
 40
3.0
 40
3.0
 40
4.0
 40
4.0
 40
4.0
 40
5.0
 40
5.0
 40
5.0
 40
14.91999999999996
 40
14.91999999999996
 40
14.91999999999996
 40
23.41999999999996
 40
23.41999999999996
 40
23.41999999999996
 40
33.33999999999992
 40
33.33999999999992
 40
33.33999999999992
 40
34.33999999999992
 40
34.33999999999992
 40
34.33999999999992
 40
35.33999999999992
 40
35.33999999999992
 40
35.33999999999992
 40
36.33999999999992
 40
36.33999999999992
 40
36.33999999999992
 40
37.33999999999992
 40
37.33999999999992
 40
37.33999999999992
 40
38.33999999999992
 40
38.33999999999992
 40
38.33999999999992
 40
39.33999999999992
 40
39.33999999999992
 40
39.33999999999992
 40
49.25999999999999
 40
49.25999999999999
 40
49.25999999999999
 40
57.75999999999999
 40
57.75999999999999
 40
57.75999999999999
 40
67.68000000000006
 40
67.68000000000006
 40
67.68000000000006
 40
68.68000000000006
 40
68.68000000000006
 40
68.68000000000006
 40
69.68000000000006
 40
69.68000000000006
 40
69.68000000000006
 40
70.68000000000006
 40
70.68000000000006
 40
70.68000000000006
 40
71.68000000000006
 40
71.68000000000006
 40
71.68000000000006
 40
72.68000000000006
 40
72.68000000000006
 40
72.68000000000006
 40
72.68000000000006
 10
217.4367705555555
 20
246.1389116666666
 30
0.0
 10
225.4448261111111
 20
246.1389116666666
 30
0.0
 10
229.335965
 20
245.9378283333333
 30
0.0
 10
231.9288816666666
 20
245.9378283333333
 30
0.0
 10
233.5869372222222
 20
245.9378283333333
 30
0.0
 10
234.9310205555555
 20
244.5972727777777
 30
0.0
 10
234.9310205555555
 20
242.9356894444444
 30
0.0
 10
234.9310205555555
 20
242.88242
 30
0.0
 10
234.1478538888888
 20
242.8369116666666
 30
0.0
 10
233.1812427777777
 20
242.8369116666666
 30
0.0
 10
232.2146316666666
 20
242.8369116666666
 30
0.0
 10
231.604326111111
 20
242.9356894444444
 30
0.0
 10
231.4314649999999
 20
242.9356894444444
 30
0.0
 10
230.2649464814814
 20
242.9356894444444
 30
0.0
 10
229.0984279629629
 20
242.9356894444444
 30
0.0
 10
227.9319094444444
 20
242.9356894444444
 30
0.0
 10
227.9319094444444
 20
241.9361524074073
 30
0.0
 10
227.9319094444444
 20
240.9366153703703
 30
0.0
 10
227.9319094444444
 20
239.9370783333333
 30
0.0
 10
229.0984279629629
 20
239.9370783333333
 30
0.0
 10
230.2649464814814
 20
239.9370783333333
 30
0.0
 10
231.4314649999999
 20
239.9370783333333
 30
0.0
 10
231.604326111111
 20
239.9370783333333
 30
0.0
 10
232.2146316666666
 20
240.0358561111111
 30
0.0
 10
233.1812427777777
 20
240.0358561111111
 30
0.0
 10
234.1478538888888
 20
240.0358561111111
 30
0.0
 10
234.9310205555555
 20
239.9935227777778
 30
0.0
 10
234.9310205555555
 20
239.9370783333333
 30
0.0
 10
234.9310205555555
 20
238.2790227777778
 30
0.0
 10
233.5869372222222
 20
236.9384672222222
 30
0.0
 10
231.9288816666666
 20
236.9384672222222
 30
0.0
 10
223.0776872222222
 20
236.9384672222222
 30
0.0
 10
235.2802705555555
 20
227.2617727777777
 30
0.0
 10
218.9290205555555
 20
227.2617727777777
 30
0.0
 10
218.8725761111111
 20
227.3358561111111
 30
0.0
 10
218.8337705555555
 20
229.7312172222222
 30
0.0
 10
218.8337705555555
 20
230.6837172222222
 30
0.0
 10
218.8302427777778
 20
231.6503283333333
 30
0.0
 10
218.9290205555555
 20
232.2571061111111
 30
0.0
 10
218.9290205555555
 20
232.433495
 30
0.0
 10
218.9290205555555
 20
233.6000135185185
 30
0.0
 10
218.9290205555555
 20
234.766532037037
 30
0.0
 10
218.9290205555555
 20
235.9330505555556
 30
0.0
 10
217.9294835185185
 20
235.9330505555555
 30
0.0
 10
216.9299464814815
 20
235.9330505555555
 30
0.0
 10
215.9304094444444
 20
235.9330505555556
 30
0.0
 10
215.9304094444444
 20
234.766532037037
 30
0.0
 10
215.9304094444444
 20
233.6000135185185
 30
0.0
 10
215.9304094444444
 20
232.433495
 30
0.0
 10
215.9304094444444
 20
232.2571061111111
 30
0.0
 10
216.032715
 20
231.6503283333333
 30
0.0
 10
216.032715
 20
230.6837172222222
 30
0.0
 10
216.032715
 20
229.7171061111111
 30
0.0
 10
215.9833261111111
 20
227.2578922222222
 30
0.0
 10
215.9304094444444
 20
227.2578922222222
 30
0.0
 10
209.5698261111111
 20
227.2578922222222
 30
0.0
 10
206.5253538888889
 20
227.4593283333333
 30
0.0
 10
206.5253538888889
 20
234.5572172222222
 30
0.0
 10
206.5253538888889
 20
237.5593561111111
 30
0.0
 10
206.4054094444444
 20
238.7623283333333
 30
0.0
 10
207.6859927777778
 20
240.6496894444444
 30
0.0
 10
209.8767427777778
 20
243.8776061111111
 30
0.0
 10
213.3057427777777
 20
246.1389116666666
 30
0.0
 10
217.4367705555555
 20
246.1389116666666
 30
0.0
  0
SPLINE
  5
194
330
1F
100
AcDbEntity
  8
DEFAULT
 62
   250
100
AcDbSpline
210
0.0
220
0.0
230
1.0
 70
     8
 71
     3
 72
    17
 73
    13
 74
     0
 42
0.000000001
 43
0.0000000001
 40
0.0
 40
0.0
 40
0.0
 40
0.0
 40
6.000044166504154
 40
6.000044166504154
 40
6.000044166504154
 40
7.000044166504154
 40
7.000044166504154
 40
7.000044166504154
 40
8.000044166504154
 40
8.000044166504154
 40
8.000044166504154
 40
13.99979124450666
 40
13.99979124450666
 40
13.99979124450666
 40
13.99979124450666
 10
203.1961547222222
 20
181.8062502777778
 30
0.0
 10
203.4058223148148
 20
181.1325623148149
 30
0.0
 10
203.6154899074074
 20
180.4588743518519
 30
0.0
 10
203.8251575
 20
179.7851863888889
 30
0.0
 10
203.8914797222222
 20
180.0374225
 30
0.0
 10
204.4153547222222
 20
181.8062502777778
 30
0.0
 10
204.4153547222222
 20
181.8062502777778
 30
0.0
 10
204.4153547222222
 20
181.8062502777778
 30
0.0
 10
204.9388769444444
 20
180.0374225
 30
0.0
 10
205.0055519444444
 20
179.7851863888889
 30
0.0
 10
205.2151019444445
 20
180.4588743518518
 30
0.0
 10
205.4246519444444
 20
181.1325623148148
 30
0.0
 10
205.6342019444444
 20
181.8062502777778
 30
0.0
  0
SPLINE
  5
195
330
1F
100
AcDbEntity
  8
DEFAULT
 62
   250
100
AcDbSpline
210
0.0
220
0.0
230
1.0
 70
     8
 71
     3
 72
    17
 73
    13
 74
     0
 42
0.000000001
 43
0.0000000001
 40
0.0
 40
0.0
 40
0.0
 40
0.0
 40
5.999089347559303
 40
5.999089347559303
 40
5.999089347559303
 40
6.999089347559303
 40
6.999089347559303
 40
6.999089347559303
 40
7.999089347559303
 40
7.999089347559303
 40
7.999089347559303
 40
13.99788155932987
 40
13.99788155932987
 40
13.99788155932987
 40
13.99788155932987
 10
205.6342019444444
 20
197.8535469444444
 30
0.0
 10
205.4245343518518
 20
198.5271173148148
 30
0.0
 10
205.2148667592593
 20
199.2006876851852
 30
0.0
 10
205.0051991666666
 20
199.8742580555555
 30
0.0
 10
204.9388769444444
 20
199.6223747222222
 30
0.0
 10
204.4150019444444
 20
197.8535469444444
 30
0.0
 10
204.4150019444444
 20
197.8535469444444
 30
0.0
 10
204.4150019444444
 20
197.8535469444444
 30
0.0
 10
203.8914797222222
 20
199.6223747222222
 30
0.0
 10
203.8248047222222
 20
199.8742580555555
 30
0.0
 10
203.6152547222222
 20
199.2006876851851
 30
0.0
 10
203.4057047222222
 20
198.5271173148148
 30
0.0
 10
203.1961547222222
 20
197.8535469444444
 30
0.0
  0
SPLINE
  5
196
330
1F
100
AcDbEntity
  8
DEFAULT
 62
   250
100
AcDbSpline
210
0.0
220
0.0
230
1.0
 70
     8
 71
     3
 72
    11
 73
     7
 74
     0
 42
0.000000001
 43
0.0000000001
 40
0.0
 40
0.0
 40
0.0
 40
0.0
 40
1.019798989873238
 40
1.019798989873238
 40
1.019798989873238
 40
2.019798989873237
 40
2.019798989873237
 40
2.019798989873237
 40
2.019798989873237
 10
211.7990288888888
 20
181.529355
 30
0.0
 10
211.7990288888888
 20
181.529355
 30
0.0
 10
213.3480761111111
 20
180.7677077777778
 30
0.0
 10
213.5780872222222
 20
180.6364744444445
 30
0.0
 10
213.4472066666666
 20
180.8618994444444
 30
0.0
 10
212.7190733333333
 20
182.4472827777778
 30
0.0
 10
212.7190733333333
 20
182.4472827777778
 30
0.0
  0
SPLINE
  5
197
330
1F
100
AcDbEntity
  8
DEFAULT
 62
   250
100
AcDbSpline
210
0.0
220
0.0
230
1.0
 70
     8
 71
     3
 72
    11
 73
     7
 74
     0
 42
0.000000001
 43
0.0000000001
 40
0.0
 40
0.0
 40
0.0
 40
0.0
 40
1.019798989873238
 40
1.019798989873238
 40
1.019798989873238
 40
2.019798989873237
 40
2.019798989873237
 40
2.019798989873237
 40
2.019798989873237
 10
197.0292463888889
 20
198.1287488888889
 30
0.0
 10
197.0292463888889
 20
198.1287488888889
 30
0.0
 10
195.4801991666667
 20
198.8907488888889
 30
0.0
 10
195.2501880555555
 20
199.0216294444444
 30
0.0
 10
195.3810686111111
 20
198.7962044444445
 30
0.0
 10
196.1092019444444
 20
197.2108211111111
 30
0.0
 10
196.1092019444444
 20
197.2108211111111
 30
0.0
  0
SPLINE
  5
198
330
1F
100
AcDbEntity
  8
DEFAULT
 62
   250
100
AcDbSpline
210
0.0
220
0.0
230
1.0
 70
     8
 71
     3
 72
    11
 73
     7
 74
     0
 42
0.000000001
 43
0.0000000001
 40
0.0
 40
0.0
 40
0.0
 40
0.0
 40
1.019798989873238
 40
1.019798989873238
 40
1.019798989873238
 40
2.019798989873237
 40
2.019798989873237
 40
2.019798989873237
 40
2.019798989873237
 10
196.1144230555555
 20
182.4442136111111
 30
0.0
 10
196.1144230555555
 20
182.4442136111111
 30
0.0
 10
195.3527758333333
 20
180.8951663888889
 30
0.0
 10
195.2215425
 20
180.6651552777778
 30
0.0
 10
195.4469675
 20
180.7960358333333
 30
0.0
 10
197.0323508333333
 20
181.5241691666667
 30
0.0
 10
197.0323508333333
 20
181.5241691666667
 30
0.0
  0
SPLINE
  5
199
330
1F
100
AcDbEntity
  8
DEFAULT
 62
   250
100
AcDbSpline
210
0.0
220
0.0
230
1.0
 70
     8
 71
     3
 72
    11
 73
     7
 74
     0
 42
0.000000001
 43
0.0000000001
 40
0.0
 40
0.0
 40
0.0
 40
0.0
 40
1.019798989873238
 40
1.019798989873238
 40
1.019798989873238
 40
2.019798989873237
 40
2.019798989873237
 40
2.019798989873237
 40
2.019798989873237
 10
212.7138169444444
 20
197.2140313888889
 30
0.0
 10
212.7138169444444
 20
197.2140313888889
 30
0.0
 10
213.4758169444444
 20
198.7630786111111
 30
0.0
 10
213.6066975
 20
198.9930897222222
 30
0.0
 10
213.3812725
 20
198.8622091666666
 30
0.0
 10
211.7958891666667
 20
198.1340758333333
 30
0.0
 10
211.7958891666667
 20
198.1340758333333
 30
0.0
  0
SPLINE
  5
19A
330
1F
100
AcDbEntity
  8
DEFAULT
 62
   250
100
AcDbSpline
210
0.0
220
0.0
230
1.0
 70
     8
 71
     3
 72
    11
 73
     7
 74
     0
 42
0.000000001
 43
0.0000000001
 40
0.0
 40
0.0
 40
0.0
 40
0.0
 40
1.019999999999982
 40
1.019999999999982
 40
1.019999999999982
 40
2.019999999999982
 40
2.019999999999982
 40
2.019999999999982
 40
2.019999999999982
 10
193.3234569444444
 20
190.4760111111111
 30
0.0
 10
193.3234569444444
 20
190.4760111111111
 30
0.0
 10
191.6893902777778
 20
189.9193277777778
 30
0.0
 10
191.4339791666667
 20
189.8494777777778
 30
0.0
 10
191.6858625
 20
189.78245
 30
0.0
 10
193.3220458333333
 20
189.1763777777778
 30
0.0
 10
193.3220458333333
 20
189.1763777777778
 30
0.0
  0
SPLINE
  5
19B
330
1F
100
AcDbEntity
  8
DEFAULT
 62
   250
100
AcDbSpline
210
0.0
220
0.0
230
1.0
 70
     8
 71
     3
 72
    11
 73
     7
 74
     0
 42
0.000000001
 43
0.0000000001
 40
0.0
 40
0.0
 40
0.0
 40
0.0
 40
1.019999999999982
 40
1.019999999999982
 40
1.019999999999982
 40
2.019999999999982
 40
2.019999999999982
 40
2.019999999999982
 40
2.019999999999982
 10
215.5048536111111
 20
189.1823044444444
 30
0.0
 10
215.5048536111111
 20
189.1823044444444
 30
0.0
 10
217.1389202777777
 20
189.738635
 30
0.0
 10
217.3943313888889
 20
189.8088377777778
 30
0.0
 10
217.1424480555555
 20
189.8758655555555
 30
0.0
 10
215.5062647222222
 20
190.4819377777778
 30
0.0
 10
215.5062647222222
 20
190.4819377777778
 30
0.0
  0
SPLINE
  5
19C
330
1F
100
AcDbEntity
  8
DEFAULT
 62
     1
100
AcDbSpline
210
0.0
220
0.0
230
1.0
 70
    11
 71
     3
 72
   197
 73
   193
 74
     0
 42
0.000000001
 43
0.0000000001
 40
1.0
 40
1.0
 40
1.0
 40
1.0
 40
10.93000000000006
 40
10.93000000000006
 40
10.93000000000006
 40
19.43000588235097
 40
19.43000588235097
 40
19.43000588235097
 40
20.43000588235097
 40
20.43000588235097
 40
20.43000588235097
 40
21.43000588235097
 40
21.43000588235097
 40
21.43000588235097
 40
22.43000588235097
 40
22.43000588235097
 40
22.43000588235097
 40
23.43000588235097
 40
23.43000588235097
 40
23.43000588235097
 40
24.43000588235097
 40
24.43000588235097
 40
24.43000588235097
 40
25.43000588235097
 40
25.43000588235097
 40
25.43000588235097
 40
26.43000588235097
 40
26.43000588235097
 40
26.43000588235097
 40
34.93650339895554
 40
34.93650339895554
 40
34.93650339895554
 40
35.93650339895554
 40
35.93650339895554
 40
35.93650339895554
 40
36.93650339895554
 40
36.93650339895554
 40
36.93650339895554
 40
37.93650339895554
 40
37.93650339895554
 40
37.93650339895554
 40
38.93650339895554
 40
38.93650339895554
 40
38.93650339895554
 40
39.93650339895554
 40
39.93650339895554
 40
39.93650339895554
 40
40.93650339895554
 40
40.93650339895554
 40
40.93650339895554
 40
41.93650339895554
 40
41.93650339895554
 40
41.93650339895554
 40
50.44650339895553
 40
50.44650339895553
 40
50.44650339895553
 40
51.44650339895553
 40
51.44650339895553
 40
51.44650339895553
 40
52.44650339895553
 40
52.44650339895553
 40
52.44650339895553
 40
53.44650339895553
 40
53.44650339895553
 40
53.44650339895553
 40
54.44650339895553
 40
54.44650339895553
 40
54.44650339895553
 40
55.44650339895553
 40
55.44650339895553
 40
55.44650339895553
 40
56.44650339895553
 40
56.44650339895553
 40
56.44650339895553
 40
57.44650339895553
 40
57.44650339895553
 40
57.44650339895553
 40
65.9530009155601
 40
65.9530009155601
 40
65.9530009155601
 40
66.9530009155601
 40
66.9530009155601
 40
66.9530009155601
 40
67.9530009155601
 40
67.9530009155601
 40
67.9530009155601
 40
68.9530009155601
 40
68.9530009155601
 40
68.9530009155601
 40
69.9530009155601
 40
69.9530009155601
 40
69.9530009155601
 40
70.9530009155601
 40
70.9530009155601
 40
70.9530009155601
 40
71.9530009155601
 40
71.9530009155601
 40
71.9530009155601
 40
72.9530009155601
 40
72.9530009155601
 40
72.9530009155601
 40
81.46300091556009
 40
81.46300091556009
 40
81.46300091556009
 40
82.46300091556009
 40
82.46300091556009
 40
82.46300091556009
 40
83.46300091556009
 40
83.46300091556009
 40
83.46300091556009
 40
84.46300091556009
 40
84.46300091556009
 40
84.46300091556009
 40
85.46300091556009
 40
85.46300091556009
 40
85.46300091556009
 40
86.46300091556009
 40
86.46300091556009
 40
86.46300091556009
 40
87.46300091556009
 40
87.46300091556009
 40
87.46300091556009
 40
88.46300091556009
 40
88.46300091556009
 40
88.46300091556009
 40
96.95535630143507
 40
96.95535630143507
 40
96.95535630143507
 40
97.95535630143507
 40
97.95535630143507
 40
97.95535630143507
 40
98.95535630143507
 40
98.95535630143507
 40
98.95535630143507
 40
99.95535630143507
 40
99.95535630143507
 40
99.95535630143507
 40
100.9553563014351
 40
100.9553563014351
 40
100.9553563014351
 40
101.9553563014351
 40
101.9553563014351
 40
101.9553563014351
 40
102.9553563014351
 40
102.9553563014351
 40
102.9553563014351
 40
121.3793563014351
 40
121.3793563014351
 40
121.3793563014351
 40
129.8893621768737
 40
129.8893621768737
 40
129.8893621768737
 40
148.3233621768738
 40
148.3233621768738
 40
148.3233621768738
 40
149.3233621768738
 40
149.3233621768738
 40
149.3233621768738
 40
150.3233621768738
 40
150.3233621768738
 40
150.3233621768738
 40
151.3233621768738
 40
151.3233621768738
 40
151.3233621768738
 40
152.3233621768738
 40
152.3233621768738
 40
152.3233621768738
 40
153.3233621768738
 40
153.3233621768738
 40
153.3233621768738
 40
154.3233621768738
 40
154.3233621768738
 40
154.3233621768738
 40
162.8298596934784
 40
162.8298596934784
 40
162.8298596934784
 40
163.8298596934784
 40
163.8298596934784
 40
163.8298596934784
 40
164.8298596934784
 40
164.8298596934784
 40
164.8298596934784
 40
165.8298596934784
 40
165.8298596934784
 40
165.8298596934784
 40
166.8298596934784
 40
166.8298596934784
 40
166.8298596934784
 40
167.8298596934784
 40
167.8298596934784
 40
167.8298596934784
 40
168.8298596934784
 40
168.8298596934784
 40
168.8298596934784
 40
168.8298596934784
 10
222.9931969444444
 20
188.3287586111111
 30
0.0
 10
221.8255025
 20
188.3287586111111
 30
0.0
 10
220.6578080555555
 20
188.3287586111111
 30
0.0
 10
219.4901136111111
 20
188.3287586111111
 30
0.0
 10
219.491289537037
 20
189.3282956481481
 30
0.0
 10
219.4924654629629
 20
190.3278326851852
 30
0.0
 10
219.4936413888888
 20
191.3273697222222
 30
0.0
 10
219.4936413888888
 20
191.3273697222222
 30
0.0
 10
222.1147802777778
 20
191.3308975
 30
0.0
 10
222.9896691666667
 20
191.3308975
 30
0.0
 10
223.1660580555556
 20
191.3308975
 30
0.0
 10
223.7728358333333
 20
191.2285919444444
 30
0.0
 10
224.7429747222222
 20
191.2321197222222
 30
0.0
 10
225.7095858333333
 20
191.2285919444444
 30
0.0
 10
226.4927525
 20
191.2744530555555
 30
0.0
 10
226.4927525
 20
191.3273697222222
 30
0.0
 10
226.4927525
 20
193.3311475
 30
0.0
 10
222.5028358333333
 20
202.9655086111111
 30
0.0
 10
221.0881969444445
 20
204.3801475
 30
0.0
 10
221.0458636111111
 20
204.4189530555555
 30
0.0
 10
220.4637802777777
 20
203.8968419444444
 30
0.0
 10
219.7793913888889
 20
203.2159808333333
 30
0.0
 10
219.0914747222222
 20
202.5280641666666
 30
0.0
 10
218.7351691666667
 20
202.0271197222222
 30
0.0
 10
218.6081691666666
 20
201.9071752777778
 30
0.0
 10
217.9908080555555
 20
201.2862863888889
 30
0.0
 10
216.1387247222222
 20
199.4306752777778
 30
0.0
 10
216.1387247222222
 20
199.4306752777778
 30
0.0
 10
215.4308173148148
 20
200.1374067592593
 30
0.0
 10
214.7229099074074
 20
200.8441382407408
 30
0.0
 10
214.0150025
 20
201.5508697222222
 30
0.0
 10
214.0150025
 20
201.5508697222222
 30
0.0
 10
215.8741413888889
 20
203.4064808333333
 30
0.0
 10
216.4915025
 20
204.0273697222222
 30
0.0
 10
216.6149747222222
 20
204.1508419444444
 30
0.0
 10
217.1159191666666
 20
204.5106752777778
 30
0.0
 10
217.7967802777778
 20
205.1950641666666
 30
0.0
 10
218.4811691666666
 20
205.8759252777778
 30
0.0
 10
219.0032802777777
 20
206.4615363888888
 30
0.0
 10
218.9644747222222
 20
206.5003419444444
 30
0.0
 10
217.5533636111111
 20
207.9185086111111
 30
0.0
 10
207.9154747222222
 20
211.9048975
 30
0.0
 10
205.9152247222222
 20
211.9048975
 30
0.0
 10
205.8623080555555
 20
211.9048975
 30
0.0
 10
205.8129191666667
 20
211.1252586111111
 30
0.0
 10
205.8129191666667
 20
210.1586475
 30
0.0
 10
205.8129191666667
 20
209.1885086111111
 30
0.0
 10
205.9152247222222
 20
208.5782030555555
 30
0.0
 10
205.9116969444444
 20
208.4088697222222
 30
0.0
 10
205.9152247222222
 20
207.5304530555555
 30
0.0
 10
205.9152247222222
 20
201.9057641666666
 30
0.0
 10
205.9152247222222
 20
201.9057641666666
 30
0.0
 10
204.9145117592592
 20
201.9057641666666
 30
0.0
 10
203.9137987962963
 20
201.9057641666666
 30
0.0
 10
202.9130858333333
 20
201.9057641666666
 30
0.0
 10
202.9130858333333
 20
201.9057641666666
 30
0.0
 10
202.9130858333333
 20
207.5304530555555
 30
0.0
 10
202.9166136111111
 20
208.4053419444444
 30
0.0
 10
202.9166136111111
 20
208.5817308333333
 30
0.0
 10
203.0153913888889
 20
209.1885086111111
 30
0.0
 10
203.0153913888889
 20
210.1551197222222
 30
0.0
 10
203.0153913888889
 20
211.1252586111111
 30
0.0
 10
202.9695302777778
 20
211.9084252777778
 30
0.0
 10
202.9166136111111
 20
211.9084252777778
 30
0.0
 10
200.9163636111111
 20
211.9084252777778
 30
0.0
 10
191.2784747222222
 20
207.9149808333333
 30
0.0
 10
189.8638358333333
 20
206.5003419444444
 30
0.0
 10
189.8250302777778
 20
206.4615363888888
 30
0.0
 10
190.3471413888889
 20
205.8759252777778
 30
0.0
 10
191.0315302777778
 20
205.1915363888888
 30
0.0
 10
191.7159191666666
 20
204.5071475
 30
0.0
 10
192.2133358333333
 20
204.1508419444444
 30
0.0
 10
192.3403358333333
 20
204.0273697222222
 30
0.0
 10
192.9576969444445
 20
203.4064808333333
 30
0.0
 10
194.8168358333333
 20
201.5508697222222
 30
0.0
 10
194.8168358333333
 20
201.5508697222222
 30
0.0
 10
194.1089284259259
 20
200.8441382407407
 30
0.0
 10
193.4010210185185
 20
200.1374067592593
 30
0.0
 10
192.6931136111111
 20
199.4306752777778
 30
0.0
 10
192.6931136111111
 20
199.4306752777778
 30
0.0
 10
190.8375025
 20
201.2827586111111
 30
0.0
 10
190.2166136111111
 20
201.9071752777778
 30
0.0
 10
190.0931413888889
 20
202.0271197222222
 30
0.0
 10
189.7368358333333
 20
202.5280641666666
 30
0.0
 10
189.0524469444444
 20
203.2124530555555
 30
0.0
 10
188.3680580555556
 20
203.8968419444444
 30
0.0
 10
187.7824469444444
 20
204.4189530555555
 30
0.0
 10
187.7436413888889
 20
204.3801475
 30
0.0
 10
186.3290025
 20
202.9655086111111
 30
0.0
 10
182.3355580555556
 20
193.3311475
 30
0.0
 10
182.3355580555556
 20
191.3308975
 30
0.0
 10
182.3355580555556
 20
191.2709252777778
 30
0.0
 10
183.1222525
 20
191.2321197222222
 30
0.0
 10
184.0888636111111
 20
191.2285919444444
 30
0.0
 10
185.0554747222222
 20
191.2285919444444
 30
0.0
 10
185.6622525
 20
191.3273697222222
 30
0.0
 10
185.8386413888889
 20
191.3273697222222
 30
0.0
 10
186.7135302777778
 20
191.3273697222222
 30
0.0
 10
189.3381969444445
 20
191.3308975
 30
0.0
 10
189.3381969444445
 20
191.3308975
 30
0.0
 10
189.3381969444445
 20
190.330184537037
 30
0.0
 10
189.3381969444445
 20
189.3294715740741
 30
0.0
 10
189.3381969444445
 20
188.3287586111111
 30
0.0
 10
189.3381969444445
 20
188.3287586111111
 30
0.0
 10
186.7135302777778
 20
188.3322863888889
 30
0.0
 10
185.8386413888889
 20
188.3322863888889
 30
0.0
 10
185.6622525
 20
188.3287586111111
 30
0.0
 10
185.0519469444444
 20
188.4310641666666
 30
0.0
 10
184.0853358333333
 20
188.4310641666666
 30
0.0
 10
183.1222525
 20
188.4310641666666
 30
0.0
 10
182.3390858333333
 20
188.3852030555555
 30
0.0
 10
182.3390858333333
 20
188.3287586111111
 30
0.0
 10
182.3390858333333
 20
186.3285086111111
 30
0.0
 10
186.3290025
 20
176.6941475
 30
0.0
 10
187.7436413888889
 20
175.2795086111111
 30
0.0
 10
187.7824469444444
 20
175.2407030555555
 30
0.0
 10
188.3680580555556
 20
175.7628141666666
 30
0.0
 10
189.0489191666666
 20
176.4472030555555
 30
0.0
 10
189.7333080555556
 20
177.1315919444444
 30
0.0
 10
190.0931413888889
 20
177.6325363888889
 30
0.0
 10
190.2201413888889
 20
177.7560086111111
 30
0.0
 10
190.8375025
 20
178.3733697222222
 30
0.0
 10
192.6931136111111
 20
180.2254530555555
 30
0.0
 10
192.6931136111111
 20
180.2254530555555
 30
0.0
 10
193.3998450925926
 20
179.5198975
 30
0.0
 10
194.1065765740741
 20
178.8143419444444
 30
0.0
 10
194.8133080555556
 20
178.1087863888889
 30
0.0
 10
194.8133080555556
 20
178.1087863888889
 30
0.0
 10
192.9576969444445
 20
176.2496475
 30
0.0
 10
192.3403358333333
 20
175.6322863888888
 30
0.0
 10
192.2133358333333
 20
175.5088141666666
 30
0.0
 10
191.7159191666666
 20
175.1489808333333
 30
0.0
 10
191.0315302777778
 20
174.4645919444444
 30
0.0
 10
190.3471413888889
 20
173.7837308333333
 30
0.0
 10
189.8250302777778
 20
173.1981197222222
 30
0.0
 10
189.8638358333333
 20
173.1557863888889
 30
0.0
 10
191.2784747222222
 20
171.7446752777778
 30
0.0
 10
200.9163636111111
 20
167.7512308333333
 30
0.0
 10
202.9166136111111
 20
167.7512308333333
 30
0.0
 10
202.9695302777778
 20
167.7512308333333
 30
0.0
 10
203.0153913888889
 20
168.5343975
 30
0.0
 10
203.0153913888889
 20
169.5045363888889
 30
0.0
 10
203.0153913888889
 20
170.4711475
 30
0.0
 10
202.9130858333333
 20
171.0779252777778
 30
0.0
 10
202.9130858333333
 20
171.2507863888889
 30
0.0
 10
202.9130858333333
 20
173.4173123148148
 30
0.0
 10
202.9130858333333
 20
175.5838382407407
 30
0.0
 10
202.9130858333333
 20
177.7503641666666
 30
0.0
 10
203.9137987962963
 20
177.7515400925926
 30
0.0
 10
204.9145117592592
 20
177.7527160185185
 30
0.0
 10
205.9152247222222
 20
177.7538919444444
 30
0.0
 10
205.9152247222222
 20
175.5861900925925
 30
0.0
 10
205.9152247222222
 20
173.4184882407407
 30
0.0
 10
205.9152247222222
 20
171.2507863888889
 30
0.0
 10
205.9152247222222
 20
171.0779252777778
 30
0.0
 10
205.8164469444444
 20
170.4676197222222
 30
0.0
 10
205.8129191666667
 20
169.5010086111111
 30
0.0
 10
205.8129191666667
 20
168.5379252777777
 30
0.0
 10
205.8587802777778
 20
167.7547586111111
 30
0.0
 10
205.9116969444444
 20
167.7512308333333
 30
0.0
 10
207.9119469444445
 20
167.7512308333333
 30
0.0
 10
217.5498358333333
 20
171.7446752777778
 30
0.0
 10
218.9644747222222
 20
173.1593141666666
 30
0.0
 10
219.0032802777777
 20
173.1981197222222
 30
0.0
 10
218.4846969444444
 20
173.7802030555555
 30
0.0
 10
217.7967802777778
 20
174.4681197222222
 30
0.0
 10
217.1159191666666
 20
175.1489808333333
 30
0.0
 10
216.6149747222222
 20
175.5123419444444
 30
0.0
 10
216.4915025
 20
175.6322863888888
 30
0.0
 10
215.8706136111111
 20
176.2496475
 30
0.0
 10
214.0150025
 20
178.1087863888889
 30
0.0
 10
214.0150025
 20
178.1087863888889
 30
0.0
 10
214.7229099074074
 20
178.8155178703704
 30
0.0
 10
215.4308173148148
 20
179.5222493518519
 30
0.0
 10
216.1387247222222
 20
180.2289808333333
 30
0.0
 10
216.1387247222222
 20
180.2289808333333
 30
0.0
 10
217.9943358333333
 20
178.3733697222222
 30
0.0
 10
218.6081691666666
 20
177.7524808333333
 30
0.0
 10
218.7351691666667
 20
177.6290086111111
 30
0.0
 10
219.0950025
 20
177.1280641666666
 30
0.0
 10
219.7758636111111
 20
176.4472030555555
 30
0.0
 10
220.4637802777777
 20
175.7592863888889
 30
0.0
 10
221.0493913888889
 20
175.2407030555555
 30
0.0
 10
221.0846691666666
 20
175.2795086111111
 30
0.0
 10
222.4993080555556
 20
176.6941475
 30
0.0
 10
226.4927525
 20
186.3320363888889
 30
0.0
 10
226.4892247222222
 20
188.3287586111111
 30
0.0
 10
226.4892247222222
 20
188.3852030555555
 30
0.0
 10
225.7060580555555
 20
188.4310641666666
 30
0.0
 10
224.7429747222222
 20
188.4275363888889
 30
0.0
 10
223.7763636111111
 20
188.4275363888889
 30
0.0
 10
223.1695858333333
 20
188.3287586111111
 30
0.0
 10
222.9931969444444
 20
188.3287586111111
 30
0.0
  0
SPLINE
  5
19D
330
1F
100
AcDbEntity
  8
DEFAULT
 62
     1
100
AcDbSpline
210
0.0
220
0.0
230
1.0
 70
    11
 71
     3
 72
    29
 73
    25
 74
     0
 42
0.000000001
 43
0.0000000001
 40
1.0
 40
1.0
 40
1.0
 40
1.0
 40
2.0
 40
2.0
 40
2.0
 40
3.0
 40
3.0
 40
3.0
 40
4.0
 40
4.0
 40
4.0
 40
5.0
 40
5.0
 40
5.0
 40
6.0
 40
6.0
 40
6.0
 40
7.0
 40
7.0
 40
7.0
 40
8.0
 40
8.0
 40
8.0
 40
9.0
 40
9.0
 40
9.0
 40
9.0
 10
207.0405858333333
 20
184.0530919444444
 30
0.0
 10
206.8712525
 20
185.5100641666666
 30
0.0
 10
207.3122247222222
 20
187.0693419444444
 30
0.0
 10
204.4123913888889
 20
187.0693419444444
 30
0.0
 10
201.5125580555556
 20
187.0693419444444
 30
0.0
 10
201.9605858333333
 20
185.5100641666666
 30
0.0
 10
201.7877247222222
 20
184.0530919444444
 30
0.0
 10
201.4808080555555
 20
181.3896197222222
 30
0.0
 10
196.1009469444444
 20
184.1765641666667
 30
0.0
 10
196.1468080555555
 20
189.8280641666666
 30
0.0
 10
196.1009469444444
 20
195.4795641666666
 30
0.0
 10
201.4808080555555
 20
198.266508611111
 30
0.0
 10
201.7877247222222
 20
195.6030363888889
 30
0.0
 10
201.9605858333333
 20
194.1425363888889
 30
0.0
 10
201.5160858333333
 20
192.5867863888889
 30
0.0
 10
204.4159191666666
 20
192.5867863888889
 30
0.0
 10
207.3157525
 20
192.5867863888889
 30
0.0
 10
206.8712525
 20
194.1425363888889
 30
0.0
 10
207.0405858333333
 20
195.6030363888889
 30
0.0
 10
207.3510302777778
 20
198.266508611111
 30
0.0
 10
212.7308913888889
 20
195.4795641666666
 30
0.0
 10
212.6850302777778
 20
189.8280641666666
 30
0.0
 10
212.7308913888889
 20
184.1765641666667
 30
0.0
 10
207.3510302777778
 20
181.3896197222222
 30
0.0
 10
207.0405858333333
 20
184.0530919444444
 30
0.0
  0
SPLINE
  5
19E
330
1F
100
AcDbEntity
  8
DEFAULT
 62
   250
100
AcDbSpline
210
0.0
220
0.0
230
1.0
 70
     8
 71
     3
 72
    17
 73
    13
 74
     0
 42
0.000000001
 43
0.0000000001
 40
0.0
 40
0.0
 40
0.0
 40
0.0
 40
6.000044166504154
 40
6.000044166504154
 40
6.000044166504154
 40
7.000044166504154
 40
7.000044166504154
 40
7.000044166504154
 40
8.000044166504154
 40
8.000044166504154
 40
8.000044166504154
 40
13.99979124450667
 40
13.99979124450667
 40
13.99979124450667
 40
13.99979124450667
 10
94.90805250000003
 20
181.8062502777778
 30
0.0
 10
95.11772009259262
 20
181.1325623148149
 30
0.0
 10
95.32738768518522
 20
180.4588743518519
 30
0.0
 10
95.53705527777781
 20
179.7851863888889
 30
0.0
 10
95.60337750000001
 20
180.0374225
 30
0.0
 10
96.12725250000001
 20
181.8062502777778
 30
0.0
 10
96.12725250000001
 20
181.8062502777778
 30
0.0
 10
96.12725250000001
 20
181.8062502777778
 30
0.0
 10
96.65077472222222
 20
180.0374225
 30
0.0
 10
96.71744972222223
 20
179.7851863888889
 30
0.0
 10
96.92699972222222
 20
180.4588743518518
 30
0.0
 10
97.13654972222223
 20
181.1325623148148
 30
0.0
 10
97.34609972222222
 20
181.8062502777778
 30
0.0
  0
SPLINE
  5
19F
330
1F
100
AcDbEntity
  8
DEFAULT
 62
   250
100
AcDbSpline
210
0.0
220
0.0
230
1.0
 70
     8
 71
     3
 72
    17
 73
    13
 74
     0
 42
0.000000001
 43
0.0000000001
 40
0.0
 40
0.0
 40
0.0
 40
0.0
 40
5.999089347559195
 40
5.999089347559195
 40
5.999089347559195
 40
6.999089347559195
 40
6.999089347559195
 40
6.999089347559195
 40
7.999089347559195
 40
7.999089347559195
 40
7.999089347559195
 40
13.99788155932978
 40
13.99788155932978
 40
13.99788155932978
 40
13.99788155932978
 10
97.34609972222225
 20
197.8535469444445
 30
0.0
 10
97.13643212962965
 20
198.5271173148148
 30
0.0
 10
96.92676453703706
 20
199.2006876851852
 30
0.0
 10
96.71709694444446
 20
199.8742580555555
 30
0.0
 10
96.65077472222222
 20
199.6223747222222
 30
0.0
 10
96.12689972222222
 20
197.8535469444444
 30
0.0
 10
96.12689972222222
 20
197.8535469444444
 30
0.0
 10
96.12689972222222
 20
197.8535469444444
 30
0.0
 10
95.60337750000001
 20
199.6223747222222
 30
0.0
 10
95.53670249999999
 20
199.8742580555555
 30
0.0
 10
95.3271525
 20
199.2006876851851
 30
0.0
 10
95.11760249999999
 20
198.5271173148148
 30
0.0
 10
94.9080525
 20
197.8535469444444
 30
0.0
  0
SPLINE
  5
1A0
330
1F
100
AcDbEntity
  8
DEFAULT
 62
   250
100
AcDbSpline
210
0.0
220
0.0
230
1.0
 70
     8
 71
     3
 72
    11
 73
     7
 74
     0
 42
0.000000001
 43
0.0000000001
 40
0.0
 40
0.0
 40
0.0
 40
0.0
 40
1.019798989873238
 40
1.019798989873238
 40
1.019798989873238
 40
2.019798989873237
 40
2.019798989873237
 40
2.019798989873237
 40
2.019798989873237
 10
103.5109266666667
 20
181.529355
 30
0.0
 10
103.5109266666667
 20
181.529355
 30
0.0
 10
105.0599738888889
 20
180.7677077777778
 30
0.0
 10
105.289985
 20
180.6364744444445
 30
0.0
 10
105.1591044444445
 20
180.8618994444444
 30
0.0
 10
104.4309711111111
 20
182.4472827777778
 30
0.0
 10
104.4309711111111
 20
182.4472827777778
 30
0.0
  0
SPLINE
  5
1A1
330
1F
100
AcDbEntity
  8
DEFAULT
 62
   250
100
AcDbSpline
210
0.0
220
0.0
230
1.0
 70
     8
 71
     3
 72
    11
 73
     7
 74
     0
 42
0.000000001
 43
0.0000000001
 40
0.0
 40
0.0
 40
0.0
 40
0.0
 40
1.019798989873238
 40
1.019798989873238
 40
1.019798989873238
 40
2.019798989873237
 40
2.019798989873237
 40
2.019798989873237
 40
2.019798989873237
 10
88.74110888888887
 20
198.1287488888889
 30
0.0
 10
88.74110888888887
 20
198.1287488888889
 30
0.0
 10
87.19206166666666
 20
198.8907488888889
 30
0.0
 10
86.96205055555555
 20
199.0216294444444
 30
0.0
 10
87.0929311111111
 20
198.7962044444445
 30
0.0
 10
87.82106444444443
 20
197.2108211111111
 30
0.0
 10
87.82106444444443
 20
197.2108211111111
 30
0.0
  0
SPLINE
  5
1A2
330
1F
100
AcDbEntity
  8
DEFAULT
 62
   250
100
AcDbSpline
210
0.0
220
0.0
230
1.0
 70
     8
 71
     3
 72
    11
 73
     7
 74
     0
 42
0.000000001
 43
0.0000000001
 40
0.0
 40
0.0
 40
0.0
 40
0.0
 40
1.019798989873217
 40
1.019798989873217
 40
1.019798989873217
 40
2.019798989873217
 40
2.019798989873217
 40
2.019798989873217
 40
2.019798989873217
 10
87.82628555555554
 20
182.4442136111111
 30
0.0
 10
87.82628555555554
 20
182.4442136111111
 30
0.0
 10
87.06428555555554
 20
180.8951663888889
 30
0.0
 10
86.933405
 20
180.6651552777778
 30
0.0
 10
87.15883
 20
180.7960358333333
 30
0.0
 10
88.74421333333332
 20
181.5241691666667
 30
0.0
 10
88.74421333333332
 20
181.5241691666667
 30
0.0
  0
SPLINE
  5
1A3
330
1F
100
AcDbEntity
  8
DEFAULT
 62
   250
100
AcDbSpline
210
0.0
220
0.0
230
1.0
 70
     8
 71
     3
 72
    11
 73
     7
 74
     0
 42
0.000000001
 43
0.0000000001
 40
0.0
 40
0.0
 40
0.0
 40
0.0
 40
1.019798989873238
 40
1.019798989873238
 40
1.019798989873238
 40
2.019798989873237
 40
2.019798989873237
 40
2.019798989873237
 40
2.019798989873237
 10
104.4256794444444
 20
197.2140313888889
 30
0.0
 10
104.4256794444444
 20
197.2140313888889
 30
0.0
 10
105.1876794444444
 20
198.7630786111111
 30
0.0
 10
105.31856
 20
198.9930897222222
 30
0.0
 10
105.093135
 20
198.8622091666666
 30
0.0
 10
103.5077516666667
 20
198.1340758333333
 30
0.0
 10
103.5077516666667
 20
198.1340758333333
 30
0.0
  0
SPLINE
  5
1A4
330
1F
100
AcDbEntity
  8
DEFAULT
 62
   250
100
AcDbSpline
210
0.0
220
0.0
230
1.0
 70
     8
 71
     3
 72
    11
 73
     7
 74
     0
 42
0.000000001
 43
0.0000000001
 40
0.0
 40
0.0
 40
0.0
 40
0.0
 40
1.019999999999982
 40
1.019999999999982
 40
1.019999999999982
 40
2.019999999999982
 40
2.019999999999982
 40
2.019999999999982
 40
2.019999999999982
 10
85.03531944444443
 20
190.4760111111111
 30
0.0
 10
85.03531944444443
 20
190.4760111111111
 30
0.0
 10
83.40125277777777
 20
189.9193277777778
 30
0.0
 10
83.14584166666666
 20
189.8494777777778
 30
0.0
 10
83.397725
 20
189.78245
 30
0.0
 10
85.03390833333333
 20
189.1763777777778
 30
0.0
 10
85.03390833333333
 20
189.1763777777778
 30
0.0
  0
SPLINE
  5
1A5
330
1F
100
AcDbEntity
  8
DEFAULT
 62
   250
100
AcDbSpline
210
0.0
220
0.0
230
1.0
 70
     8
 71
     3
 72
    11
 73
     7
 74
     0
 42
0.000000001
 43
0.0000000001
 40
0.0
 40
0.0
 40
0.0
 40
0.0
 40
1.019999999999982
 40
1.019999999999982
 40
1.019999999999982
 40
2.019999999999982
 40
2.019999999999982
 40
2.019999999999982
 40
2.019999999999982
 10
107.2167161111111
 20
189.1823044444444
 30
0.0
 10
107.2167161111111
 20
189.1823044444444
 30
0.0
 10
108.8507827777778
 20
189.738635
 30
0.0
 10
109.1061938888889
 20
189.8088377777778
 30
0.0
 10
108.8543105555555
 20
189.8758655555555
 30
0.0
 10
107.2181272222222
 20
190.4819377777778
 30
0.0
 10
107.2181272222222
 20
190.4819377777778
 30
0.0
  0
SPLINE
  5
1A6
330
1F
100
AcDbEntity
  8
DEFAULT
 62
     1
100
AcDbSpline
210
0.0
220
0.0
230
1.0
 70
    11
 71
     3
 72
   197
 73
   193
 74
     0
 42
0.000000001
 43
0.0000000001
 40
1.0
 40
1.0
 40
1.0
 40
1.0
 40
10.92999999999995
 40
10.92999999999995
 40
10.92999999999995
 40
19.43000588235086
 40
19.43000588235086
 40
19.43000588235086
 40
20.43000588235086
 40
20.43000588235086
 40
20.43000588235086
 40
21.43000588235086
 40
21.43000588235086
 40
21.43000588235086
 40
22.43000588235086
 40
22.43000588235086
 40
22.43000588235086
 40
23.43000588235086
 40
23.43000588235086
 40
23.43000588235086
 40
24.43000588235086
 40
24.43000588235086
 40
24.43000588235086
 40
25.43000588235086
 40
25.43000588235086
 40
25.43000588235086
 40
26.43000588235086
 40
26.43000588235086
 40
26.43000588235086
 40
34.93650339895547
 40
34.93650339895547
 40
34.93650339895547
 40
35.93650339895547
 40
35.93650339895547
 40
35.93650339895547
 40
36.93650339895547
 40
36.93650339895547
 40
36.93650339895547
 40
37.93650339895547
 40
37.93650339895547
 40
37.93650339895547
 40
38.93650339895547
 40
38.93650339895547
 40
38.93650339895547
 40
39.93650339895547
 40
39.93650339895547
 40
39.93650339895547
 40
40.93650339895547
 40
40.93650339895547
 40
40.93650339895547
 40
41.93650339895547
 40
41.93650339895547
 40
41.93650339895547
 40
50.44650339895546
 40
50.44650339895546
 40
50.44650339895546
 40
51.44650339895546
 40
51.44650339895546
 40
51.44650339895546
 40
52.44650339895546
 40
52.44650339895546
 40
52.44650339895546
 40
53.44650339895546
 40
53.44650339895546
 40
53.44650339895546
 40
54.44650339895546
 40
54.44650339895546
 40
54.44650339895546
 40
55.44650339895546
 40
55.44650339895546
 40
55.44650339895546
 40
56.44650339895546
 40
56.44650339895546
 40
56.44650339895546
 40
57.44650339895546
 40
57.44650339895546
 40
57.44650339895546
 40
65.95300091556004
 40
65.95300091556004
 40
65.95300091556004
 40
66.95300091556004
 40
66.95300091556004
 40
66.95300091556004
 40
67.95300091556004
 40
67.95300091556004
 40
67.95300091556004
 40
68.95300091556004
 40
68.95300091556004
 40
68.95300091556004
 40
69.95300091556004
 40
69.95300091556004
 40
69.95300091556004
 40
70.95300091556004
 40
70.95300091556004
 40
70.95300091556004
 40
71.95300091556004
 40
71.95300091556004
 40
71.95300091556004
 40
72.95300091556004
 40
72.95300091556004
 40
72.95300091556004
 40
81.46300091556003
 40
81.46300091556003
 40
81.46300091556003
 40
82.46300091556003
 40
82.46300091556003
 40
82.46300091556003
 40
83.46300091556003
 40
83.46300091556003
 40
83.46300091556003
 40
84.46300091556003
 40
84.46300091556003
 40
84.46300091556003
 40
85.46300091556003
 40
85.46300091556003
 40
85.46300091556003
 40
86.46300091556003
 40
86.46300091556003
 40
86.46300091556003
 40
87.46300091556003
 40
87.46300091556003
 40
87.46300091556003
 40
88.46300091556003
 40
88.46300091556003
 40
88.46300091556003
 40
96.95535630143503
 40
96.95535630143503
 40
96.95535630143503
 40
97.95535630143503
 40
97.95535630143503
 40
97.95535630143503
 40
98.95535630143503
 40
98.95535630143503
 40
98.95535630143503
 40
99.95535630143503
 40
99.95535630143503
 40
99.95535630143503
 40
100.955356301435
 40
100.955356301435
 40
100.955356301435
 40
101.955356301435
 40
101.955356301435
 40
101.955356301435
 40
102.955356301435
 40
102.955356301435
 40
102.955356301435
 40
121.3793563014351
 40
121.3793563014351
 40
121.3793563014351
 40
129.8893621768737
 40
129.8893621768737
 40
129.8893621768737
 40
148.3233621768737
 40
148.3233621768737
 40
148.3233621768737
 40
149.3233621768737
 40
149.3233621768737
 40
149.3233621768737
 40
150.3233621768737
 40
150.3233621768737
 40
150.3233621768737
 40
151.3233621768737
 40
151.3233621768737
 40
151.3233621768737
 40
152.3233621768737
 40
152.3233621768737
 40
152.3233621768737
 40
153.3233621768737
 40
153.3233621768737
 40
153.3233621768737
 40
154.3233621768737
 40
154.3233621768737
 40
154.3233621768737
 40
162.8298596934783
 40
162.8298596934783
 40
162.8298596934783
 40
163.8298596934783
 40
163.8298596934783
 40
163.8298596934783
 40
164.8298596934783
 40
164.8298596934783
 40
164.8298596934783
 40
165.8298596934783
 40
165.8298596934783
 40
165.8298596934783
 40
166.8298596934783
 40
166.8298596934783
 40
166.8298596934783
 40
167.8298596934783
 40
167.8298596934783
 40
167.8298596934783
 40
168.8298596934783
 40
168.8298596934783
 40
168.8298596934783
 40
168.8298596934783
 10
114.7050594444444
 20
188.3287586111111
 30
0.0
 10
113.537365
 20
188.3287586111111
 30
0.0
 10
112.3696705555556
 20
188.3287586111111
 30
0.0
 10
111.2019761111111
 20
188.3287586111111
 30
0.0
 10
111.203152037037
 20
189.3282956481481
 30
0.0
 10
111.204327962963
 20
190.3278326851852
 30
0.0
 10
111.2055038888889
 20
191.3273697222222
 30
0.0
 10
111.2055038888889
 20
191.3273697222222
 30
0.0
 10
113.8266427777778
 20
191.3308975
 30
0.0
 10
114.7015316666667
 20
191.3308975
 30
0.0
 10
114.8779205555555
 20
191.3308975
 30
0.0
 10
115.4846983333333
 20
191.2285919444444
 30
0.0
 10
116.4548372222222
 20
191.2321197222222
 30
0.0
 10
117.4214483333333
 20
191.2285919444444
 30
0.0
 10
118.204615
 20
191.2744530555555
 30
0.0
 10
118.204615
 20
191.3273697222222
 30
0.0
 10
118.204615
 20
193.3311475
 30
0.0
 10
114.2146983333333
 20
202.9655086111111
 30
0.0
 10
112.8000594444444
 20
204.3801475
 30
0.0
 10
112.7577261111111
 20
204.4189530555555
 30
0.0
 10
112.1756427777778
 20
203.8968419444444
 30
0.0
 10
111.4912538888889
 20
203.2159808333333
 30
0.0
 10
110.8033372222222
 20
202.5280641666666
 30
0.0
 10
110.4470316666666
 20
202.0271197222222
 30
0.0
 10
110.3200316666667
 20
201.9071752777778
 30
0.0
 10
109.7026705555556
 20
201.2862863888889
 30
0.0
 10
107.8505872222222
 20
199.4306752777778
 30
0.0
 10
107.8505872222222
 20
199.4306752777778
 30
0.0
 10
107.1426798148148
 20
200.1374067592593
 30
0.0
 10
106.4347724074074
 20
200.8441382407408
 30
0.0
 10
105.726865
 20
201.5508697222222
 30
0.0
 10
105.726865
 20
201.5508697222222
 30
0.0
 10
107.5860038888889
 20
203.4064808333333
 30
0.0
 10
108.203365
 20
204.0273697222222
 30
0.0
 10
108.3268372222222
 20
204.1508419444444
 30
0.0
 10
108.8277816666667
 20
204.5106752777778
 30
0.0
 10
109.5086427777778
 20
205.1950641666666
 30
0.0
 10
110.1930316666667
 20
205.8759252777778
 30
0.0
 10
110.7151427777778
 20
206.4615363888888
 30
0.0
 10
110.6763372222222
 20
206.5003419444444
 30
0.0
 10
109.2652261111111
 20
207.9185086111111
 30
0.0
 10
99.62733722222222
 20
211.9048975
 30
0.0
 10
97.62708722222222
 20
211.9048975
 30
0.0
 10
97.57417055555555
 20
211.9048975
 30
0.0
 10
97.52478166666666
 20
211.1252586111111
 30
0.0
 10
97.52478166666666
 20
210.1586475
 30
0.0
 10
97.52478166666666
 20
209.1885086111111
 30
0.0
 10
97.62708722222222
 20
208.5782030555555
 30
0.0
 10
97.62355944444444
 20
208.4088697222222
 30
0.0
 10
97.62708722222222
 20
207.5304530555555
 30
0.0
 10
97.62708722222222
 20
201.9057641666666
 30
0.0
 10
97.62708722222222
 20
201.9057641666666
 30
0.0
 10
96.62637425925925
 20
201.9057641666666
 30
0.0
 10
95.62566129629629
 20
201.9057641666666
 30
0.0
 10
94.62494833333334
 20
201.9057641666666
 30
0.0
 10
94.62494833333334
 20
201.9057641666666
 30
0.0
 10
94.62494833333334
 20
207.5304530555555
 30
0.0
 10
94.6284761111111
 20
208.4053419444444
 30
0.0
 10
94.6284761111111
 20
208.5817308333333
 30
0.0
 10
94.72725388888887
 20
209.1885086111111
 30
0.0
 10
94.72725388888887
 20
210.1551197222222
 30
0.0
 10
94.72725388888887
 20
211.1252586111111
 30
0.0
 10
94.68139277777776
 20
211.9084252777778
 30
0.0
 10
94.6284761111111
 20
211.9084252777778
 30
0.0
 10
92.6282261111111
 20
211.9084252777778
 30
0.0
 10
82.99033722222221
 20
207.9149808333333
 30
0.0
 10
81.57569833333334
 20
206.5003419444444
 30
0.0
 10
81.53689277777777
 20
206.4615363888888
 30
0.0
 10
82.05900388888888
 20
205.8759252777778
 30
0.0
 10
82.74339277777777
 20
205.1915363888888
 30
0.0
 10
83.42778166666666
 20
204.5071475
 30
0.0
 10
83.92519833333333
 20
204.1508419444444
 30
0.0
 10
84.05219833333332
 20
204.0273697222222
 30
0.0
 10
84.66955944444443
 20
203.4064808333333
 30
0.0
 10
86.52869833333332
 20
201.5508697222222
 30
0.0
 10
86.52869833333332
 20
201.5508697222222
 30
0.0
 10
85.82079092592592
 20
200.8441382407407
 30
0.0
 10
85.1128835185185
 20
200.1374067592593
 30
0.0
 10
84.4049761111111
 20
199.4306752777778
 30
0.0
 10
84.4049761111111
 20
199.4306752777778
 30
0.0
 10
82.549365
 20
201.2827586111111
 30
0.0
 10
81.92847611111111
 20
201.9071752777778
 30
0.0
 10
81.80500388888889
 20
202.0271197222222
 30
0.0
 10
81.44869833333333
 20
202.5280641666666
 30
0.0
 10
80.76430944444444
 20
203.2124530555555
 30
0.0
 10
80.07992055555555
 20
203.8968419444444
 30
0.0
 10
79.49430944444444
 20
204.4189530555555
 30
0.0
 10
79.45550388888888
 20
204.3801475
 30
0.0
 10
78.040865
 20
202.9655086111111
 30
0.0
 10
74.04742055555555
 20
193.3311475
 30
0.0
 10
74.04742055555555
 20
191.3308975
 30
0.0
 10
74.04742055555555
 20
191.2709252777778
 30
0.0
 10
74.834115
 20
191.2321197222222
 30
0.0
 10
75.8007261111111
 20
191.2285919444444
 30
0.0
 10
76.76733722222222
 20
191.2285919444444
 30
0.0
 10
77.374115
 20
191.3273697222222
 30
0.0
 10
77.55050388888888
 20
191.3273697222222
 30
0.0
 10
78.42539277777777
 20
191.3273697222222
 30
0.0
 10
81.05005944444444
 20
191.3308975
 30
0.0
 10
81.05005944444444
 20
191.3308975
 30
0.0
 10
81.05005944444444
 20
190.330184537037
 30
0.0
 10
81.05005944444444
 20
189.3294715740741
 30
0.0
 10
81.05005944444444
 20
188.3287586111111
 30
0.0
 10
81.05005944444444
 20
188.3287586111111
 30
0.0
 10
78.42539277777777
 20
188.3322863888889
 30
0.0
 10
77.55050388888888
 20
188.3322863888889
 30
0.0
 10
77.374115
 20
188.3287586111111
 30
0.0
 10
76.76380944444445
 20
188.4310641666666
 30
0.0
 10
75.79719833333333
 20
188.4310641666666
 30
0.0
 10
74.834115
 20
188.4310641666666
 30
0.0
 10
74.05094833333334
 20
188.3852030555555
 30
0.0
 10
74.05094833333334
 20
188.3287586111111
 30
0.0
 10
74.05094833333334
 20
186.3285086111111
 30
0.0
 10
78.040865
 20
176.6941475
 30
0.0
 10
79.45550388888888
 20
175.2795086111111
 30
0.0
 10
79.49430944444444
 20
175.2407030555555
 30
0.0
 10
80.07992055555555
 20
175.7628141666666
 30
0.0
 10
80.76078166666666
 20
176.4472030555555
 30
0.0
 10
81.44517055555555
 20
177.1315919444444
 30
0.0
 10
81.80500388888889
 20
177.6325363888889
 30
0.0
 10
81.93200388888889
 20
177.7560086111111
 30
0.0
 10
82.549365
 20
178.3733697222222
 30
0.0
 10
84.4049761111111
 20
180.2254530555555
 30
0.0
 10
84.4049761111111
 20
180.2254530555555
 30
0.0
 10
85.11170759259258
 20
179.5198975
 30
0.0
 10
85.81843907407408
 20
178.8143419444444
 30
0.0
 10
86.52517055555555
 20
178.1087863888889
 30
0.0
 10
86.52517055555555
 20
178.1087863888889
 30
0.0
 10
84.66955944444443
 20
176.2496475
 30
0.0
 10
84.05219833333332
 20
175.6322863888888
 30
0.0
 10
83.92519833333333
 20
175.5088141666666
 30
0.0
 10
83.42778166666666
 20
175.1489808333333
 30
0.0
 10
82.74339277777777
 20
174.4645919444444
 30
0.0
 10
82.05900388888888
 20
173.7837308333333
 30
0.0
 10
81.53689277777777
 20
173.1981197222222
 30
0.0
 10
81.57569833333334
 20
173.1557863888889
 30
0.0
 10
82.99033722222221
 20
171.7446752777778
 30
0.0
 10
92.6282261111111
 20
167.7512308333333
 30
0.0
 10
94.6284761111111
 20
167.7512308333333
 30
0.0
 10
94.68139277777776
 20
167.7512308333333
 30
0.0
 10
94.72725388888887
 20
168.5343975
 30
0.0
 10
94.72725388888887
 20
169.5045363888889
 30
0.0
 10
94.72725388888887
 20
170.4711475
 30
0.0
 10
94.62494833333334
 20
171.0779252777778
 30
0.0
 10
94.62494833333334
 20
171.2507863888889
 30
0.0
 10
94.62494833333334
 20
173.4173123148148
 30
0.0
 10
94.62494833333334
 20
175.5838382407407
 30
0.0
 10
94.62494833333334
 20
177.7503641666666
 30
0.0
 10
95.6256612962963
 20
177.7515400925926
 30
0.0
 10
96.62637425925925
 20
177.7527160185185
 30
0.0
 10
97.62708722222222
 20
177.7538919444444
 30
0.0
 10
97.62708722222222
 20
175.5861900925925
 30
0.0
 10
97.62708722222222
 20
173.4184882407407
 30
0.0
 10
97.62708722222222
 20
171.2507863888889
 30
0.0
 10
97.62708722222222
 20
171.0779252777778
 30
0.0
 10
97.52830944444443
 20
170.4676197222222
 30
0.0
 10
97.52478166666666
 20
169.5010086111111
 30
0.0
 10
97.52478166666666
 20
168.5379252777777
 30
0.0
 10
97.57064277777776
 20
167.7547586111111
 30
0.0
 10
97.62355944444444
 20
167.7512308333333
 30
0.0
 10
99.62380944444445
 20
167.7512308333333
 30
0.0
 10
109.2616983333333
 20
171.7446752777778
 30
0.0
 10
110.6763372222222
 20
173.1593141666666
 30
0.0
 10
110.7151427777778
 20
173.1981197222222
 30
0.0
 10
110.1965594444444
 20
173.7802030555555
 30
0.0
 10
109.5086427777778
 20
174.4681197222222
 30
0.0
 10
108.8277816666667
 20
175.1489808333333
 30
0.0
 10
108.3268372222222
 20
175.5123419444444
 30
0.0
 10
108.203365
 20
175.6322863888888
 30
0.0
 10
107.5824761111111
 20
176.2496475
 30
0.0
 10
105.726865
 20
178.1087863888889
 30
0.0
 10
105.726865
 20
178.1087863888889
 30
0.0
 10
106.4347724074074
 20
178.8155178703704
 30
0.0
 10
107.1426798148148
 20
179.5222493518519
 30
0.0
 10
107.8505872222222
 20
180.2289808333333
 30
0.0
 10
107.8505872222222
 20
180.2289808333333
 30
0.0
 10
109.7061983333333
 20
178.3733697222222
 30
0.0
 10
110.3200316666667
 20
177.7524808333333
 30
0.0
 10
110.4470316666666
 20
177.6290086111111
 30
0.0
 10
110.806865
 20
177.1280641666666
 30
0.0
 10
111.4877261111111
 20
176.4472030555555
 30
0.0
 10
112.1756427777778
 20
175.7592863888889
 30
0.0
 10
112.7612538888889
 20
175.2407030555555
 30
0.0
 10
112.7965316666667
 20
175.2795086111111
 30
0.0
 10
114.2111705555555
 20
176.6941475
 30
0.0
 10
118.204615
 20
186.3320363888889
 30
0.0
 10
118.2010872222222
 20
188.3287586111111
 30
0.0
 10
118.2010872222222
 20
188.3852030555555
 30
0.0
 10
117.4179205555556
 20
188.4310641666666
 30
0.0
 10
116.4548372222222
 20
188.4275363888889
 30
0.0
 10
115.4882261111111
 20
188.4275363888889
 30
0.0
 10
114.8814483333333
 20
188.3287586111111
 30
0.0
 10
114.7050594444444
 20
188.3287586111111
 30
0.0
  0
SPLINE
  5
1A7
330
1F
100
AcDbEntity
  8
DEFAULT
 62
     1
100
AcDbSpline
210
0.0
220
0.0
230
1.0
 70
    11
 71
     3
 72
    29
 73
    25
 74
     0
 42
0.000000001
 43
0.0000000001
 40
1.0
 40
1.0
 40
1.0
 40
1.0
 40
2.0
 40
2.0
 40
2.0
 40
3.0
 40
3.0
 40
3.0
 40
4.0
 40
4.0
 40
4.0
 40
5.0
 40
5.0
 40
5.0
 40
6.0
 40
6.0
 40
6.0
 40
7.0
 40
7.0
 40
7.0
 40
8.0
 40
8.0
 40
8.0
 40
9.0
 40
9.0
 40
9.0
 40
9.0
 10
98.75244833333332
 20
184.0530919444444
 30
0.0
 10
98.58311499999999
 20
185.5100641666666
 30
0.0
 10
99.0240872222222
 20
187.0693419444444
 30
0.0
 10
96.12425388888889
 20
187.0693419444444
 30
0.0
 10
93.22442055555554
 20
187.0693419444444
 30
0.0
 10
93.67244833333334
 20
185.5100641666666
 30
0.0
 10
93.49958722222222
 20
184.0530919444444
 30
0.0
 10
93.19267055555555
 20
181.3896197222222
 30
0.0
 10
87.81280944444444
 20
184.1765641666667
 30
0.0
 10
87.85867055555555
 20
189.8280641666666
 30
0.0
 10
87.81280944444444
 20
195.4795641666666
 30
0.0
 10
93.19267055555555
 20
198.266508611111
 30
0.0
 10
93.49958722222222
 20
195.6030363888889
 30
0.0
 10
93.67244833333334
 20
194.1425363888889
 30
0.0
 10
93.22794833333332
 20
192.5867863888889
 30
0.0
 10
96.12778166666666
 20
192.5867863888889
 30
0.0
 10
99.02761499999998
 20
192.5867863888889
 30
0.0
 10
98.58311499999999
 20
194.1425363888889
 30
0.0
 10
98.75244833333332
 20
195.6030363888889
 30
0.0
 10
99.06289277777776
 20
198.266508611111
 30
0.0
 10
104.4427538888889
 20
195.4795641666666
 30
0.0
 10
104.3968927777778
 20
189.8280641666666
 30
0.0
 10
104.4427538888889
 20
184.1765641666667
 30
0.0
 10
99.06289277777776
 20
181.3896197222222
 30
0.0
 10
98.75244833333332
 20
184.0530919444444
 30
0.0
  0
SPLINE
  5
1A8
330
1F
100
AcDbEntity
  8
DEFAULT
 62
   250
100
AcDbSpline
210
0.0
220
0.0
230
1.0
 70
     8
 71
     3
 72
    11
 73
     7
 74
     0
 42
0.000000001
 43
0.0000000001
 40
0.0
 40
0.0
 40
0.0
 40
0.0
 40
1.020000000000039
 40
1.020000000000039
 40
1.020000000000039
 40
2.020000000000039
 40
2.020000000000039
 40
2.020000000000039
 40
2.020000000000039
 10
45.20804888888888
 20
163.9505794444444
 30
0.0
 10
45.20804888888888
 20
163.9505794444444
 30
0.0
 10
46.84140999999999
 20
164.5090266666667
 30
0.0
 10
47.09646833333333
 20
164.5795822222222
 30
0.0
 10
46.844585
 20
164.6459044444444
 30
0.0
 10
45.20804888888888
 20
165.2502127777778
 30
0.0
 10
45.20804888888888
 20
165.2502127777778
 30
0.0
  0
SPLINE
  5
1A9
330
1F
100
AcDbEntity
  8
DEFAULT
 62
     1
100
AcDbSpline
210
0.0
220
0.0
230
1.0
 70
    11
 71
     3
 72
    38
 73
    34
 74
     0
 42
0.000000001
 43
0.0000000001
 40
1.0
 40
1.0
 40
1.0
 40
1.0
 40
2.0
 40
2.0
 40
2.0
 40
3.0
 40
3.0
 40
3.0
 40
4.0
 40
4.0
 40
4.0
 40
5.0
 40
5.0
 40
5.0
 40
6.0
 40
6.0
 40
6.0
 40
7.0
 40
7.0
 40
7.0
 40
8.0
 40
8.0
 40
8.0
 40
16.5
 40
16.5
 40
16.5
 40
17.5
 40
17.5
 40
17.5
 40
18.5
 40
18.5
 40
18.5
 40
19.5
 40
19.5
 40
19.5
 40
19.5
 10
56.19690027777778
 20
163.1018666666667
 30
0.0
 10
56.19690027777778
 20
156.7412833333333
 30
0.0
 10
56.04167805555556
 20
153.3863666666666
 30
0.0
 10
50.70415027777778
 20
153.6932833333333
 30
0.0
 10
46.64720583333334
 20
153.9296444444444
 30
0.0
 10
41.98701138888889
 20
159.3342
 30
0.0
 10
41.98701138888889
 20
164.6008194444445
 30
0.0
 10
41.98701138888889
 20
169.8681444444444
 30
0.0
 10
46.64720583333334
 20
175.275875
 30
0.0
 10
50.70415027777778
 20
175.5090611111111
 30
0.0
 10
56.04167805555556
 20
175.8159777777778
 30
0.0
 10
56.19690027777778
 20
172.4645888888889
 30
0.0
 10
56.19690027777778
 20
166.1004777777778
 30
0.0
 10
56.19690027777778
 20
166.0440333333333
 30
0.0
 10
55.41020583333334
 20
166.0017
 30
0.0
 10
54.44359472222222
 20
166.0017
 30
0.0
 10
53.47698361111111
 20
166.0017
 30
0.0
 10
52.87020583333333
 20
166.1004777777778
 30
0.0
 10
52.69381694444444
 20
166.1004777777778
 30
0.0
 10
51.81892805555555
 20
166.1004777777778
 30
0.0
 10
49.19426138888889
 20
166.1004777777778
 30
0.0
 10
49.19426138888889
 20
166.1004777777778
 30
0.0
 10
49.19426138888889
 20
165.1009407407407
 30
0.0
 10
49.19426138888889
 20
164.1014037037037
 30
0.0
 10
49.19426138888889
 20
163.1018666666667
 30
0.0
 10
49.19426138888889
 20
163.1018666666667
 30
0.0
 10
51.81892805555555
 20
163.1018666666667
 30
0.0
 10
52.69381694444444
 20
163.1018666666667
 30
0.0
 10
52.87020583333333
 20
163.1018666666667
 30
0.0
 10
53.47698361111111
 20
163.2006444444444
 30
0.0
 10
54.44359472222222
 20
163.2006444444444
 30
0.0
 10
55.41020583333334
 20
163.2006444444444
 30
0.0
 10
56.19690027777778
 20
163.1547833333333
 30
0.0
 10
56.19690027777778
 20
163.1018666666667
 30
0.0
  0
SPLINE
  5
1AA
330
1F
100
AcDbEntity
  8
DEFAULT
 62
   250
100
AcDbSpline
210
0.0
220
0.0
230
1.0
 70
     8
 71
     3
 72
    11
 73
     7
 74
     0
 42
0.000000001
 43
0.0000000001
 40
0.0
 40
0.0
 40
0.0
 40
0.0
 40
1.019999999999982
 40
1.019999999999982
 40
1.019999999999982
 40
2.019999999999982
 40
2.019999999999982
 40
2.019999999999982
 40
2.019999999999982
 10
52.97586277777777
 20
191.3742891666666
 30
0.0
 10
52.97586277777777
 20
191.3742891666666
 30
0.0
 10
51.34250166666666
 20
190.8158419444444
 30
0.0
 10
51.08709055555555
 20
190.7452863888889
 30
0.0
 10
51.33932666666666
 20
190.6789641666666
 30
0.0
 10
52.97586277777777
 20
190.0746558333333
 30
0.0
 10
52.97586277777777
 20
190.0746558333333
 30
0.0
  0
SPLINE
  5
1AB
330
1F
100
AcDbEntity
  8
DEFAULT
 62
     1
100
AcDbSpline
210
0.0
220
0.0
230
1.0
 70
    11
 71
     3
 72
    38
 73
    34
 74
     0
 42
0.000000001
 43
0.0000000001
 40
1.0
 40
1.0
 40
1.0
 40
1.0
 40
2.0
 40
2.0
 40
2.0
 40
3.0
 40
3.0
 40
3.0
 40
4.0
 40
4.0
 40
4.0
 40
5.0
 40
5.0
 40
5.0
 40
6.0
 40
6.0
 40
6.0
 40
7.0
 40
7.0
 40
7.0
 40
8.0
 40
8.0
 40
8.0
 40
16.5
 40
16.5
 40
16.5
 40
17.5
 40
17.5
 40
17.5
 40
18.5
 40
18.5
 40
18.5
 40
19.5
 40
19.5
 40
19.5
 40
19.5
 10
41.98701138888888
 20
192.2230372222222
 30
0.0
 10
41.98701138888888
 20
198.5836205555555
 30
0.0
 10
42.1422336111111
 20
201.9385372222222
 30
0.0
 10
47.47976138888889
 20
201.6316205555555
 30
0.0
 10
51.53670583333333
 20
201.3952594444444
 30
0.0
 10
56.19690027777776
 20
195.9907038888888
 30
0.0
 10
56.19690027777776
 20
190.7237316666666
 30
0.0
 10
56.19690027777776
 20
185.4567594444444
 30
0.0
 10
51.53670583333333
 20
180.0490288888888
 30
0.0
 10
47.47976138888889
 20
179.8158427777777
 30
0.0
 10
42.14258638888889
 20
179.5089261111111
 30
0.0
 10
41.98701138888888
 20
182.860315
 30
0.0
 10
41.98701138888888
 20
189.2244261111111
 30
0.0
 10
41.98701138888888
 20
189.2808705555555
 30
0.0
 10
42.77370583333333
 20
189.3232038888889
 30
0.0
 10
43.74031694444444
 20
189.3232038888889
 30
0.0
 10
44.70692805555555
 20
189.3232038888889
 30
0.0
 10
45.31370583333332
 20
189.2244261111111
 30
0.0
 10
45.49009472222222
 20
189.2244261111111
 30
0.0
 10
46.36498361111111
 20
189.2244261111111
 30
0.0
 10
48.98965027777778
 20
189.2244261111111
 30
0.0
 10
48.98965027777778
 20
189.2244261111111
 30
0.0
 10
48.98965027777778
 20
190.2239631481481
 30
0.0
 10
48.98965027777778
 20
191.2235001851851
 30
0.0
 10
48.98965027777778
 20
192.2230372222222
 30
0.0
 10
48.98965027777778
 20
192.2230372222222
 30
0.0
 10
46.36498361111111
 20
192.2230372222222
 30
0.0
 10
45.49009472222222
 20
192.2230372222222
 30
0.0
 10
45.31370583333332
 20
192.2230372222222
 30
0.0
 10
44.70692805555555
 20
192.1242594444444
 30
0.0
 10
43.74031694444444
 20
192.1242594444444
 30
0.0
 10
42.77370583333333
 20
192.1242594444444
 30
0.0
 10
41.98701138888888
 20
192.1701205555555
 30
0.0
 10
41.98701138888888
 20
192.2230372222222
 30
0.0
  0
SPLINE
  5
1AC
330
1F
100
AcDbEntity
  8
DEFAULT
 62
   250
100
AcDbSpline
210
0.0
220
0.0
230
1.0
 70
     8
 71
     3
 72
    11
 73
     7
 74
     0
 42
0.000000001
 43
0.0000000001
 40
0.0
 40
0.0
 40
0.0
 40
0.0
 40
1.020000000000039
 40
1.020000000000039
 40
1.020000000000039
 40
2.020000000000039
 40
2.020000000000039
 40
2.020000000000039
 40
2.020000000000039
 10
28.51368722222222
 20
163.9505794444444
 30
0.0
 10
28.51368722222222
 20
163.9505794444444
 30
0.0
 10
30.14704833333333
 20
164.5090266666667
 30
0.0
 10
30.40245944444444
 20
164.5795822222222
 30
0.0
 10
30.15022333333333
 20
164.6459044444444
 30
0.0
 10
28.51368722222222
 20
165.2502127777778
 30
0.0
 10
28.51368722222222
 20
165.2502127777778
 30
0.0
  0
SPLINE
  5
1AD
330
1F
100
AcDbEntity
  8
DEFAULT
 62
     1
100
AcDbSpline
210
0.0
220
0.0
230
1.0
 70
    11
 71
     3
 72
    38
 73
    34
 74
     0
 42
0.000000001
 43
0.0000000001
 40
1.0
 40
1.0
 40
1.0
 40
1.0
 40
2.0
 40
2.0
 40
2.0
 40
3.0
 40
3.0
 40
3.0
 40
4.0
 40
4.0
 40
4.0
 40
5.0
 40
5.0
 40
5.0
 40
6.0
 40
6.0
 40
6.0
 40
7.0
 40
7.0
 40
7.0
 40
8.0
 40
8.0
 40
8.0
 40
16.5
 40
16.5
 40
16.5
 40
17.5
 40
17.5
 40
17.5
 40
18.5
 40
18.5
 40
18.5
 40
19.5
 40
19.5
 40
19.5
 40
19.5
 10
39.50253861111111
 20
163.1018666666667
 30
0.0
 10
39.50253861111111
 20
156.7412833333333
 30
0.0
 10
39.34731638888888
 20
153.3863666666666
 30
0.0
 10
34.00978861111111
 20
153.6932833333333
 30
0.0
 10
29.95284416666666
 20
153.9296444444444
 30
0.0
 10
25.29264972222222
 20
159.3342
 30
0.0
 10
25.29264972222222
 20
164.6008194444445
 30
0.0
 10
25.29264972222222
 20
169.8681444444444
 30
0.0
 10
29.95284416666666
 20
175.275875
 30
0.0
 10
34.00978861111111
 20
175.5090611111111
 30
0.0
 10
39.34731638888888
 20
175.8159777777778
 30
0.0
 10
39.50253861111111
 20
172.4645888888889
 30
0.0
 10
39.50253861111111
 20
166.1004777777778
 30
0.0
 10
39.50253861111111
 20
166.0440333333333
 30
0.0
 10
38.71584416666666
 20
166.0017
 30
0.0
 10
37.74923305555556
 20
166.0017
 30
0.0
 10
36.78262194444444
 20
166.0017
 30
0.0
 10
36.17584416666666
 20
166.1004777777778
 30
0.0
 10
35.99945527777778
 20
166.1004777777778
 30
0.0
 10
35.12456638888889
 20
166.1004777777778
 30
0.0
 10
32.49989972222222
 20
166.1004777777778
 30
0.0
 10
32.49989972222222
 20
166.1004777777778
 30
0.0
 10
32.49989972222222
 20
165.1009407407407
 30
0.0
 10
32.49989972222222
 20
164.1014037037037
 30
0.0
 10
32.49989972222222
 20
163.1018666666667
 30
0.0
 10
32.49989972222222
 20
163.1018666666667
 30
0.0
 10
35.12456638888889
 20
163.1018666666667
 30
0.0
 10
35.99945527777778
 20
163.1018666666667
 30
0.0
 10
36.17584416666666
 20
163.1018666666667
 30
0.0
 10
36.78262194444444
 20
163.2006444444444
 30
0.0
 10
37.74923305555556
 20
163.2006444444444
 30
0.0
 10
38.71584416666666
 20
163.2006444444444
 30
0.0
 10
39.50253861111111
 20
163.1547833333333
 30
0.0
 10
39.50253861111111
 20
163.1018666666667
 30
0.0
  0
SPLINE
  5
1AE
330
1F
100
AcDbEntity
  8
DEFAULT
 62
   250
100
AcDbSpline
210
0.0
220
0.0
230
1.0
 70
     8
 71
     3
 72
    11
 73
     7
 74
     0
 42
0.000000001
 43
0.0000000001
 40
0.0
 40
0.0
 40
0.0
 40
0.0
 40
1.019999999999982
 40
1.019999999999982
 40
1.019999999999982
 40
2.019999999999982
 40
2.019999999999982
 40
2.019999999999982
 40
2.019999999999982
 10
36.28150111111111
 20
191.3742891666666
 30
0.0
 10
36.28150111111111
 20
191.3742891666666
 30
0.0
 10
34.64814
 20
190.8158419444444
 30
0.0
 10
34.39272888888889
 20
190.7452863888889
 30
0.0
 10
34.644965
 20
190.6789641666666
 30
0.0
 10
36.28150111111111
 20
190.0746558333333
 30
0.0
 10
36.28150111111111
 20
190.0746558333333
 30
0.0
  0
SPLINE
  5
1AF
330
1F
100
AcDbEntity
  8
DEFAULT
 62
     1
100
AcDbSpline
210
0.0
220
0.0
230
1.0
 70
    11
 71
     3
 72
    38
 73
    34
 74
     0
 42
0.000000001
 43
0.0000000001
 40
1.0
 40
1.0
 40
1.0
 40
1.0
 40
2.0
 40
2.0
 40
2.0
 40
3.0
 40
3.0
 40
3.0
 40
4.0
 40
4.0
 40
4.0
 40
5.0
 40
5.0
 40
5.0
 40
6.0
 40
6.0
 40
6.0
 40
7.0
 40
7.0
 40
7.0
 40
8.0
 40
8.0
 40
8.0
 40
16.5
 40
16.5
 40
16.5
 40
17.5
 40
17.5
 40
17.5
 40
18.5
 40
18.5
 40
18.5
 40
19.5
 40
19.5
 40
19.5
 40
19.5
 10
25.29264972222222
 20
192.2230372222222
 30
0.0
 10
25.29264972222222
 20
198.5836205555555
 30
0.0
 10
25.44787194444444
 20
201.9385372222222
 30
0.0
 10
30.78539972222222
 20
201.6316205555555
 30
0.0
 10
34.84234416666666
 20
201.3952594444444
 30
0.0
 10
39.50253861111111
 20
195.9907038888888
 30
0.0
 10
39.50253861111111
 20
190.7237316666666
 30
0.0
 10
39.50253861111111
 20
185.4567594444444
 30
0.0
 10
34.84269694444444
 20
180.0490288888888
 30
0.0
 10
30.7857525
 20
179.8158427777777
 30
0.0
 10
25.44822472222222
 20
179.5089261111111
 30
0.0
 10
25.29264972222222
 20
182.860315
 30
0.0
 10
25.29264972222222
 20
189.2244261111111
 30
0.0
 10
25.29264972222222
 20
189.2808705555555
 30
0.0
 10
26.07934416666667
 20
189.3232038888889
 30
0.0
 10
27.04595527777778
 20
189.3232038888889
 30
0.0
 10
28.01256638888889
 20
189.3232038888889
 30
0.0
 10
28.61934416666666
 20
189.2244261111111
 30
0.0
 10
28.79573305555555
 20
189.2244261111111
 30
0.0
 10
29.67062194444444
 20
189.2244261111111
 30
0.0
 10
32.29528861111111
 20
189.2244261111111
 30
0.0
 10
32.29528861111111
 20
189.2244261111111
 30
0.0
 10
32.29528861111111
 20
190.2239631481481
 30
0.0
 10
32.29528861111111
 20
191.2235001851851
 30
0.0
 10
32.29528861111111
 20
192.2230372222222
 30
0.0
 10
32.29528861111111
 20
192.2230372222222
 30
0.0
 10
29.67062194444444
 20
192.2230372222222
 30
0.0
 10
28.79573305555555
 20
192.2230372222222
 30
0.0
 10
28.61934416666666
 20
192.2230372222222
 30
0.0
 10
28.01256638888889
 20
192.1242594444444
 30
0.0
 10
27.04595527777778
 20
192.1242594444444
 30
0.0
 10
26.07934416666667
 20
192.1242594444444
 30
0.0
 10
25.29264972222222
 20
192.1701205555555
 30
0.0
 10
25.29264972222222
 20
192.2230372222222
 30
0.0
  0
SPLINE
  5
1B0
330
1F
100
AcDbEntity
  8
DEFAULT
 62
   250
100
AcDbSpline
210
0.0
220
0.0
230
1.0
 70
     8
 71
     3
 72
    11
 73
     7
 74
     0
 42
0.000000001
 43
0.0000000001
 40
0.0
 40
0.0
 40
0.0
 40
0.0
 40
1.020000000000039
 40
1.020000000000039
 40
1.020000000000039
 40
2.020000000000039
 40
2.020000000000039
 40
2.020000000000039
 40
2.020000000000039
 10
11.81929027777778
 20
163.9505794444444
 30
0.0
 10
11.81929027777778
 20
163.9505794444444
 30
0.0
 10
13.45265138888889
 20
164.5090266666667
 30
0.0
 10
13.7080625
 20
164.5795822222222
 30
0.0
 10
13.45582638888889
 20
164.6459044444444
 30
0.0
 10
11.81929027777778
 20
165.2502127777778
 30
0.0
 10
11.81929027777778
 20
165.2502127777778
 30
0.0
  0
SPLINE
  5
1B1
330
1F
100
AcDbEntity
  8
DEFAULT
 62
     1
100
AcDbSpline
210
0.0
220
0.0
230
1.0
 70
    11
 71
     3
 72
    38
 73
    34
 74
     0
 42
0.000000001
 43
0.0000000001
 40
1.0
 40
1.0
 40
1.0
 40
1.0
 40
2.0
 40
2.0
 40
2.0
 40
3.0
 40
3.0
 40
3.0
 40
4.0
 40
4.0
 40
4.0
 40
5.0
 40
5.0
 40
5.0
 40
6.0
 40
6.0
 40
6.0
 40
7.0
 40
7.0
 40
7.0
 40
8.0
 40
8.0
 40
8.0
 40
16.5
 40
16.5
 40
16.5
 40
17.5
 40
17.5
 40
17.5
 40
18.5
 40
18.5
 40
18.5
 40
19.5
 40
19.5
 40
19.5
 40
19.5
 10
22.80814166666667
 20
163.1018666666667
 30
0.0
 10
22.80814166666667
 20
156.7412833333333
 30
0.0
 10
22.65291944444445
 20
153.3863666666666
 30
0.0
 10
17.31539166666667
 20
153.6932833333333
 30
0.0
 10
13.25844722222222
 20
153.9296444444444
 30
0.0
 10
8.598252777777779
 20
159.3342
 30
0.0
 10
8.598252777777779
 20
164.6008194444445
 30
0.0
 10
8.598252777777779
 20
169.8681444444444
 30
0.0
 10
13.25844722222222
 20
175.275875
 30
0.0
 10
17.31539166666667
 20
175.5090611111111
 30
0.0
 10
22.65256666666667
 20
175.8159777777778
 30
0.0
 10
22.80814166666667
 20
172.4645888888889
 30
0.0
 10
22.80814166666667
 20
166.1004777777778
 30
0.0
 10
22.80814166666667
 20
166.0440333333333
 30
0.0
 10
22.02144722222222
 20
166.0017
 30
0.0
 10
21.05483611111111
 20
166.0017
 30
0.0
 10
20.088225
 20
166.0017
 30
0.0
 10
19.48144722222222
 20
166.1004777777778
 30
0.0
 10
19.30505833333333
 20
166.1004777777778
 30
0.0
 10
18.43016944444445
 20
166.1004777777778
 30
0.0
 10
15.80550277777778
 20
166.1004777777778
 30
0.0
 10
15.80550277777778
 20
166.1004777777778
 30
0.0
 10
15.80550277777778
 20
165.1009407407407
 30
0.0
 10
15.80550277777778
 20
164.1014037037037
 30
0.0
 10
15.80550277777778
 20
163.1018666666667
 30
0.0
 10
15.80550277777778
 20
163.1018666666667
 30
0.0
 10
18.43016944444445
 20
163.1018666666667
 30
0.0
 10
19.30505833333333
 20
163.1018666666667
 30
0.0
 10
19.48144722222222
 20
163.1018666666667
 30
0.0
 10
20.088225
 20
163.2006444444444
 30
0.0
 10
21.05483611111111
 20
163.2006444444444
 30
0.0
 10
22.02144722222222
 20
163.2006444444444
 30
0.0
 10
22.80814166666667
 20
163.1547833333333
 30
0.0
 10
22.80814166666667
 20
163.1018666666667
 30
0.0
  0
SPLINE
  5
1B2
330
1F
100
AcDbEntity
  8
DEFAULT
 62
   250
100
AcDbSpline
210
0.0
220
0.0
230
1.0
 70
     8
 71
     3
 72
    11
 73
     7
 74
     0
 42
0.000000001
 43
0.0000000001
 40
0.0
 40
0.0
 40
0.0
 40
0.0
 40
1.019999999999982
 40
1.019999999999982
 40
1.019999999999982
 40
2.019999999999982
 40
2.019999999999982
 40
2.019999999999982
 40
2.019999999999982
 10
19.58710416666667
 20
191.3742891666666
 30
0.0
 10
19.58710416666667
 20
191.3742891666666
 30
0.0
 10
17.95374305555555
 20
190.8158419444444
 30
0.0
 10
17.69833194444444
 20
190.7452863888889
 30
0.0
 10
17.95056805555555
 20
190.6789641666666
 30
0.0
 10
19.58710416666667
 20
190.0746558333333
 30
0.0
 10
19.58710416666667
 20
190.0746558333333
 30
0.0
  0
SPLINE
  5
1B3
330
1F
100
AcDbEntity
  8
DEFAULT
 62
     1
100
AcDbSpline
210
0.0
220
0.0
230
1.0
 70
    11
 71
     3
 72
    38
 73
    34
 74
     0
 42
0.000000001
 43
0.0000000001
 40
1.0
 40
1.0
 40
1.0
 40
1.0
 40
2.0
 40
2.0
 40
2.0
 40
3.0
 40
3.0
 40
3.0
 40
4.0
 40
4.0
 40
4.0
 40
5.0
 40
5.0
 40
5.0
 40
6.0
 40
6.0
 40
6.0
 40
7.0
 40
7.0
 40
7.0
 40
8.0
 40
8.0
 40
8.0
 40
16.5
 40
16.5
 40
16.5
 40
17.5
 40
17.5
 40
17.5
 40
18.5
 40
18.5
 40
18.5
 40
19.5
 40
19.5
 40
19.5
 40
19.5
 10
8.598252777777777
 20
192.2230372222222
 30
0.0
 10
8.598252777777777
 20
198.5836205555555
 30
0.0
 10
8.753475
 20
201.9385372222222
 30
0.0
 10
14.09100277777778
 20
201.6316205555555
 30
0.0
 10
18.14794722222222
 20
201.3952594444444
 30
0.0
 10
22.80814166666667
 20
195.9907038888888
 30
0.0
 10
22.80814166666667
 20
190.7237316666666
 30
0.0
 10
22.80814166666667
 20
185.4567594444444
 30
0.0
 10
18.14794722222222
 20
180.0490288888888
 30
0.0
 10
14.09100277777778
 20
179.8158427777777
 30
0.0
 10
8.753475
 20
179.5089261111111
 30
0.0
 10
8.598252777777777
 20
182.860315
 30
0.0
 10
8.598252777777777
 20
189.2244261111111
 30
0.0
 10
8.598252777777777
 20
189.2808705555555
 30
0.0
 10
9.384947222222221
 20
189.3232038888889
 30
0.0
 10
10.35155833333333
 20
189.3232038888889
 30
0.0
 10
11.31816944444444
 20
189.3232038888889
 30
0.0
 10
11.92494722222222
 20
189.2244261111111
 30
0.0
 10
12.10133611111111
 20
189.2244261111111
 30
0.0
 10
12.976225
 20
189.2244261111111
 30
0.0
 10
15.60089166666667
 20
189.2244261111111
 30
0.0
 10
15.60089166666667
 20
189.2244261111111
 30
0.0
 10
15.60089166666666
 20
190.2239631481481
 30
0.0
 10
15.60089166666666
 20
191.2235001851851
 30
0.0
 10
15.60089166666667
 20
192.2230372222222
 30
0.0
 10
15.60089166666667
 20
192.2230372222222
 30
0.0
 10
12.976225
 20
192.2230372222222
 30
0.0
 10
12.10133611111111
 20
192.2230372222222
 30
0.0
 10
11.92494722222222
 20
192.2230372222222
 30
0.0
 10
11.31816944444444
 20
192.1242594444444
 30
0.0
 10
10.35155833333333
 20
192.1242594444444
 30
0.0
 10
9.384947222222221
 20
192.1242594444444
 30
0.0
 10
8.598252777777777
 20
192.1701205555555
 30
0.0
 10
8.598252777777777
 20
192.2230372222222
 30
0.0
  0
SPLINE
  5
1B4
330
1F
100
AcDbEntity
  8
DEFAULT
 62
   250
100
AcDbSpline
210
0.0
220
0.0
230
1.0
 70
     8
 71
     3
 72
    11
 73
     7
 74
     0
 42
0.000000001
 43
0.0000000001
 40
0.0
 40
0.0
 40
0.0
 40
0.0
 40
1.019999999999982
 40
1.019999999999982
 40
1.019999999999982
 40
2.019999999999982
 40
2.019999999999982
 40
2.019999999999982
 40
2.019999999999982
 10
280.9531041666667
 20
190.0733152777777
 30
0.0
 10
280.9531041666667
 20
190.0733152777777
 30
0.0
 10
282.5864652777777
 20
190.6317625
 30
0.0
 10
282.8418763888889
 20
190.7023180555555
 30
0.0
 10
282.5896402777778
 20
190.7686402777777
 30
0.0
 10
280.9531041666667
 20
191.3729486111111
 30
0.0
 10
280.9531041666667
 20
191.3729486111111
 30
0.0
  0
SPLINE
  5
1B5
330
1F
100
AcDbEntity
  8
DEFAULT
 62
     1
100
AcDbSpline
210
0.0
220
0.0
230
1.0
 70
    11
 71
     3
 72
    38
 73
    34
 74
     0
 42
0.000000001
 43
0.0000000001
 40
1.0
 40
1.0
 40
1.0
 40
1.0
 40
2.0
 40
2.0
 40
2.0
 40
3.0
 40
3.0
 40
3.0
 40
4.0
 40
4.0
 40
4.0
 40
5.0
 40
5.0
 40
5.0
 40
6.0
 40
6.0
 40
6.0
 40
7.0
 40
7.0
 40
7.0
 40
8.0
 40
8.0
 40
8.0
 40
16.5
 40
16.5
 40
16.5
 40
17.5
 40
17.5
 40
17.5
 40
18.5
 40
18.5
 40
18.5
 40
19.5
 40
19.5
 40
19.5
 40
19.5
 10
291.9419908333333
 20
189.2246025
 30
0.0
 10
291.9419908333333
 20
182.8640191666667
 30
0.0
 10
291.7867686111111
 20
179.5091025
 30
0.0
 10
286.4492408333333
 20
179.8160191666666
 30
0.0
 10
282.3922963888888
 20
180.0523802777778
 30
0.0
 10
277.7321019444444
 20
185.4569358333333
 30
0.0
 10
277.7321019444444
 20
190.7239080555555
 30
0.0
 10
277.7321019444444
 20
195.9908802777777
 30
0.0
 10
282.3922963888888
 20
201.3986108333333
 30
0.0
 10
286.4492408333333
 20
201.6317969444444
 30
0.0
 10
291.7867686111111
 20
201.9387136111111
 30
0.0
 10
291.9419908333333
 20
198.5873247222222
 30
0.0
 10
291.9419908333333
 20
192.2232136111111
 30
0.0
 10
291.9419908333333
 20
192.1667691666667
 30
0.0
 10
291.1552963888889
 20
192.1244358333333
 30
0.0
 10
290.1886852777777
 20
192.1244358333333
 30
0.0
 10
289.2220741666666
 20
192.1244358333333
 30
0.0
 10
288.6152963888889
 20
192.2232136111111
 30
0.0
 10
288.4389075
 20
192.2232136111111
 30
0.0
 10
287.5640186111111
 20
192.2232136111111
 30
0.0
 10
284.9393519444444
 20
192.2232136111111
 30
0.0
 10
284.9393519444444
 20
192.2232136111111
 30
0.0
 10
284.9393519444444
 20
191.223676574074
 30
0.0
 10
284.9393519444444
 20
190.224139537037
 30
0.0
 10
284.9393519444444
 20
189.2246025
 30
0.0
 10
284.9393519444444
 20
189.2246025
 30
0.0
 10
287.5640186111111
 20
189.2246025
 30
0.0
 10
288.4389075
 20
189.2246025
 30
0.0
 10
288.6152963888889
 20
189.2246025
 30
0.0
 10
289.2220741666666
 20
189.3233802777777
 30
0.0
 10
290.1886852777777
 20
189.3233802777777
 30
0.0
 10
291.1552963888889
 20
189.3233802777777
 30
0.0
 10
291.9419908333333
 20
189.2775191666666
 30
0.0
 10
291.9419908333333
 20
189.2246025
 30
0.0
  0
SPLINE
  5
1B6
330
1F
100
AcDbEntity
  8
DEFAULT
 62
   250
100
AcDbSpline
210
0.0
220
0.0
230
1.0
 70
     8
 71
     3
 72
    11
 73
     7
 74
     0
 42
0.000000001
 43
0.0000000001
 40
0.0
 40
0.0
 40
0.0
 40
0.0
 40
1.019999999999982
 40
1.019999999999982
 40
1.019999999999982
 40
2.019999999999982
 40
2.019999999999982
 40
2.019999999999982
 40
2.019999999999982
 10
264.2587072222222
 20
190.0733152777777
 30
0.0
 10
264.2587072222222
 20
190.0733152777777
 30
0.0
 10
265.8920683333333
 20
190.6317625
 30
0.0
 10
266.1474794444444
 20
190.7023180555555
 30
0.0
 10
265.8952433333333
 20
190.7686402777777
 30
0.0
 10
264.2587072222222
 20
191.3729486111111
 30
0.0
 10
264.2587072222222
 20
191.3729486111111
 30
0.0
  0
SPLINE
  5
1B7
330
1F
100
AcDbEntity
  8
DEFAULT
 62
     1
100
AcDbSpline
210
0.0
220
0.0
230
1.0
 70
    11
 71
     3
 72
    38
 73
    34
 74
     0
 42
0.000000001
 43
0.0000000001
 40
1.0
 40
1.0
 40
1.0
 40
1.0
 40
2.0
 40
2.0
 40
2.0
 40
3.0
 40
3.0
 40
3.0
 40
4.0
 40
4.0
 40
4.0
 40
5.0
 40
5.0
 40
5.0
 40
6.0
 40
6.0
 40
6.0
 40
7.0
 40
7.0
 40
7.0
 40
8.0
 40
8.0
 40
8.0
 40
16.5
 40
16.5
 40
16.5
 40
17.5
 40
17.5
 40
17.5
 40
18.5
 40
18.5
 40
18.5
 40
19.5
 40
19.5
 40
19.5
 40
19.5
 10
275.2475938888889
 20
189.2246025
 30
0.0
 10
275.2475938888889
 20
182.8640191666667
 30
0.0
 10
275.0923716666666
 20
179.5091025
 30
0.0
 10
269.7548438888888
 20
179.8160191666666
 30
0.0
 10
265.6978994444444
 20
180.0523802777778
 30
0.0
 10
261.037705
 20
185.4569358333333
 30
0.0
 10
261.037705
 20
190.7239080555555
 30
0.0
 10
261.037705
 20
195.9908802777777
 30
0.0
 10
265.6975466666667
 20
201.3986108333333
 30
0.0
 10
269.7544911111111
 20
201.6317969444444
 30
0.0
 10
275.0920188888888
 20
201.9387136111111
 30
0.0
 10
275.2475938888889
 20
198.5873247222222
 30
0.0
 10
275.2475938888889
 20
192.2232136111111
 30
0.0
 10
275.2475938888889
 20
192.1667691666667
 30
0.0
 10
274.4608994444444
 20
192.1244358333333
 30
0.0
 10
273.4942883333333
 20
192.1244358333333
 30
0.0
 10
272.5276772222222
 20
192.1244358333333
 30
0.0
 10
271.9208994444444
 20
192.2232136111111
 30
0.0
 10
271.7445105555556
 20
192.2232136111111
 30
0.0
 10
270.8696216666667
 20
192.2232136111111
 30
0.0
 10
268.244955
 20
192.2232136111111
 30
0.0
 10
268.244955
 20
192.2232136111111
 30
0.0
 10
268.244955
 20
191.223676574074
 30
0.0
 10
268.244955
 20
190.224139537037
 30
0.0
 10
268.244955
 20
189.2246025
 30
0.0
 10
268.244955
 20
189.2246025
 30
0.0
 10
270.8696216666667
 20
189.2246025
 30
0.0
 10
271.7445105555556
 20
189.2246025
 30
0.0
 10
271.9208994444444
 20
189.2246025
 30
0.0
 10
272.5276772222222
 20
189.3233802777777
 30
0.0
 10
273.4942883333333
 20
189.3233802777777
 30
0.0
 10
274.4608994444444
 20
189.3233802777777
 30
0.0
 10
275.2475938888889
 20
189.2775191666666
 30
0.0
 10
275.2475938888889
 20
189.2246025
 30
0.0
  0
SPLINE
  5
1B8
330
1F
100
AcDbEntity
  8
DEFAULT
 62
   250
100
AcDbSpline
210
0.0
220
0.0
230
1.0
 70
     8
 71
     3
 72
    11
 73
     7
 74
     0
 42
0.000000001
 43
0.0000000001
 40
0.0
 40
0.0
 40
0.0
 40
0.0
 40
1.019999999999982
 40
1.019999999999982
 40
1.019999999999982
 40
2.019999999999982
 40
2.019999999999982
 40
2.019999999999982
 40
2.019999999999982
 10
247.5643808333333
 20
190.0733152777777
 30
0.0
 10
247.5643808333333
 20
190.0733152777777
 30
0.0
 10
249.1977419444444
 20
190.6317625
 30
0.0
 10
249.4528002777777
 20
190.7023180555555
 30
0.0
 10
249.2009169444444
 20
190.7686402777777
 30
0.0
 10
247.5643808333333
 20
191.3729486111111
 30
0.0
 10
247.5643808333333
 20
191.3729486111111
 30
0.0
  0
SPLINE
  5
1B9
330
1F
100
AcDbEntity
  8
DEFAULT
 62
     1
100
AcDbSpline
210
0.0
220
0.0
230
1.0
 70
    11
 71
     3
 72
    38
 73
    34
 74
     0
 42
0.000000001
 43
0.0000000001
 40
1.0
 40
1.0
 40
1.0
 40
1.0
 40
2.0
 40
2.0
 40
2.0
 40
3.0
 40
3.0
 40
3.0
 40
4.0
 40
4.0
 40
4.0
 40
5.0
 40
5.0
 40
5.0
 40
6.0
 40
6.0
 40
6.0
 40
7.0
 40
7.0
 40
7.0
 40
8.0
 40
8.0
 40
8.0
 40
16.5
 40
16.5
 40
16.5
 40
17.5
 40
17.5
 40
17.5
 40
18.5
 40
18.5
 40
18.5
 40
19.5
 40
19.5
 40
19.5
 40
19.5
 10
258.5531969444444
 20
189.2246025
 30
0.0
 10
258.5531969444444
 20
182.8640191666667
 30
0.0
 10
258.3979747222222
 20
179.5091025
 30
0.0
 10
253.0604469444444
 20
179.8160191666666
 30
0.0
 10
249.0035025
 20
180.0523802777778
 30
0.0
 10
244.3433080555556
 20
185.4569358333333
 30
0.0
 10
244.3433080555556
 20
190.7239080555555
 30
0.0
 10
244.3433080555556
 20
195.9908802777777
 30
0.0
 10
249.0035025
 20
201.3986108333333
 30
0.0
 10
253.0604469444444
 20
201.6317969444444
 30
0.0
 10
258.3979747222222
 20
201.9387136111111
 30
0.0
 10
258.5531969444444
 20
198.5873247222222
 30
0.0
 10
258.5531969444444
 20
192.2232136111111
 30
0.0
 10
258.5531969444444
 20
192.1667691666667
 30
0.0
 10
257.7665024999999
 20
192.1244358333333
 30
0.0
 10
256.7998913888889
 20
192.1244358333333
 30
0.0
 10
255.8332802777777
 20
192.1244358333333
 30
0.0
 10
255.2265025
 20
192.2232136111111
 30
0.0
 10
255.0501136111111
 20
192.2232136111111
 30
0.0
 10
254.1752247222222
 20
192.2232136111111
 30
0.0
 10
251.5505580555555
 20
192.2232136111111
 30
0.0
 10
251.5505580555555
 20
192.2232136111111
 30
0.0
 10
251.5505580555555
 20
191.223676574074
 30
0.0
 10
251.5505580555555
 20
190.224139537037
 30
0.0
 10
251.5505580555555
 20
189.2246025
 30
0.0
 10
251.5505580555555
 20
189.2246025
 30
0.0
 10
254.1752247222222
 20
189.2246025
 30
0.0
 10
255.0501136111111
 20
189.2246025
 30
0.0
 10
255.2265025
 20
189.2246025
 30
0.0
 10
255.8332802777777
 20
189.3233802777777
 30
0.0
 10
256.7998913888889
 20
189.3233802777777
 30
0.0
 10
257.7665024999999
 20
189.3233802777777
 30
0.0
 10
258.5531969444444
 20
189.2775191666666
 30
0.0
 10
258.5531969444444
 20
189.2246025
 30
0.0
  0
SPLINE
  5
1BA
330
1F
100
AcDbEntity
  8
DEFAULT
 62
   250
100
AcDbSpline
210
0.0
220
0.0
230
1.0
 70
     8
 71
     3
 72
    11
 73
     7
 74
     0
 42
0.000000001
 43
0.0000000001
 40
0.0
 40
0.0
 40
0.0
 40
0.0
 40
1.020000000000039
 40
1.020000000000039
 40
1.020000000000039
 40
2.020000000000039
 40
2.020000000000039
 40
2.020000000000039
 40
2.020000000000039
 10
288.7209533333333
 20
165.2515533333333
 30
0.0
 10
288.7209533333333
 20
165.2515533333333
 30
0.0
 10
287.0875922222222
 20
164.6931061111111
 30
0.0
 10
286.8321811111111
 20
164.6225505555555
 30
0.0
 10
287.0844172222222
 20
164.5562283333333
 30
0.0
 10
288.7209533333333
 20
163.95192
 30
0.0
 10
288.7209533333333
 20
163.95192
 30
0.0
  0
SPLINE
  5
1BB
330
1F
100
AcDbEntity
  8
DEFAULT
 62
     1
100
AcDbSpline
210
0.0
220
0.0
230
1.0
 70
    11
 71
     3
 72
    38
 73
    34
 74
     0
 42
0.000000001
 43
0.0000000001
 40
1.0
 40
1.0
 40
1.0
 40
1.0
 40
2.0
 40
2.0
 40
2.0
 40
3.0
 40
3.0
 40
3.0
 40
4.0
 40
4.0
 40
4.0
 40
5.0
 40
5.0
 40
5.0
 40
6.0
 40
6.0
 40
6.0
 40
7.0
 40
7.0
 40
7.0
 40
8.0
 40
8.0
 40
8.0
 40
16.5
 40
16.5
 40
16.5
 40
17.5
 40
17.5
 40
17.5
 40
18.5
 40
18.5
 40
18.5
 40
19.5
 40
19.5
 40
19.5
 40
19.5
 10
277.7320666666666
 20
166.1002661111111
 30
0.0
 10
277.7320666666666
 20
172.4608494444444
 30
0.0
 10
277.8872888888889
 20
175.8157661111111
 30
0.0
 10
283.2248166666667
 20
175.5088494444444
 30
0.0
 10
287.2817611111111
 20
175.2724883333333
 30
0.0
 10
291.9419555555555
 20
169.8679327777778
 30
0.0
 10
291.9419555555555
 20
164.6009605555555
 30
0.0
 10
291.9419555555555
 20
159.3339883333333
 30
0.0
 10
287.2817611111111
 20
153.9262577777777
 30
0.0
 10
283.2248166666667
 20
153.6930716666666
 30
0.0
 10
277.8872888888889
 20
153.386155
 30
0.0
 10
277.7320666666666
 20
156.7375438888889
 30
0.0
 10
277.7320666666666
 20
163.101655
 30
0.0
 10
277.7320666666666
 20
163.1580994444444
 30
0.0
 10
278.5187611111111
 20
163.2004327777778
 30
0.0
 10
279.4853722222222
 20
163.2004327777778
 30
0.0
 10
280.4519833333333
 20
163.2004327777778
 30
0.0
 10
281.0587611111111
 20
163.101655
 30
0.0
 10
281.23515
 20
163.101655
 30
0.0
 10
282.1100388888889
 20
163.101655
 30
0.0
 10
284.7347055555555
 20
163.101655
 30
0.0
 10
284.7347055555555
 20
163.101655
 30
0.0
 10
284.7347055555555
 20
164.101192037037
 30
0.0
 10
284.7347055555555
 20
165.1007290740741
 30
0.0
 10
284.7347055555555
 20
166.1002661111111
 30
0.0
 10
284.7347055555555
 20
166.1002661111111
 30
0.0
 10
282.1100388888889
 20
166.1002661111111
 30
0.0
 10
281.23515
 20
166.1002661111111
 30
0.0
 10
281.0587611111111
 20
166.1002661111111
 30
0.0
 10
280.4519833333333
 20
166.0014883333333
 30
0.0
 10
279.4853722222222
 20
166.0014883333333
 30
0.0
 10
278.5187611111111
 20
166.0014883333333
 30
0.0
 10
277.7320666666666
 20
166.0473494444444
 30
0.0
 10
277.7320666666666
 20
166.1002661111111
 30
0.0
  0
SPLINE
  5
1BC
330
1F
100
AcDbEntity
  8
DEFAULT
 62
   250
100
AcDbSpline
210
0.0
220
0.0
230
1.0
 70
     8
 71
     3
 72
    11
 73
     7
 74
     0
 42
0.000000001
 43
0.0000000001
 40
0.0
 40
0.0
 40
0.0
 40
0.0
 40
1.020000000000039
 40
1.020000000000039
 40
1.020000000000039
 40
2.020000000000039
 40
2.020000000000039
 40
2.020000000000039
 40
2.020000000000039
 10
272.0265211111111
 20
165.2515533333333
 30
0.0
 10
272.0265211111111
 20
165.2515533333333
 30
0.0
 10
270.39316
 20
164.6931061111111
 30
0.0
 10
270.1381016666667
 20
164.6225505555555
 30
0.0
 10
270.389985
 20
164.5562283333333
 30
0.0
 10
272.0265211111111
 20
163.95192
 30
0.0
 10
272.0265211111111
 20
163.95192
 30
0.0
  0
SPLINE
  5
1BD
330
1F
100
AcDbEntity
  8
DEFAULT
 62
     1
100
AcDbSpline
210
0.0
220
0.0
230
1.0
 70
    11
 71
     3
 72
    38
 73
    34
 74
     0
 42
0.000000001
 43
0.0000000001
 40
1.0
 40
1.0
 40
1.0
 40
1.0
 40
2.0
 40
2.0
 40
2.0
 40
3.0
 40
3.0
 40
3.0
 40
4.0
 40
4.0
 40
4.0
 40
5.0
 40
5.0
 40
5.0
 40
6.0
 40
6.0
 40
6.0
 40
7.0
 40
7.0
 40
7.0
 40
8.0
 40
8.0
 40
8.0
 40
16.5
 40
16.5
 40
16.5
 40
17.5
 40
17.5
 40
17.5
 40
18.5
 40
18.5
 40
18.5
 40
19.5
 40
19.5
 40
19.5
 40
19.5
 10
261.0376697222222
 20
166.1002661111111
 30
0.0
 10
261.0376697222222
 20
172.4608494444444
 30
0.0
 10
261.1928919444445
 20
175.8157661111111
 30
0.0
 10
266.5304197222222
 20
175.5088494444444
 30
0.0
 10
270.5873641666666
 20
175.2724883333333
 30
0.0
 10
275.2475586111111
 20
169.8679327777778
 30
0.0
 10
275.2475586111111
 20
164.6009605555555
 30
0.0
 10
275.2475586111111
 20
159.3339883333333
 30
0.0
 10
270.5873641666666
 20
153.9262577777777
 30
0.0
 10
266.5304197222222
 20
153.6930716666666
 30
0.0
 10
261.1928919444445
 20
153.386155
 30
0.0
 10
261.0376697222222
 20
156.7375438888889
 30
0.0
 10
261.0376697222222
 20
163.101655
 30
0.0
 10
261.0376697222222
 20
163.1580994444444
 30
0.0
 10
261.8243641666667
 20
163.2004327777778
 30
0.0
 10
262.7909752777778
 20
163.2004327777778
 30
0.0
 10
263.7575863888889
 20
163.2004327777778
 30
0.0
 10
264.3643641666666
 20
163.101655
 30
0.0
 10
264.5407530555555
 20
163.101655
 30
0.0
 10
265.4156419444444
 20
163.101655
 30
0.0
 10
268.0403086111111
 20
163.101655
 30
0.0
 10
268.0403086111111
 20
163.101655
 30
0.0
 10
268.0403086111111
 20
164.101192037037
 30
0.0
 10
268.0403086111111
 20
165.1007290740741
 30
0.0
 10
268.0403086111111
 20
166.1002661111111
 30
0.0
 10
268.0403086111111
 20
166.1002661111111
 30
0.0
 10
265.4156419444444
 20
166.1002661111111
 30
0.0
 10
264.5407530555555
 20
166.1002661111111
 30
0.0
 10
264.3643641666666
 20
166.1002661111111
 30
0.0
 10
263.7575863888889
 20
166.0014883333333
 30
0.0
 10
262.7909752777778
 20
166.0014883333333
 30
0.0
 10
261.8243641666667
 20
166.0014883333333
 30
0.0
 10
261.0376697222222
 20
166.0473494444444
 30
0.0
 10
261.0376697222222
 20
166.1002661111111
 30
0.0
  0
SPLINE
  5
1BE
330
1F
100
AcDbEntity
  8
DEFAULT
 62
   250
100
AcDbSpline
210
0.0
220
0.0
230
1.0
 70
     8
 71
     3
 72
    11
 73
     7
 74
     0
 42
0.000000001
 43
0.0000000001
 40
0.0
 40
0.0
 40
0.0
 40
0.0
 40
1.020000000000039
 40
1.020000000000039
 40
1.020000000000039
 40
2.020000000000039
 40
2.020000000000039
 40
2.020000000000039
 40
2.020000000000039
 10
255.3321594444444
 20
165.2515533333333
 30
0.0
 10
255.3321594444444
 20
165.2515533333333
 30
0.0
 10
253.6987983333333
 20
164.6931061111111
 30
0.0
 10
253.4433872222222
 20
164.6225505555555
 30
0.0
 10
253.6956233333333
 20
164.5562283333333
 30
0.0
 10
255.3321594444444
 20
163.95192
 30
0.0
 10
255.3321594444444
 20
163.95192
 30
0.0
  0
SPLINE
  5
1BF
330
1F
100
AcDbEntity
  8
DEFAULT
 62
     1
100
AcDbSpline
210
0.0
220
0.0
230
1.0
 70
    11
 71
     3
 72
    38
 73
    34
 74
     0
 42
0.000000001
 43
0.0000000001
 40
1.0
 40
1.0
 40
1.0
 40
1.0
 40
2.0
 40
2.0
 40
2.0
 40
3.0
 40
3.0
 40
3.0
 40
4.0
 40
4.0
 40
4.0
 40
5.0
 40
5.0
 40
5.0
 40
6.0
 40
6.0
 40
6.0
 40
7.0
 40
7.0
 40
7.0
 40
8.0
 40
8.0
 40
8.0
 40
16.5
 40
16.5
 40
16.5
 40
17.5
 40
17.5
 40
17.5
 40
18.5
 40
18.5
 40
18.5
 40
19.5
 40
19.5
 40
19.5
 40
19.5
 10
244.3433433333333
 20
166.1002661111111
 30
0.0
 10
244.3433433333333
 20
172.4608494444444
 30
0.0
 10
244.4985655555556
 20
175.8157661111111
 30
0.0
 10
249.8360933333333
 20
175.5088494444444
 30
0.0
 10
253.8930377777778
 20
175.2724883333333
 30
0.0
 10
258.5532322222222
 20
169.8679327777778
 30
0.0
 10
258.5532322222222
 20
164.6009605555555
 30
0.0
 10
258.5532322222222
 20
159.3339883333333
 30
0.0
 10
253.8930377777778
 20
153.9262577777777
 30
0.0
 10
249.8360933333333
 20
153.6930716666666
 30
0.0
 10
244.4985655555556
 20
153.386155
 30
0.0
 10
244.3433433333333
 20
156.7375438888889
 30
0.0
 10
244.3433433333333
 20
163.101655
 30
0.0
 10
244.3433433333333
 20
163.1580994444444
 30
0.0
 10
245.1300377777778
 20
163.2004327777778
 30
0.0
 10
246.0966488888889
 20
163.2004327777778
 30
0.0
 10
247.06326
 20
163.2004327777778
 30
0.0
 10
247.6700377777777
 20
163.101655
 30
0.0
 10
247.8464266666666
 20
163.101655
 30
0.0
 10
248.7213155555555
 20
163.101655
 30
0.0
 10
251.3459822222222
 20
163.101655
 30
0.0
 10
251.3459822222222
 20
163.101655
 30
0.0
 10
251.3459822222222
 20
164.101192037037
 30
0.0
 10
251.3459822222222
 20
165.1007290740741
 30
0.0
 10
251.3459822222222
 20
166.1002661111111
 30
0.0
 10
251.3459822222222
 20
166.1002661111111
 30
0.0
 10
248.7213155555555
 20
166.1002661111111
 30
0.0
 10
247.8464266666666
 20
166.1002661111111
 30
0.0
 10
247.6700377777777
 20
166.1002661111111
 30
0.0
 10
247.06326
 20
166.0014883333333
 30
0.0
 10
246.0966488888889
 20
166.0014883333333
 30
0.0
 10
245.1300377777778
 20
166.0014883333333
 30
0.0
 10
244.3433433333333
 20
166.0473494444444
 30
0.0
 10
244.3433433333333
 20
166.1002661111111
 30
0.0
  0
SPLINE
  5
1C0
330
1F
100
AcDbEntity
  8
DEFAULT
 62
   250
100
AcDbSpline
210
0.0
220
0.0
230
1.0
 70
     8
 71
     3
 72
    17
 73
    13
 74
     0
 42
0.000000001
 43
0.0000000001
 40
0.0
 40
0.0
 40
0.0
 40
0.0
 40
3.340000000000032
 40
3.340000000000032
 40
3.340000000000032
 40
4.340000000000032
 40
4.340000000000032
 40
4.340000000000032
 40
5.340000000000032
 40
5.340000000000032
 40
5.340000000000032
 40
8.714000000000055
 40
8.714000000000055
 40
8.714000000000055
 40
8.714000000000055
 10
254.3838222222222
 20
248.1157725
 30
0.0
 10
253.9910629629629
 20
248.1157725
 30
0.0
 10
253.5983037037037
 20
248.1157725
 30
0.0
 10
253.2055444444444
 20
248.1157725
 30
0.0
 10
252.5846555555555
 20
248.1157725
 30
0.0
 10
252.32995
 20
248.4424447222222
 30
0.0
 10
252.32995
 20
248.8802419444444
 30
0.0
 10
252.32995
 20
249.2940502777778
 30
0.0
 10
252.5670166666666
 20
249.6059058333333
 30
0.0
 10
253.19355
 20
249.6059058333333
 30
0.0
 10
253.5903074074074
 20
249.6059058333333
 30
0.0
 10
253.9870648148148
 20
249.6059058333333
 30
0.0
 10
254.3838222222222
 20
249.6059058333333
 30
0.0
  0
SPLINE
  5
1C1
330
1F
100
AcDbEntity
  8
DEFAULT
 62
   250
100
AcDbSpline
210
0.0
220
0.0
230
1.0
 70
     8
 71
     3
 72
    26
 73
    22
 74
     0
 42
0.000000001
 43
0.0000000001
 40
0.0
 40
0.0
 40
0.0
 40
0.0
 40
1.0
 40
1.0
 40
1.0
 40
2.0
 40
2.0
 40
2.0
 40
3.0
 40
3.0
 40
3.0
 40
4.0
 40
4.0
 40
4.0
 40
5.0
 40
5.0
 40
5.0
 40
6.0
 40
6.0
 40
6.0
 40
7.0
 40
7.0
 40
7.0
 40
7.0
 10
277.5365219444444
 20
239.1940930555555
 30
0.0
 10
277.3001608333333
 20
239.0399291666666
 30
0.0
 10
276.5367497222222
 20
239.2480680555555
 30
0.0
 10
276.3201441666666
 20
239.1284763888888
 30
0.0
 10
276.2806330555555
 20
239.1073097222222
 30
0.0
 10
276.7660552777778
 20
238.7340708333333
 30
0.0
 10
276.7399497222222
 20
238.7051430555555
 30
0.0
 10
276.4055163888889
 20
238.3608319444444
 30
0.0
 10
275.8675302777777
 20
238.2930986111111
 30
0.0
 10
275.3845775
 20
238.7287791666666
 30
0.0
 10
274.9037413888889
 20
239.1626958333333
 30
0.0
 10
274.8592913888888
 20
239.7356069444444
 30
0.0
 10
275.2247691666666
 20
240.1405958333333
 30
0.0
 10
275.5923636111111
 20
240.5480541666666
 30
0.0
 10
276.1472830555555
 20
240.5279458333333
 30
0.0
 10
276.5903719444444
 20
240.1282486111111
 30
0.0
 10
276.9756052777777
 20
239.7807625
 30
0.0
 10
277.0405163888889
 20
239.2992208333333
 30
0.0
 10
276.9498525
 20
239.0734430555555
 30
0.0
 10
276.8588358333333
 20
238.8476652777778
 30
0.0
 10
276.7649969444444
 20
238.7273680555555
 30
0.0
 10
276.7649969444444
 20
238.7273680555555
 30
0.0
  0
SPLINE
  5
1C2
330
1F
100
AcDbEntity
  8
DEFAULT
 62
   250
100
AcDbSpline
210
0.0
220
0.0
230
1.0
 70
     8
 71
     3
 72
    26
 73
    22
 74
     0
 42
0.000000001
 43
0.0000000001
 40
0.0
 40
0.0
 40
0.0
 40
0.0
 40
1.0
 40
1.0
 40
1.0
 40
2.0
 40
2.0
 40
2.0
 40
3.0
 40
3.0
 40
3.0
 40
4.0
 40
4.0
 40
4.0
 40
5.0
 40
5.0
 40
5.0
 40
6.0
 40
6.0
 40
6.0
 40
7.0
 40
7.0
 40
7.0
 40
7.0
 10
276.5147011111111
 20
247.7841261111111
 30
0.0
 10
276.3534816666667
 20
247.5523511111111
 30
0.0
 10
275.5674927777778
 20
247.4592177777777
 30
0.0
 10
275.411565
 20
247.2673066666666
 30
0.0
 10
275.3829899999999
 20
247.2327344444444
 30
0.0
 10
275.9731872222222
 20
247.0690455555555
 30
0.0
 10
275.9597816666666
 20
247.0320038888889
 30
0.0
 10
275.7784538888889
 20
246.5875038888888
 30
0.0
 10
275.3053788888889
 20
246.3229205555555
 30
0.0
 10
274.6943677777778
 20
246.5458761111111
 30
0.0
 10
274.0858261111111
 20
246.7677733333333
 30
0.0
 10
273.8297094444444
 20
247.2821233333333
 30
0.0
 10
274.0166816666666
 20
247.7947094444444
 30
0.0
 10
274.2047122222222
 20
248.3104705555555
 30
0.0
 10
274.7268233333333
 20
248.4999122222222
 30
0.0
 10
275.2873872222222
 20
248.2953011111111
 30
0.0
 10
275.7749261111111
 20
248.1175011111111
 30
0.0
 10
276.0155205555556
 20
247.6955788888889
 30
0.0
 10
276.0158733333333
 20
247.4521622222222
 30
0.0
 10
276.0165788888888
 20
247.2090983333333
 30
0.0
 10
275.9745983333333
 20
247.06199
 30
0.0
 10
275.9745983333333
 20
247.06199
 30
0.0
  0
SPLINE
  5
1C3
330
1F
100
AcDbEntity
  8
DEFAULT
 62
   250
100
AcDbSpline
210
0.0
220
0.0
230
1.0
 70
     8
 71
     3
 72
    26
 73
    22
 74
     0
 42
0.000000001
 43
0.0000000001
 40
0.0
 40
0.0
 40
0.0
 40
0.0
 40
1.0
 40
1.0
 40
1.0
 40
2.0
 40
2.0
 40
2.0
 40
3.0
 40
3.0
 40
3.0
 40
4.0
 40
4.0
 40
4.0
 40
5.0
 40
5.0
 40
5.0
 40
6.0
 40
6.0
 40
6.0
 40
7.0
 40
7.0
 40
7.0
 40
7.0
 10
272.2244647222222
 20
255.7179572222222
 30
0.0
 10
272.1524980555556
 20
255.44526
 30
0.0
 10
271.4458841666666
 20
255.0882488888889
 30
0.0
 10
271.3650980555555
 20
254.8543572222222
 30
0.0
 10
271.3499286111111
 20
254.8123766666667
 30
0.0
 10
271.9605869444444
 20
254.8603544444444
 30
0.0
 10
271.9605869444444
 20
254.8211961111111
 30
0.0
 10
271.9425952777777
 20
254.3417711111111
 30
0.0
 10
271.5887591666666
 20
253.9311377777778
 30
0.0
 10
270.9382369444444
 20
253.9311377777778
 30
0.0
 10
270.2905369444445
 20
253.9311377777778
 30
0.0
 10
269.8739063888889
 20
254.3266016666667
 30
0.0
 10
269.8739063888889
 20
254.8723488888889
 30
0.0
 10
269.8739063888889
 20
255.4212711111111
 30
0.0
 10
270.2997091666666
 20
255.7779294444444
 30
0.0
 10
270.8962563888888
 20
255.7779294444444
 30
0.0
 10
271.4151925
 20
255.7779294444444
 30
0.0
 10
271.7856091666666
 20
255.4636044444444
 30
0.0
 10
271.8695702777778
 20
255.2353572222222
 30
0.0
 10
271.9535313888888
 20
255.0067572222222
 30
0.0
 10
271.9644675
 20
254.8543572222222
 30
0.0
 10
271.9644675
 20
254.8543572222222
 30
0.0
  0
SPLINE
  5
1C4
330
1F
100
AcDbEntity
  8
DEFAULT
 62
     1
100
AcDbSpline
210
0.0
220
0.0
230
1.0
 70
    11
 71
     3
 72
   122
 73
   118
 74
     0
 42
0.000000001
 43
0.0000000001
 40
1.0
 40
1.0
 40
1.0
 40
1.0
 40
2.0
 40
2.0
 40
2.0
 40
3.0
 40
3.0
 40
3.0
 40
4.0
 40
4.0
 40
4.0
 40
5.0
 40
5.0
 40
5.0
 40
6.0
 40
6.0
 40
6.0
 40
7.0
 40
7.0
 40
7.0
 40
8.0
 40
8.0
 40
8.0
 40
9.0
 40
9.0
 40
9.0
 40
18.91999999999996
 40
18.91999999999996
 40
18.91999999999996
 40
27.42999999999995
 40
27.42999999999995
 40
27.42999999999995
 40
37.34999999999991
 40
37.34999999999991
 40
37.34999999999991
 40
38.34999999999991
 40
38.34999999999991
 40
38.34999999999991
 40
39.34999999999991
 40
39.34999999999991
 40
39.34999999999991
 40
40.34999999999991
 40
40.34999999999991
 40
40.34999999999991
 40
41.34999999999991
 40
41.34999999999991
 40
41.34999999999991
 40
42.34999999999991
 40
42.34999999999991
 40
42.34999999999991
 40
43.34999999999991
 40
43.34999999999991
 40
43.34999999999991
 40
51.84368477164045
 40
51.84368477164045
 40
51.84368477164045
 40
52.84368477164045
 40
52.84368477164045
 40
52.84368477164045
 40
53.84368477164045
 40
53.84368477164045
 40
53.84368477164045
 40
54.84368477164045
 40
54.84368477164045
 40
54.84368477164045
 40
55.84368477164045
 40
55.84368477164045
 40
55.84368477164045
 40
56.84368477164045
 40
56.84368477164045
 40
56.84368477164045
 40
57.84368477164045
 40
57.84368477164045
 40
57.84368477164045
 40
58.84368477164045
 40
58.84368477164045
 40
58.84368477164045
 40
67.35366485387324
 40
67.35366485387324
 40
67.35366485387324
 40
68.35366485387324
 40
68.35366485387324
 40
68.35366485387324
 40
69.35366485387324
 40
69.35366485387324
 40
69.35366485387324
 40
70.35366485387324
 40
70.35366485387324
 40
70.35366485387324
 40
71.35366485387324
 40
71.35366485387324
 40
71.35366485387324
 40
72.35366485387324
 40
72.35366485387324
 40
72.35366485387324
 40
73.35366485387324
 40
73.35366485387324
 40
73.35366485387324
 40
74.35366485387324
 40
74.35366485387324
 40
74.35366485387324
 40
75.35366485387324
 40
75.35366485387324
 40
75.35366485387324
 40
76.35366485387324
 40
76.35366485387324
 40
76.35366485387324
 40
86.2736648538732
 40
86.2736648538732
 40
86.2736648538732
 40
94.7736648538732
 40
94.7736648538732
 40
94.7736648538732
 40
104.6936648538732
 40
104.6936648538732
 40
104.6936648538732
 40
105.6936648538732
 40
105.6936648538732
 40
105.6936648538732
 40
105.6936648538732
 10
245.0655852777777
 20
250.2607672222222
 30
0.0
 10
244.0989741666666
 20
250.2607672222222
 30
0.0
 10
243.3158074999999
 20
250.3031005555555
 30
0.0
 10
243.3158074999999
 20
250.359545
 30
0.0
 10
243.3158074999999
 20
252.0176005555556
 30
0.0
 10
244.6563630555555
 20
253.3581561111111
 30
0.0
 10
246.3144186111111
 20
253.3581561111111
 30
0.0
 10
251.2180297222222
 20
253.3581561111111
 30
0.0
 10
255.0566047222222
 20
257.9178088888889
 30
0.0
 10
259.4416325
 20
255.6261644444444
 30
0.0
 10
264.3258408333333
 20
253.0731116666666
 30
0.0
 10
260.6244963888889
 20
256.6446338888889
 30
0.0
 10
267.0591630555555
 20
260.2676616666666
 30
0.0
 10
271.1439769444444
 20
262.5677727777777
 30
0.0
 10
272.1045908333333
 20
262.5952894444445
 30
0.0
 10
274.9204630555555
 20
261.0518866666667
 30
0.0
 10
278.2274019444444
 20
259.2393144444445
 30
0.0
 10
281.090193611111
 20
259.3550255555555
 30
0.0
 10
281.090193611111
 20
256.3564144444445
 30
0.0
 10
281.090193611111
 20
256.29997
 30
0.0
 10
280.3070269444444
 20
256.2541088888889
 30
0.0
 10
279.3404158333333
 20
256.2541088888889
 30
0.0
 10
278.3738047222222
 20
256.2541088888889
 30
0.0
 10
277.7634991666666
 20
256.3564144444445
 30
0.0
 10
277.5906380555555
 20
256.3564144444445
 30
0.0
 10
276.424119537037
 20
256.3564144444445
 30
0.0
 10
275.2576010185185
 20
256.3564144444445
 30
0.0
 10
274.0910825
 20
256.3564144444445
 30
0.0
 10
274.0910825
 20
255.3557014814815
 30
0.0
 10
274.0910825
 20
254.3549885185185
 30
0.0
 10
274.0910825
 20
253.3542755555555
 30
0.0
 10
275.2576010185185
 20
253.3542755555555
 30
0.0
 10
276.424119537037
 20
253.3542755555555
 30
0.0
 10
277.5906380555555
 20
253.3542755555555
 30
0.0
 10
277.7634991666666
 20
253.3542755555555
 30
0.0
 10
278.3738047222222
 20
253.4565811111111
 30
0.0
 10
279.3404158333333
 20
253.4565811111111
 30
0.0
 10
280.3070269444444
 20
253.4565811111111
 30
0.0
 10
281.090193611111
 20
253.41072
 30
0.0
 10
281.090193611111
 20
253.3542755555555
 30
0.0
 10
281.090193611111
 20
250.1863311111111
 30
0.0
 10
286.0887019444444
 20
248.1596227777778
 30
0.0
 10
285.0628241666666
 20
245.3405755555555
 30
0.0
 10
285.0441269444444
 20
245.2883644444444
 30
0.0
 10
284.2934158333333
 20
245.5148477777778
 30
0.0
 10
283.3836019444444
 20
245.8454005555556
 30
0.0
 10
282.4766102777778
 20
246.1798338888889
 30
0.0
 10
281.9393297222222
 20
246.4821644444444
 30
0.0
 10
281.7742297222222
 20
246.54002
 30
0.0
 10
280.9529630555555
 20
246.8395283333333
 30
0.0
 10
278.4852824999999
 20
247.7394644444444
 30
0.0
 10
278.4852824999999
 20
247.7394644444444
 30
0.0
 10
278.1432056481481
 20
246.8010755555555
 30
0.0
 10
277.8011287962963
 20
245.8626866666667
 30
0.0
 10
277.4590519444444
 20
244.9242977777778
 30
0.0
 10
277.4590519444444
 20
244.9242977777778
 30
0.0
 10
279.9232047222222
 20
244.0229505555556
 30
0.0
 10
280.744118611111
 20
243.723795
 30
0.0
 10
280.9102769444444
 20
243.6624116666667
 30
0.0
 10
281.5138797222222
 20
243.5495227777778
 30
0.0
 10
282.4243991666666
 20
243.215795
 30
0.0
 10
283.3306852777777
 20
242.8845366666667
 30
0.0
 10
284.0528213888888
 20
242.5733866666666
 30
0.0
 10
284.0341241666666
 20
242.5208227777778
 30
0.0
 10
283.0043658333333
 20
239.7045977777778
 30
0.0
 10
286.5582491666666
 20
235.9556283333334
 30
0.0
 10
284.5467102777777
 20
233.7296005555555
 30
0.0
 10
284.5096686111111
 20
233.6890311111111
 30
0.0
 10
283.9000686111111
 20
234.1772755555556
 30
0.0
 10
283.1828713888888
 20
234.8249755555556
 30
0.0
 10
282.4614408333333
 20
235.4758505555556
 30
0.0
 10
282.0772658333333
 20
235.9566866666667
 30
0.0
 10
281.9467380555555
 20
236.0734561111111
 30
0.0
 10
281.2986852777777
 20
236.6597727777778
 30
0.0
 10
279.3502936111111
 20
238.4180172222222
 30
0.0
 10
279.3502936111111
 20
238.4180172222222
 30
0.0
 10
278.6800158333333
 20
237.6749496296296
 30
0.0
 10
278.0097380555555
 20
236.931882037037
 30
0.0
 10
277.3394602777777
 20
236.1888144444444
 30
0.0
 10
277.3394602777777
 20
236.1888144444444
 30
0.0
 10
279.2910269444444
 20
234.4309227777778
 30
0.0
 10
279.9394325
 20
233.8449588888889
 30
0.0
 10
280.0696075
 20
233.7278366666667
 30
0.0
 10
280.5864269444444
 20
233.3937561111111
 30
0.0
 10
281.3039769444444
 20
232.7460561111111
 30
0.0
 10
282.0247019444444
 20
232.0987088888889
 30
0.0
 10
282.5764463888889
 20
231.5416727777778
 30
0.0
 10
282.5394047222222
 20
231.5007505555556
 30
0.0
 10
281.5339880555555
 20
230.3845616666667
 30
0.0
 10
279.6660297222222
 20
226.2401283333333
 30
0.0
 10
278.2161130555555
 20
228.2650727777778
 30
0.0
 10
273.8663630555555
 20
234.3504894444444
 30
0.0
 10
272.5222797222222
 20
237.5149061111111
 30
0.0
 10
270.0563630555556
 20
237.5149061111111
 30
0.0
 10
251.7013352777777
 20
237.5149061111111
 30
0.0
 10
254.9116130555555
 20
244.358795
 30
0.0
 10
246.3144186111111
 20
244.358795
 30
0.0
 10
244.6563630555555
 20
244.358795
 30
0.0
 10
243.3158074999999
 20
245.7028783333333
 30
0.0
 10
243.3158074999999
 20
247.3609338888889
 30
0.0
 10
243.3158074999999
 20
247.4138505555555
 30
0.0
 10
244.0989741666666
 20
247.4597116666666
 30
0.0
 10
245.0655852777777
 20
247.4597116666666
 30
0.0
 10
246.0321963888888
 20
247.4597116666666
 30
0.0
 10
246.6389741666666
 20
247.3609338888889
 30
0.0
 10
246.8153630555555
 20
247.3609338888889
 30
0.0
 10
247.981881574074
 20
247.3609338888889
 30
0.0
 10
249.1484000925926
 20
247.3609338888889
 30
0.0
 10
250.3149186111111
 20
247.3609338888889
 30
0.0
 10
250.314918611111
 20
248.3604709259259
 30
0.0
 10
250.314918611111
 20
249.360007962963
 30
0.0
 10
250.3149186111111
 20
250.359545
 30
0.0
 10
249.1484000925926
 20
250.359545
 30
0.0
 10
247.981881574074
 20
250.359545
 30
0.0
 10
246.8153630555555
 20
250.359545
 30
0.0
 10
246.6389741666666
 20
250.359545
 30
0.0
 10
246.0321963888888
 20
250.2607672222222
 30
0.0
 10
245.0655852777777
 20
250.2607672222222
 30
0.0
  0
POLYLINE
  5
1C5
330
1F
100
AcDbEntity
  8
DEFAULT
 62
   250
100
AcDb2dPolyline
 66
     1
 10
0.0
 20
0.0
 30
0.0
  0
VERTEX
  5
1C6
330
1C5
100
AcDbEntity
  8
DEFAULT
 62
   250
100
AcDbVertex
100
AcDb2dVertex
 10
81.06127777777778
 20
266.9711097222222
 30
0.0
  0
VERTEX
  5
1C7
330
1C5
100
AcDbEntity
  8
DEFAULT
 62
   250
100
AcDbVertex
100
AcDb2dVertex
 10
79.56514722222221
 20
266.9711097222222
 30
0.0
  0
SEQEND
  5
1C8
330
1C5
100
AcDbEntity
  8
DEFAULT
 62
   250
  0
POLYLINE
  5
1C9
330
1F
100
AcDbEntity
  8
DEFAULT
 62
   250
100
AcDb2dPolyline
 66
     1
 10
0.0
 20
0.0
 30
0.0
  0
VERTEX
  5
1CA
330
1C9
100
AcDbEntity
  8
DEFAULT
 62
   250
100
AcDbVertex
100
AcDb2dVertex
 10
80.31328305555554
 20
266.9711097222222
 30
0.0
  0
VERTEX
  5
1CB
330
1C9
100
AcDbEntity
  8
DEFAULT
 62
   250
100
AcDbVertex
100
AcDb2dVertex
 10
80.31328305555554
 20
268.9921736111111
 30
0.0
  0
SEQEND
  5
1CC
330
1C9
100
AcDbEntity
  8
DEFAULT
 62
   250
  0
SPLINE
  5
1CD
330
1F
100
AcDbEntity
  8
DEFAULT
 62
   250
100
AcDbSpline
210
0.0
220
0.0
230
1.0
 70
     8
 71
     3
 72
    23
 73
    19
 74
     0
 42
0.000000001
 43
0.0000000001
 40
0.0
 40
0.0
 40
0.0
 40
0.0
 40
1.0
 40
1.0
 40
1.0
 40
2.0
 40
2.0
 40
2.0
 40
3.0
 40
3.0
 40
3.0
 40
4.0
 40
4.0
 40
4.0
 40
5.0
 40
5.0
 40
5.0
 40
6.0
 40
6.0
 40
6.0
 40
6.0
 10
84.6986636111111
 20
261.2394233333333
 30
0.0
 10
84.59565249999999
 20
261.1815677777778
 30
0.0
 10
84.46900527777777
 20
261.0679733333333
 30
0.0
 10
84.37657749999998
 20
260.908165
 30
0.0
 10
84.18043305555555
 20
260.5694983333333
 30
0.0
 10
84.2700386111111
 20
260.2435316666667
 30
0.0
 10
84.52439138888889
 20
260.0964233333333
 30
0.0
 10
84.71312749999998
 20
259.9870622222222
 30
0.0
 10
84.96924416666666
 20
260.13664
 30
0.0
 10
85.10894416666666
 20
260.37794
 30
0.0
 10
85.3241386111111
 20
260.7497677777778
 30
0.0
 10
85.57108305555555
 20
260.8083288888889
 30
0.0
 10
85.80568027777777
 20
260.6725094444444
 30
0.0
 10
86.08261083333332
 20
260.5123483333333
 30
0.0
 10
86.15351916666665
 20
260.184265
 30
0.0
 10
85.9369136111111
 20
259.8092622222222
 30
0.0
 10
85.83707749999999
 20
259.6367538888888
 30
0.0
 10
85.70231638888887
 20
259.50164
 30
0.0
 10
85.57284694444444
 20
259.428615
 30
0.0
  0
SPLINE
  5
1CE
330
1F
100
AcDbEntity
  8
DEFAULT
 62
     1
100
AcDbSpline
210
0.0
220
0.0
230
1.0
 70
    11
 71
     3
 72
    74
 73
    70
 74
     0
 42
0.000000001
 43
0.0000000001
 40
1.0
 40
1.0
 40
1.0
 40
1.0
 40
2.0
 40
2.0
 40
2.0
 40
3.0
 40
3.0
 40
3.0
 40
22.85000000000002
 40
22.85000000000002
 40
22.85000000000002
 40
23.85000000000002
 40
23.85000000000002
 40
23.85000000000002
 40
24.85000000000002
 40
24.85000000000002
 40
24.85000000000002
 40
25.85000000000002
 40
25.85000000000002
 40
25.85000000000002
 40
26.85000000000002
 40
26.85000000000002
 40
26.85000000000002
 40
27.85000000000002
 40
27.85000000000002
 40
27.85000000000002
 40
28.85000000000002
 40
28.85000000000002
 40
28.85000000000002
 40
29.85000000000002
 40
29.85000000000002
 40
29.85000000000002
 40
38.3539520224423
 40
38.3539520224423
 40
38.3539520224423
 40
39.3539520224423
 40
39.3539520224423
 40
39.3539520224423
 40
40.3539520224423
 40
40.3539520224423
 40
40.3539520224423
 40
41.3539520224423
 40
41.3539520224423
 40
41.3539520224423
 40
42.3539520224423
 40
42.3539520224423
 40
42.3539520224423
 40
43.3539520224423
 40
43.3539520224423
 40
43.3539520224423
 40
44.3539520224423
 40
44.3539520224423
 40
44.3539520224423
 40
45.3539520224423
 40
45.3539520224423
 40
45.3539520224423
 40
46.3539520224423
 40
46.3539520224423
 40
46.3539520224423
 40
56.27395202244226
 40
56.27395202244226
 40
56.27395202244226
 40
64.77395202244226
 40
64.77395202244226
 40
64.77395202244226
 40
74.69395202244222
 40
74.69395202244222
 40
74.69395202244222
 40
75.69395202244222
 40
75.69395202244222
 40
75.69395202244222
 40
75.69395202244222
 10
78.91346083333333
 20
276.2728013888889
 30
0.0
 10
78.91346083333333
 20
277.2394125
 30
0.0
 10
78.86759972222221
 20
278.0225791666667
 30
0.0
 10
78.81468305555555
 20
278.0225791666667
 30
0.0
 10
77.1566275
 20
278.0225791666667
 30
0.0
 10
75.81254416666665
 20
276.682023611111
 30
0.0
 10
75.81254416666665
 20
275.0239680555555
 30
0.0
 10
75.81254416666665
 20
272.6897550925926
 30
0.0
 10
75.81254416666665
 20
270.3555421296296
 30
0.0
 10
75.81254416666665
 20
268.0213291666666
 30
0.0
 10
75.81254416666665
 20
261.6395791666666
 30
0.0
 10
71.08179416666667
 20
263.6433569444444
 30
0.0
 10
74.08746083333332
 20
255.8575513888889
 30
0.0
 10
76.82501638888888
 20
248.7596625
 30
0.0
 10
78.81362472222222
 20
258.8261763888888
 30
0.0
 10
82.93865527777777
 20
256.4396347222222
 30
0.0
 10
84.45348305555555
 20
255.5633347222222
 30
0.0
 10
87.48384416666666
 20
253.8117930555555
 30
0.0
 10
88.9993775
 20
252.9365513888889
 30
0.0
 10
90.43483027777778
 20
252.1071708333333
 30
0.0
 10
92.26962749999998
 20
252.5978847222222
 30
0.0
 10
93.09865527777777
 20
254.0336902777778
 30
0.0
 10
93.12687749999999
 20
254.0830791666666
 30
0.0
 10
92.47071083333331
 20
254.5134680555555
 30
0.0
 10
91.63462750000001
 20
254.9967736111111
 30
0.0
 10
90.79501638888887
 20
255.4800791666667
 30
0.0
 10
90.21998861111109
 20
255.6988013888889
 30
0.0
 10
90.06829416666666
 20
255.7869958333333
 30
0.0
 10
89.30982194444444
 20
256.2244402777777
 30
0.0
 10
87.03793305555554
 20
257.5367736111111
 30
0.0
 10
87.03793305555554
 20
257.5367736111111
 30
0.0
 10
87.5388775
 20
258.4022550925926
 30
0.0
 10
88.03982194444444
 20
259.267736574074
 30
0.0
 10
88.54076638888888
 20
260.1332180555555
 30
0.0
 10
88.54076638888888
 20
260.1332180555555
 30
0.0
 10
90.81265527777776
 20
258.8208847222222
 30
0.0
 10
91.5711275
 20
258.3834402777777
 30
0.0
 10
91.72282194444445
 20
258.2952458333333
 30
0.0
 10
92.19907194444444
 20
257.9036624999999
 30
0.0
 10
93.03515527777778
 20
257.4203569444444
 30
0.0
 10
93.87123861111111
 20
256.9370513888888
 30
0.0
 10
94.57326638888888
 20
256.5842736111111
 30
0.0
 10
94.60148861111111
 20
256.6301347222222
 30
0.0
 10
95.43051638888889
 20
258.0659402777778
 30
0.0
 10
94.94015527777776
 20
259.9000319444444
 30
0.0
 10
93.5043497222222
 20
260.7294125
 30
0.0
 10
87.44292194444444
 20
264.2310847222222
 30
0.0
 10
84.81190527777777
 20
267.1217458333333
 30
0.0
 10
84.81190527777777
 20
275.0239680555555
 30
0.0
 10
84.81190527777777
 20
276.682023611111
 30
0.0
 10
83.47134972222221
 20
278.0225791666667
 30
0.0
 10
81.81329416666665
 20
278.0225791666667
 30
0.0
 10
81.75684972222221
 20
278.0225791666667
 30
0.0
 10
81.71451638888888
 20
277.2394125
 30
0.0
 10
81.71451638888888
 20
276.2728013888889
 30
0.0
 10
81.71451638888888
 20
275.3061902777777
 30
0.0
 10
81.81329416666665
 20
274.6958847222222
 30
0.0
 10
81.81329416666665
 20
274.5230236111111
 30
0.0
 10
81.81329416666665
 20
273.3565050925925
 30
0.0
 10
81.81329416666665
 20
272.189986574074
 30
0.0
 10
81.81329416666665
 20
271.0234680555555
 30
0.0
 10
80.81375712962962
 20
271.0234680555555
 30
0.0
 10
79.81422009259258
 20
271.0234680555555
 30
0.0
 10
78.81468305555555
 20
271.0234680555555
 30
0.0
 10
78.81468305555555
 20
272.189986574074
 30
0.0
 10
78.81468305555555
 20
273.3565050925925
 30
0.0
 10
78.81468305555555
 20
274.5230236111111
 30
0.0
 10
78.81468305555555
 20
274.6958847222222
 30
0.0
 10
78.91346083333333
 20
275.3061902777777
 30
0.0
 10
78.91346083333333
 20
276.2728013888889
 30
0.0
  0
POLYLINE
  5
1CF
330
1F
100
AcDbEntity
  8
DEFAULT
 62
   250
100
AcDb2dPolyline
 66
     1
 10
0.0
 20
0.0
 30
0.0
  0
VERTEX
  5
1D0
330
1CF
100
AcDbEntity
  8
DEFAULT
 62
   250
100
AcDbVertex
100
AcDb2dVertex
 10
220.9752375
 20
266.9711097222222
 30
0.0
  0
VERTEX
  5
1D1
330
1CF
100
AcDbEntity
  8
DEFAULT
 62
   250
100
AcDbVertex
100
AcDb2dVertex
 10
219.4791069444444
 20
266.9711097222222
 30
0.0
  0
SEQEND
  5
1D2
330
1CF
100
AcDbEntity
  8
DEFAULT
 62
   250
  0
POLYLINE
  5
1D3
330
1F
100
AcDbEntity
  8
DEFAULT
 62
   250
100
AcDb2dPolyline
 66
     1
 10
0.0
 20
0.0
 30
0.0
  0
VERTEX
  5
1D4
330
1D3
100
AcDbEntity
  8
DEFAULT
 62
   250
100
AcDbVertex
100
AcDb2dVertex
 10
220.2272427777778
 20
266.9711097222222
 30
0.0
  0
VERTEX
  5
1D5
330
1D3
100
AcDbEntity
  8
DEFAULT
 62
   250
100
AcDbVertex
100
AcDb2dVertex
 10
220.2272427777778
 20
268.9921736111111
 30
0.0
  0
SEQEND
  5
1D6
330
1D3
100
AcDbEntity
  8
DEFAULT
 62
   250
  0
SPLINE
  5
1D7
330
1F
100
AcDbEntity
  8
DEFAULT
 62
   250
100
AcDbSpline
210
0.0
220
0.0
230
1.0
 70
     8
 71
     3
 72
    23
 73
    19
 74
     0
 42
0.000000001
 43
0.0000000001
 40
0.0
 40
0.0
 40
0.0
 40
0.0
 40
1.0
 40
1.0
 40
1.0
 40
2.0
 40
2.0
 40
2.0
 40
3.0
 40
3.0
 40
3.0
 40
4.0
 40
4.0
 40
4.0
 40
5.0
 40
5.0
 40
5.0
 40
6.0
 40
6.0
 40
6.0
 40
6.0
 10
216.3539191666667
 20
259.6601783333333
 30
0.0
 10
216.3726163888889
 20
259.7769477777778
 30
0.0
 10
216.3623858333333
 20
259.9466338888889
 30
0.0
 10
216.2950052777777
 20
260.1184366666666
 30
0.0
 10
216.1517775
 20
260.4828561111111
 30
0.0
 10
215.8409802777778
 20
260.6151477777777
 30
0.0
 10
215.5675775
 20
260.5079033333333
 30
0.0
 10
215.3647302777778
 20
260.4281755555555
 30
0.0
 10
215.3223969444444
 20
260.1346644444444
 30
0.0
 10
215.4243497222222
 20
259.8753727777777
 30
0.0
 10
215.5813358333333
 20
259.4753227777778
 30
0.0
 10
215.4733858333333
 20
259.2453116666666
 30
0.0
 10
215.2211497222222
 20
259.146181111111
 30
0.0
 10
214.9234052777778
 20
259.0294116666666
 30
0.0
 10
214.6224858333333
 20
259.1779311111111
 30
0.0
 10
214.4640886111111
 20
259.5808033333333
 30
0.0
 10
214.3910636111111
 20
259.7663644444444
 30
0.0
 10
214.3691913888889
 20
259.9561588888889
 30
0.0
 10
214.3924747222222
 20
260.1025616666666
 30
0.0
  0
SPLINE
  5
1D8
330
1F
100
AcDbEntity
  8
DEFAULT
 62
     1
100
AcDbSpline
210
0.0
220
0.0
230
1.0
 70
    11
 71
     3
 72
    74
 73
    70
 74
     0
 42
0.000000001
 43
0.0000000001
 40
1.0
 40
1.0
 40
1.0
 40
1.0
 40
2.0
 40
2.0
 40
2.0
 40
3.0
 40
3.0
 40
3.0
 40
22.85000000000002
 40
22.85000000000002
 40
22.85000000000002
 40
23.85000000000002
 40
23.85000000000002
 40
23.85000000000002
 40
24.85000000000002
 40
24.85000000000002
 40
24.85000000000002
 40
25.85000000000002
 40
25.85000000000002
 40
25.85000000000002
 40
26.85000000000002
 40
26.85000000000002
 40
26.85000000000002
 40
27.85000000000002
 40
27.85000000000002
 40
27.85000000000002
 40
28.85000000000002
 40
28.85000000000002
 40
28.85000000000002
 40
29.85000000000002
 40
29.85000000000002
 40
29.85000000000002
 40
38.3539520224423
 40
38.3539520224423
 40
38.3539520224423
 40
39.3539520224423
 40
39.3539520224423
 40
39.3539520224423
 40
40.3539520224423
 40
40.3539520224423
 40
40.3539520224423
 40
41.3539520224423
 40
41.3539520224423
 40
41.3539520224423
 40
42.3539520224423
 40
42.3539520224423
 40
42.3539520224423
 40
43.3539520224423
 40
43.3539520224423
 40
43.3539520224423
 40
44.3539520224423
 40
44.3539520224423
 40
44.3539520224423
 40
45.3539520224423
 40
45.3539520224423
 40
45.3539520224423
 40
46.3539520224423
 40
46.3539520224423
 40
46.3539520224423
 40
56.27395202244226
 40
56.27395202244226
 40
56.27395202244226
 40
64.77395202244226
 40
64.77395202244226
 40
64.77395202244226
 40
74.69395202244222
 40
74.69395202244222
 40
74.69395202244222
 40
75.69395202244222
 40
75.69395202244222
 40
75.69395202244222
 40
75.69395202244222
 10
221.6271355555556
 20
276.2728013888889
 30
0.0
 10
221.6271355555556
 20
277.2394125
 30
0.0
 10
221.6729966666667
 20
278.0225791666667
 30
0.0
 10
221.7259133333333
 20
278.0225791666667
 30
0.0
 10
223.3839688888889
 20
278.0225791666667
 30
0.0
 10
224.7280522222222
 20
276.682023611111
 30
0.0
 10
224.7280522222222
 20
275.0239680555555
 30
0.0
 10
224.7280522222222
 20
272.6897550925926
 30
0.0
 10
224.7280522222222
 20
270.3555421296296
 30
0.0
 10
224.7280522222222
 20
268.0213291666666
 30
0.0
 10
224.7280522222222
 20
261.6395791666666
 30
0.0
 10
229.4588022222222
 20
263.6433569444444
 30
0.0
 10
226.4531355555555
 20
255.8575513888889
 30
0.0
 10
223.71558
 20
248.7596625
 30
0.0
 10
221.7269716666667
 20
258.8261763888888
 30
0.0
 10
217.6019411111111
 20
256.4396347222222
 30
0.0
 10
216.0871133333333
 20
255.5633347222222
 30
0.0
 10
213.0567522222222
 20
253.8117930555555
 30
0.0
 10
211.5412188888889
 20
252.9365513888889
 30
0.0
 10
210.1057661111111
 20
252.1071708333333
 30
0.0
 10
208.2709688888889
 20
252.5978847222222
 30
0.0
 10
207.4419411111111
 20
254.0336902777778
 30
0.0
 10
207.4137188888889
 20
254.0830791666666
 30
0.0
 10
208.0698855555556
 20
254.5134680555555
 30
0.0
 10
208.9059688888889
 20
254.9967736111111
 30
0.0
 10
209.74558
 20
255.4800791666667
 30
0.0
 10
210.3206077777778
 20
255.6988013888889
 30
0.0
 10
210.4723022222222
 20
255.7869958333333
 30
0.0
 10
211.2307744444444
 20
256.2244402777777
 30
0.0
 10
213.5026633333333
 20
257.5367736111111
 30
0.0
 10
213.5026633333333
 20
257.5367736111111
 30
0.0
 10
213.0017188888889
 20
258.4022550925926
 30
0.0
 10
212.5007744444445
 20
259.267736574074
 30
0.0
 10
211.99983
 20
260.1332180555555
 30
0.0
 10
211.99983
 20
260.1332180555555
 30
0.0
 10
209.7279411111111
 20
258.8208847222222
 30
0.0
 10
208.9694688888889
 20
258.3834402777777
 30
0.0
 10
208.8177744444445
 20
258.2952458333333
 30
0.0
 10
208.3415244444444
 20
257.9036624999999
 30
0.0
 10
207.5054411111111
 20
257.4203569444444
 30
0.0
 10
206.6693577777778
 20
256.9370513888888
 30
0.0
 10
205.96733
 20
256.5842736111111
 30
0.0
 10
205.9391077777778
 20
256.6301347222222
 30
0.0
 10
205.11008
 20
258.0659402777778
 30
0.0
 10
205.6004411111111
 20
259.9000319444444
 30
0.0
 10
207.0362466666667
 20
260.7294125
 30
0.0
 10
213.0976744444444
 20
264.2310847222222
 30
0.0
 10
215.7286911111111
 20
267.1217458333333
 30
0.0
 10
215.7286911111111
 20
275.0239680555555
 30
0.0
 10
215.7286911111111
 20
276.682023611111
 30
0.0
 10
217.0692466666667
 20
278.0225791666667
 30
0.0
 10
218.7273022222222
 20
278.0225791666667
 30
0.0
 10
218.7837466666667
 20
278.0225791666667
 30
0.0
 10
218.82608
 20
277.2394125
 30
0.0
 10
218.82608
 20
276.2728013888889
 30
0.0
 10
218.82608
 20
275.3061902777777
 30
0.0
 10
218.7273022222222
 20
274.6958847222222
 30
0.0
 10
218.7273022222222
 20
274.5230236111111
 30
0.0
 10
218.7273022222222
 20
273.3565050925925
 30
0.0
 10
218.7273022222222
 20
272.189986574074
 30
0.0
 10
218.7273022222222
 20
271.0234680555555
 30
0.0
 10
219.7268392592592
 20
271.0234680555555
 30
0.0
 10
220.7263762962963
 20
271.0234680555555
 30
0.0
 10
221.7259133333333
 20
271.0234680555555
 30
0.0
 10
221.7259133333333
 20
272.189986574074
 30
0.0
 10
221.7259133333333
 20
273.3565050925925
 30
0.0
 10
221.7259133333333
 20
274.5230236111111
 30
0.0
 10
221.7259133333333
 20
274.6958847222222
 30
0.0
 10
221.6271355555556
 20
275.3061902777777
 30
0.0
 10
221.6271355555556
 20
276.2728013888889
 30
0.0
  0
SPLINE
  5
1D9
330
1F
100
AcDbEntity
  8
DEFAULT
 62
   250
100
AcDbSpline
210
0.0
220
0.0
230
1.0
 70
     8
 71
     3
 72
    20
 73
    16
 74
     0
 42
0.000000001
 43
0.0000000001
 40
0.0
 40
0.0
 40
0.0
 40
0.0
 40
5.652023531444288
 40
5.652023531444288
 40
5.652023531444288
 40
6.652023531444288
 40
6.652023531444288
 40
6.652023531444288
 40
7.652023531444288
 40
7.652023531444288
 40
7.652023531444288
 40
8.65202353144429
 40
8.65202353144429
 40
8.65202353144429
 40
9.65202353144429
 40
9.65202353144429
 40
9.65202353144429
 40
9.65202353144429
 10
17.32548111111111
 20
222.1492113888889
 30
0.0
 10
17.96765425925926
 20
221.9778789814814
 30
0.0
 10
18.60982740740741
 20
221.806546574074
 30
0.0
 10
19.25200055555556
 20
221.6352141666666
 30
0.0
 10
19.24388666666667
 20
221.5008058333333
 30
0.0
 10
19.21002
 20
221.3145391666666
 30
0.0
 10
19.16345333333333
 20
221.1406197222222
 30
0.0
 10
19.09183944444444
 20
220.8714502777778
 30
0.0
 10
18.99588388888889
 20
220.7105836111111
 30
0.0
 10
18.85336166666667
 20
220.6185086111111
 30
0.0
 10
18.74012
 20
220.5430141666666
 30
0.0
 10
18.59230611111111
 20
220.5236113888889
 30
0.0
 10
18.44167
 20
220.5638280555555
 30
0.0
 10
18.18378944444444
 20
220.6326197222222
 30
0.0
 10
17.94848666666666
 20
220.8873252777778
 30
0.0
 10
18.04620611111111
 20
221.2524502777777
 30
0.0
  0
SPLINE
  5
1DA
330
1F
100
AcDbEntity
  8
DEFAULT
 62
   250
100
AcDbSpline
210
0.0
220
0.0
230
1.0
 70
     8
 71
     3
 72
    14
 73
    10
 74
     0
 42
0.000000001
 43
0.0000000001
 40
0.0
 40
0.0
 40
0.0
 40
0.0
 40
1.0
 40
1.0
 40
1.0
 40
2.0
 40
2.0
 40
2.0
 40
3.656964091342959
 40
3.656964091342959
 40
3.656964091342959
 40
3.656964091342959
 10
16.99161222222222
 20
220.8977322222222
 30
0.0
 10
17.05793444444444
 20
220.9252488888889
 30
0.0
 10
17.24137888888889
 20
220.9340683333333
 30
0.0
 10
17.50384555555555
 20
220.9453572222222
 30
0.0
 10
17.86755944444444
 20
220.9605266666666
 30
0.0
 10
17.98785666666666
 20
221.0448405555555
 30
0.0
 10
18.07710944444444
 20
221.3436433333333
 30
0.0
 10
18.12732148148148
 20
221.5319090740741
 30
0.0
 10
18.17753351851852
 20
221.7201748148148
 30
0.0
 10
18.22774555555555
 20
221.9084405555555
 30
0.0
  0
SPLINE
  5
1DB
330
1F
100
AcDbEntity
  8
DEFAULT
 62
   250
100
AcDbSpline
210
0.0
220
0.0
230
1.0
 70
     8
 71
     3
 72
    26
 73
    22
 74
     0
 42
0.000000001
 43
0.0000000001
 40
0.0
 40
0.0
 40
0.0
 40
0.0
 40
1.0
 40
1.0
 40
1.0
 40
2.0
 40
2.0
 40
2.0
 40
3.0
 40
3.0
 40
3.0
 40
4.0
 40
4.0
 40
4.0
 40
5.0
 40
5.0
 40
5.0
 40
6.0
 40
6.0
 40
6.0
 40
7.0
 40
7.0
 40
7.0
 40
7.0
 10
56.09727583333333
 20
256.0814947222222
 30
0.0
 10
56.13220083333332
 20
256.3616002777778
 30
0.0
 10
56.78519249999999
 20
256.8089225
 30
0.0
 10
56.8342286111111
 20
257.0516336111111
 30
0.0
 10
56.84340083333333
 20
257.0953780555556
 30
0.0
 10
56.24473694444444
 20
256.9666141666667
 30
0.0
 10
56.23944527777777
 20
257.0050669444444
 30
0.0
 10
56.19358416666665
 20
257.4830808333333
 30
0.0
 10
56.48956472222221
 20
257.9371058333333
 30
0.0
 10
57.13444249999999
 20
258.0235363888889
 30
0.0
 10
57.77614527777777
 20
258.1099669444444
 30
0.0
 10
58.24181194444444
 20
257.7730641666666
 30
0.0
 10
58.31448416666666
 20
257.2322558333333
 30
0.0
 10
58.38750916666665
 20
256.6882725
 30
0.0
 10
58.01285916666666
 20
256.2779919444444
 30
0.0
 10
57.4216036111111
 20
256.1986169444444
 30
0.0
 10
56.90760638888888
 20
256.1298252777777
 30
0.0
 10
56.49838416666666
 20
256.3919391666666
 30
0.0
 10
56.38478972222221
 20
256.6071336111111
 30
0.0
 10
56.27119527777776
 20
256.8223280555555
 30
0.0
 10
56.24015083333332
 20
256.9719058333333
 30
0.0
 10
56.24015083333332
 20
256.9719058333333
 30
0.0
  0
SPLINE
  5
1DC
330
1F
100
AcDbEntity
  8
DEFAULT
 62
   250
100
AcDbSpline
210
0.0
220
0.0
230
1.0
 70
     8
 71
     3
 72
    26
 73
    22
 74
     0
 42
0.000000001
 43
0.0000000001
 40
0.0
 40
0.0
 40
0.0
 40
0.0
 40
1.0
 40
1.0
 40
1.0
 40
2.0
 40
2.0
 40
2.0
 40
3.0
 40
3.0
 40
3.0
 40
4.0
 40
4.0
 40
4.0
 40
5.0
 40
5.0
 40
5.0
 40
6.0
 40
6.0
 40
6.0
 40
7.0
 40
7.0
 40
7.0
 40
7.0
 10
40.69358694444444
 20
245.5616966666667
 30
0.0
 10
40.75673416666666
 20
245.8368633333333
 30
0.0
 10
41.45135361111111
 20
246.2164522222222
 30
0.0
 10
41.52437861111111
 20
246.4528133333333
 30
0.0
 10
41.53813694444445
 20
246.4951466666666
 30
0.0
 10
40.92959527777777
 20
246.4274133333333
 30
0.0
 10
40.92818416666667
 20
246.4665716666667
 30
0.0
 10
40.9306536111111
 20
246.9463494444444
 30
0.0
 10
41.27073138888888
 20
247.3682716666667
 30
0.0
 10
41.92125361111111
 20
247.3894383333333
 30
0.0
 10
42.56860083333333
 20
247.410605
 30
0.0
 10
42.99793138888889
 20
247.0285466666667
 30
0.0
 10
43.01557027777777
 20
246.4831522222222
 30
0.0
 10
43.03320916666667
 20
245.9345827777778
 30
0.0
 10
42.61940083333333
 20
245.5641661111111
 30
0.0
 10
42.02320638888889
 20
245.5447633333333
 30
0.0
 10
41.50462305555556
 20
245.5281827777778
 30
0.0
 10
41.12362305555555
 20
245.8301605555556
 30
0.0
 10
41.03260638888889
 20
246.0555855555556
 30
0.0
 10
40.94158972222222
 20
246.2810105555556
 30
0.0
 10
40.92571472222222
 20
246.4334105555556
 30
0.0
 10
40.92571472222222
 20
246.4334105555556
 30
0.0
  0
SPLINE
  5
1DD
330
1F
100
AcDbEntity
  8
DEFAULT
 62
   250
100
AcDbSpline
210
0.0
220
0.0
230
1.0
 70
     8
 71
     3
 72
    26
 73
    22
 74
     0
 42
0.000000001
 43
0.0000000001
 40
0.0
 40
0.0
 40
0.0
 40
0.0
 40
1.0
 40
1.0
 40
1.0
 40
2.0
 40
2.0
 40
2.0
 40
3.0
 40
3.0
 40
3.0
 40
4.0
 40
4.0
 40
4.0
 40
5.0
 40
5.0
 40
5.0
 40
6.0
 40
6.0
 40
6.0
 40
7.0
 40
7.0
 40
7.0
 40
7.0
 10
28.07730111111111
 20
233.6187225
 30
0.0
 10
28.14397611111111
 20
233.8928308333333
 30
0.0
 10
28.84318166666667
 20
234.2636002777778
 30
0.0
 10
28.91938166666667
 20
234.4992558333333
 30
0.0
 10
28.93349277777778
 20
234.5415891666667
 30
0.0
 10
28.32389277777778
 20
234.4812641666667
 30
0.0
 10
28.32318722222222
 20
234.5204225
 30
0.0
 10
28.33165388888889
 20
235.0005530555556
 30
0.0
 10
28.67702333333333
 20
235.4178891666667
 30
0.0
 10
29.32754555555555
 20
235.4309419444444
 30
0.0
 10
29.97524555555555
 20
235.4439947222222
 30
0.0
 10
30.39963722222222
 20
235.0566447222222
 30
0.0
 10
30.41057333333334
 20
234.5108975
 30
0.0
 10
30.42150944444444
 20
233.9623280555556
 30
0.0
 10
30.003115
 20
233.5972030555555
 30
0.0
 10
29.40656777777778
 20
233.5852086111111
 30
0.0
 10
28.88763166666666
 20
233.5749780555555
 30
0.0
 10
28.510865
 20
233.8815419444445
 30
0.0
 10
28.42267055555556
 20
234.1083780555556
 30
0.0
 10
28.33412333333333
 20
234.3352141666666
 30
0.0
 10
28.32001222222222
 20
234.4872613888889
 30
0.0
 10
28.32001222222222
 20
234.4872613888889
 30
0.0
  0
SPLINE
  5
1DE
330
1F
100
AcDbEntity
  8
DEFAULT
 62
     1
100
AcDbSpline
210
0.0
220
0.0
230
1.0
 70
    11
 71
     3
 72
   122
 73
   118
 74
     0
 42
0.000000001
 43
0.0000000001
 40
1.0
 40
1.0
 40
1.0
 40
1.0
 40
2.0
 40
2.0
 40
2.0
 40
3.0
 40
3.0
 40
3.0
 40
4.0
 40
4.0
 40
4.0
 40
5.0
 40
5.0
 40
5.0
 40
6.0
 40
6.0
 40
6.0
 40
7.0
 40
7.0
 40
7.0
 40
8.0
 40
8.0
 40
8.0
 40
9.0
 40
9.0
 40
9.0
 40
10.0
 40
10.0
 40
10.0
 40
18.50434906386137
 40
18.50434906386137
 40
18.50434906386137
 40
19.50434906386137
 40
19.50434906386137
 40
19.50434906386137
 40
20.50434906386137
 40
20.50434906386137
 40
20.50434906386137
 40
21.50434906386137
 40
21.50434906386137
 40
21.50434906386137
 40
22.50434906386137
 40
22.50434906386137
 40
22.50434906386137
 40
23.50434906386137
 40
23.50434906386137
 40
23.50434906386137
 40
24.50434906386137
 40
24.50434906386137
 40
24.50434906386137
 40
25.50434906386137
 40
25.50434906386137
 40
25.50434906386137
 40
34.00602895668256
 40
34.00602895668256
 40
34.00602895668256
 40
35.00602895668256
 40
35.00602895668256
 40
35.00602895668256
 40
36.00602895668256
 40
36.00602895668256
 40
36.00602895668256
 40
37.00602895668256
 40
37.00602895668256
 40
37.00602895668256
 40
38.00602895668256
 40
38.00602895668256
 40
38.00602895668256
 40
39.00602895668256
 40
39.00602895668256
 40
39.00602895668256
 40
40.00602895668256
 40
40.00602895668256
 40
40.00602895668256
 40
41.00602895668256
 40
41.00602895668256
 40
41.00602895668256
 40
49.50251293536452
 40
49.50251293536452
 40
49.50251293536452
 40
50.50251293536452
 40
50.50251293536452
 40
50.50251293536452
 40
51.50251293536452
 40
51.50251293536452
 40
51.50251293536452
 40
52.50251293536452
 40
52.50251293536452
 40
52.50251293536452
 40
53.50251293536452
 40
53.50251293536452
 40
53.50251293536452
 40
54.50251293536452
 40
54.50251293536452
 40
54.50251293536452
 40
55.50251293536452
 40
55.50251293536452
 40
55.50251293536452
 40
56.50251293536452
 40
56.50251293536452
 40
56.50251293536452
 40
65.00705301699148
 40
65.00705301699148
 40
65.00705301699148
 40
66.00705301699148
 40
66.00705301699148
 40
66.00705301699148
 40
67.00705301699148
 40
67.00705301699148
 40
67.00705301699148
 40
68.00705301699148
 40
68.00705301699148
 40
68.00705301699148
 40
69.00705301699148
 40
69.00705301699148
 40
69.00705301699148
 40
70.00705301699148
 40
70.00705301699148
 40
70.00705301699148
 40
70.00705301699148
 10
67.5279461111111
 20
255.0526183333333
 30
0.0
 10
68.87485166666666
 20
252.0642377777777
 30
0.0
 10
63.53414888888889
 20
251.0041405555555
 30
0.0
 10
61.57834888888888
 20
250.5300072222222
 30
0.0
 10
58.09114055555555
 20
249.6868683333333
 30
0.0
 10
54.01761555555555
 20
246.8357183333333
 30
0.0
 10
44.82775444444444
 20
238.8830488888889
 30
0.0
 10
33.95161555555555
 20
229.4737599999999
 30
0.0
 10
45.96299333333333
 20
231.4570766666666
 30
0.0
 10
42.27858222222222
 20
227.7726655555555
 30
0.0
 10
36.19951555555555
 20
221.6932461111111
 30
0.0
 10
33.62988222222222
 20
228.8027766666666
 30
0.0
 10
20.650835
 20
215.8237294444444
 30
0.0
 10
18.90740722222222
 20
214.0803016666666
 30
0.0
 10
15.71935444444444
 20
215.367235
 30
0.0
 10
8.340654444444441
 20
216.5945488888889
 30
0.0
 10
5.883557222222218
 20
217.0013016666666
 30
0.0
 10
7.667201666666667
 20
220.9548822222222
 30
0.0
 10
8.053493333333334
 20
222.4044461111111
 30
0.0
 10
8.06866277777778
 20
222.4591266666667
 30
0.0
 10
8.837012777777778
 20
222.2996711111111
 30
0.0
 10
9.769757222222225
 20
222.0502572222222
 30
0.0
 10
10.70532388888889
 20
221.7983738888888
 30
0.0
 10
11.26659333333333
 20
221.5461377777777
 30
0.0
 10
11.43627944444444
 20
221.501335
 30
0.0
 10
12.28188777777777
 20
221.2744988888888
 30
0.0
 10
14.81624333333333
 20
220.5957544444444
 30
0.0
 10
14.81624333333333
 20
220.5957544444444
 30
0.0
 10
15.07400629629629
 20
221.5620127777778
 30
0.0
 10
15.33176925925926
 20
222.5282711111111
 30
0.0
 10
15.58953222222222
 20
223.4945294444444
 30
0.0
 10
15.58953222222222
 20
223.4945294444444
 30
0.0
 10
13.05517666666666
 20
224.1729211111111
 30
0.0
 10
12.20956833333334
 20
224.40011
 30
0.0
 10
12.04235166666666
 20
224.4424433333333
 30
0.0
 10
11.42887111111111
 20
224.5024155555555
 30
0.0
 10
10.49330444444444
 20
224.7542988888889
 30
0.0
 10
9.560207222222218
 20
225.0037127777777
 30
0.0
 10
8.814435000000003
 20
225.2506572222222
 30
0.0
 10
8.82960444444444
 20
225.3003988888889
 30
0.0
 10
9.605362777777778
 20
228.2016433333333
 30
0.0
 10
19.08450166666667
 20
231.2150711111111
 30
0.0
 10
19.22173222222222
 20
232.8089211111111
 30
0.0
 10
19.22667111111111
 20
232.8639544444444
 30
0.0
 10
20.00242944444445
 20
232.9260433333333
 30
0.0
 10
20.97292111111111
 20
232.9436822222222
 30
0.0
 10
21.93812111111111
 20
232.96626
 30
0.0
 10
22.54666277777778
 20
232.8763016666666
 30
0.0
 10
22.72128777777778
 20
232.8812405555555
 30
0.0
 10
23.59970444444444
 20
232.89641
 30
0.0
 10
26.22366555555555
 20
232.9461516666667
 30
0.0
 10
26.22366555555555
 20
232.9461516666667
 30
0.0
 10
26.20379240740741
 20
233.9456887037037
 30
0.0
 10
26.18391925925926
 20
234.9452257407407
 30
0.0
 10
26.16404611111111
 20
235.9447627777778
 30
0.0
 10
26.16404611111111
 20
235.9447627777778
 30
0.0
 10
23.53973222222222
 20
235.8946683333333
 30
0.0
 10
22.66413777777777
 20
235.8773822222222
 30
0.0
 10
22.48704333333333
 20
235.8749127777778
 30
0.0
 10
21.88344055555556
 20
235.7599072222222
 30
0.0
 10
20.91541833333333
 20
235.7450905555555
 30
0.0
 10
19.95268777777777
 20
235.7249822222222
 30
0.0
 10
19.16422944444444
 20
235.7549683333333
 30
0.0
 10
19.16422944444444
 20
235.8100016666666
 30
0.0
 10
19.02699888888889
 20
240.3622461111111
 30
0.0
 10
31.94360444444444
 20
241.6495322222222
 30
0.0
 10
31.85152944444444
 20
244.6453211111111
 30
0.0
 10
31.86140722222222
 20
244.7052933333333
 30
0.0
 10
32.63469611111111
 20
244.7702044444444
 30
0.0
 10
33.59495722222222
 20
244.80266
 30
0.0
 10
34.56297944444444
 20
244.8326461111111
 30
0.0
 10
35.17399055555555
 20
244.7504488888889
 30
0.0
 10
35.351085
 20
244.7578572222222
 30
0.0
 10
36.22174055555555
 20
244.7853738888888
 30
0.0
 10
38.84852388888888
 20
244.8675711111111
 30
0.0
 10
38.84852388888888
 20
244.8675711111111
 30
0.0
 10
38.81606833333333
 20
245.8661674074074
 30
0.0
 10
38.78361277777777
 20
246.8647637037037
 30
0.0
 10
38.75115722222222
 20
247.86336
 30
0.0
 10
38.75115722222222
 20
247.86336
 30
0.0
 10
36.12966555555555
 20
247.7811627777778
 30
0.0
 10
35.25371833333333
 20
247.7536461111111
 30
0.0
 10
35.0794461111111
 20
247.7536461111111
 30
0.0
 10
34.47302111111111
 20
247.6315849999999
 30
0.0
 10
33.50782111111111
 20
247.5991294444444
 30
0.0
 10
32.54226833333333
 20
247.5716127777777
 30
0.0
 10
31.75910166666667
 20
247.5913683333333
 30
0.0
 10
31.75663222222222
 20
247.6439322222222
 30
0.0
 10
31.59929333333333
 20
252.5556572222222
 30
0.0
 10
47.7889711111111
 20
251.3032961111111
 30
0.0
 10
47.39456555555555
 20
254.27686
 30
0.0
 10
47.38468777777778
 20
254.3315405555555
 30
0.0
 10
48.15550722222222
 20
254.4790016666666
 30
0.0
 10
49.11612111111111
 20
254.6060016666667
 30
0.0
 10
50.07109055555555
 20
254.7333544444444
 30
0.0
 10
50.68739333333333
 20
254.7157155555555
 30
0.0
 10
50.86201833333333
 20
254.7407627777777
 30
0.0
 10
51.73020444444444
 20
254.8554155555555
 30
0.0
 10
54.33194055555555
 20
255.2021961111111
 30
0.0
 10
54.33194055555555
 20
255.2021961111111
 30
0.0
 10
54.19894333333333
 20
256.1933840740741
 30
0.0
 10
54.06594611111111
 20
257.184572037037
 30
0.0
 10
53.93294888888888
 20
258.17576
 30
0.0
 10
53.93294888888888
 20
258.17576
 30
0.0
 10
51.33368222222222
 20
257.82651
 30
0.0
 10
50.46549611111111
 20
257.7118572222222
 30
0.0
 10
50.29087111111111
 20
257.68681
 30
0.0
 10
49.702085
 20
257.512185
 30
0.0
 10
48.74429333333332
 20
257.3823627777778
 30
0.0
 10
47.78614888888888
 20
257.2528933333333
 30
0.0
 10
47.00298222222222
 20
257.19786
 30
0.0
 10
46.99804333333333
 20
257.2479544444444
 30
0.0
 10
46.59905166666667
 20
260.2261044444444
 30
0.0
 10
43.14147666666666
 20
261.0392572222222
 30
0.0
 10
61.29154055555555
 20
263.843135
 30
0.0
 10
65.77181833333333
 20
264.5366961111111
 30
0.0
 10
65.87165444444445
 20
258.73456
 30
0.0
 10
67.5279461111111
 20
255.0526183333333
 30
0.0
  0
SPLINE
  5
1DF
330
1F
100
AcDbEntity
  8
DEFAULT
 62
   250
100
AcDbSpline
210
0.0
220
0.0
230
1.0
 70
     8
 71
     3
 72
    26
 73
    22
 74
     0
 42
0.000000001
 43
0.0000000001
 40
0.0
 40
0.0
 40
0.0
 40
0.0
 40
1.0
 40
1.0
 40
1.0
 40
2.0
 40
2.0
 40
2.0
 40
3.0
 40
3.0
 40
3.0
 40
4.0
 40
4.0
 40
4.0
 40
5.0
 40
5.0
 40
5.0
 40
6.0
 40
6.0
 40
6.0
 40
7.0
 40
7.0
 40
7.0
 40
7.0
 10
237.4573327777777
 20
280.4253838888889
 30
0.0
 10
237.3853661111111
 20
280.1526866666666
 30
0.0
 10
236.6787522222222
 20
279.7956755555555
 30
0.0
 10
236.5979661111111
 20
279.5617838888889
 30
0.0
 10
236.5827966666666
 20
279.5198033333333
 30
0.0
 10
237.1934549999999
 20
279.5677811111111
 30
0.0
 10
237.1934549999999
 20
279.5286227777777
 30
0.0
 10
237.1754633333333
 20
279.0491977777778
 30
0.0
 10
236.8216272222222
 20
278.6385644444444
 30
0.0
 10
236.171105
 20
278.6385644444444
 30
0.0
 10
235.523405
 20
278.6385644444444
 30
0.0
 10
235.1067744444444
 20
279.0340283333333
 30
0.0
 10
235.1067744444444
 20
279.5797755555555
 30
0.0
 10
235.1067744444444
 20
280.1286977777777
 30
0.0
 10
235.5325772222222
 20
280.4853561111111
 30
0.0
 10
236.1291244444444
 20
280.4853561111111
 30
0.0
 10
236.6480605555555
 20
280.4853561111111
 30
0.0
 10
237.01883
 20
280.1710311111111
 30
0.0
 10
237.1024383333333
 20
279.9427838888889
 30
0.0
 10
237.1863994444444
 20
279.7141838888889
 30
0.0
 10
237.1973355555556
 20
279.5617838888889
 30
0.0
 10
237.1973355555556
 20
279.5617838888889
 30
0.0
  0
SPLINE
  5
1E0
330
1F
100
AcDbEntity
  8
DEFAULT
 62
     1
100
AcDbSpline
210
0.0
220
0.0
230
1.0
 70
    11
 71
     3
 72
    50
 73
    46
 74
     0
 42
0.000000001
 43
0.0000000001
 40
1.0
 40
1.0
 40
1.0
 40
1.0
 40
2.0
 40
2.0
 40
2.0
 40
3.0
 40
3.0
 40
3.0
 40
4.0
 40
4.0
 40
4.0
 40
13.91999999999996
 40
13.91999999999996
 40
13.91999999999996
 40
22.41999999999996
 40
22.41999999999996
 40
22.41999999999996
 40
32.33999999999992
 40
32.33999999999992
 40
32.33999999999992
 40
33.33999999999992
 40
33.33999999999992
 40
33.33999999999992
 40
34.33999999999992
 40
34.33999999999992
 40
34.33999999999992
 40
35.33999999999992
 40
35.33999999999992
 40
35.33999999999992
 40
36.33999999999992
 40
36.33999999999992
 40
36.33999999999992
 40
37.33999999999992
 40
37.33999999999992
 40
37.33999999999992
 40
38.33999999999992
 40
38.33999999999992
 40
38.33999999999992
 40
39.33999999999992
 40
39.33999999999992
 40
39.33999999999992
 40
40.33999999999992
 40
40.33999999999992
 40
40.33999999999992
 40
41.33999999999992
 40
41.33999999999992
 40
41.33999999999992
 40
41.33999999999992
 10
246.4430061111111
 20
287.5105375
 30
0.0
 10
249.5968394444445
 20
285.7678152777777
 30
0.0
 10
246.3230616666667
 20
283.7534541666666
 30
0.0
 10
246.3230616666667
 20
281.0617597222222
 30
0.0
 10
246.3230616666667
 20
281.0053152777778
 30
0.0
 10
245.539895
 20
280.9629819444444
 30
0.0
 10
244.5732838888889
 20
280.9629819444444
 30
0.0
 10
243.6066727777778
 20
280.9629819444444
 30
0.0
 10
242.999895
 20
281.0617597222222
 30
0.0
 10
242.8235061111111
 20
281.0617597222222
 30
0.0
 10
241.6569875925926
 20
281.0617597222222
 30
0.0
 10
240.4904690740741
 20
281.0617597222222
 30
0.0
 10
239.3239505555556
 20
281.0617597222222
 30
0.0
 10
239.3239505555556
 20
280.0622226851851
 30
0.0
 10
239.3239505555556
 20
279.0626856481481
 30
0.0
 10
239.3239505555556
 20
278.0631486111111
 30
0.0
 10
240.4904690740741
 20
278.0631486111111
 30
0.0
 10
241.6569875925926
 20
278.0631486111111
 30
0.0
 10
242.8235061111111
 20
278.0631486111111
 30
0.0
 10
242.999895
 20
278.0631486111111
 30
0.0
 10
243.6066727777778
 20
278.1619263888888
 30
0.0
 10
244.5732838888889
 20
278.1619263888888
 30
0.0
 10
245.539895
 20
278.1619263888888
 30
0.0
 10
246.3230616666667
 20
278.1160652777777
 30
0.0
 10
246.3230616666667
 20
278.0631486111111
 30
0.0
 10
246.3230616666667
 20
275.3714541666666
 30
0.0
 10
249.5968394444445
 20
273.3570930555555
 30
0.0
 10
246.4430061111111
 20
271.6143708333333
 30
0.0
 10
243.2891727777778
 20
269.8716486111111
 30
0.0
 10
244.8660894444444
 20
266.4673430555555
 30
0.0
 10
240.8303116666667
 20
266.9682875
 30
0.0
 10
236.7980616666667
 20
267.4657041666666
 30
0.0
 10
236.4805616666667
 20
270.5348708333333
 30
0.0
 10
234.7625338888889
 20
274.0238430555555
 30
0.0
 10
233.0409783333333
 20
277.5092875
 30
0.0
 10
229.1780616666667
 20
276.7613986111111
 30
0.0
 10
229.1780616666667
 20
279.5624541666667
 30
0.0
 10
229.1780616666667
 20
282.3635097222222
 30
0.0
 10
233.0409783333333
 20
281.6156208333333
 30
0.0
 10
234.7625338888889
 20
285.1010652777778
 30
0.0
 10
236.4805616666667
 20
288.5865097222222
 30
0.0
 10
236.7980616666667
 20
291.6592041666667
 30
0.0
 10
240.8303116666667
 20
292.1566208333333
 30
0.0
 10
244.8660894444444
 20
292.6540375
 30
0.0
 10
243.2891727777778
 20
289.2532597222222
 30
0.0
 10
246.4430061111111
 20
287.5105375
 30
0.0
  0
SPLINE
  5
1E1
330
1F
100
AcDbEntity
  8
DEFAULT
 62
   250
100
AcDbSpline
210
0.0
220
0.0
230
1.0
 70
     8
 71
     3
 72
    26
 73
    22
 74
     0
 42
0.000000001
 43
0.0000000001
 40
0.0
 40
0.0
 40
0.0
 40
0.0
 40
1.0
 40
1.0
 40
1.0
 40
2.0
 40
2.0
 40
2.0
 40
3.0
 40
3.0
 40
3.0
 40
4.0
 40
4.0
 40
4.0
 40
5.0
 40
5.0
 40
5.0
 40
6.0
 40
6.0
 40
6.0
 40
7.0
 40
7.0
 40
7.0
 40
7.0
 10
256.0934891666666
 20
280.4253838888889
 30
0.0
 10
256.0215225
 20
280.1526866666666
 30
0.0
 10
255.3149086111111
 20
279.7956755555555
 30
0.0
 10
255.2341225
 20
279.5617838888889
 30
0.0
 10
255.2189530555555
 20
279.5198033333333
 30
0.0
 10
255.8296113888888
 20
279.5677811111111
 30
0.0
 10
255.8296113888888
 20
279.5286227777777
 30
0.0
 10
255.8116197222222
 20
279.0491977777778
 30
0.0
 10
255.4577836111111
 20
278.6385644444444
 30
0.0
 10
254.8072613888889
 20
278.6385644444444
 30
0.0
 10
254.1595613888889
 20
278.6385644444444
 30
0.0
 10
253.7429308333333
 20
279.0340283333333
 30
0.0
 10
253.7429308333333
 20
279.5797755555555
 30
0.0
 10
253.7429308333333
 20
280.1286977777777
 30
0.0
 10
254.1687336111111
 20
280.4853561111111
 30
0.0
 10
254.7652808333333
 20
280.4853561111111
 30
0.0
 10
255.2842169444444
 20
280.4853561111111
 30
0.0
 10
255.6549863888889
 20
280.1710311111111
 30
0.0
 10
255.7385947222222
 20
279.9427838888889
 30
0.0
 10
255.8225558333333
 20
279.7141838888889
 30
0.0
 10
255.8334919444444
 20
279.5617838888889
 30
0.0
 10
255.8334919444444
 20
279.5617838888889
 30
0.0
  0
SPLINE
  5
1E2
330
1F
100
AcDbEntity
  8
DEFAULT
 62
     1
100
AcDbSpline
210
0.0
220
0.0
230
1.0
 70
    11
 71
     3
 72
    50
 73
    46
 74
     0
 42
0.000000001
 43
0.0000000001
 40
1.0
 40
1.0
 40
1.0
 40
1.0
 40
2.0
 40
2.0
 40
2.0
 40
3.0
 40
3.0
 40
3.0
 40
4.0
 40
4.0
 40
4.0
 40
13.91999999999996
 40
13.91999999999996
 40
13.91999999999996
 40
22.41999999999996
 40
22.41999999999996
 40
22.41999999999996
 40
32.33999999999992
 40
32.33999999999992
 40
32.33999999999992
 40
33.33999999999992
 40
33.33999999999992
 40
33.33999999999992
 40
34.33999999999992
 40
34.33999999999992
 40
34.33999999999992
 40
35.33999999999992
 40
35.33999999999992
 40
35.33999999999992
 40
36.33999999999992
 40
36.33999999999992
 40
36.33999999999992
 40
37.33999999999992
 40
37.33999999999992
 40
37.33999999999992
 40
38.33999999999992
 40
38.33999999999992
 40
38.33999999999992
 40
39.33999999999992
 40
39.33999999999992
 40
39.33999999999992
 40
40.33999999999992
 40
40.33999999999992
 40
40.33999999999992
 40
41.33999999999992
 40
41.33999999999992
 40
41.33999999999992
 40
41.33999999999992
 10
265.0791624999999
 20
287.5105375
 30
0.0
 10
268.2329958333333
 20
285.7678152777777
 30
0.0
 10
264.9592180555555
 20
283.7534541666666
 30
0.0
 10
264.9592180555555
 20
281.0617597222222
 30
0.0
 10
264.9592180555555
 20
281.0053152777778
 30
0.0
 10
264.1760513888889
 20
280.9629819444444
 30
0.0
 10
263.2094402777777
 20
280.9629819444444
 30
0.0
 10
262.2428291666666
 20
280.9629819444444
 30
0.0
 10
261.6360513888889
 20
281.0617597222222
 30
0.0
 10
261.4596625
 20
281.0617597222222
 30
0.0
 10
260.2931439814815
 20
281.0617597222222
 30
0.0
 10
259.126625462963
 20
281.0617597222222
 30
0.0
 10
257.9601069444444
 20
281.0617597222222
 30
0.0
 10
257.9601069444444
 20
280.0622226851851
 30
0.0
 10
257.9601069444444
 20
279.0626856481481
 30
0.0
 10
257.9601069444444
 20
278.0631486111111
 30
0.0
 10
259.126625462963
 20
278.0631486111111
 30
0.0
 10
260.2931439814815
 20
278.0631486111111
 30
0.0
 10
261.4596625
 20
278.0631486111111
 30
0.0
 10
261.6360513888889
 20
278.0631486111111
 30
0.0
 10
262.2428291666666
 20
278.1619263888888
 30
0.0
 10
263.2094402777777
 20
278.1619263888888
 30
0.0
 10
264.1760513888889
 20
278.1619263888888
 30
0.0
 10
264.9592180555555
 20
278.1160652777777
 30
0.0
 10
264.9592180555555
 20
278.0631486111111
 30
0.0
 10
264.9592180555555
 20
275.3714541666666
 30
0.0
 10
268.2329958333333
 20
273.3570930555555
 30
0.0
 10
265.0791624999999
 20
271.6143708333333
 30
0.0
 10
261.9253291666666
 20
269.8716486111111
 30
0.0
 10
263.5022458333333
 20
266.4673430555555
 30
0.0
 10
259.4664680555555
 20
266.9682875
 30
0.0
 10
255.4342180555555
 20
267.4657041666666
 30
0.0
 10
255.1167180555555
 20
270.5348708333333
 30
0.0
 10
253.3986902777777
 20
274.0238430555555
 30
0.0
 10
251.6771347222222
 20
277.5092875
 30
0.0
 10
247.8142180555555
 20
276.7613986111111
 30
0.0
 10
247.8142180555555
 20
279.5624541666667
 30
0.0
 10
247.8142180555555
 20
282.3635097222222
 30
0.0
 10
251.6771347222222
 20
281.6156208333333
 30
0.0
 10
253.3986902777777
 20
285.1010652777778
 30
0.0
 10
255.1167180555555
 20
288.5865097222222
 30
0.0
 10
255.4342180555555
 20
291.6592041666667
 30
0.0
 10
259.4664680555555
 20
292.1566208333333
 30
0.0
 10
263.5022458333333
 20
292.6540375
 30
0.0
 10
261.9253291666666
 20
289.2532597222222
 30
0.0
 10
265.0791624999999
 20
287.5105375
 30
0.0
  0
SPLINE
  5
1E3
330
1F
100
AcDbEntity
  8
DEFAULT
 62
   250
100
AcDbSpline
210
0.0
220
0.0
230
1.0
 70
     8
 71
     3
 72
    26
 73
    22
 74
     0
 42
0.000000001
 43
0.0000000001
 40
0.0
 40
0.0
 40
0.0
 40
0.0
 40
1.0
 40
1.0
 40
1.0
 40
2.0
 40
2.0
 40
2.0
 40
3.0
 40
3.0
 40
3.0
 40
4.0
 40
4.0
 40
4.0
 40
5.0
 40
5.0
 40
5.0
 40
6.0
 40
6.0
 40
6.0
 40
7.0
 40
7.0
 40
7.0
 40
7.0
 10
274.7297161111111
 20
280.4253838888889
 30
0.0
 10
274.6577494444444
 20
280.1526866666666
 30
0.0
 10
273.9511355555555
 20
279.7956755555555
 30
0.0
 10
273.8703494444444
 20
279.5617838888889
 30
0.0
 10
273.85518
 20
279.5198033333333
 30
0.0
 10
274.4658383333333
 20
279.5677811111111
 30
0.0
 10
274.4658383333333
 20
279.5286227777777
 30
0.0
 10
274.4478466666666
 20
279.0491977777778
 30
0.0
 10
274.0940105555555
 20
278.6385644444444
 30
0.0
 10
273.4434883333333
 20
278.6385644444444
 30
0.0
 10
272.7957883333333
 20
278.6385644444444
 30
0.0
 10
272.3791577777777
 20
279.0340283333333
 30
0.0
 10
272.3791577777777
 20
279.5797755555555
 30
0.0
 10
272.3791577777777
 20
280.1286977777777
 30
0.0
 10
272.8049605555555
 20
280.4853561111111
 30
0.0
 10
273.4015077777777
 20
280.4853561111111
 30
0.0
 10
273.9204438888889
 20
280.4853561111111
 30
0.0
 10
274.2908605555555
 20
280.1710311111111
 30
0.0
 10
274.3748216666667
 20
279.9427838888889
 30
0.0
 10
274.4587827777777
 20
279.7141838888889
 30
0.0
 10
274.4697188888888
 20
279.5617838888889
 30
0.0
 10
274.4697188888888
 20
279.5617838888889
 30
0.0
  0
SPLINE
  5
1E4
330
1F
100
AcDbEntity
  8
DEFAULT
 62
     1
100
AcDbSpline
210
0.0
220
0.0
230
1.0
 70
    11
 71
     3
 72
    50
 73
    46
 74
     0
 42
0.000000001
 43
0.0000000001
 40
1.0
 40
1.0
 40
1.0
 40
1.0
 40
2.0
 40
2.0
 40
2.0
 40
3.0
 40
3.0
 40
3.0
 40
4.0
 40
4.0
 40
4.0
 40
13.91999999999996
 40
13.91999999999996
 40
13.91999999999996
 40
22.41999999999996
 40
22.41999999999996
 40
22.41999999999996
 40
32.33999999999992
 40
32.33999999999992
 40
32.33999999999992
 40
33.33999999999992
 40
33.33999999999992
 40
33.33999999999992
 40
34.33999999999992
 40
34.33999999999992
 40
34.33999999999992
 40
35.33999999999992
 40
35.33999999999992
 40
35.33999999999992
 40
36.33999999999992
 40
36.33999999999992
 40
36.33999999999992
 40
37.33999999999992
 40
37.33999999999992
 40
37.33999999999992
 40
38.33999999999992
 40
38.33999999999992
 40
38.33999999999992
 40
39.33999999999992
 40
39.33999999999992
 40
39.33999999999992
 40
40.33999999999992
 40
40.33999999999992
 40
40.33999999999992
 40
41.33999999999992
 40
41.33999999999992
 40
41.33999999999992
 40
41.33999999999992
 10
283.7153188888889
 20
287.5105375
 30
0.0
 10
286.8691522222222
 20
285.7678152777777
 30
0.0
 10
283.5953744444444
 20
283.7534541666666
 30
0.0
 10
283.5953744444444
 20
281.0617597222222
 30
0.0
 10
283.5953744444444
 20
281.0053152777778
 30
0.0
 10
282.8122077777778
 20
280.9629819444444
 30
0.0
 10
281.8455966666667
 20
280.9629819444444
 30
0.0
 10
280.8789855555555
 20
280.9629819444444
 30
0.0
 10
280.2722077777777
 20
281.0617597222222
 30
0.0
 10
280.0958188888889
 20
281.0617597222222
 30
0.0
 10
278.9293003703703
 20
281.0617597222222
 30
0.0
 10
277.7627818518518
 20
281.0617597222222
 30
0.0
 10
276.5962633333333
 20
281.0617597222222
 30
0.0
 10
276.5962633333333
 20
280.0622226851851
 30
0.0
 10
276.5962633333333
 20
279.0626856481481
 30
0.0
 10
276.5962633333333
 20
278.0631486111111
 30
0.0
 10
277.7627818518518
 20
278.0631486111111
 30
0.0
 10
278.9293003703703
 20
278.0631486111111
 30
0.0
 10
280.0958188888889
 20
278.0631486111111
 30
0.0
 10
280.2722077777777
 20
278.0631486111111
 30
0.0
 10
280.8789855555555
 20
278.1619263888888
 30
0.0
 10
281.8455966666667
 20
278.1619263888888
 30
0.0
 10
282.8122077777778
 20
278.1619263888888
 30
0.0
 10
283.5953744444444
 20
278.1160652777777
 30
0.0
 10
283.5953744444444
 20
278.0631486111111
 30
0.0
 10
283.5953744444444
 20
275.3714541666666
 30
0.0
 10
286.8691522222222
 20
273.3570930555555
 30
0.0
 10
283.7153188888889
 20
271.6143708333333
 30
0.0
 10
280.5614855555555
 20
269.8716486111111
 30
0.0
 10
282.1384022222222
 20
266.4673430555555
 30
0.0
 10
278.1026244444444
 20
266.9682875
 30
0.0
 10
274.0703744444444
 20
267.4657041666666
 30
0.0
 10
273.7528744444444
 20
270.5348708333333
 30
0.0
 10
272.0348466666666
 20
274.0238430555555
 30
0.0
 10
270.3132911111111
 20
277.5092875
 30
0.0
 10
266.4503744444444
 20
276.7613986111111
 30
0.0
 10
266.4503744444444
 20
279.5624541666667
 30
0.0
 10
266.4503744444444
 20
282.3635097222222
 30
0.0
 10
270.3132911111111
 20
281.6156208333333
 30
0.0
 10
272.0348466666666
 20
285.1010652777778
 30
0.0
 10
273.7528744444444
 20
288.5865097222222
 30
0.0
 10
274.0703744444444
 20
291.6592041666667
 30
0.0
 10
278.1026244444444
 20
292.1566208333333
 30
0.0
 10
282.1384022222222
 20
292.6540375
 30
0.0
 10
280.5614855555555
 20
289.2532597222222
 30
0.0
 10
283.7153188888889
 20
287.5105375
 30
0.0
  0
SPLINE
  5
1E5
330
1F
100
AcDbEntity
  8
DEFAULT
 62
   250
100
AcDbSpline
210
0.0
220
0.0
230
1.0
 70
     8
 71
     3
 72
    26
 73
    22
 74
     0
 42
0.000000001
 43
0.0000000001
 40
0.0
 40
0.0
 40
0.0
 40
0.0
 40
1.0
 40
1.0
 40
1.0
 40
2.0
 40
2.0
 40
2.0
 40
3.0
 40
3.0
 40
3.0
 40
4.0
 40
4.0
 40
4.0
 40
5.0
 40
5.0
 40
5.0
 40
6.0
 40
6.0
 40
6.0
 40
7.0
 40
7.0
 40
7.0
 40
7.0
 10
63.08284027777777
 20
278.699595
 30
0.0
 10
63.15480694444444
 20
278.9722922222222
 30
0.0
 10
63.86142083333333
 20
279.3293033333333
 30
0.0
 10
63.94220694444444
 20
279.563195
 30
0.0
 10
63.95737638888889
 20
279.6051755555555
 30
0.0
 10
63.34671805555554
 20
279.5571977777777
 30
0.0
 10
63.34671805555554
 20
279.5963561111111
 30
0.0
 10
63.36470972222222
 20
280.075781111111
 30
0.0
 10
63.71854583333332
 20
280.4864144444444
 30
0.0
 10
64.36906805555554
 20
280.4864144444444
 30
0.0
 10
65.01676805555554
 20
280.4864144444444
 30
0.0
 10
65.4333986111111
 20
280.0909505555555
 30
0.0
 10
65.4333986111111
 20
279.5452033333333
 30
0.0
 10
65.4333986111111
 20
278.9962811111111
 30
0.0
 10
65.0079486111111
 20
278.6396227777777
 30
0.0
 10
64.4110486111111
 20
278.6396227777777
 30
0.0
 10
63.8921125
 20
278.6396227777777
 30
0.0
 10
63.52134305555555
 20
278.9539477777777
 30
0.0
 10
63.43773472222222
 20
279.182195
 30
0.0
 10
63.35412638888889
 20
279.410795
 30
0.0
 10
63.34319027777777
 20
279.563195
 30
0.0
 10
63.34319027777777
 20
279.563195
 30
0.0
  0
SPLINE
  5
1E6
330
1F
100
AcDbEntity
  8
DEFAULT
 62
     1
100
AcDbSpline
210
0.0
220
0.0
230
1.0
 70
    11
 71
     3
 72
    50
 73
    46
 74
     0
 42
0.000000001
 43
0.0000000001
 40
1.0
 40
1.0
 40
1.0
 40
1.0
 40
2.0
 40
2.0
 40
2.0
 40
3.0
 40
3.0
 40
3.0
 40
4.0
 40
4.0
 40
4.0
 40
13.92000000000002
 40
13.92000000000002
 40
13.92000000000002
 40
22.42000000000002
 40
22.42000000000002
 40
22.42000000000002
 40
32.34000000000003
 40
32.34000000000003
 40
32.34000000000003
 40
33.34000000000003
 40
33.34000000000003
 40
33.34000000000003
 40
34.34000000000003
 40
34.34000000000003
 40
34.34000000000003
 40
35.34000000000003
 40
35.34000000000003
 40
35.34000000000003
 40
36.34000000000003
 40
36.34000000000003
 40
36.34000000000003
 40
37.34000000000003
 40
37.34000000000003
 40
37.34000000000003
 40
38.34000000000003
 40
38.34000000000003
 40
38.34000000000003
 40
39.34000000000003
 40
39.34000000000003
 40
39.34000000000003
 40
40.34000000000003
 40
40.34000000000003
 40
40.34000000000003
 40
41.34000000000003
 40
41.34000000000003
 40
41.34000000000003
 40
41.34000000000003
 10
54.09720222222222
 20
271.6144413888888
 30
0.0
 10
50.94336888888888
 20
273.3571636111111
 30
0.0
 10
54.21714666666666
 20
275.3715247222222
 30
0.0
 10
54.21714666666666
 20
278.0632191666666
 30
0.0
 10
54.21714666666666
 20
278.1196636111111
 30
0.0
 10
55.00031333333332
 20
278.1619969444444
 30
0.0
 10
55.96692444444444
 20
278.1619969444444
 30
0.0
 10
56.93353555555554
 20
278.1619969444444
 30
0.0
 10
57.54031333333332
 20
278.0632191666666
 30
0.0
 10
57.71670222222221
 20
278.0632191666666
 30
0.0
 10
58.88322074074073
 20
278.0632191666666
 30
0.0
 10
60.04973925925925
 20
278.0632191666666
 30
0.0
 10
61.21625777777777
 20
278.0632191666666
 30
0.0
 10
61.21625777777777
 20
279.0627562037037
 30
0.0
 10
61.21625777777777
 20
280.0622932407407
 30
0.0
 10
61.21625777777777
 20
281.0618302777777
 30
0.0
 10
60.04973925925925
 20
281.0618302777777
 30
0.0
 10
58.88322074074073
 20
281.0618302777777
 30
0.0
 10
57.71670222222221
 20
281.0618302777777
 30
0.0
 10
57.54031333333332
 20
281.0618302777777
 30
0.0
 10
56.93353555555554
 20
280.9630525
 30
0.0
 10
55.96692444444444
 20
280.9630525
 30
0.0
 10
55.00031333333332
 20
280.9630525
 30
0.0
 10
54.21714666666666
 20
281.0089136111111
 30
0.0
 10
54.21714666666666
 20
281.0618302777777
 30
0.0
 10
54.21714666666666
 20
283.7535247222222
 30
0.0
 10
50.94336888888888
 20
285.7678858333333
 30
0.0
 10
54.09720222222222
 20
287.5106080555556
 30
0.0
 10
57.25103555555555
 20
289.2533302777778
 30
0.0
 10
55.67411888888888
 20
292.6576358333333
 30
0.0
 10
59.70989666666666
 20
292.1566913888889
 30
0.0
 10
63.74214666666666
 20
291.6592747222222
 30
0.0
 10
64.05964666666667
 20
288.5901080555555
 30
0.0
 10
65.77767444444443
 20
285.1011358333333
 30
0.0
 10
67.49923
 20
281.6156913888889
 30
0.0
 10
71.36214666666666
 20
282.3635802777778
 30
0.0
 10
71.36214666666666
 20
279.5625247222222
 30
0.0
 10
71.36214666666666
 20
276.7614691666666
 30
0.0
 10
67.49923
 20
277.5093580555555
 30
0.0
 10
65.77767444444443
 20
274.0239136111111
 30
0.0
 10
64.05964666666667
 20
270.5384691666667
 30
0.0
 10
63.74214666666666
 20
267.4657747222222
 30
0.0
 10
59.70989666666666
 20
266.9683580555555
 30
0.0
 10
55.67411888888888
 20
266.4709413888888
 30
0.0
 10
57.25103555555555
 20
269.8717191666667
 30
0.0
 10
54.09720222222222
 20
271.6144413888888
 30
0.0
  0
SPLINE
  5
1E7
330
1F
100
AcDbEntity
  8
DEFAULT
 62
   250
100
AcDbSpline
210
0.0
220
0.0
230
1.0
 70
     8
 71
     3
 72
    26
 73
    22
 74
     0
 42
0.000000001
 43
0.0000000001
 40
0.0
 40
0.0
 40
0.0
 40
0.0
 40
1.0
 40
1.0
 40
1.0
 40
2.0
 40
2.0
 40
2.0
 40
3.0
 40
3.0
 40
3.0
 40
4.0
 40
4.0
 40
4.0
 40
5.0
 40
5.0
 40
5.0
 40
6.0
 40
6.0
 40
6.0
 40
7.0
 40
7.0
 40
7.0
 40
7.0
 10
44.44668388888888
 20
278.699595
 30
0.0
 10
44.51865055555555
 20
278.9722922222222
 30
0.0
 10
45.22526444444444
 20
279.3293033333333
 30
0.0
 10
45.30605055555555
 20
279.563195
 30
0.0
 10
45.32122
 20
279.6051755555555
 30
0.0
 10
44.71056166666666
 20
279.5571977777777
 30
0.0
 10
44.71056166666666
 20
279.5963561111111
 30
0.0
 10
44.72855333333333
 20
280.075781111111
 30
0.0
 10
45.08238944444444
 20
280.4864144444444
 30
0.0
 10
45.73291166666666
 20
280.4864144444444
 30
0.0
 10
46.38061166666666
 20
280.4864144444444
 30
0.0
 10
46.79724222222222
 20
280.0909505555555
 30
0.0
 10
46.79724222222222
 20
279.5452033333333
 30
0.0
 10
46.79724222222222
 20
278.9962811111111
 30
0.0
 10
46.37143944444443
 20
278.6396227777777
 30
0.0
 10
45.77489222222221
 20
278.6396227777777
 30
0.0
 10
45.25595611111111
 20
278.6396227777777
 30
0.0
 10
44.88518666666666
 20
278.9539477777777
 30
0.0
 10
44.80157833333333
 20
279.182195
 30
0.0
 10
44.71761722222222
 20
279.410795
 30
0.0
 10
44.70703388888889
 20
279.563195
 30
0.0
 10
44.70703388888889
 20
279.563195
 30
0.0
  0
SPLINE
  5
1E8
330
1F
100
AcDbEntity
  8
DEFAULT
 62
     1
100
AcDbSpline
210
0.0
220
0.0
230
1.0
 70
    11
 71
     3
 72
    50
 73
    46
 74
     0
 42
0.000000001
 43
0.0000000001
 40
1.0
 40
1.0
 40
1.0
 40
1.0
 40
2.0
 40
2.0
 40
2.0
 40
3.0
 40
3.0
 40
3.0
 40
4.0
 40
4.0
 40
4.0
 40
13.92
 40
13.92
 40
13.92
 40
22.42
 40
22.42
 40
22.42
 40
32.34
 40
32.34
 40
32.34
 40
33.34
 40
33.34
 40
33.34
 40
34.34
 40
34.34
 40
34.34
 40
35.34
 40
35.34
 40
35.34
 40
36.34
 40
36.34
 40
36.34
 40
37.34
 40
37.34
 40
37.34
 40
38.34
 40
38.34
 40
38.34
 40
39.34
 40
39.34
 40
39.34
 40
40.34
 40
40.34
 40
40.34
 40
41.34
 40
41.34
 40
41.34
 40
41.34
 10
35.46104583333333
 20
271.6144413888888
 30
0.0
 10
32.3072125
 20
273.3571636111111
 30
0.0
 10
35.58099027777777
 20
275.3715247222222
 30
0.0
 10
35.58099027777777
 20
278.0632191666666
 30
0.0
 10
35.58099027777777
 20
278.1196636111111
 30
0.0
 10
36.36415694444444
 20
278.1619969444444
 30
0.0
 10
37.33076805555555
 20
278.1619969444444
 30
0.0
 10
38.29737916666666
 20
278.1619969444444
 30
0.0
 10
38.90415694444444
 20
278.0632191666666
 30
0.0
 10
39.08054583333333
 20
278.0632191666666
 30
0.0
 10
40.24706435185185
 20
278.0632191666666
 30
0.0
 10
41.41358287037037
 20
278.0632191666666
 30
0.0
 10
42.58010138888888
 20
278.0632191666666
 30
0.0
 10
42.58010138888888
 20
279.0627562037037
 30
0.0
 10
42.58010138888888
 20
280.0622932407407
 30
0.0
 10
42.58010138888888
 20
281.0618302777777
 30
0.0
 10
41.41358287037037
 20
281.0618302777777
 30
0.0
 10
40.24706435185185
 20
281.0618302777777
 30
0.0
 10
39.08054583333333
 20
281.0618302777777
 30
0.0
 10
38.90415694444444
 20
281.0618302777777
 30
0.0
 10
38.29737916666666
 20
280.9630525
 30
0.0
 10
37.33076805555555
 20
280.9630525
 30
0.0
 10
36.36415694444444
 20
280.9630525
 30
0.0
 10
35.58099027777777
 20
281.0089136111111
 30
0.0
 10
35.58099027777777
 20
281.0618302777777
 30
0.0
 10
35.58099027777777
 20
283.7535247222222
 30
0.0
 10
32.3072125
 20
285.7678858333333
 30
0.0
 10
35.46104583333333
 20
287.5106080555556
 30
0.0
 10
38.61487916666666
 20
289.2533302777778
 30
0.0
 10
37.03796249999999
 20
292.6576358333333
 30
0.0
 10
41.07374027777777
 20
292.1566913888889
 30
0.0
 10
45.10599027777777
 20
291.6592747222222
 30
0.0
 10
45.42349027777777
 20
288.5901080555555
 30
0.0
 10
47.14151805555555
 20
285.1011358333333
 30
0.0
 10
48.8630736111111
 20
281.6156913888889
 30
0.0
 10
52.72599027777777
 20
282.3635802777778
 30
0.0
 10
52.72599027777777
 20
279.5625247222222
 30
0.0
 10
52.72599027777777
 20
276.7614691666666
 30
0.0
 10
48.8630736111111
 20
277.5093580555555
 30
0.0
 10
47.14151805555555
 20
274.0239136111111
 30
0.0
 10
45.42349027777777
 20
270.5384691666667
 30
0.0
 10
45.10599027777777
 20
267.4657747222222
 30
0.0
 10
41.07374027777777
 20
266.9683580555555
 30
0.0
 10
37.03796249999999
 20
266.4709413888888
 30
0.0
 10
38.61487916666666
 20
269.8717191666667
 30
0.0
 10
35.46104583333333
 20
271.6144413888888
 30
0.0
  0
SPLINE
  5
1E9
330
1F
100
AcDbEntity
  8
DEFAULT
 62
   250
100
AcDbSpline
210
0.0
220
0.0
230
1.0
 70
     8
 71
     3
 72
    26
 73
    22
 74
     0
 42
0.000000001
 43
0.0000000001
 40
0.0
 40
0.0
 40
0.0
 40
0.0
 40
1.0
 40
1.0
 40
1.0
 40
2.0
 40
2.0
 40
2.0
 40
3.0
 40
3.0
 40
3.0
 40
4.0
 40
4.0
 40
4.0
 40
5.0
 40
5.0
 40
5.0
 40
6.0
 40
6.0
 40
6.0
 40
7.0
 40
7.0
 40
7.0
 40
7.0
 10
25.8105275
 20
278.699595
 30
0.0
 10
25.88249416666666
 20
278.9722922222222
 30
0.0
 10
26.58910805555555
 20
279.3293033333333
 30
0.0
 10
26.66989416666667
 20
279.563195
 30
0.0
 10
26.68506361111111
 20
279.6051755555555
 30
0.0
 10
26.07440527777778
 20
279.5571977777777
 30
0.0
 10
26.07440527777778
 20
279.5963561111111
 30
0.0
 10
26.09239694444445
 20
280.075781111111
 30
0.0
 10
26.44623305555556
 20
280.4864144444444
 30
0.0
 10
27.09675527777778
 20
280.4864144444444
 30
0.0
 10
27.74445527777778
 20
280.4864144444444
 30
0.0
 10
28.16108583333333
 20
280.0909505555555
 30
0.0
 10
28.16108583333333
 20
279.5452033333333
 30
0.0
 10
28.16108583333333
 20
278.9962811111111
 30
0.0
 10
27.73528305555556
 20
278.6396227777777
 30
0.0
 10
27.13873583333333
 20
278.6396227777777
 30
0.0
 10
26.61979972222222
 20
278.6396227777777
 30
0.0
 10
26.24903027777778
 20
278.9539477777777
 30
0.0
 10
26.16542194444444
 20
279.182195
 30
0.0
 10
26.08146083333333
 20
279.410795
 30
0.0
 10
26.07052472222222
 20
279.563195
 30
0.0
 10
26.07052472222222
 20
279.563195
 30
0.0
  0
SPLINE
  5
1EA
330
1F
100
AcDbEntity
  8
DEFAULT
 62
     1
100
AcDbSpline
210
0.0
220
0.0
230
1.0
 70
    11
 71
     3
 72
    50
 73
    46
 74
     0
 42
0.000000001
 43
0.0000000001
 40
1.0
 40
1.0
 40
1.0
 40
1.0
 40
2.0
 40
2.0
 40
2.0
 40
3.0
 40
3.0
 40
3.0
 40
4.0
 40
4.0
 40
4.0
 40
13.92000000000001
 40
13.92000000000001
 40
13.92000000000001
 40
22.42000000000001
 40
22.42000000000001
 40
22.42000000000001
 40
32.34000000000002
 40
32.34000000000002
 40
32.34000000000002
 40
33.34000000000002
 40
33.34000000000002
 40
33.34000000000002
 40
34.34000000000002
 40
34.34000000000002
 40
34.34000000000002
 40
35.34000000000002
 40
35.34000000000002
 40
35.34000000000002
 40
36.34000000000002
 40
36.34000000000002
 40
36.34000000000002
 40
37.34000000000002
 40
37.34000000000002
 40
37.34000000000002
 40
38.34000000000002
 40
38.34000000000002
 40
38.34000000000002
 40
39.34000000000002
 40
39.34000000000002
 40
39.34000000000002
 40
40.34000000000002
 40
40.34000000000002
 40
40.34000000000002
 40
41.34000000000002
 40
41.34000000000002
 40
41.34000000000002
 40
41.34000000000002
 10
16.82488944444444
 20
271.6144413888888
 30
0.0
 10
13.67105611111111
 20
273.3571636111111
 30
0.0
 10
16.94483388888889
 20
275.3715247222222
 30
0.0
 10
16.94483388888889
 20
278.0632191666666
 30
0.0
 10
16.94483388888889
 20
278.1196636111111
 30
0.0
 10
17.72800055555555
 20
278.1619969444444
 30
0.0
 10
18.69461166666666
 20
278.1619969444444
 30
0.0
 10
19.66122277777778
 20
278.1619969444444
 30
0.0
 10
20.26800055555555
 20
278.0632191666666
 30
0.0
 10
20.44438944444444
 20
278.0632191666666
 30
0.0
 10
21.61090796296296
 20
278.0632191666666
 30
0.0
 10
22.77742648148148
 20
278.0632191666666
 30
0.0
 10
23.943945
 20
278.0632191666666
 30
0.0
 10
23.943945
 20
279.0627562037037
 30
0.0
 10
23.943945
 20
280.0622932407407
 30
0.0
 10
23.943945
 20
281.0618302777777
 30
0.0
 10
22.77742648148148
 20
281.0618302777777
 30
0.0
 10
21.61090796296296
 20
281.0618302777777
 30
0.0
 10
20.44438944444444
 20
281.0618302777777
 30
0.0
 10
20.26800055555555
 20
281.0618302777777
 30
0.0
 10
19.66122277777778
 20
280.9630525
 30
0.0
 10
18.69461166666666
 20
280.9630525
 30
0.0
 10
17.72800055555555
 20
280.9630525
 30
0.0
 10
16.94483388888889
 20
281.0089136111111
 30
0.0
 10
16.94483388888889
 20
281.0618302777777
 30
0.0
 10
16.94483388888889
 20
283.7535247222222
 30
0.0
 10
13.67105611111111
 20
285.7678858333333
 30
0.0
 10
16.82488944444444
 20
287.5106080555556
 30
0.0
 10
19.97872277777778
 20
289.2533302777778
 30
0.0
 10
18.40180611111111
 20
292.6576358333333
 30
0.0
 10
22.43758388888888
 20
292.1566913888889
 30
0.0
 10
26.46983388888889
 20
291.6592747222222
 30
0.0
 10
26.78733388888888
 20
288.5901080555555
 30
0.0
 10
28.50536166666666
 20
285.1011358333333
 30
0.0
 10
30.22691722222222
 20
281.6156913888889
 30
0.0
 10
34.08983388888888
 20
282.3635802777778
 30
0.0
 10
34.08983388888888
 20
279.5625247222222
 30
0.0
 10
34.08983388888888
 20
276.7614691666666
 30
0.0
 10
30.22691722222222
 20
277.5093580555555
 30
0.0
 10
28.50536166666666
 20
274.0239136111111
 30
0.0
 10
26.78733388888888
 20
270.5384691666667
 30
0.0
 10
26.46983388888889
 20
267.4657747222222
 30
0.0
 10
22.43758388888888
 20
266.9683580555555
 30
0.0
 10
18.40180611111111
 20
266.4709413888888
 30
0.0
 10
19.97872277777778
 20
269.8717191666667
 30
0.0
 10
16.82488944444444
 20
271.6144413888888
 30
0.0
  0
SPLINE
  5
1EB
330
1F
100
AcDbEntity
  8
DEFAULT
 62
   250
100
AcDbSpline
210
0.0
220
0.0
230
1.0
 70
     8
 71
     3
 72
    17
 73
    13
 74
     0
 42
0.000000001
 43
0.0000000001
 40
0.0
 40
0.0
 40
0.0
 40
0.0
 40
5.778665676434291
 40
5.778665676434291
 40
5.778665676434291
 40
6.778665676434291
 40
6.778665676434291
 40
6.778665676434291
 40
11.99210187533418
 40
11.99210187533418
 40
11.99210187533418
 40
17.76310404133618
 40
17.76310404133618
 40
17.76310404133618
 40
17.76310404133618
 10
155.2396141666666
 20
286.2543663888889
 30
0.0
 10
154.5659262037037
 20
286.3432663888889
 30
0.0
 10
153.8922382407407
 20
286.4321663888888
 30
0.0
 10
153.2185502777777
 20
286.5210663888888
 30
0.0
 10
153.2185502777778
 20
286.5210663888889
 30
0.0
 10
154.6667030555555
 20
287.2255636111111
 30
0.0
 10
154.8769586111111
 20
287.2767163888889
 30
0.0
 10
154.3241558333333
 20
287.5417700925926
 30
0.0
 10
153.7713530555556
 20
287.8068237962963
 30
0.0
 10
153.2185502777778
 20
288.0718775
 30
0.0
 10
153.8922382407407
 20
288.1536043518518
 30
0.0
 10
154.5659262037037
 20
288.2353312037037
 30
0.0
 10
155.2396141666667
 20
288.3170580555555
 30
0.0
  0
SPLINE
  5
1EC
330
1F
100
AcDbEntity
  8
DEFAULT
 62
   250
100
AcDbSpline
210
0.0
220
0.0
230
1.0
 70
     8
 71
     3
 72
    17
 73
    13
 74
     0
 42
0.000000001
 43
0.0000000001
 40
0.0
 40
0.0
 40
0.0
 40
0.0
 40
5.778665676434235
 40
5.778665676434235
 40
5.778665676434235
 40
6.778665676434235
 40
6.778665676434235
 40
6.778665676434235
 40
11.99210187533413
 40
11.99210187533413
 40
11.99210187533413
 40
17.76310404133612
 40
17.76310404133612
 40
17.76310404133612
 40
17.76310404133612
 10
155.2396141666666
 20
272.2526163888888
 30
0.0
 10
154.5659262037037
 20
272.3415163888887
 30
0.0
 10
153.8922382407407
 20
272.4304163888888
 30
0.0
 10
153.2185502777778
 20
272.5193163888887
 30
0.0
 10
153.2185502777778
 20
272.5193163888889
 30
0.0
 10
154.6667030555555
 20
273.2241663888889
 30
0.0
 10
154.8769586111111
 20
273.2749663888889
 30
0.0
 10
154.3241558333333
 20
273.5400200925926
 30
0.0
 10
153.7713530555556
 20
273.8050737962963
 30
0.0
 10
153.2185502777778
 20
274.0701275
 30
0.0
 10
153.8922382407407
 20
274.1518543518518
 30
0.0
 10
154.5659262037037
 20
274.2335812037036
 30
0.0
 10
155.2396141666667
 20
274.3153080555555
 30
0.0
  0
SPLINE
  5
1ED
330
1F
100
AcDbEntity
  8
DEFAULT
 62
   250
100
AcDbSpline
210
0.0
220
0.0
230
1.0
 70
     8
 71
     3
 72
    26
 73
    22
 74
     0
 42
0.000000001
 43
0.0000000001
 40
0.0
 40
0.0
 40
0.0
 40
0.0
 40
1.886999999999944
 40
1.886999999999944
 40
1.886999999999944
 40
4.640999999999963
 40
4.640999999999963
 40
4.640999999999963
 40
5.640999999999963
 40
5.640999999999963
 40
5.640999999999963
 40
6.640999999999963
 40
6.640999999999963
 40
6.640999999999963
 40
7.640999999999963
 40
7.640999999999963
 40
7.640999999999963
 40
8.640999999999963
 40
8.640999999999963
 40
8.640999999999963
 40
9.640999999999963
 40
9.640999999999963
 40
9.640999999999963
 40
9.640999999999963
 10
146.3656302777778
 20
273.1240127777778
 30
0.0
 10
146.3656302777778
 20
272.9021155555556
 30
0.0
 10
146.3656302777778
 20
272.6802183333333
 30
0.0
 10
146.3656302777778
 20
272.4583211111111
 30
0.0
 10
146.0417802777778
 20
272.4583211111111
 30
0.0
 10
145.7179302777778
 20
272.4583211111111
 30
0.0
 10
145.3940802777778
 20
272.4583211111111
 30
0.0
 10
145.3520997222222
 20
272.5754433333333
 30
0.0
 10
145.2833080555556
 20
272.80616
 30
0.0
 10
145.2833080555556
 20
273.0788572222222
 30
0.0
 10
145.2833080555556
 20
273.3847155555555
 30
0.0
 10
145.3612719444444
 20
273.6365988888888
 30
0.0
 10
145.5500080555555
 20
273.8345072222222
 30
0.0
 10
145.7179302777778
 20
274.0084266666666
 30
0.0
 10
145.9878052777778
 20
274.1163766666666
 30
0.0
 10
146.3024830555555
 20
274.1163766666666
 30
0.0
 10
146.9053802777778
 20
274.1135544444444
 30
0.0
 10
147.3459997222222
 20
273.699746111111
 30
0.0
 10
147.3459997222222
 20
273.02206
 30
0.0
 10
147.3459997222222
 20
272.7881683333333
 30
0.0
 10
147.2951997222222
 20
272.6054294444444
 30
0.0
 10
147.2532191666667
 20
272.5182933333333
 30
0.0
  0
SPLINE
  5
1EE
330
1F
100
AcDbEntity
  8
DEFAULT
 62
   250
100
AcDbSpline
210
0.0
220
0.0
230
1.0
 70
     8
 71
     3
 72
    26
 73
    22
 74
     0
 42
0.000000001
 43
0.0000000001
 40
0.0
 40
0.0
 40
0.0
 40
0.0
 40
1.886999999999944
 40
1.886999999999944
 40
1.886999999999944
 40
4.640999999999963
 40
4.640999999999963
 40
4.640999999999963
 40
5.640999999999963
 40
5.640999999999963
 40
5.640999999999963
 40
6.640999999999963
 40
6.640999999999963
 40
6.640999999999963
 40
7.640999999999963
 40
7.640999999999963
 40
7.640999999999963
 40
8.640999999999963
 40
8.640999999999963
 40
8.640999999999963
 40
9.640999999999963
 40
9.640999999999963
 40
9.640999999999963
 40
9.640999999999963
 10
146.3656302777778
 20
287.1257627777778
 30
0.0
 10
146.3656302777778
 20
286.9038655555555
 30
0.0
 10
146.3656302777778
 20
286.6819683333333
 30
0.0
 10
146.3656302777778
 20
286.4600711111111
 30
0.0
 10
146.0417802777778
 20
286.4600711111111
 30
0.0
 10
145.7179302777778
 20
286.4600711111111
 30
0.0
 10
145.3940802777778
 20
286.4600711111111
 30
0.0
 10
145.3520997222222
 20
286.5771933333334
 30
0.0
 10
145.2833080555556
 20
286.80791
 30
0.0
 10
145.2833080555556
 20
287.0806072222222
 30
0.0
 10
145.2833080555556
 20
287.3864655555556
 30
0.0
 10
145.3612719444444
 20
287.6383488888889
 30
0.0
 10
145.5500080555555
 20
287.8362572222222
 30
0.0
 10
145.7179302777778
 20
288.0101766666666
 30
0.0
 10
145.9878052777778
 20
288.1181266666666
 30
0.0
 10
146.3024830555555
 20
288.1181266666666
 30
0.0
 10
146.9053802777778
 20
288.1153044444444
 30
0.0
 10
147.3459997222222
 20
287.7014961111111
 30
0.0
 10
147.3459997222222
 20
287.02381
 30
0.0
 10
147.3459997222222
 20
286.7899183333333
 30
0.0
 10
147.2951997222222
 20
286.6071794444444
 30
0.0
 10
147.2532191666667
 20
286.5200433333333
 30
0.0
  0
SPLINE
  5
1EF
330
1F
100
AcDbEntity
  8
DEFAULT
 62
     1
100
AcDbSpline
210
0.0
220
0.0
230
1.0
 70
    11
 71
     3
 72
   125
 73
   121
 74
     0
 42
0.000000001
 43
0.0000000001
 40
1.0
 40
1.0
 40
1.0
 40
1.0
 40
2.0
 40
2.0
 40
2.0
 40
3.0
 40
3.0
 40
3.0
 40
4.0
 40
4.0
 40
4.0
 40
13.92000000000002
 40
13.92000000000002
 40
13.92000000000002
 40
22.42000000000002
 40
22.42000000000002
 40
22.42000000000002
 40
32.34000000000003
 40
32.34000000000003
 40
32.34000000000003
 40
33.34000000000003
 40
33.34000000000003
 40
33.34000000000003
 40
34.34000000000003
 40
34.34000000000003
 40
34.34000000000003
 40
35.34000000000003
 40
35.34000000000003
 40
35.34000000000003
 40
36.34000000000003
 40
36.34000000000003
 40
36.34000000000003
 40
37.34000000000003
 40
37.34000000000003
 40
37.34000000000003
 40
38.34000000000003
 40
38.34000000000003
 40
38.34000000000003
 40
48.26000000000005
 40
48.26000000000005
 40
48.26000000000005
 40
56.76000000000005
 40
56.76000000000005
 40
56.76000000000005
 40
66.68000000000006
 40
66.68000000000006
 40
66.68000000000006
 40
67.68000000000006
 40
67.68000000000006
 40
67.68000000000006
 40
68.68000000000006
 40
68.68000000000006
 40
68.68000000000006
 40
69.68000000000006
 40
69.68000000000006
 40
69.68000000000006
 40
70.68000000000006
 40
70.68000000000006
 40
70.68000000000006
 40
71.68000000000006
 40
71.68000000000006
 40
71.68000000000006
 40
72.68000000000006
 40
72.68000000000006
 40
72.68000000000006
 40
73.68000000000006
 40
73.68000000000006
 40
73.68000000000006
 40
74.68000000000006
 40
74.68000000000006
 40
74.68000000000006
 40
84.60000000000002
 40
84.60000000000002
 40
84.60000000000002
 40
93.11000000000001
 40
93.11000000000001
 40
93.11000000000001
 40
103.03
 40
103.03
 40
103.03
 40
104.03
 40
104.03
 40
104.03
 40
105.03
 40
105.03
 40
105.03
 40
106.03
 40
106.03
 40
106.03
 40
107.03
 40
107.03
 40
107.03
 40
108.03
 40
108.03
 40
108.03
 40
109.03
 40
109.03
 40
109.03
 40
118.9499999999999
 40
118.9499999999999
 40
118.9499999999999
 40
127.4599999999999
 40
127.4599999999999
 40
127.4599999999999
 40
137.3799999999999
 40
137.3799999999999
 40
137.3799999999999
 40
138.3799999999999
 40
138.3799999999999
 40
138.3799999999999
 40
139.3799999999999
 40
139.3799999999999
 40
139.3799999999999
 40
140.3799999999999
 40
140.3799999999999
 40
140.3799999999999
 40
141.3799999999999
 40
141.3799999999999
 40
141.3799999999999
 40
142.3799999999999
 40
142.3799999999999
 40
142.3799999999999
 40
142.3799999999999
 10
139.2686938888889
 20
268.7853752777777
 30
0.0
 10
137.6106383333333
 20
268.7853752777777
 30
0.0
 10
136.2700827777778
 20
270.129458611111
 30
0.0
 10
136.2700827777778
 20
271.7875141666667
 30
0.0
 10
136.2700827777778
 20
271.8404308333333
 30
0.0
 10
137.0532494444444
 20
271.8862919444444
 30
0.0
 10
138.0198605555555
 20
271.8862919444444
 30
0.0
 10
138.9899994444444
 20
271.8862919444444
 30
0.0
 10
139.5967772222222
 20
271.7875141666667
 30
0.0
 10
139.7731661111111
 20
271.7875141666667
 30
0.0
 10
140.9396846296296
 20
271.7875141666667
 30
0.0
 10
142.1062031481481
 20
271.7875141666667
 30
0.0
 10
143.2727216666667
 20
271.7875141666667
 30
0.0
 10
143.2727216666667
 20
272.7870512037036
 30
0.0
 10
143.2727216666667
 20
273.7865882407407
 30
0.0
 10
143.2727216666667
 20
274.7861252777777
 30
0.0
 10
142.1062031481481
 20
274.7861252777777
 30
0.0
 10
140.9396846296296
 20
274.7861252777777
 30
0.0
 10
139.7731661111111
 20
274.7861252777777
 30
0.0
 10
139.5967772222222
 20
274.7861252777777
 30
0.0
 10
138.9899994444444
 20
274.6873475
 30
0.0
 10
138.0233883333333
 20
274.6873475
 30
0.0
 10
137.0532494444444
 20
274.6873475
 30
0.0
 10
136.2700827777778
 20
274.7367363888889
 30
0.0
 10
136.2700827777778
 20
274.7931808333333
 30
0.0
 10
136.2700827777778
 20
277.5413197222222
 30
0.0
 10
138.0269161111111
 20
277.9152641666666
 30
0.0
 10
138.0269161111111
 20
280.2894586111111
 30
0.0
 10
138.0269161111111
 20
282.6636530555555
 30
0.0
 10
136.2700827777778
 20
283.0375974999999
 30
0.0
 10
136.2700827777778
 20
285.7892641666667
 30
0.0
 10
136.2700827777778
 20
285.8421808333333
 30
0.0
 10
137.0532494444444
 20
285.8880419444444
 30
0.0
 10
138.0198605555555
 20
285.8880419444444
 30
0.0
 10
138.9899994444444
 20
285.8880419444444
 30
0.0
 10
139.5967772222222
 20
285.7892641666667
 30
0.0
 10
139.7731661111111
 20
285.7892641666667
 30
0.0
 10
140.9396846296296
 20
285.7892641666667
 30
0.0
 10
142.1062031481481
 20
285.7892641666667
 30
0.0
 10
143.2727216666667
 20
285.7892641666667
 30
0.0
 10
143.2727216666667
 20
286.7888012037037
 30
0.0
 10
143.2727216666667
 20
287.7883382407407
 30
0.0
 10
143.2727216666667
 20
288.7878752777777
 30
0.0
 10
142.1062031481481
 20
288.7878752777777
 30
0.0
 10
140.9396846296296
 20
288.7878752777777
 30
0.0
 10
139.7731661111111
 20
288.7878752777777
 30
0.0
 10
139.5967772222222
 20
288.7878752777777
 30
0.0
 10
138.9899994444444
 20
288.6890974999999
 30
0.0
 10
138.0233883333333
 20
288.6890974999999
 30
0.0
 10
137.0532494444444
 20
288.6890974999999
 30
0.0
 10
136.2700827777778
 20
288.7314308333333
 30
0.0
 10
136.2700827777778
 20
288.7878752777777
 30
0.0
 10
136.2736105555555
 20
290.4459308333333
 30
0.0
 10
137.6141661111111
 20
291.7864863888889
 30
0.0
 10
139.2722216666666
 20
291.7864863888889
 30
0.0
 10
149.0018327777778
 20
291.7864863888889
 30
0.0
 10
146.7722772222222
 20
290.2871808333333
 30
0.0
 10
150.2718327777778
 20
290.2871808333333
 30
0.0
 10
153.7713883333333
 20
290.2871808333333
 30
0.0
 10
151.538305
 20
291.7864863888889
 30
0.0
 10
161.2714438888889
 20
291.7864863888889
 30
0.0
 10
162.9294994444444
 20
291.7864863888889
 30
0.0
 10
164.270055
 20
290.4459308333333
 30
0.0
 10
164.270055
 20
288.7878752777777
 30
0.0
 10
164.270055
 20
288.7314308333333
 30
0.0
 10
163.4868883333333
 20
288.6855697222222
 30
0.0
 10
162.5202772222222
 20
288.6855697222222
 30
0.0
 10
161.5536661111111
 20
288.6855697222222
 30
0.0
 10
160.9468883333333
 20
288.7878752777777
 30
0.0
 10
160.7704994444444
 20
288.7878752777777
 30
0.0
 10
159.6039809259259
 20
288.7878752777777
 30
0.0
 10
158.4374624074074
 20
288.7878752777777
 30
0.0
 10
157.2709438888889
 20
288.7878752777777
 30
0.0
 10
157.2709438888889
 20
287.7871623148148
 30
0.0
 10
157.2709438888889
 20
286.7864493518518
 30
0.0
 10
157.2709438888889
 20
285.7857363888889
 30
0.0
 10
158.4374624074074
 20
285.7857363888889
 30
0.0
 10
159.6039809259259
 20
285.7857363888889
 30
0.0
 10
160.7704994444444
 20
285.7857363888889
 30
0.0
 10
160.9468883333333
 20
285.7857363888889
 30
0.0
 10
161.5536661111111
 20
285.8880419444444
 30
0.0
 10
162.5202772222222
 20
285.8880419444444
 30
0.0
 10
163.4868883333333
 20
285.8880419444444
 30
0.0
 10
164.270055
 20
285.8421808333333
 30
0.0
 10
164.270055
 20
285.7857363888889
 30
0.0
 10
164.270055
 20
283.0375974999999
 30
0.0
 10
162.5167494444444
 20
282.6601252777778
 30
0.0
 10
162.5167494444444
 20
280.2894586111111
 30
0.0
 10
162.5167494444444
 20
277.9152641666666
 30
0.0
 10
164.270055
 20
277.5377919444444
 30
0.0
 10
164.270055
 20
274.7896530555555
 30
0.0
 10
164.270055
 20
274.7332086111111
 30
0.0
 10
163.4868883333333
 20
274.6838197222222
 30
0.0
 10
162.5202772222222
 20
274.6838197222222
 30
0.0
 10
161.5536661111111
 20
274.6838197222222
 30
0.0
 10
160.9468883333333
 20
274.7861252777777
 30
0.0
 10
160.7704994444444
 20
274.7861252777777
 30
0.0
 10
159.6039809259259
 20
274.7861252777777
 30
0.0
 10
158.4374624074074
 20
274.7861252777777
 30
0.0
 10
157.2709438888889
 20
274.7861252777777
 30
0.0
 10
157.2709438888889
 20
273.7854123148148
 30
0.0
 10
157.2709438888889
 20
272.7846993518518
 30
0.0
 10
157.2709438888889
 20
271.7839863888889
 30
0.0
 10
158.4374624074074
 20
271.7839863888889
 30
0.0
 10
159.6039809259259
 20
271.7839863888889
 30
0.0
 10
160.7704994444444
 20
271.7839863888889
 30
0.0
 10
160.9468883333333
 20
271.7839863888889
 30
0.0
 10
161.5536661111111
 20
271.8862919444444
 30
0.0
 10
162.5202772222222
 20
271.8862919444444
 30
0.0
 10
163.4868883333333
 20
271.8862919444444
 30
0.0
 10
164.270055
 20
271.8404308333333
 30
0.0
 10
164.270055
 20
271.7839863888889
 30
0.0
 10
164.270055
 20
270.1259308333333
 30
0.0
 10
162.9294994444444
 20
268.7853752777777
 30
0.0
 10
161.2714438888889
 20
268.7853752777777
 30
0.0
 10
151.538305
 20
268.7853752777777
 30
0.0
 10
153.7713883333333
 20
270.2882086111111
 30
0.0
 10
150.2718327777778
 20
270.2882086111111
 30
0.0
 10
146.7722772222222
 20
270.2882086111111
 30
0.0
 10
148.998305
 20
268.7853752777777
 30
0.0
 10
139.2686938888889
 20
268.7853752777777
 30
0.0
  0
POLYLINE
  5
1F0
330
1F
100
AcDbEntity
  8
DEFAULT
 62
   250
100
AcDb2dPolyline
 66
     1
 10
0.0
 20
0.0
 30
0.0
  0
VERTEX
  5
1F1
330
1F0
100
AcDbEntity
  8
DEFAULT
 62
   250
100
AcDbVertex
100
AcDb2dVertex
 10
231.3111325
 20
101.3527027777778
 30
0.0
  0
VERTEX
  5
1F2
330
1F0
100
AcDbEntity
  8
DEFAULT
 62
   250
100
AcDbVertex
100
AcDb2dVertex
 10
231.3111325
 20
100.2284
 30
0.0
  0
VERTEX
  5
1F3
330
1F0
100
AcDbEntity
  8
DEFAULT
 62
   250
100
AcDbVertex
100
AcDb2dVertex
 10
229.2904213888889
 20
100.2284
 30
0.0
  0
SEQEND
  5
1F4
330
1F0
100
AcDbEntity
  8
DEFAULT
 62
   250
  0
SPLINE
  5
1F5
330
1F
100
AcDbEntity
  8
DEFAULT
 62
   250
100
AcDbSpline
210
0.0
220
0.0
230
1.0
 70
     8
 71
     3
 72
    11
 73
     7
 74
     0
 42
0.000000001
 43
0.0000000001
 40
0.0
 40
0.0
 40
0.0
 40
0.0
 40
1.0
 40
1.0
 40
1.0
 40
5.218667562157517
 40
5.218667562157517
 40
5.218667562157517
 40
5.218667562157517
 10
233.3944263888889
 20
149.8455361111111
 30
0.0
 10
233.3944263888889
 20
149.8455361111111
 30
0.0
 10
232.4980180555555
 20
150.8379
 30
0.0
 10
232.4200541666667
 20
150.891875
 30
0.0
 10
232.0712745370371
 20
150.5390972222222
 30
0.0
 10
231.7224949074074
 20
150.1863194444444
 30
0.0
 10
231.3737152777778
 20
149.8335416666667
 30
0.0
  0
POLYLINE
  5
1F6
330
1F
100
AcDbEntity
  8
DEFAULT
 62
   250
100
AcDb2dPolyline
 66
     1
 10
0.0
 20
0.0
 30
0.0
  0
VERTEX
  5
1F7
330
1F6
100
AcDbEntity
  8
DEFAULT
 62
   250
100
AcDbVertex
100
AcDb2dVertex
 10
231.3735741666667
 20
150.8919808333333
 30
0.0
  0
VERTEX
  5
1F8
330
1F6
100
AcDbEntity
  8
DEFAULT
 62
   250
100
AcDbVertex
100
AcDb2dVertex
 10
233.3942852777778
 20
150.8919808333333
 30
0.0
  0
SEQEND
  5
1F9
330
1F6
100
AcDbEntity
  8
DEFAULT
 62
   250
  0
SPLINE
  5
1FA
330
1F
100
AcDbEntity
  8
DEFAULT
 62
     1
100
AcDbSpline
210
0.0
220
0.0
230
1.0
 70
    11
 71
     3
 72
    77
 73
    73
 74
     0
 42
0.000000001
 43
0.0000000001
 40
1.0
 40
1.0
 40
1.0
 40
1.0
 40
2.0
 40
2.0
 40
2.0
 40
3.0
 40
3.0
 40
3.0
 40
4.0
 40
4.0
 40
4.0
 40
5.0
 40
5.0
 40
5.0
 40
6.0
 40
6.0
 40
6.0
 40
15.91999999999996
 40
15.91999999999996
 40
15.91999999999996
 40
24.41999999999996
 40
24.41999999999996
 40
24.41999999999996
 40
34.33999999999992
 40
34.33999999999992
 40
34.33999999999992
 40
35.33999999999992
 40
35.33999999999992
 40
35.33999999999992
 40
36.33999999999992
 40
36.33999999999992
 40
36.33999999999992
 40
37.33999999999992
 40
37.33999999999992
 40
37.33999999999992
 40
38.33999999999992
 40
38.33999999999992
 40
38.33999999999992
 40
46.84999999999991
 40
46.84999999999991
 40
46.84999999999991
 40
47.84999999999991
 40
47.84999999999991
 40
47.84999999999991
 40
48.84999999999991
 40
48.84999999999991
 40
48.84999999999991
 40
49.84999999999991
 40
49.84999999999991
 40
49.84999999999991
 40
50.84999999999991
 40
50.84999999999991
 40
50.84999999999991
 40
60.76999999999987
 40
60.76999999999987
 40
60.76999999999987
 40
69.27999999999986
 40
69.27999999999986
 40
69.27999999999986
 40
79.19999999999982
 40
79.19999999999982
 40
79.19999999999982
 40
80.19999999999982
 40
80.19999999999982
 40
80.19999999999982
 40
81.19999999999982
 40
81.19999999999982
 40
81.19999999999982
 40
82.19999999999982
 40
82.19999999999982
 40
82.19999999999982
 40
83.19999999999982
 40
83.19999999999982
 40
83.19999999999982
 40
83.19999999999982
 10
219.0621941666666
 20
94.75515861111111
 30
0.0
 10
219.0621941666666
 20
93.16765861111111
 30
0.0
 10
220.1522775
 20
91.6436586111111
 30
0.0
 10
222.0114163888889
 20
91.8835475
 30
0.0
 10
223.9940275
 20
92.19399194444445
 30
0.0
 10
227.0878886111111
 20
92.08110305555556
 30
0.0
 10
231.2929997222222
 20
93.4392975
 30
0.0
 10
235.8191386111111
 20
94.91038083333333
 30
0.0
 10
240.3417497222222
 20
94.59993638888889
 30
0.0
 10
240.3417497222222
 20
99.29188083333334
 30
0.0
 10
240.3417497222222
 20
99.34832527777777
 30
0.0
 10
239.5621108333333
 20
99.3906586111111
 30
0.0
 10
238.5919719444444
 20
99.3906586111111
 30
0.0
 10
237.6253608333333
 20
99.3906586111111
 30
0.0
 10
237.0185830555555
 20
99.29188083333334
 30
0.0
 10
236.8421941666666
 20
99.29188083333334
 30
0.0
 10
235.6756756481481
 20
99.29188083333334
 30
0.0
 10
234.5091571296296
 20
99.29188083333334
 30
0.0
 10
233.3426386111111
 20
99.29188083333334
 30
0.0
 10
233.3426386111111
 20
100.2914178703704
 30
0.0
 10
233.3426386111111
 20
101.2909549074074
 30
0.0
 10
233.3426386111111
 20
102.2904919444444
 30
0.0
 10
234.5091571296296
 20
102.2904919444444
 30
0.0
 10
235.6756756481481
 20
102.2904919444444
 30
0.0
 10
236.8421941666666
 20
102.2904919444444
 30
0.0
 10
237.0185830555555
 20
102.2904919444444
 30
0.0
 10
237.6253608333333
 20
102.1917141666667
 30
0.0
 10
238.5919719444444
 20
102.1917141666667
 30
0.0
 10
239.5621108333333
 20
102.1917141666667
 30
0.0
 10
240.3417497222222
 20
102.2375752777778
 30
0.0
 10
240.3417497222222
 20
102.2904919444444
 30
0.0
 10
240.3417497222222
 20
103.9485475
 30
0.0
 10
239.0011941666666
 20
105.2926308333333
 30
0.0
 10
237.3431386111111
 20
105.2926308333333
 30
0.0
 10
228.8059163888889
 20
105.2926308333333
 30
0.0
 10
236.3447775
 20
124.7800752777778
 30
0.0
 10
236.3447775
 20
148.8606863888889
 30
0.0
 10
236.3447775
 20
149.8613993518519
 30
0.0
 10
236.3447775
 20
150.8621123148148
 30
0.0
 10
236.3447775
 20
151.8628252777778
 30
0.0
 10
236.3447775
 20
154.0747419444444
 30
0.0
 10
234.4080275
 20
155.8633252777778
 30
0.0
 10
225.3451663888889
 20
155.8633252777778
 30
0.0
 10
223.6871108333333
 20
155.8633252777778
 30
0.0
 10
222.3430275
 20
153.5208808333333
 30
0.0
 10
222.3430275
 20
151.8628252777778
 30
0.0
 10
222.3430275
 20
151.8063808333333
 30
0.0
 10
223.1261941666666
 20
151.7605197222222
 30
0.0
 10
224.0928052777778
 20
151.7605197222222
 30
0.0
 10
225.0594163888889
 20
151.7605197222222
 30
0.0
 10
225.6697219444444
 20
151.8628252777778
 30
0.0
 10
225.8425830555555
 20
151.8628252777778
 30
0.0
 10
227.0091015740741
 20
151.8628252777778
 30
0.0
 10
228.1756200925926
 20
151.8628252777778
 30
0.0
 10
229.3421386111111
 20
151.8628252777778
 30
0.0
 10
229.3421386111111
 20
150.8621123148148
 30
0.0
 10
229.3421386111111
 20
149.8613993518519
 30
0.0
 10
229.3421386111111
 20
148.8606863888889
 30
0.0
 10
228.1756200925926
 20
148.8606863888889
 30
0.0
 10
227.0091015740741
 20
148.8606863888889
 30
0.0
 10
225.8425830555555
 20
148.8606863888889
 30
0.0
 10
225.6697219444444
 20
148.8606863888889
 30
0.0
 10
225.0594163888889
 20
148.9629919444444
 30
0.0
 10
224.0928052777778
 20
148.9629919444444
 30
0.0
 10
223.1261941666666
 20
148.9629919444444
 30
0.0
 10
222.3430275
 20
148.9171308333333
 30
0.0
 10
222.3430275
 20
148.8606863888889
 30
0.0
 10
222.3430275
 20
142.1014641666667
 30
0.0
 10
225.8425830555555
 20
135.0035752777778
 30
0.0
 10
225.8425830555555
 20
120.4373808333333
 30
0.0
 10
225.8425830555555
 20
108.4817419444444
 30
0.0
 10
219.0621941666666
 20
110.2174086111111
 30
0.0
 10
219.0621941666666
 20
94.75515861111111
 30
0.0
  0
POLYLINE
  5
1FB
330
1F
100
AcDbEntity
  8
DEFAULT
 62
   250
100
AcDb2dPolyline
 66
     1
 10
0.0
 20
0.0
 30
0.0
  0
VERTEX
  5
1FC
330
1FB
100
AcDbEntity
  8
DEFAULT
 62
   250
100
AcDbVertex
100
AcDb2dVertex
 10
248.7675294444444
 20
78.85073694444444
 30
0.0
  0
VERTEX
  5
1FD
330
1FB
100
AcDbEntity
  8
DEFAULT
 62
   250
100
AcDbVertex
100
AcDb2dVertex
 10
248.7675294444444
 20
77.72643416666666
 30
0.0
  0
VERTEX
  5
1FE
330
1FB
100
AcDbEntity
  8
DEFAULT
 62
   250
100
AcDbVertex
100
AcDb2dVertex
 10
246.7468183333334
 20
77.72643416666666
 30
0.0
  0
SEQEND
  5
1FF
330
1FB
100
AcDbEntity
  8
DEFAULT
 62
   250
  0
SPLINE
  5
200
330
1F
100
AcDbEntity
  8
DEFAULT
 62
   250
100
AcDbSpline
210
0.0
220
0.0
230
1.0
 70
     8
 71
     3
 72
    11
 73
     7
 74
     0
 42
0.000000001
 43
0.0000000001
 40
0.0
 40
0.0
 40
0.0
 40
0.0
 40
1.0
 40
1.0
 40
1.0
 40
5.219370687673766
 40
5.219370687673766
 40
5.219370687673766
 40
5.219370687673766
 10
250.8508233333333
 20
127.3435702777778
 30
0.0
 10
250.8508233333333
 20
127.3435702777778
 30
0.0
 10
249.9540622222222
 20
128.3359341666666
 30
0.0
 10
249.8764511111111
 20
128.3899091666667
 30
0.0
 10
249.5275538888889
 20
128.0371313888889
 30
0.0
 10
249.1786566666667
 20
127.6843536111111
 30
0.0
 10
248.8297594444444
 20
127.3315758333333
 30
0.0
  0
POLYLINE
  5
201
330
1F
100
AcDbEntity
  8
DEFAULT
 62
   250
100
AcDb2dPolyline
 66
     1
 10
0.0
 20
0.0
 30
0.0
  0
VERTEX
  5
202
330
201
100
AcDbEntity
  8
DEFAULT
 62
   250
100
AcDbVertex
100
AcDb2dVertex
 10
248.8299358333333
 20
128.390015
 30
0.0
  0
VERTEX
  5
203
330
201
100
AcDbEntity
  8
DEFAULT
 62
   250
100
AcDbVertex
100
AcDb2dVertex
 10
250.8509997222222
 20
128.390015
 30
0.0
  0
SEQEND
  5
204
330
201
100
AcDbEntity
  8
DEFAULT
 62
   250
  0
SPLINE
  5
205
330
1F
100
AcDbEntity
  8
DEFAULT
 62
     1
100
AcDbSpline
210
0.0
220
0.0
230
1.0
 70
    11
 71
     3
 72
    77
 73
    73
 74
     0
 42
0.000000001
 43
0.0000000001
 40
1.0
 40
1.0
 40
1.0
 40
1.0
 40
2.0
 40
2.0
 40
2.0
 40
3.0
 40
3.0
 40
3.0
 40
4.0
 40
4.0
 40
4.0
 40
5.0
 40
5.0
 40
5.0
 40
6.0
 40
6.0
 40
6.0
 40
15.91999999999996
 40
15.91999999999996
 40
15.91999999999996
 40
24.41999999999996
 40
24.41999999999996
 40
24.41999999999996
 40
34.33999999999992
 40
34.33999999999992
 40
34.33999999999992
 40
35.33999999999992
 40
35.33999999999992
 40
35.33999999999992
 40
36.33999999999992
 40
36.33999999999992
 40
36.33999999999992
 40
37.33999999999992
 40
37.33999999999992
 40
37.33999999999992
 40
38.33999999999992
 40
38.33999999999992
 40
38.33999999999992
 40
46.84999999999991
 40
46.84999999999991
 40
46.84999999999991
 40
47.84999999999991
 40
47.84999999999991
 40
47.84999999999991
 40
48.84999999999991
 40
48.84999999999991
 40
48.84999999999991
 40
49.84999999999991
 40
49.84999999999991
 40
49.84999999999991
 40
50.84999999999991
 40
50.84999999999991
 40
50.84999999999991
 40
60.76999999999987
 40
60.76999999999987
 40
60.76999999999987
 40
69.27999999999986
 40
69.27999999999986
 40
69.27999999999986
 40
79.19999999999982
 40
79.19999999999982
 40
79.19999999999982
 40
80.19999999999982
 40
80.19999999999982
 40
80.19999999999982
 40
81.19999999999982
 40
81.19999999999982
 40
81.19999999999982
 40
82.19999999999982
 40
82.19999999999982
 40
82.19999999999982
 40
83.19999999999982
 40
83.19999999999982
 40
83.19999999999982
 40
83.19999999999982
 10
236.5186263888889
 20
72.25319277777777
 30
0.0
 10
236.5186263888889
 20
70.66569277777776
 30
0.0
 10
237.6087097222222
 20
69.14169277777778
 30
0.0
 10
239.4678486111111
 20
69.38158166666665
 30
0.0
 10
241.4504597222222
 20
69.6920261111111
 30
0.0
 10
244.5443208333333
 20
69.5791372222222
 30
0.0
 10
248.7494319444444
 20
70.93733166666667
 30
0.0
 10
253.2755708333333
 20
72.40841499999999
 30
0.0
 10
257.7981819444444
 20
72.09797055555555
 30
0.0
 10
257.7981819444444
 20
76.78991499999998
 30
0.0
 10
257.7981819444444
 20
76.84635944444443
 30
0.0
 10
257.0185430555555
 20
76.88869277777778
 30
0.0
 10
256.0484041666667
 20
76.88869277777778
 30
0.0
 10
255.0817930555556
 20
76.88869277777778
 30
0.0
 10
254.4750152777777
 20
76.78991499999998
 30
0.0
 10
254.2986263888889
 20
76.78991499999998
 30
0.0
 10
253.1321078703703
 20
76.78991499999998
 30
0.0
 10
251.9655893518518
 20
76.78991499999998
 30
0.0
 10
250.7990708333333
 20
76.78991499999998
 30
0.0
 10
250.7990708333333
 20
77.78945203703702
 30
0.0
 10
250.7990708333333
 20
78.78898907407407
 30
0.0
 10
250.7990708333333
 20
79.7885261111111
 30
0.0
 10
251.9655893518518
 20
79.7885261111111
 30
0.0
 10
253.1321078703703
 20
79.7885261111111
 30
0.0
 10
254.2986263888889
 20
79.7885261111111
 30
0.0
 10
254.4750152777777
 20
79.7885261111111
 30
0.0
 10
255.0817930555556
 20
79.68974833333333
 30
0.0
 10
256.0484041666667
 20
79.68974833333333
 30
0.0
 10
257.0185430555555
 20
79.68974833333333
 30
0.0
 10
257.7981819444444
 20
79.73560944444444
 30
0.0
 10
257.7981819444444
 20
79.7885261111111
 30
0.0
 10
257.7981819444444
 20
81.44658166666666
 30
0.0
 10
256.4576263888889
 20
82.79066499999999
 30
0.0
 10
254.7995708333333
 20
82.79066499999999
 30
0.0
 10
246.2623486111111
 20
82.79066499999999
 30
0.0
 10
253.8012097222222
 20
102.2781094444444
 30
0.0
 10
253.8012097222222
 20
126.3587205555555
 30
0.0
 10
253.8012097222222
 20
127.3594335185185
 30
0.0
 10
253.8012097222222
 20
128.3601464814815
 30
0.0
 10
253.8012097222222
 20
129.3608594444444
 30
0.0
 10
253.8012097222222
 20
131.5727761111111
 30
0.0
 10
251.8644597222222
 20
133.3613594444444
 30
0.0
 10
242.8015986111111
 20
133.3613594444444
 30
0.0
 10
241.1435430555555
 20
133.3613594444444
 30
0.0
 10
239.7994597222222
 20
131.018915
 30
0.0
 10
239.7994597222222
 20
129.3608594444444
 30
0.0
 10
239.7994597222222
 20
129.304415
 30
0.0
 10
240.5826263888889
 20
129.2585538888889
 30
0.0
 10
241.5492375
 20
129.2585538888889
 30
0.0
 10
242.5158486111111
 20
129.2585538888889
 30
0.0
 10
243.1261541666667
 20
129.3608594444444
 30
0.0
 10
243.2990152777778
 20
129.3608594444444
 30
0.0
 10
244.4655337962963
 20
129.3608594444444
 30
0.0
 10
245.6320523148148
 20
129.3608594444444
 30
0.0
 10
246.7985708333333
 20
129.3608594444444
 30
0.0
 10
246.7985708333333
 20
128.3601464814815
 30
0.0
 10
246.7985708333333
 20
127.3594335185185
 30
0.0
 10
246.7985708333333
 20
126.3587205555555
 30
0.0
 10
245.6320523148148
 20
126.3587205555555
 30
0.0
 10
244.4655337962963
 20
126.3587205555555
 30
0.0
 10
243.2990152777778
 20
126.3587205555555
 30
0.0
 10
243.1261541666667
 20
126.3587205555555
 30
0.0
 10
242.5158486111111
 20
126.4610261111111
 30
0.0
 10
241.5492375
 20
126.4610261111111
 30
0.0
 10
240.5826263888889
 20
126.4610261111111
 30
0.0
 10
239.7994597222222
 20
126.415165
 30
0.0
 10
239.7994597222222
 20
126.3587205555555
 30
0.0
 10
239.7994597222222
 20
119.5994983333333
 30
0.0
 10
243.2990152777778
 20
112.5016094444444
 30
0.0
 10
243.2990152777778
 20
97.93541499999998
 30
0.0
 10
243.2990152777778
 20
85.9797761111111
 30
0.0
 10
236.5186263888889
 20
87.71544277777777
 30
0.0
 10
236.5186263888889
 20
72.25319277777777
 30
0.0
  0
POLYLINE
  5
206
330
1F
100
AcDbEntity
  8
DEFAULT
 62
   250
100
AcDb2dPolyline
 66
     1
 10
0.0
 20
0.0
 30
0.0
  0
VERTEX
  5
207
330
206
100
AcDbEntity
  8
DEFAULT
 62
   250
100
AcDbVertex
100
AcDb2dVertex
 10
69.22904055555556
 20
100.2283294444444
 30
0.0
  0
VERTEX
  5
208
330
206
100
AcDbEntity
  8
DEFAULT
 62
   250
100
AcDbVertex
100
AcDb2dVertex
 10
69.22904055555556
 20
101.3526322222222
 30
0.0
  0
VERTEX
  5
209
330
206
100
AcDbEntity
  8
DEFAULT
 62
   250
100
AcDbVertex
100
AcDb2dVertex
 10
71.24975166666667
 20
101.3526322222222
 30
0.0
  0
SEQEND
  5
20A
330
206
100
AcDbEntity
  8
DEFAULT
 62
   250
  0
SPLINE
  5
20B
330
1F
100
AcDbEntity
  8
DEFAULT
 62
   250
100
AcDbSpline
210
0.0
220
0.0
230
1.0
 70
     8
 71
     3
 72
    11
 73
     7
 74
     0
 42
0.000000001
 43
0.0000000001
 40
0.0
 40
0.0
 40
0.0
 40
0.0
 40
1.0
 40
1.0
 40
1.0
 40
5.219370687673705
 40
5.219370687673705
 40
5.219370687673705
 40
5.219370687673705
 10
67.14574666666665
 20
150.8800922222222
 30
0.0
 10
67.14574666666665
 20
150.8800922222222
 30
0.0
 10
68.04250777777777
 20
149.8877283333333
 30
0.0
 10
68.12011888888888
 20
149.8337533333333
 30
0.0
 10
68.4690161111111
 20
150.1865311111111
 30
0.0
 10
68.81791333333332
 20
150.5393088888889
 30
0.0
 10
69.16681055555554
 20
150.8920866666666
 30
0.0
  0
POLYLINE
  5
20C
330
1F
100
AcDbEntity
  8
DEFAULT
 62
   250
100
AcDb2dPolyline
 66
     1
 10
0.0
 20
0.0
 30
0.0
  0
VERTEX
  5
20D
330
20C
100
AcDbEntity
  8
DEFAULT
 62
   250
100
AcDbVertex
100
AcDb2dVertex
 10
69.16663416666667
 20
149.8336475
 30
0.0
  0
VERTEX
  5
20E
330
20C
100
AcDbEntity
  8
DEFAULT
 62
   250
100
AcDbVertex
100
AcDb2dVertex
 10
67.14557027777776
 20
149.8336475
 30
0.0
  0
SEQEND
  5
20F
330
20C
100
AcDbEntity
  8
DEFAULT
 62
   250
  0
SPLINE
  5
210
330
1F
100
AcDbEntity
  8
DEFAULT
 62
     1
100
AcDbSpline
210
0.0
220
0.0
230
1.0
 70
    11
 71
     3
 72
    77
 73
    73
 74
     0
 42
0.000000001
 43
0.0000000001
 40
1.0
 40
1.0
 40
1.0
 40
1.0
 40
2.0
 40
2.0
 40
2.0
 40
3.0
 40
3.0
 40
3.0
 40
4.0
 40
4.0
 40
4.0
 40
5.0
 40
5.0
 40
5.0
 40
6.0
 40
6.0
 40
6.0
 40
15.92000000000002
 40
15.92000000000002
 40
15.92000000000002
 40
24.42000000000002
 40
24.42000000000002
 40
24.42000000000002
 40
34.34000000000003
 40
34.34000000000003
 40
34.34000000000003
 40
35.34000000000003
 40
35.34000000000003
 40
35.34000000000003
 40
36.34000000000003
 40
36.34000000000003
 40
36.34000000000003
 40
37.34000000000003
 40
37.34000000000003
 40
37.34000000000003
 40
38.34000000000003
 40
38.34000000000003
 40
38.34000000000003
 40
46.85000000000002
 40
46.85000000000002
 40
46.85000000000002
 40
47.85000000000002
 40
47.85000000000002
 40
47.85000000000002
 40
48.85000000000002
 40
48.85000000000002
 40
48.85000000000002
 40
49.85000000000002
 40
49.85000000000002
 40
49.85000000000002
 40
50.85000000000002
 40
50.85000000000002
 40
50.85000000000002
 40
60.77000000000004
 40
60.77000000000004
 40
60.77000000000004
 40
69.28000000000003
 40
69.28000000000003
 40
69.28000000000003
 40
79.20000000000005
 40
79.20000000000005
 40
79.20000000000005
 40
80.20000000000005
 40
80.20000000000005
 40
80.20000000000005
 40
81.20000000000005
 40
81.20000000000005
 40
81.20000000000005
 40
82.20000000000005
 40
82.20000000000005
 40
82.20000000000005
 40
83.20000000000005
 40
83.20000000000005
 40
83.20000000000005
 40
83.20000000000005
 10
81.47797888888888
 20
94.75515861111111
 30
0.0
 10
81.47797888888888
 20
93.16765861111111
 30
0.0
 10
80.38789555555555
 20
91.6436586111111
 30
0.0
 10
78.52875666666667
 20
91.8835475
 30
0.0
 10
76.54614555555555
 20
92.19399194444445
 30
0.0
 10
73.45228444444443
 20
92.08110305555556
 30
0.0
 10
69.24717333333332
 20
93.4392975
 30
0.0
 10
64.72103444444444
 20
94.91038083333333
 30
0.0
 10
60.19842333333332
 20
94.59993638888889
 30
0.0
 10
60.19842333333332
 20
99.29188083333334
 30
0.0
 10
60.19842333333332
 20
99.34832527777777
 30
0.0
 10
60.97806222222222
 20
99.3906586111111
 30
0.0
 10
61.94820111111111
 20
99.3906586111111
 30
0.0
 10
62.91481222222221
 20
99.3906586111111
 30
0.0
 10
63.52158999999999
 20
99.29188083333334
 30
0.0
 10
63.69797888888888
 20
99.29188083333334
 30
0.0
 10
64.8644974074074
 20
99.29188083333334
 30
0.0
 10
66.03101592592593
 20
99.29188083333334
 30
0.0
 10
67.19753444444444
 20
99.29188083333334
 30
0.0
 10
67.19753444444444
 20
100.2914178703704
 30
0.0
 10
67.19753444444444
 20
101.2909549074074
 30
0.0
 10
67.19753444444444
 20
102.2904919444444
 30
0.0
 10
66.03101592592593
 20
102.2904919444444
 30
0.0
 10
64.8644974074074
 20
102.2904919444444
 30
0.0
 10
63.69797888888888
 20
102.2904919444444
 30
0.0
 10
63.52158999999999
 20
102.2904919444444
 30
0.0
 10
62.91481222222221
 20
102.1917141666667
 30
0.0
 10
61.94820111111111
 20
102.1917141666667
 30
0.0
 10
60.97806222222222
 20
102.1917141666667
 30
0.0
 10
60.19842333333332
 20
102.2375752777778
 30
0.0
 10
60.19842333333332
 20
102.2904919444444
 30
0.0
 10
60.19842333333332
 20
103.9485475
 30
0.0
 10
61.53897888888888
 20
105.2926308333333
 30
0.0
 10
63.19703444444444
 20
105.2926308333333
 30
0.0
 10
71.73425666666665
 20
105.2926308333333
 30
0.0
 10
64.19539555555555
 20
124.7800752777778
 30
0.0
 10
64.19539555555555
 20
148.8606863888889
 30
0.0
 10
64.19539555555555
 20
149.8613993518519
 30
0.0
 10
64.19539555555555
 20
150.8621123148148
 30
0.0
 10
64.19539555555555
 20
151.8628252777778
 30
0.0
 10
64.19539555555555
 20
154.0747419444444
 30
0.0
 10
66.13214555555555
 20
155.8633252777778
 30
0.0
 10
75.19500666666666
 20
155.8633252777778
 30
0.0
 10
76.85306222222222
 20
155.8633252777778
 30
0.0
 10
78.19714555555554
 20
153.5208808333333
 30
0.0
 10
78.19714555555554
 20
151.8628252777778
 30
0.0
 10
78.19714555555554
 20
151.8063808333333
 30
0.0
 10
77.41397888888888
 20
151.7605197222222
 30
0.0
 10
76.44736777777777
 20
151.7605197222222
 30
0.0
 10
75.48075666666665
 20
151.7605197222222
 30
0.0
 10
74.87045111111111
 20
151.8628252777778
 30
0.0
 10
74.69758999999999
 20
151.8628252777778
 30
0.0
 10
73.53107148148148
 20
151.8628252777778
 30
0.0
 10
72.36455296296295
 20
151.8628252777778
 30
0.0
 10
71.19803444444443
 20
151.8628252777778
 30
0.0
 10
71.19803444444443
 20
150.8621123148148
 30
0.0
 10
71.19803444444443
 20
149.8613993518519
 30
0.0
 10
71.19803444444443
 20
148.8606863888889
 30
0.0
 10
72.36455296296295
 20
148.8606863888889
 30
0.0
 10
73.53107148148148
 20
148.8606863888889
 30
0.0
 10
74.69758999999999
 20
148.8606863888889
 30
0.0
 10
74.87045111111111
 20
148.8606863888889
 30
0.0
 10
75.48075666666665
 20
148.9629919444444
 30
0.0
 10
76.44736777777777
 20
148.9629919444444
 30
0.0
 10
77.41397888888888
 20
148.9629919444444
 30
0.0
 10
78.19714555555554
 20
148.9171308333333
 30
0.0
 10
78.19714555555554
 20
148.8606863888889
 30
0.0
 10
78.19714555555554
 20
142.1014641666667
 30
0.0
 10
74.69758999999999
 20
135.0035752777778
 30
0.0
 10
74.69758999999999
 20
120.4373808333333
 30
0.0
 10
74.69758999999999
 20
108.4817419444444
 30
0.0
 10
81.47797888888888
 20
110.2174086111111
 30
0.0
 10
81.47797888888888
 20
94.75515861111111
 30
0.0
  0
POLYLINE
  5
211
330
1F
100
AcDbEntity
  8
DEFAULT
 62
   250
100
AcDb2dPolyline
 66
     1
 10
0.0
 20
0.0
 30
0.0
  0
VERTEX
  5
212
330
211
100
AcDbEntity
  8
DEFAULT
 62
   250
100
AcDbVertex
100
AcDb2dVertex
 10
51.77264361111111
 20
77.7263636111111
 30
0.0
  0
VERTEX
  5
213
330
211
100
AcDbEntity
  8
DEFAULT
 62
   250
100
AcDbVertex
100
AcDb2dVertex
 10
51.77264361111111
 20
78.85066638888888
 30
0.0
  0
VERTEX
  5
214
330
211
100
AcDbEntity
  8
DEFAULT
 62
   250
100
AcDbVertex
100
AcDb2dVertex
 10
53.79335472222223
 20
78.85066638888888
 30
0.0
  0
SEQEND
  5
215
330
211
100
AcDbEntity
  8
DEFAULT
 62
   250
  0
SPLINE
  5
216
330
1F
100
AcDbEntity
  8
DEFAULT
 62
   250
100
AcDbSpline
210
0.0
220
0.0
230
1.0
 70
     8
 71
     3
 72
    11
 73
     7
 74
     0
 42
0.000000001
 43
0.0000000001
 40
0.0
 40
0.0
 40
0.0
 40
0.0
 40
1.0
 40
1.0
 40
1.0
 40
5.219370687673705
 40
5.219370687673705
 40
5.219370687673705
 40
5.219370687673705
 10
49.68934972222222
 20
128.3781263888889
 30
0.0
 10
49.68934972222222
 20
128.3781263888889
 30
0.0
 10
50.58611083333333
 20
127.3857625
 30
0.0
 10
50.66372194444444
 20
127.3317875
 30
0.0
 10
51.01261916666666
 20
127.6845652777778
 30
0.0
 10
51.36151638888888
 20
128.0373430555556
 30
0.0
 10
51.71041361111111
 20
128.3901208333333
 30
0.0
  0
POLYLINE
  5
217
330
1F
100
AcDbEntity
  8
DEFAULT
 62
   250
100
AcDb2dPolyline
 66
     1
 10
0.0
 20
0.0
 30
0.0
  0
VERTEX
  5
218
330
217
100
AcDbEntity
  8
DEFAULT
 62
   250
100
AcDbVertex
100
AcDb2dVertex
 10
51.71023722222221
 20
127.3316816666667
 30
0.0
  0
VERTEX
  5
219
330
217
100
AcDbEntity
  8
DEFAULT
 62
   250
100
AcDbVertex
100
AcDb2dVertex
 10
49.68917333333332
 20
127.3316816666667
 30
0.0
  0
SEQEND
  5
21A
330
217
100
AcDbEntity
  8
DEFAULT
 62
   250
  0
SPLINE
  5
21B
330
1F
100
AcDbEntity
  8
DEFAULT
 62
     1
100
AcDbSpline
210
0.0
220
0.0
230
1.0
 70
    11
 71
     3
 72
    77
 73
    73
 74
     0
 42
0.000000001
 43
0.0000000001
 40
1.0
 40
1.0
 40
1.0
 40
1.0
 40
2.0
 40
2.0
 40
2.0
 40
3.0
 40
3.0
 40
3.0
 40
4.0
 40
4.0
 40
4.0
 40
5.0
 40
5.0
 40
5.0
 40
6.0
 40
6.0
 40
6.0
 40
15.92000000000002
 40
15.92000000000002
 40
15.92000000000002
 40
24.42000000000002
 40
24.42000000000002
 40
24.42000000000002
 40
34.34000000000003
 40
34.34000000000003
 40
34.34000000000003
 40
35.34000000000003
 40
35.34000000000003
 40
35.34000000000003
 40
36.34000000000003
 40
36.34000000000003
 40
36.34000000000003
 40
37.34000000000003
 40
37.34000000000003
 40
37.34000000000003
 40
38.34000000000003
 40
38.34000000000003
 40
38.34000000000003
 40
46.85000000000002
 40
46.85000000000002
 40
46.85000000000002
 40
47.85000000000002
 40
47.85000000000002
 40
47.85000000000002
 40
48.85000000000002
 40
48.85000000000002
 40
48.85000000000002
 40
49.85000000000002
 40
49.85000000000002
 40
49.85000000000002
 40
50.85000000000002
 40
50.85000000000002
 40
50.85000000000002
 40
60.77000000000001
 40
60.77000000000001
 40
60.77000000000001
 40
69.28
 40
69.28
 40
69.28
 40
79.19999999999999
 40
79.19999999999999
 40
79.19999999999999
 40
80.19999999999999
 40
80.19999999999999
 40
80.19999999999999
 40
81.19999999999999
 40
81.19999999999999
 40
81.19999999999999
 40
82.19999999999999
 40
82.19999999999999
 40
82.19999999999999
 40
83.19999999999999
 40
83.19999999999999
 40
83.19999999999999
 40
83.19999999999999
 10
64.02158194444443
 20
72.25319277777777
 30
0.0
 10
64.02158194444443
 20
70.66569277777776
 30
0.0
 10
62.9314986111111
 20
69.14169277777778
 30
0.0
 10
61.07235972222221
 20
69.38158166666665
 30
0.0
 10
59.0897486111111
 20
69.6920261111111
 30
0.0
 10
55.99588749999999
 20
69.5791372222222
 30
0.0
 10
51.79077638888888
 20
70.93733166666667
 30
0.0
 10
47.26463749999999
 20
72.40841499999999
 30
0.0
 10
42.74202638888889
 20
72.09797055555555
 30
0.0
 10
42.74202638888889
 20
76.78991499999998
 30
0.0
 10
42.74202638888889
 20
76.84635944444443
 30
0.0
 10
43.52166527777777
 20
76.88869277777778
 30
0.0
 10
44.49180416666666
 20
76.88869277777778
 30
0.0
 10
45.45841527777777
 20
76.88869277777778
 30
0.0
 10
46.06519305555555
 20
76.78991499999998
 30
0.0
 10
46.24158194444443
 20
76.78991499999998
 30
0.0
 10
47.40810046296296
 20
76.78991499999998
 30
0.0
 10
48.57461898148148
 20
76.78991499999998
 30
0.0
 10
49.7411375
 20
76.78991499999998
 30
0.0
 10
49.7411375
 20
77.78945203703702
 30
0.0
 10
49.7411375
 20
78.78898907407407
 30
0.0
 10
49.7411375
 20
79.7885261111111
 30
0.0
 10
48.57461898148148
 20
79.7885261111111
 30
0.0
 10
47.40810046296296
 20
79.7885261111111
 30
0.0
 10
46.24158194444443
 20
79.7885261111111
 30
0.0
 10
46.06519305555555
 20
79.7885261111111
 30
0.0
 10
45.45841527777777
 20
79.68974833333333
 30
0.0
 10
44.49180416666666
 20
79.68974833333333
 30
0.0
 10
43.52166527777777
 20
79.68974833333333
 30
0.0
 10
42.74202638888889
 20
79.73560944444444
 30
0.0
 10
42.74202638888889
 20
79.7885261111111
 30
0.0
 10
42.74202638888889
 20
81.44658166666666
 30
0.0
 10
44.08258194444443
 20
82.79066499999999
 30
0.0
 10
45.7406375
 20
82.79066499999999
 30
0.0
 10
54.27785972222222
 20
82.79066499999999
 30
0.0
 10
46.7389986111111
 20
102.2781094444444
 30
0.0
 10
46.7389986111111
 20
126.3587205555555
 30
0.0
 10
46.7389986111111
 20
127.3594335185185
 30
0.0
 10
46.7389986111111
 20
128.3601464814815
 30
0.0
 10
46.7389986111111
 20
129.3608594444444
 30
0.0
 10
46.7389986111111
 20
131.5727761111111
 30
0.0
 10
48.6757486111111
 20
133.3613594444444
 30
0.0
 10
57.73860972222221
 20
133.3613594444444
 30
0.0
 10
59.39666527777776
 20
133.3613594444444
 30
0.0
 10
60.7407486111111
 20
131.018915
 30
0.0
 10
60.7407486111111
 20
129.3608594444444
 30
0.0
 10
60.7407486111111
 20
129.304415
 30
0.0
 10
59.95758194444443
 20
129.2585538888889
 30
0.0
 10
58.99097083333333
 20
129.2585538888889
 30
0.0
 10
58.02435972222221
 20
129.2585538888889
 30
0.0
 10
57.41405416666667
 20
129.3608594444444
 30
0.0
 10
57.24119305555555
 20
129.3608594444444
 30
0.0
 10
56.07467453703703
 20
129.3608594444444
 30
0.0
 10
54.90815601851852
 20
129.3608594444444
 30
0.0
 10
53.7416375
 20
129.3608594444444
 30
0.0
 10
53.7416375
 20
128.3601464814815
 30
0.0
 10
53.7416375
 20
127.3594335185185
 30
0.0
 10
53.7416375
 20
126.3587205555555
 30
0.0
 10
54.90815601851852
 20
126.3587205555555
 30
0.0
 10
56.07467453703703
 20
126.3587205555555
 30
0.0
 10
57.24119305555555
 20
126.3587205555555
 30
0.0
 10
57.41405416666667
 20
126.3587205555555
 30
0.0
 10
58.02435972222221
 20
126.4610261111111
 30
0.0
 10
58.99097083333333
 20
126.4610261111111
 30
0.0
 10
59.95758194444443
 20
126.4610261111111
 30
0.0
 10
60.7407486111111
 20
126.415165
 30
0.0
 10
60.7407486111111
 20
126.3587205555555
 30
0.0
 10
60.7407486111111
 20
119.5994983333333
 30
0.0
 10
57.24119305555555
 20
112.5016094444444
 30
0.0
 10
57.24119305555555
 20
97.93541499999998
 30
0.0
 10
57.24119305555555
 20
85.9797761111111
 30
0.0
 10
64.02158194444443
 20
87.71544277777777
 30
0.0
 10
64.02158194444443
 20
72.25319277777777
 30
0.0
  0
POLYLINE
  5
21C
330
1F
100
AcDbEntity
  8
DEFAULT
 62
   250
100
AcDb2dPolyline
 66
     1
 10
0.0
 20
0.0
 30
0.0
  0
VERTEX
  5
21D
330
21C
100
AcDbEntity
  8
DEFAULT
 62
   250
100
AcDbVertex
100
AcDb2dVertex
 10
23.63688722222222
 20
23.02806333333333
 30
0.0
  0
VERTEX
  5
21E
330
21C
100
AcDbEntity
  8
DEFAULT
 62
   250
100
AcDbVertex
100
AcDb2dVertex
 10
23.63688722222222
 20
21.90376055555555
 30
0.0
  0
VERTEX
  5
21F
330
21C
100
AcDbEntity
  8
DEFAULT
 62
   250
100
AcDbVertex
100
AcDb2dVertex
 10
21.61617611111111
 20
21.90376055555555
 30
0.0
  0
SEQEND
  5
220
330
21C
100
AcDbEntity
  8
DEFAULT
 62
   250
  0
POLYLINE
  5
221
330
1F
100
AcDbEntity
  8
DEFAULT
 62
   250
100
AcDb2dPolyline
 66
     1
 10
0.0
 20
0.0
 30
0.0
  0
VERTEX
  5
222
330
221
100
AcDbEntity
  8
DEFAULT
 62
   250
100
AcDbVertex
100
AcDb2dVertex
 10
19.66429194444444
 20
14.98063777777777
 30
0.0
  0
VERTEX
  5
223
330
221
100
AcDbEntity
  8
DEFAULT
 62
   250
100
AcDbVertex
100
AcDb2dVertex
 10
19.66429194444444
 20
16.02697666666667
 30
0.0
  0
SEQEND
  5
224
330
221
100
AcDbEntity
  8
DEFAULT
 62
   250
  0
POLYLINE
  5
225
330
1F
100
AcDbEntity
  8
DEFAULT
 62
   250
100
AcDb2dPolyline
 66
     1
 10
0.0
 20
0.0
 30
0.0
  0
VERTEX
  5
226
330
225
100
AcDbEntity
  8
DEFAULT
 62
   250
100
AcDbVertex
100
AcDb2dVertex
 10
18.71690722222222
 20
14.89071472222222
 30
0.0
  0
VERTEX
  5
227
330
225
100
AcDbEntity
  8
DEFAULT
 62
   250
100
AcDbVertex
100
AcDb2dVertex
 10
18.71690722222222
 20
16.02701194444444
 30
0.0
  0
VERTEX
  5
228
330
225
100
AcDbEntity
  8
DEFAULT
 62
   250
100
AcDbVertex
100
AcDb2dVertex
 10
20.73797111111111
 20
16.02701194444444
 30
0.0
  0
VERTEX
  5
229
330
225
100
AcDbEntity
  8
DEFAULT
 62
   250
100
AcDbVertex
100
AcDb2dVertex
 10
20.73797111111111
 20
14.9355175
 30
0.0
  0
SEQEND
  5
22A
330
225
100
AcDbEntity
  8
DEFAULT
 62
   250
  0
POLYLINE
  5
22B
330
1F
100
AcDbEntity
  8
DEFAULT
 62
   250
100
AcDb2dPolyline
 66
     1
 10
0.0
 20
0.0
 30
0.0
  0
VERTEX
  5
22C
330
22B
100
AcDbEntity
  8
DEFAULT
 62
   250
100
AcDbVertex
100
AcDb2dVertex
 10
19.66446833333333
 20
28.98482194444444
 30
0.0
  0
VERTEX
  5
22D
330
22B
100
AcDbEntity
  8
DEFAULT
 62
   250
100
AcDbVertex
100
AcDb2dVertex
 10
19.66446833333333
 20
30.03116083333333
 30
0.0
  0
SEQEND
  5
22E
330
22B
100
AcDbEntity
  8
DEFAULT
 62
   250
  0
POLYLINE
  5
22F
330
1F
100
AcDbEntity
  8
DEFAULT
 62
   250
100
AcDb2dPolyline
 66
     1
 10
0.0
 20
0.0
 30
0.0
  0
VERTEX
  5
230
330
22F
100
AcDbEntity
  8
DEFAULT
 62
   250
100
AcDbVertex
100
AcDb2dVertex
 10
18.71711888888889
 20
28.89489888888889
 30
0.0
  0
VERTEX
  5
231
330
22F
100
AcDbEntity
  8
DEFAULT
 62
   250
100
AcDbVertex
100
AcDb2dVertex
 10
18.71711888888889
 20
30.03119611111111
 30
0.0
  0
VERTEX
  5
232
330
22F
100
AcDbEntity
  8
DEFAULT
 62
   250
100
AcDbVertex
100
AcDb2dVertex
 10
20.73818277777777
 20
30.03119611111111
 30
0.0
  0
VERTEX
  5
233
330
22F
100
AcDbEntity
  8
DEFAULT
 62
   250
100
AcDbVertex
100
AcDb2dVertex
 10
20.73818277777777
 20
28.93970166666666
 30
0.0
  0
SEQEND
  5
234
330
22F
100
AcDbEntity
  8
DEFAULT
 62
   250
  0
SPLINE
  5
235
330
1F
100
AcDbEntity
  8
DEFAULT
 62
     1
100
AcDbSpline
210
0.0
220
0.0
230
1.0
 70
    11
 71
     3
 72
    98
 73
    94
 74
     0
 42
0.000000001
 43
0.0000000001
 40
1.0
 40
1.0
 40
1.0
 40
1.0
 40
2.0
 40
2.0
 40
2.0
 40
3.0
 40
3.0
 40
3.0
 40
4.0
 40
4.0
 40
4.0
 40
12.5
 40
12.5
 40
12.5
 40
13.5
 40
13.5
 40
13.5
 40
14.5
 40
14.5
 40
14.5
 40
15.5
 40
15.5
 40
15.5
 40
16.5
 40
16.5
 40
16.5
 40
17.5
 40
17.5
 40
17.5
 40
18.5
 40
18.5
 40
18.5
 40
19.5
 40
19.5
 40
19.5
 40
20.5
 40
20.5
 40
20.5
 40
29.00700287998071
 40
29.00700287998071
 40
29.00700287998071
 40
30.00700287998071
 40
30.00700287998071
 40
30.00700287998071
 40
31.00700287998071
 40
31.00700287998071
 40
31.00700287998071
 40
32.00700287998071
 40
32.00700287998071
 40
32.00700287998071
 40
33.00700287998071
 40
33.00700287998071
 40
33.00700287998071
 40
34.00700287998071
 40
34.00700287998071
 40
34.00700287998071
 40
35.00700287998071
 40
35.00700287998071
 40
35.00700287998071
 40
36.00700287998071
 40
36.00700287998071
 40
36.00700287998071
 40
37.00700287998071
 40
37.00700287998071
 40
37.00700287998071
 40
38.00700287998071
 40
38.00700287998071
 40
38.00700287998071
 40
39.00700287998071
 40
39.00700287998071
 40
39.00700287998071
 40
47.52100293870751
 40
47.52100293870751
 40
47.52100293870751
 40
48.52100293870751
 40
48.52100293870751
 40
48.52100293870751
 40
49.52100293870751
 40
49.52100293870751
 40
49.52100293870751
 40
50.52100293870751
 40
50.52100293870751
 40
50.52100293870751
 40
51.53500293870751
 40
51.53500293870751
 40
51.53500293870751
 40
52.53500293870751
 40
52.53500293870751
 40
52.53500293870751
 40
53.53500293870751
 40
53.53500293870751
 40
53.53500293870751
 40
54.53500293870751
 40
54.53500293870751
 40
54.53500293870751
 40
54.53500293870751
 10
9.68593722222222
 20
13.96043972222222
 30
0.0
 10
9.68593722222222
 20
14.01547305555555
 30
0.0
 10
10.46910388888889
 20
14.06027583333333
 30
0.0
 10
11.43465666666666
 20
14.06274527777778
 30
0.0
 10
12.39985666666667
 20
14.06027583333333
 30
0.0
 10
13.00875111111111
 20
13.96043972222222
 30
0.0
 10
13.18337611111111
 20
13.96043972222222
 30
0.0
 10
14.06108722222222
 20
13.96043972222222
 30
0.0
 10
16.68540111111111
 20
13.96043972222222
 30
0.0
 10
16.68540111111111
 20
13.96043972222222
 30
0.0
 10
16.68540111111111
 20
14.95997675925926
 30
0.0
 10
16.68540111111111
 20
15.95951379629629
 30
0.0
 10
16.68540111111111
 20
16.95905083333333
 30
0.0
 10
16.68540111111111
 20
16.95905083333333
 30
0.0
 10
14.05897055555555
 20
16.9611675
 30
0.0
 10
13.18584555555556
 20
16.9611675
 30
0.0
 10
13.01122055555555
 20
16.96152027777778
 30
0.0
 10
12.40232611111111
 20
16.86168416666666
 30
0.0
 10
11.43465666666666
 20
16.86168416666666
 30
0.0
 10
10.46663444444444
 20
16.86168416666666
 30
0.0
 10
9.68593722222222
 20
16.9040175
 30
0.0
 10
9.683467777777777
 20
16.96152027777778
 30
0.0
 10
9.68593722222222
 20
20.00246472222222
 30
0.0
 10
10.84587055555556
 20
20.74329805555555
 30
0.0
 10
10.84834
 20
22.46203138888889
 30
0.0
 10
10.84587055555556
 20
24.18041194444444
 30
0.0
 10
9.68593722222222
 20
24.92159805555555
 30
0.0
 10
9.683467777777777
 20
27.96218972222222
 30
0.0
 10
9.683467777777777
 20
28.01722305555555
 30
0.0
 10
10.46698722222222
 20
28.06202583333333
 30
0.0
 10
11.43465666666666
 20
28.06202583333333
 30
0.0
 10
12.40267888888889
 20
28.06202583333333
 30
0.0
 10
13.01122055555555
 20
27.96218972222222
 30
0.0
 10
13.18584555555556
 20
27.96218972222222
 30
0.0
 10
14.05897055555555
 20
27.96218972222222
 30
0.0
 10
16.68328444444444
 20
27.96218972222222
 30
0.0
 10
16.68328444444444
 20
27.96218972222222
 30
0.0
 10
16.68410759259259
 20
28.96254990740741
 30
0.0
 10
16.68493074074074
 20
29.96291009259259
 30
0.0
 10
16.68575388888889
 20
30.96327027777778
 30
0.0
 10
16.68575388888889
 20
30.96327027777778
 30
0.0
 10
14.06144
 20
30.96327027777778
 30
0.0
 10
13.18337611111111
 20
30.96327027777778
 30
0.0
 10
13.01122055555555
 20
30.96044805555555
 30
0.0
 10
12.40267888888889
 20
30.86096472222221
 30
0.0
 10
11.43465666666666
 20
30.86096472222221
 30
0.0
 10
10.46663444444444
 20
30.86096472222221
 30
0.0
 10
9.68593722222222
 20
30.90823694444444
 30
0.0
 10
9.68593722222222
 20
30.96327027777778
 30
0.0
 10
9.68593722222222
 20
32.61956194444444
 30
0.0
 10
11.02825666666667
 20
33.96152861111111
 30
0.0
 10
12.68454833333333
 20
33.96152861111111
 30
0.0
 10
16.85014833333333
 20
33.96152861111111
 30
0.0
 10
21.65956777777777
 20
33.1282675
 30
0.0
 10
23.919815
 20
31.37707861111111
 30
0.0
 10
26.17724
 20
29.62835916666666
 30
0.0
 10
25.88796222222222
 20
26.96418138888889
 30
0.0
 10
29.66691777777778
 20
26.96665083333333
 30
0.0
 10
31.32356222222222
 20
26.96665083333333
 30
0.0
 10
32.66552888888889
 20
25.62468416666666
 30
0.0
 10
32.66799833333333
 20
23.96592305555555
 30
0.0
 10
32.66799833333333
 20
23.91088972222222
 30
0.0
 10
31.88730111111111
 20
23.8636175
 30
0.0
 10
30.91927888888889
 20
23.8636175
 30
0.0
 10
29.95125666666667
 20
23.8636175
 30
0.0
 10
29.34271499999999
 20
23.96345361111111
 30
0.0
 10
29.16809
 20
23.96345361111111
 30
0.0
 10
28.29249555555555
 20
23.96592305555555
 30
0.0
 10
25.66818166666666
 20
23.96592305555555
 30
0.0
 10
25.66818166666666
 20
23.96592305555555
 30
0.0
 10
25.66829925925925
 20
22.96473972222222
 30
0.0
 10
25.66841685185184
 20
21.96355638888889
 30
0.0
 10
25.66853444444444
 20
20.96237305555555
 30
0.0
 10
25.66853444444444
 20
20.96237305555555
 30
0.0
 10
28.29496499999999
 20
20.9648425
 30
0.0
 10
29.16809
 20
20.9648425
 30
0.0
 10
29.34271499999999
 20
20.9648425
 30
0.0
 10
29.95160944444444
 20
21.06467861111111
 30
0.0
 10
30.91927888888889
 20
21.06467861111111
 30
0.0
 10
31.88730111111111
 20
21.06467861111111
 30
0.0
 10
32.67046777777777
 20
21.01987583333333
 30
0.0
 10
32.67046777777777
 20
20.9648425
 30
0.0
 10
32.66799833333333
 20
19.30608138888888
 30
0.0
 10
31.32603166666666
 20
17.96411472222222
 30
0.0
 10
29.66444833333333
 20
17.96411472222222
 30
0.0
 10
25.88514
 20
17.96164527777777
 30
0.0
 10
26.17477055555555
 20
15.2974675
 30
0.0
 10
23.919815
 20
13.54627861111111
 30
0.0
 10
21.65956777777777
 20
11.79508972222222
 30
0.0
 10
16.85014833333333
 20
10.96218138888889
 30
0.0
 10
12.68419555555555
 20
10.96218138888889
 30
0.0
 10
11.02543444444444
 20
10.95971194444444
 30
0.0
 10
9.683467777777777
 20
12.30167861111111
 30
0.0
 10
9.68593722222222
 20
13.96043972222222
 30
0.0
  0
POLYLINE
  5
236
330
1F
100
AcDbEntity
  8
DEFAULT
 62
   250
100
AcDb2dPolyline
 66
     1
 10
0.0
 20
0.0
 30
0.0
  0
VERTEX
  5
237
330
236
100
AcDbEntity
  8
DEFAULT
 62
   250
100
AcDbVertex
100
AcDb2dVertex
 10
276.90318
 20
21.89296555555555
 30
0.0
  0
VERTEX
  5
238
330
236
100
AcDbEntity
  8
DEFAULT
 62
   250
100
AcDbVertex
100
AcDb2dVertex
 10
276.90318
 20
23.01726833333333
 30
0.0
  0
VERTEX
  5
239
330
236
100
AcDbEntity
  8
DEFAULT
 62
   250
100
AcDbVertex
100
AcDb2dVertex
 10
278.9238911111111
 20
23.01726833333333
 30
0.0
  0
SEQEND
  5
23A
330
236
100
AcDbEntity
  8
DEFAULT
 62
   250
  0
POLYLINE
  5
23B
330
1F
100
AcDbEntity
  8
DEFAULT
 62
   250
100
AcDb2dPolyline
 66
     1
 10
0.0
 20
0.0
 30
0.0
  0
VERTEX
  5
23C
330
23B
100
AcDbEntity
  8
DEFAULT
 62
   250
100
AcDbVertex
100
AcDb2dVertex
 10
280.87574
 20
29.94039111111111
 30
0.0
  0
VERTEX
  5
23D
330
23B
100
AcDbEntity
  8
DEFAULT
 62
   250
100
AcDbVertex
100
AcDb2dVertex
 10
280.87574
 20
28.89405222222222
 30
0.0
  0
SEQEND
  5
23E
330
23B
100
AcDbEntity
  8
DEFAULT
 62
   250
  0
POLYLINE
  5
23F
330
1F
100
AcDbEntity
  8
DEFAULT
 62
   250
100
AcDb2dPolyline
 66
     1
 10
0.0
 20
0.0
 30
0.0
  0
VERTEX
  5
240
330
23F
100
AcDbEntity
  8
DEFAULT
 62
   250
100
AcDbVertex
100
AcDb2dVertex
 10
281.8231247222222
 20
30.03031416666666
 30
0.0
  0
VERTEX
  5
241
330
23F
100
AcDbEntity
  8
DEFAULT
 62
   250
100
AcDbVertex
100
AcDb2dVertex
 10
281.8231247222222
 20
28.89401694444444
 30
0.0
  0
VERTEX
  5
242
330
23F
100
AcDbEntity
  8
DEFAULT
 62
   250
100
AcDbVertex
100
AcDb2dVertex
 10
279.8024136111111
 20
28.89401694444444
 30
0.0
  0
VERTEX
  5
243
330
23F
100
AcDbEntity
  8
DEFAULT
 62
   250
100
AcDbVertex
100
AcDb2dVertex
 10
279.8024136111111
 20
29.98551138888889
 30
0.0
  0
SEQEND
  5
244
330
23F
100
AcDbEntity
  8
DEFAULT
 62
   250
  0
POLYLINE
  5
245
330
1F
100
AcDbEntity
  8
DEFAULT
 62
   250
100
AcDb2dPolyline
 66
     1
 10
0.0
 20
0.0
 30
0.0
  0
VERTEX
  5
246
330
245
100
AcDbEntity
  8
DEFAULT
 62
   250
100
AcDbVertex
100
AcDb2dVertex
 10
280.8755636111111
 20
15.93620694444444
 30
0.0
  0
VERTEX
  5
247
330
245
100
AcDbEntity
  8
DEFAULT
 62
   250
100
AcDbVertex
100
AcDb2dVertex
 10
280.8755636111111
 20
14.88986805555555
 30
0.0
  0
SEQEND
  5
248
330
245
100
AcDbEntity
  8
DEFAULT
 62
   250
  0
POLYLINE
  5
249
330
1F
100
AcDbEntity
  8
DEFAULT
 62
   250
100
AcDb2dPolyline
 66
     1
 10
0.0
 20
0.0
 30
0.0
  0
VERTEX
  5
24A
330
249
100
AcDbEntity
  8
DEFAULT
 62
   250
100
AcDbVertex
100
AcDb2dVertex
 10
281.8229483333333
 20
16.02613
 30
0.0
  0
VERTEX
  5
24B
330
249
100
AcDbEntity
  8
DEFAULT
 62
   250
100
AcDbVertex
100
AcDb2dVertex
 10
281.8229483333333
 20
14.88983277777778
 30
0.0
  0
VERTEX
  5
24C
330
249
100
AcDbEntity
  8
DEFAULT
 62
   250
100
AcDbVertex
100
AcDb2dVertex
 10
279.8022372222222
 20
14.88983277777778
 30
0.0
  0
VERTEX
  5
24D
330
249
100
AcDbEntity
  8
DEFAULT
 62
   250
100
AcDbVertex
100
AcDb2dVertex
 10
279.8022372222222
 20
15.98132722222222
 30
0.0
  0
SEQEND
  5
24E
330
249
100
AcDbEntity
  8
DEFAULT
 62
   250
  0
SPLINE
  5
24F
330
1F
100
AcDbEntity
  8
DEFAULT
 62
     1
100
AcDbSpline
210
0.0
220
0.0
230
1.0
 70
    11
 71
     3
 72
    98
 73
    94
 74
     0
 42
0.000000001
 43
0.0000000001
 40
1.0
 40
1.0
 40
1.0
 40
1.0
 40
2.0
 40
2.0
 40
2.0
 40
3.0
 40
3.0
 40
3.0
 40
4.0
 40
4.0
 40
4.0
 40
12.5
 40
12.5
 40
12.5
 40
13.5
 40
13.5
 40
13.5
 40
14.5
 40
14.5
 40
14.5
 40
15.5
 40
15.5
 40
15.5
 40
16.5
 40
16.5
 40
16.5
 40
17.5
 40
17.5
 40
17.5
 40
18.5
 40
18.5
 40
18.5
 40
19.5
 40
19.5
 40
19.5
 40
20.5
 40
20.5
 40
20.5
 40
29.00700287998071
 40
29.00700287998071
 40
29.00700287998071
 40
30.00700287998071
 40
30.00700287998071
 40
30.00700287998071
 40
31.00700287998071
 40
31.00700287998071
 40
31.00700287998071
 40
32.00700287998071
 40
32.00700287998071
 40
32.00700287998071
 40
33.00700287998071
 40
33.00700287998071
 40
33.00700287998071
 40
34.00700287998071
 40
34.00700287998071
 40
34.00700287998071
 40
35.00700287998071
 40
35.00700287998071
 40
35.00700287998071
 40
36.00700287998071
 40
36.00700287998071
 40
36.00700287998071
 40
37.00700287998071
 40
37.00700287998071
 40
37.00700287998071
 40
38.00700287998071
 40
38.00700287998071
 40
38.00700287998071
 40
39.00700287998071
 40
39.00700287998071
 40
39.00700287998071
 40
47.52100293870751
 40
47.52100293870751
 40
47.52100293870751
 40
48.52100293870751
 40
48.52100293870751
 40
48.52100293870751
 40
49.52100293870751
 40
49.52100293870751
 40
49.52100293870751
 40
50.52100293870751
 40
50.52100293870751
 40
50.52100293870751
 40
51.53500293870752
 40
51.53500293870752
 40
51.53500293870752
 40
52.53500293870752
 40
52.53500293870752
 40
52.53500293870752
 40
53.53500293870752
 40
53.53500293870752
 40
53.53500293870752
 40
54.53500293870752
 40
54.53500293870752
 40
54.53500293870752
 40
54.53500293870752
 10
290.8540947222222
 20
30.96058916666666
 30
0.0
 10
290.8540947222222
 20
30.90555583333333
 30
0.0
 10
290.0709280555555
 20
30.86075305555555
 30
0.0
 10
289.1053752777777
 20
30.8582836111111
 30
0.0
 10
288.1401752777778
 20
30.86075305555555
 30
0.0
 10
287.5316336111111
 20
30.96058916666666
 30
0.0
 10
287.3570086111111
 20
30.96058916666666
 30
0.0
 10
286.4789447222222
 20
30.96058916666666
 30
0.0
 10
283.8546308333333
 20
30.96058916666666
 30
0.0
 10
283.8546308333333
 20
30.96058916666666
 30
0.0
 10
283.8546308333333
 20
29.96105212962962
 30
0.0
 10
283.8546308333333
 20
28.96151509259259
 30
0.0
 10
283.8546308333333
 20
27.96197805555555
 30
0.0
 10
283.8546308333333
 20
27.96197805555555
 30
0.0
 10
286.4810613888889
 20
27.95986138888889
 30
0.0
 10
287.3541863888888
 20
27.95986138888889
 30
0.0
 10
287.5288113888889
 20
27.9595086111111
 30
0.0
 10
288.1377058333333
 20
28.05934472222222
 30
0.0
 10
289.1053752777777
 20
28.05934472222222
 30
0.0
 10
290.0733975
 20
28.05934472222222
 30
0.0
 10
290.8540947222222
 20
28.01701138888889
 30
0.0
 10
290.8565641666666
 20
27.9595086111111
 30
0.0
 10
290.8540947222222
 20
24.91891694444444
 30
0.0
 10
289.6941613888889
 20
24.17773083333333
 30
0.0
 10
289.6916919444444
 20
22.4589975
 30
0.0
 10
289.6941613888889
 20
20.74061694444444
 30
0.0
 10
290.8540947222222
 20
19.99978361111111
 30
0.0
 10
290.8565641666666
 20
16.95883916666666
 30
0.0
 10
290.8565641666666
 20
16.90380583333333
 30
0.0
 10
290.0730447222222
 20
16.85900305555555
 30
0.0
 10
289.1053752777777
 20
16.85900305555555
 30
0.0
 10
288.1373530555555
 20
16.85900305555555
 30
0.0
 10
287.5288113888889
 20
16.95883916666666
 30
0.0
 10
287.3541863888888
 20
16.95883916666666
 30
0.0
 10
286.4810613888889
 20
16.95883916666666
 30
0.0
 10
283.8567475
 20
16.95883916666666
 30
0.0
 10
283.8567475
 20
16.95883916666666
 30
0.0
 10
283.8559243518519
 20
15.95847898148148
 30
0.0
 10
283.8551012037037
 20
14.95811879629629
 30
0.0
 10
283.8542780555555
 20
13.95775861111111
 30
0.0
 10
283.8542780555555
 20
13.95775861111111
 30
0.0
 10
286.4785919444444
 20
13.95775861111111
 30
0.0
 10
287.3566558333333
 20
13.95775861111111
 30
0.0
 10
287.5288113888889
 20
13.96058083333333
 30
0.0
 10
288.1373530555555
 20
14.06006416666667
 30
0.0
 10
289.1053752777777
 20
14.06006416666667
 30
0.0
 10
290.0733975
 20
14.06006416666667
 30
0.0
 10
290.8540947222222
 20
14.01279194444444
 30
0.0
 10
290.8540947222222
 20
13.95775861111111
 30
0.0
 10
290.8540947222222
 20
12.30146694444444
 30
0.0
 10
289.5117752777778
 20
10.95950027777778
 30
0.0
 10
287.8554836111111
 20
10.95950027777778
 30
0.0
 10
283.6898836111111
 20
10.95950027777778
 30
0.0
 10
278.8804641666666
 20
11.79276138888889
 30
0.0
 10
276.6202169444445
 20
13.54395027777778
 30
0.0
 10
274.3627919444444
 20
15.29266972222222
 30
0.0
 10
274.6520697222222
 20
17.9568475
 30
0.0
 10
270.8731141666667
 20
17.95437805555555
 30
0.0
 10
269.2164697222222
 20
17.95437805555555
 30
0.0
 10
267.8745030555555
 20
19.29634472222222
 30
0.0
 10
267.8720336111111
 20
20.95510583333333
 30
0.0
 10
267.8720336111111
 20
21.01013916666666
 30
0.0
 10
268.6527308333333
 20
21.05741138888888
 30
0.0
 10
269.6207530555556
 20
21.05741138888888
 30
0.0
 10
270.5887752777778
 20
21.05741138888888
 30
0.0
 10
271.1973169444444
 20
20.95757527777777
 30
0.0
 10
271.3719419444444
 20
20.95757527777777
 30
0.0
 10
272.2475363888888
 20
20.95510583333333
 30
0.0
 10
274.8718502777778
 20
20.95510583333333
 30
0.0
 10
274.8718502777778
 20
20.95510583333333
 30
0.0
 10
274.8717326851851
 20
21.95628916666666
 30
0.0
 10
274.8716150925925
 20
22.95747249999999
 30
0.0
 10
274.8714975
 20
23.95865583333333
 30
0.0
 10
274.8714975
 20
23.95865583333333
 30
0.0
 10
272.2450669444444
 20
23.95618638888888
 30
0.0
 10
271.3719419444444
 20
23.95618638888888
 30
0.0
 10
271.1973169444444
 20
23.95618638888888
 30
0.0
 10
270.5887752777778
 20
23.85635027777777
 30
0.0
 10
269.6207530555556
 20
23.85635027777777
 30
0.0
 10
268.6530836111111
 20
23.85635027777777
 30
0.0
 10
267.8695641666666
 20
23.90115305555555
 30
0.0
 10
267.8695641666666
 20
23.95618638888888
 30
0.0
 10
267.8720336111111
 20
25.6149475
 30
0.0
 10
269.2143530555555
 20
26.95691416666666
 30
0.0
 10
270.8755836111111
 20
26.95691416666666
 30
0.0
 10
274.6548919444444
 20
26.95938361111111
 30
0.0
 10
274.3652613888889
 20
29.62356138888888
 30
0.0
 10
276.6205697222222
 20
31.37475027777777
 30
0.0
 10
278.8804641666666
 20
33.12593916666666
 30
0.0
 10
283.6898836111111
 20
33.9588475
 30
0.0
 10
287.8558363888889
 20
33.9588475
 30
0.0
 10
289.5145975
 20
33.96131694444444
 30
0.0
 10
290.8565641666666
 20
32.61935027777777
 30
0.0
 10
290.8540947222222
 20
30.96058916666666
 30
0.0
  0
POLYLINE
  5
250
330
1F
100
AcDbEntity
  8
DEFAULT
 62
   250
100
AcDb2dPolyline
 66
     1
 10
0.0
 20
0.0
 30
0.0
  0
VERTEX
  5
251
330
250
100
AcDbEntity
  8
DEFAULT
 62
   250
100
AcDbVertex
100
AcDb2dVertex
 10
248.8840872222222
 20
21.89296555555555
 30
0.0
  0
VERTEX
  5
252
330
250
100
AcDbEntity
  8
DEFAULT
 62
   250
100
AcDbVertex
100
AcDb2dVertex
 10
248.8840872222222
 20
23.01726833333333
 30
0.0
  0
VERTEX
  5
253
330
250
100
AcDbEntity
  8
DEFAULT
 62
   250
100
AcDbVertex
100
AcDb2dVertex
 10
250.9047983333333
 20
23.01726833333333
 30
0.0
  0
SEQEND
  5
254
330
250
100
AcDbEntity
  8
DEFAULT
 62
   250
  0
POLYLINE
  5
255
330
1F
100
AcDbEntity
  8
DEFAULT
 62
   250
100
AcDb2dPolyline
 66
     1
 10
0.0
 20
0.0
 30
0.0
  0
VERTEX
  5
256
330
255
100
AcDbEntity
  8
DEFAULT
 62
   250
100
AcDbVertex
100
AcDb2dVertex
 10
252.8566472222222
 20
29.94039111111111
 30
0.0
  0
VERTEX
  5
257
330
255
100
AcDbEntity
  8
DEFAULT
 62
   250
100
AcDbVertex
100
AcDb2dVertex
 10
252.8566472222222
 20
28.89405222222222
 30
0.0
  0
SEQEND
  5
258
330
255
100
AcDbEntity
  8
DEFAULT
 62
   250
  0
POLYLINE
  5
259
330
1F
100
AcDbEntity
  8
DEFAULT
 62
   250
100
AcDb2dPolyline
 66
     1
 10
0.0
 20
0.0
 30
0.0
  0
VERTEX
  5
25A
330
259
100
AcDbEntity
  8
DEFAULT
 62
   250
100
AcDbVertex
100
AcDb2dVertex
 10
253.8040319444444
 20
30.03031416666666
 30
0.0
  0
VERTEX
  5
25B
330
259
100
AcDbEntity
  8
DEFAULT
 62
   250
100
AcDbVertex
100
AcDb2dVertex
 10
253.8040319444444
 20
28.89401694444444
 30
0.0
  0
VERTEX
  5
25C
330
259
100
AcDbEntity
  8
DEFAULT
 62
   250
100
AcDbVertex
100
AcDb2dVertex
 10
251.7833208333333
 20
28.89401694444444
 30
0.0
  0
VERTEX
  5
25D
330
259
100
AcDbEntity
  8
DEFAULT
 62
   250
100
AcDbVertex
100
AcDb2dVertex
 10
251.7833208333333
 20
29.98551138888889
 30
0.0
  0
SEQEND
  5
25E
330
259
100
AcDbEntity
  8
DEFAULT
 62
   250
  0
POLYLINE
  5
25F
330
1F
100
AcDbEntity
  8
DEFAULT
 62
   250
100
AcDb2dPolyline
 66
     1
 10
0.0
 20
0.0
 30
0.0
  0
VERTEX
  5
260
330
25F
100
AcDbEntity
  8
DEFAULT
 62
   250
100
AcDbVertex
100
AcDb2dVertex
 10
252.8564708333333
 20
15.93620694444444
 30
0.0
  0
VERTEX
  5
261
330
25F
100
AcDbEntity
  8
DEFAULT
 62
   250
100
AcDbVertex
100
AcDb2dVertex
 10
252.8564708333333
 20
14.88986805555555
 30
0.0
  0
SEQEND
  5
262
330
25F
100
AcDbEntity
  8
DEFAULT
 62
   250
  0
POLYLINE
  5
263
330
1F
100
AcDbEntity
  8
DEFAULT
 62
   250
100
AcDb2dPolyline
 66
     1
 10
0.0
 20
0.0
 30
0.0
  0
VERTEX
  5
264
330
263
100
AcDbEntity
  8
DEFAULT
 62
   250
100
AcDbVertex
100
AcDb2dVertex
 10
253.8038555555555
 20
16.02613
 30
0.0
  0
VERTEX
  5
265
330
263
100
AcDbEntity
  8
DEFAULT
 62
   250
100
AcDbVertex
100
AcDb2dVertex
 10
253.8038555555555
 20
14.88983277777778
 30
0.0
  0
VERTEX
  5
266
330
263
100
AcDbEntity
  8
DEFAULT
 62
   250
100
AcDbVertex
100
AcDb2dVertex
 10
251.7827916666666
 20
14.88983277777778
 30
0.0
  0
VERTEX
  5
267
330
263
100
AcDbEntity
  8
DEFAULT
 62
   250
100
AcDbVertex
100
AcDb2dVertex
 10
251.7827916666666
 20
15.98132722222222
 30
0.0
  0
SEQEND
  5
268
330
263
100
AcDbEntity
  8
DEFAULT
 62
   250
  0
SPLINE
  5
269
330
1F
100
AcDbEntity
  8
DEFAULT
 62
     1
100
AcDbSpline
210
0.0
220
0.0
230
1.0
 70
    11
 71
     3
 72
    98
 73
    94
 74
     0
 42
0.000000001
 43
0.0000000001
 40
1.0
 40
1.0
 40
1.0
 40
1.0
 40
2.0
 40
2.0
 40
2.0
 40
3.0
 40
3.0
 40
3.0
 40
4.0
 40
4.0
 40
4.0
 40
12.5
 40
12.5
 40
12.5
 40
13.5
 40
13.5
 40
13.5
 40
14.5
 40
14.5
 40
14.5
 40
15.5
 40
15.5
 40
15.5
 40
16.5
 40
16.5
 40
16.5
 40
17.5
 40
17.5
 40
17.5
 40
18.5
 40
18.5
 40
18.5
 40
19.5
 40
19.5
 40
19.5
 40
20.5
 40
20.5
 40
20.5
 40
29.00700287998071
 40
29.00700287998071
 40
29.00700287998071
 40
30.00700287998071
 40
30.00700287998071
 40
30.00700287998071
 40
31.00700287998071
 40
31.00700287998071
 40
31.00700287998071
 40
32.00700287998071
 40
32.00700287998071
 40
32.00700287998071
 40
33.00700287998071
 40
33.00700287998071
 40
33.00700287998071
 40
34.00700287998071
 40
34.00700287998071
 40
34.00700287998071
 40
35.00700287998071
 40
35.00700287998071
 40
35.00700287998071
 40
36.00700287998071
 40
36.00700287998071
 40
36.00700287998071
 40
37.00700287998071
 40
37.00700287998071
 40
37.00700287998071
 40
38.00700287998071
 40
38.00700287998071
 40
38.00700287998071
 40
39.00700287998071
 40
39.00700287998071
 40
39.00700287998071
 40
47.52100293870751
 40
47.52100293870751
 40
47.52100293870751
 40
48.52100293870751
 40
48.52100293870751
 40
48.52100293870751
 40
49.52100293870751
 40
49.52100293870751
 40
49.52100293870751
 40
50.52100293870751
 40
50.52100293870751
 40
50.52100293870751
 40
51.53500293870752
 40
51.53500293870752
 40
51.53500293870752
 40
52.53500293870752
 40
52.53500293870752
 40
52.53500293870752
 40
53.53500293870752
 40
53.53500293870752
 40
53.53500293870752
 40
54.53500293870752
 40
54.53500293870752
 40
54.53500293870752
 40
54.53500293870752
 10
262.8350019444444
 20
30.96058916666666
 30
0.0
 10
262.8350019444444
 20
30.90555583333333
 30
0.0
 10
262.0518352777777
 20
30.86075305555555
 30
0.0
 10
261.0862825
 20
30.8582836111111
 30
0.0
 10
260.1210824999999
 20
30.86075305555555
 30
0.0
 10
259.5125408333333
 20
30.96058916666666
 30
0.0
 10
259.3375630555555
 20
30.96058916666666
 30
0.0
 10
258.4598519444444
 20
30.96058916666666
 30
0.0
 10
255.8355380555555
 20
30.96058916666666
 30
0.0
 10
255.8355380555555
 20
30.96058916666666
 30
0.0
 10
255.8355380555555
 20
29.96105212962962
 30
0.0
 10
255.8355380555555
 20
28.96151509259259
 30
0.0
 10
255.8355380555555
 20
27.96197805555555
 30
0.0
 10
255.8355380555555
 20
27.96197805555555
 30
0.0
 10
258.4619686111111
 20
27.95986138888889
 30
0.0
 10
259.3350936111111
 20
27.95986138888889
 30
0.0
 10
259.5097186111111
 20
27.9595086111111
 30
0.0
 10
260.1186130555555
 20
28.05934472222222
 30
0.0
 10
261.0862825
 20
28.05934472222222
 30
0.0
 10
262.0543047222222
 20
28.05934472222222
 30
0.0
 10
262.8350019444444
 20
28.01701138888889
 30
0.0
 10
262.8374713888888
 20
27.9595086111111
 30
0.0
 10
262.8350019444444
 20
24.91891694444444
 30
0.0
 10
261.675068611111
 20
24.17773083333333
 30
0.0
 10
261.6725991666667
 20
22.4589975
 30
0.0
 10
261.675068611111
 20
20.74061694444444
 30
0.0
 10
262.8350019444444
 20
19.99978361111111
 30
0.0
 10
262.8374713888888
 20
16.95883916666666
 30
0.0
 10
262.8374713888888
 20
16.90380583333333
 30
0.0
 10
262.0539519444444
 20
16.85900305555555
 30
0.0
 10
261.0862825
 20
16.85900305555555
 30
0.0
 10
260.1182602777777
 20
16.85900305555555
 30
0.0
 10
259.5097186111111
 20
16.95883916666666
 30
0.0
 10
259.3350936111111
 20
16.95883916666666
 30
0.0
 10
258.4619686111111
 20
16.95883916666666
 30
0.0
 10
255.8376547222222
 20
16.95883916666666
 30
0.0
 10
255.8376547222222
 20
16.95883916666666
 30
0.0
 10
255.836831574074
 20
15.95847898148148
 30
0.0
 10
255.8360084259259
 20
14.95811879629629
 30
0.0
 10
255.8351852777778
 20
13.95775861111111
 30
0.0
 10
255.8351852777778
 20
13.95775861111111
 30
0.0
 10
258.4594991666666
 20
13.95775861111111
 30
0.0
 10
259.3375630555555
 20
13.95775861111111
 30
0.0
 10
259.5097186111111
 20
13.96058083333333
 30
0.0
 10
260.1182602777777
 20
14.06006416666667
 30
0.0
 10
261.0862825
 20
14.06006416666667
 30
0.0
 10
262.0543047222222
 20
14.06006416666667
 30
0.0
 10
262.8350019444444
 20
14.01279194444444
 30
0.0
 10
262.8350019444444
 20
13.95775861111111
 30
0.0
 10
262.8350019444444
 20
12.30146694444444
 30
0.0
 10
261.4926825
 20
10.95950027777778
 30
0.0
 10
259.8363908333333
 20
10.95950027777778
 30
0.0
 10
255.6707908333333
 20
10.95950027777778
 30
0.0
 10
250.8613713888888
 20
11.79276138888889
 30
0.0
 10
248.6011241666666
 20
13.54395027777778
 30
0.0
 10
246.3436991666667
 20
15.29266972222222
 30
0.0
 10
246.6329769444444
 20
17.9568475
 30
0.0
 10
242.8540213888888
 20
17.95437805555555
 30
0.0
 10
241.1973769444444
 20
17.95437805555555
 30
0.0
 10
239.8554102777777
 20
19.29634472222222
 30
0.0
 10
239.8529408333333
 20
20.95510583333333
 30
0.0
 10
239.8529408333333
 20
21.01013916666666
 30
0.0
 10
240.6336380555555
 20
21.05741138888888
 30
0.0
 10
241.6016602777777
 20
21.05741138888888
 30
0.0
 10
242.5696824999999
 20
21.05741138888888
 30
0.0
 10
243.1782241666666
 20
20.95757527777777
 30
0.0
 10
243.3528491666666
 20
20.95757527777777
 30
0.0
 10
244.2284436111111
 20
20.95510583333333
 30
0.0
 10
246.8527575
 20
20.95510583333333
 30
0.0
 10
246.8527575
 20
20.95510583333333
 30
0.0
 10
246.8526399074074
 20
21.95628916666666
 30
0.0
 10
246.8525223148148
 20
22.95747249999999
 30
0.0
 10
246.8524047222222
 20
23.95865583333333
 30
0.0
 10
246.8524047222222
 20
23.95865583333333
 30
0.0
 10
244.2259741666666
 20
23.95618638888888
 30
0.0
 10
243.3528491666666
 20
23.95618638888888
 30
0.0
 10
243.1782241666666
 20
23.95618638888888
 30
0.0
 10
242.5696824999999
 20
23.85635027777777
 30
0.0
 10
241.6016602777777
 20
23.85635027777777
 30
0.0
 10
240.6339908333333
 20
23.85635027777777
 30
0.0
 10
239.8504713888888
 20
23.90115305555555
 30
0.0
 10
239.8504713888888
 20
23.95618638888888
 30
0.0
 10
239.8529408333333
 20
25.6149475
 30
0.0
 10
241.1952602777777
 20
26.95691416666666
 30
0.0
 10
242.8564908333333
 20
26.95691416666666
 30
0.0
 10
246.6357991666666
 20
26.95938361111111
 30
0.0
 10
246.3461686111111
 20
29.62356138888888
 30
0.0
 10
248.6014769444444
 20
31.37475027777777
 30
0.0
 10
250.8613713888888
 20
33.12593916666666
 30
0.0
 10
255.6707908333333
 20
33.9588475
 30
0.0
 10
259.836743611111
 20
33.9588475
 30
0.0
 10
261.4955047222222
 20
33.96131694444444
 30
0.0
 10
262.8374713888888
 20
32.61935027777777
 30
0.0
 10
262.8350019444444
 20
30.96058916666666
 30
0.0
  0
POLYLINE
  5
26A
330
1F
100
AcDbEntity
  8
DEFAULT
 62
   250
100
AcDb2dPolyline
 66
     1
 10
0.0
 20
0.0
 30
0.0
  0
VERTEX
  5
26B
330
26A
100
AcDbEntity
  8
DEFAULT
 62
   250
100
AcDbVertex
100
AcDb2dVertex
 10
51.65841416666666
 20
23.02806333333333
 30
0.0
  0
VERTEX
  5
26C
330
26A
100
AcDbEntity
  8
DEFAULT
 62
   250
100
AcDbVertex
100
AcDb2dVertex
 10
51.65841416666666
 20
21.90376055555555
 30
0.0
  0
VERTEX
  5
26D
330
26A
100
AcDbEntity
  8
DEFAULT
 62
   250
100
AcDbVertex
100
AcDb2dVertex
 10
49.63770305555555
 20
21.90376055555555
 30
0.0
  0
SEQEND
  5
26E
330
26A
100
AcDbEntity
  8
DEFAULT
 62
   250
  0
POLYLINE
  5
26F
330
1F
100
AcDbEntity
  8
DEFAULT
 62
   250
100
AcDb2dPolyline
 66
     1
 10
0.0
 20
0.0
 30
0.0
  0
VERTEX
  5
270
330
26F
100
AcDbEntity
  8
DEFAULT
 62
   250
100
AcDbVertex
100
AcDb2dVertex
 10
47.68581888888889
 20
14.98063777777777
 30
0.0
  0
VERTEX
  5
271
330
26F
100
AcDbEntity
  8
DEFAULT
 62
   250
100
AcDbVertex
100
AcDb2dVertex
 10
47.68581888888889
 20
16.02697666666667
 30
0.0
  0
SEQEND
  5
272
330
26F
100
AcDbEntity
  8
DEFAULT
 62
   250
  0
POLYLINE
  5
273
330
1F
100
AcDbEntity
  8
DEFAULT
 62
   250
100
AcDb2dPolyline
 66
     1
 10
0.0
 20
0.0
 30
0.0
  0
VERTEX
  5
274
330
273
100
AcDbEntity
  8
DEFAULT
 62
   250
100
AcDbVertex
100
AcDb2dVertex
 10
46.73843416666666
 20
14.89071472222222
 30
0.0
  0
VERTEX
  5
275
330
273
100
AcDbEntity
  8
DEFAULT
 62
   250
100
AcDbVertex
100
AcDb2dVertex
 10
46.73843416666666
 20
16.02701194444444
 30
0.0
  0
VERTEX
  5
276
330
273
100
AcDbEntity
  8
DEFAULT
 62
   250
100
AcDbVertex
100
AcDb2dVertex
 10
48.75949805555555
 20
16.02701194444444
 30
0.0
  0
VERTEX
  5
277
330
273
100
AcDbEntity
  8
DEFAULT
 62
   250
100
AcDbVertex
100
AcDb2dVertex
 10
48.75949805555555
 20
14.9355175
 30
0.0
  0
SEQEND
  5
278
330
273
100
AcDbEntity
  8
DEFAULT
 62
   250
  0
POLYLINE
  5
279
330
1F
100
AcDbEntity
  8
DEFAULT
 62
   250
100
AcDb2dPolyline
 66
     1
 10
0.0
 20
0.0
 30
0.0
  0
VERTEX
  5
27A
330
279
100
AcDbEntity
  8
DEFAULT
 62
   250
100
AcDbVertex
100
AcDb2dVertex
 10
47.68599527777777
 20
28.98482194444444
 30
0.0
  0
VERTEX
  5
27B
330
279
100
AcDbEntity
  8
DEFAULT
 62
   250
100
AcDbVertex
100
AcDb2dVertex
 10
47.68599527777777
 20
30.03116083333333
 30
0.0
  0
SEQEND
  5
27C
330
279
100
AcDbEntity
  8
DEFAULT
 62
   250
  0
POLYLINE
  5
27D
330
1F
100
AcDbEntity
  8
DEFAULT
 62
   250
100
AcDb2dPolyline
 66
     1
 10
0.0
 20
0.0
 30
0.0
  0
VERTEX
  5
27E
330
27D
100
AcDbEntity
  8
DEFAULT
 62
   250
100
AcDbVertex
100
AcDb2dVertex
 10
46.73861055555555
 20
28.89489888888889
 30
0.0
  0
VERTEX
  5
27F
330
27D
100
AcDbEntity
  8
DEFAULT
 62
   250
100
AcDbVertex
100
AcDb2dVertex
 10
46.73861055555555
 20
30.03119611111111
 30
0.0
  0
VERTEX
  5
280
330
27D
100
AcDbEntity
  8
DEFAULT
 62
   250
100
AcDbVertex
100
AcDb2dVertex
 10
48.75967444444445
 20
30.03119611111111
 30
0.0
  0
VERTEX
  5
281
330
27D
100
AcDbEntity
  8
DEFAULT
 62
   250
100
AcDbVertex
100
AcDb2dVertex
 10
48.75967444444445
 20
28.93970166666666
 30
0.0
  0
SEQEND
  5
282
330
27D
100
AcDbEntity
  8
DEFAULT
 62
   250
  0
SPLINE
  5
283
330
1F
100
AcDbEntity
  8
DEFAULT
 62
     1
100
AcDbSpline
210
0.0
220
0.0
230
1.0
 70
    11
 71
     3
 72
    98
 73
    94
 74
     0
 42
0.000000001
 43
0.0000000001
 40
1.0
 40
1.0
 40
1.0
 40
1.0
 40
2.0
 40
2.0
 40
2.0
 40
3.0
 40
3.0
 40
3.0
 40
4.0
 40
4.0
 40
4.0
 40
12.5
 40
12.5
 40
12.5
 40
13.5
 40
13.5
 40
13.5
 40
14.5
 40
14.5
 40
14.5
 40
15.5
 40
15.5
 40
15.5
 40
16.5
 40
16.5
 40
16.5
 40
17.5
 40
17.5
 40
17.5
 40
18.5
 40
18.5
 40
18.5
 40
19.5
 40
19.5
 40
19.5
 40
20.5
 40
20.5
 40
20.5
 40
29.00700287998071
 40
29.00700287998071
 40
29.00700287998071
 40
30.00700287998071
 40
30.00700287998071
 40
30.00700287998071
 40
31.00700287998071
 40
31.00700287998071
 40
31.00700287998071
 40
32.00700287998071
 40
32.00700287998071
 40
32.00700287998071
 40
33.00700287998071
 40
33.00700287998071
 40
33.00700287998071
 40
34.00700287998071
 40
34.00700287998071
 40
34.00700287998071
 40
35.00700287998071
 40
35.00700287998071
 40
35.00700287998071
 40
36.00700287998071
 40
36.00700287998071
 40
36.00700287998071
 40
37.00700287998071
 40
37.00700287998071
 40
37.00700287998071
 40
38.00700287998071
 40
38.00700287998071
 40
38.00700287998071
 40
39.00700287998071
 40
39.00700287998071
 40
39.00700287998071
 40
47.52100293870751
 40
47.52100293870751
 40
47.52100293870751
 40
48.52100293870751
 40
48.52100293870751
 40
48.52100293870751
 40
49.52100293870751
 40
49.52100293870751
 40
49.52100293870751
 40
50.52100293870751
 40
50.52100293870751
 40
50.52100293870751
 40
51.53500293870752
 40
51.53500293870752
 40
51.53500293870752
 40
52.53500293870752
 40
52.53500293870752
 40
52.53500293870752
 40
53.53500293870752
 40
53.53500293870752
 40
53.53500293870752
 40
54.53500293870752
 40
54.53500293870752
 40
54.53500293870752
 40
54.53500293870752
 10
37.70746416666666
 20
13.96043972222222
 30
0.0
 10
37.70746416666666
 20
14.01547305555555
 30
0.0
 10
38.49063083333333
 20
14.06027583333333
 30
0.0
 10
39.4561836111111
 20
14.06274527777778
 30
0.0
 10
40.4213836111111
 20
14.06027583333333
 30
0.0
 10
41.03027805555555
 20
13.96043972222222
 30
0.0
 10
41.20455027777777
 20
13.96043972222222
 30
0.0
 10
42.08261416666666
 20
13.96043972222222
 30
0.0
 10
44.70692805555555
 20
13.96043972222222
 30
0.0
 10
44.70692805555555
 20
13.96043972222222
 30
0.0
 10
44.70692805555555
 20
14.95997675925926
 30
0.0
 10
44.70692805555555
 20
15.95951379629629
 30
0.0
 10
44.70692805555555
 20
16.95905083333333
 30
0.0
 10
44.70692805555555
 20
16.95905083333333
 30
0.0
 10
42.08049749999999
 20
16.9611675
 30
0.0
 10
41.2073725
 20
16.9611675
 30
0.0
 10
41.03274749999999
 20
16.96152027777778
 30
0.0
 10
40.42385305555555
 20
16.86168416666666
 30
0.0
 10
39.4561836111111
 20
16.86168416666666
 30
0.0
 10
38.48816138888888
 20
16.86168416666666
 30
0.0
 10
37.70746416666666
 20
16.9040175
 30
0.0
 10
37.70499472222222
 20
16.96152027777778
 30
0.0
 10
37.70746416666666
 20
20.00246472222222
 30
0.0
 10
38.8673975
 20
20.74329805555555
 30
0.0
 10
38.86986694444444
 20
22.46203138888889
 30
0.0
 10
38.8673975
 20
24.18041194444444
 30
0.0
 10
37.70746416666666
 20
24.92159805555555
 30
0.0
 10
37.70499472222222
 20
27.96218972222222
 30
0.0
 10
37.70499472222222
 20
28.01722305555555
 30
0.0
 10
38.48851416666666
 20
28.06202583333333
 30
0.0
 10
39.4561836111111
 20
28.06202583333333
 30
0.0
 10
40.42420583333332
 20
28.06202583333333
 30
0.0
 10
41.03274749999999
 20
27.96218972222222
 30
0.0
 10
41.2073725
 20
27.96218972222222
 30
0.0
 10
42.08049749999999
 20
27.96218972222222
 30
0.0
 10
44.70481138888888
 20
27.96218972222222
 30
0.0
 10
44.70481138888888
 20
27.96218972222222
 30
0.0
 10
44.70563453703704
 20
28.96254990740741
 30
0.0
 10
44.70645768518518
 20
29.96291009259259
 30
0.0
 10
44.70728083333333
 20
30.96327027777778
 30
0.0
 10
44.70728083333333
 20
30.96327027777778
 30
0.0
 10
42.08296694444444
 20
30.96327027777778
 30
0.0
 10
41.20490305555555
 20
30.96327027777778
 30
0.0
 10
41.03274749999999
 20
30.96044805555555
 30
0.0
 10
40.42420583333332
 20
30.86096472222221
 30
0.0
 10
39.4561836111111
 20
30.86096472222221
 30
0.0
 10
38.48816138888888
 20
30.86096472222221
 30
0.0
 10
37.70746416666666
 20
30.90823694444444
 30
0.0
 10
37.70746416666666
 20
30.96327027777778
 30
0.0
 10
37.70746416666666
 20
32.61956194444444
 30
0.0
 10
39.04978361111111
 20
33.96152861111111
 30
0.0
 10
40.70607527777777
 20
33.96152861111111
 30
0.0
 10
44.87167527777778
 20
33.96152861111111
 30
0.0
 10
49.68109472222222
 20
33.1282675
 30
0.0
 10
51.94134194444444
 20
31.37707861111111
 30
0.0
 10
54.19876694444444
 20
29.62835916666666
 30
0.0
 10
53.90948916666666
 20
26.96418138888889
 30
0.0
 10
57.68844472222221
 20
26.96665083333333
 30
0.0
 10
59.34508916666666
 20
26.96665083333333
 30
0.0
 10
60.68705583333332
 20
25.62468416666666
 30
0.0
 10
60.68952527777777
 20
23.96592305555555
 30
0.0
 10
60.68952527777777
 20
23.91088972222222
 30
0.0
 10
59.90882805555555
 20
23.8636175
 30
0.0
 10
58.94080583333333
 20
23.8636175
 30
0.0
 10
57.9727836111111
 20
23.8636175
 30
0.0
 10
57.36424194444444
 20
23.96345361111111
 30
0.0
 10
57.18961694444444
 20
23.96345361111111
 30
0.0
 10
56.3140225
 20
23.96592305555555
 30
0.0
 10
53.68970861111111
 20
23.96592305555555
 30
0.0
 10
53.68970861111111
 20
23.96592305555555
 30
0.0
 10
53.6898262037037
 20
22.96473972222222
 30
0.0
 10
53.68994379629629
 20
21.96355638888889
 30
0.0
 10
53.69006138888888
 20
20.96237305555555
 30
0.0
 10
53.69006138888888
 20
20.96237305555555
 30
0.0
 10
56.31649194444444
 20
20.9648425
 30
0.0
 10
57.18961694444444
 20
20.9648425
 30
0.0
 10
57.36424194444444
 20
20.9648425
 30
0.0
 10
57.9727836111111
 20
21.06467861111111
 30
0.0
 10
58.94080583333333
 20
21.06467861111111
 30
0.0
 10
59.90847527777778
 20
21.06467861111111
 30
0.0
 10
60.69199472222222
 20
21.01987583333333
 30
0.0
 10
60.69199472222222
 20
20.9648425
 30
0.0
 10
60.68952527777777
 20
19.30608138888888
 30
0.0
 10
59.34720583333333
 20
17.96411472222222
 30
0.0
 10
57.68597527777777
 20
17.96411472222222
 30
0.0
 10
53.90666694444444
 20
17.96164527777777
 30
0.0
 10
54.19629749999999
 20
15.2974675
 30
0.0
 10
51.94134194444444
 20
13.54627861111111
 30
0.0
 10
49.68109472222222
 20
11.79508972222222
 30
0.0
 10
44.87167527777778
 20
10.96218138888889
 30
0.0
 10
40.70572249999999
 20
10.96218138888889
 30
0.0
 10
39.04696138888888
 20
10.95971194444444
 30
0.0
 10
37.70499472222222
 20
12.30167861111111
 30
0.0
 10
37.70746416666666
 20
13.96043972222222
 30
0.0
  0
SPLINE
  5
284
330
1F
100
AcDbEntity
  8
DEFAULT
 62
   250
100
AcDbSpline
210
0.0
220
0.0
230
1.0
 70
     8
 71
     3
 72
    14
 73
    10
 74
     0
 42
0.000000001
 43
0.0000000001
 40
0.0
 40
0.0
 40
0.0
 40
0.0
 40
3.832999999999998
 40
3.832999999999998
 40
3.832999999999998
 40
4.832999999999998
 40
4.832999999999998
 40
4.832999999999998
 40
5.832999999999998
 40
5.832999999999998
 40
5.832999999999998
 40
5.832999999999998
 10
29.32758083333333
 20
136.6821625
 30
0.0
 10
29.77831324074074
 20
136.6821625
 30
0.0
 10
30.22904564814815
 20
136.6821625
 30
0.0
 10
30.67977805555556
 20
136.6821625
 30
0.0
 10
31.21635305555555
 20
136.6821625
 30
0.0
 10
31.38145305555556
 20
136.4182847222222
 30
0.0
 10
31.38145305555556
 20
136.0704458333333
 30
0.0
 10
31.38145305555556
 20
135.9744902777778
 30
0.0
 10
31.36063916666667
 20
135.8577208333333
 30
0.0
 10
31.33347527777778
 20
135.7917513888889
 30
0.0
  0
SPLINE
  5
285
330
1F
100
AcDbEntity
  8
DEFAULT
 62
     1
100
AcDbSpline
210
0.0
220
0.0
230
1.0
 70
    11
 71
     3
 72
    50
 73
    46
 74
     0
 42
0.000000001
 43
0.0000000001
 40
1.0
 40
1.0
 40
1.0
 40
1.0
 40
2.0
 40
2.0
 40
2.0
 40
3.0
 40
3.0
 40
3.0
 40
4.0
 40
4.0
 40
4.0
 40
5.0
 40
5.0
 40
5.0
 40
6.0
 40
6.0
 40
6.0
 40
15.91999999999999
 40
15.91999999999999
 40
15.91999999999999
 40
24.43000000000004
 40
24.43000000000004
 40
24.43000000000004
 40
34.35000000000002
 40
34.35000000000002
 40
34.35000000000002
 40
35.35000000000002
 40
35.35000000000002
 40
35.35000000000002
 40
36.35000000000002
 40
36.35000000000002
 40
36.35000000000002
 40
37.35000000000002
 40
37.35000000000002
 40
37.35000000000002
 40
38.35000000000002
 40
38.35000000000002
 40
38.35000000000002
 40
46.86000000000007
 40
46.86000000000007
 40
46.86000000000007
 40
47.86000000000007
 40
47.86000000000007
 40
47.86000000000007
 40
48.86000000000007
 40
48.86000000000007
 40
48.86000000000007
 40
48.86000000000007
 10
23.01416388888888
 20
148.6645772222222
 30
0.0
 10
28.99021944444444
 20
150.3579105555555
 30
0.0
 10
27.90013611111111
 20
148.7527716666667
 30
0.0
 10
32.70849722222222
 20
146.255105
 30
0.0
 10
37.51333055555555
 20
143.7574383333333
 30
0.0
 10
32.67321944444443
 20
140.7376605555555
 30
0.0
 10
37.39691388888889
 20
140.7376605555555
 30
0.0
 10
39.05496944444444
 20
140.7376605555555
 30
0.0
 10
40.395525
 20
139.397105
 30
0.0
 10
40.395525
 20
137.7390494444444
 30
0.0
 10
40.395525
 20
137.682605
 30
0.0
 10
39.61588611111111
 20
137.6402716666666
 30
0.0
 10
38.64574722222222
 20
137.6402716666666
 30
0.0
 10
37.67913611111111
 20
137.6402716666666
 30
0.0
 10
37.07235833333333
 20
137.7390494444444
 30
0.0
 10
36.89596944444444
 20
137.7390494444444
 30
0.0
 10
35.72945092592592
 20
137.7390494444444
 30
0.0
 10
34.56293240740741
 20
137.7390494444444
 30
0.0
 10
33.39641388888889
 20
137.7390494444444
 30
0.0
 10
33.39641388888889
 20
136.7383364814815
 30
0.0
 10
33.39641388888889
 20
135.7376235185185
 30
0.0
 10
33.39641388888889
 20
134.7369105555555
 30
0.0
 10
34.56293240740741
 20
134.7369105555555
 30
0.0
 10
35.72945092592592
 20
134.7369105555555
 30
0.0
 10
36.89596944444444
 20
134.7369105555555
 30
0.0
 10
37.07235833333333
 20
134.7369105555555
 30
0.0
 10
37.67913611111111
 20
134.8392161111111
 30
0.0
 10
38.64574722222222
 20
134.8392161111111
 30
0.0
 10
39.61588611111111
 20
134.8392161111111
 30
0.0
 10
40.395525
 20
134.793355
 30
0.0
 10
40.395525
 20
134.7369105555555
 30
0.0
 10
40.395525
 20
133.078855
 30
0.0
 10
40.69538611111111
 20
129.1937133333333
 30
0.0
 10
38.33706666666667
 20
129.9553605555556
 30
0.0
 10
30.36852222222222
 20
132.5285216666666
 30
0.0
 10
26.39730277777777
 20
129.8177772222222
 30
0.0
 10
26.39730277777777
 20
134.7369105555555
 30
0.0
 10
26.39730277777777
 20
135.7376235185185
 30
0.0
 10
26.39730277777777
 20
136.7383364814815
 30
0.0
 10
26.39730277777777
 20
137.7390494444444
 30
0.0
 10
26.39730277777777
 20
140.3601883333333
 30
0.0
 10
27.18399722222222
 20
144.0520077777778
 30
0.0
 10
23.32460833333333
 20
145.2341661111111
 30
0.0
 10
19.46521944444444
 20
146.4191466666666
 30
0.0
 10
17.03810833333333
 20
146.9712438888889
 30
0.0
 10
23.01416388888888
 20
148.6645772222222
 30
0.0
  0
SPLINE
  5
286
330
1F
100
AcDbEntity
  8
DEFAULT
 62
   250
100
AcDbSpline
210
0.0
220
0.0
230
1.0
 70
     8
 71
     3
 72
    14
 73
    10
 74
     0
 42
0.000000001
 43
0.0000000001
 40
0.0
 40
0.0
 40
0.0
 40
0.0
 40
3.832999999999998
 40
3.832999999999998
 40
3.832999999999998
 40
4.832999999999998
 40
4.832999999999998
 40
4.832999999999998
 40
5.832999999999998
 40
5.832999999999998
 40
5.832999999999998
 40
5.832999999999998
 10
19.55630666666666
 20
137.9071480555555
 30
0.0
 10
19.10557425925926
 20
137.9071480555555
 30
0.0
 10
18.65484185185185
 20
137.9071480555555
 30
0.0
 10
18.20410944444444
 20
137.9071480555555
 30
0.0
 10
17.66718166666667
 20
137.9071480555555
 30
0.0
 10
17.50243444444444
 20
138.1710258333333
 30
0.0
 10
17.50243444444444
 20
138.5188647222222
 30
0.0
 10
17.50243444444444
 20
138.6148202777777
 30
0.0
 10
17.52324833333333
 20
138.7315897222222
 30
0.0
 10
17.55041222222222
 20
138.7975591666666
 30
0.0
  0
SPLINE
  5
287
330
1F
100
AcDbEntity
  8
DEFAULT
 62
     1
100
AcDbSpline
210
0.0
220
0.0
230
1.0
 70
    11
 71
     3
 72
    50
 73
    46
 74
     0
 42
0.000000001
 43
0.0000000001
 40
1.0
 40
1.0
 40
1.0
 40
1.0
 40
2.0
 40
2.0
 40
2.0
 40
3.0
 40
3.0
 40
3.0
 40
4.0
 40
4.0
 40
4.0
 40
5.0
 40
5.0
 40
5.0
 40
6.0
 40
6.0
 40
6.0
 40
15.92
 40
15.92
 40
15.92
 40
24.42999999999999
 40
24.42999999999999
 40
24.42999999999999
 40
34.34999999999999
 40
34.34999999999999
 40
34.34999999999999
 40
35.34999999999999
 40
35.34999999999999
 40
35.34999999999999
 40
36.34999999999999
 40
36.34999999999999
 40
36.34999999999999
 40
37.34999999999999
 40
37.34999999999999
 40
37.34999999999999
 40
38.34999999999999
 40
38.34999999999999
 40
38.34999999999999
 40
46.85999999999999
 40
46.85999999999999
 40
46.85999999999999
 40
47.85999999999999
 40
47.85999999999999
 40
47.85999999999999
 40
48.85999999999999
 40
48.85999999999999
 40
48.85999999999999
 40
48.85999999999999
 10
25.86972361111111
 20
125.9247333333333
 30
0.0
 10
19.89366805555555
 20
124.2314
 30
0.0
 10
20.98375138888889
 20
125.8365388888889
 30
0.0
 10
16.17539027777778
 20
128.3342055555555
 30
0.0
 10
11.37055694444444
 20
130.8318722222222
 30
0.0
 10
16.21066805555556
 20
133.85165
 30
0.0
 10
11.48697361111111
 20
133.85165
 30
0.0
 10
9.828918055555556
 20
133.85165
 30
0.0
 10
8.488362500000001
 20
135.1922055555555
 30
0.0
 10
8.488362500000001
 20
136.8502611111111
 30
0.0
 10
8.488362500000001
 20
136.9067055555555
 30
0.0
 10
9.268001388888889
 20
136.9490388888889
 30
0.0
 10
10.23814027777778
 20
136.9490388888889
 30
0.0
 10
11.20475138888889
 20
136.9490388888889
 30
0.0
 10
11.81152916666667
 20
136.8502611111111
 30
0.0
 10
11.98791805555556
 20
136.8502611111111
 30
0.0
 10
13.15443657407407
 20
136.8502611111111
 30
0.0
 10
14.32095509259259
 20
136.8502611111111
 30
0.0
 10
15.48747361111111
 20
136.8502611111111
 30
0.0
 10
15.48747361111111
 20
137.8509740740741
 30
0.0
 10
15.48747361111111
 20
138.851687037037
 30
0.0
 10
15.48747361111111
 20
139.8524
 30
0.0
 10
14.32095509259259
 20
139.8524
 30
0.0
 10
13.15443657407407
 20
139.8524
 30
0.0
 10
11.98791805555556
 20
139.8524
 30
0.0
 10
11.81152916666667
 20
139.8524
 30
0.0
 10
11.20475138888889
 20
139.7500944444444
 30
0.0
 10
10.23814027777778
 20
139.7500944444444
 30
0.0
 10
9.268001388888889
 20
139.7500944444444
 30
0.0
 10
8.488362500000001
 20
139.7959555555555
 30
0.0
 10
8.488362500000001
 20
139.8524
 30
0.0
 10
8.488362500000001
 20
141.5104555555556
 30
0.0
 10
8.188501388888891
 20
145.3955972222222
 30
0.0
 10
10.54682083333333
 20
144.63395
 30
0.0
 10
18.51536527777778
 20
142.0607888888889
 30
0.0
 10
22.48658472222222
 20
144.7715333333333
 30
0.0
 10
22.48658472222222
 20
139.8524
 30
0.0
 10
22.48658472222222
 20
138.851687037037
 30
0.0
 10
22.48658472222222
 20
137.8509740740741
 30
0.0
 10
22.48658472222222
 20
136.8502611111111
 30
0.0
 10
22.48658472222222
 20
134.2291222222222
 30
0.0
 10
21.69989027777778
 20
130.5373027777778
 30
0.0
 10
25.55927916666667
 20
129.3551444444444
 30
0.0
 10
29.41866805555556
 20
128.1701638888889
 30
0.0
 10
31.84577916666667
 20
127.6180666666667
 30
0.0
 10
25.86972361111111
 20
125.9247333333333
 30
0.0
  0
SPLINE
  5
288
330
1F
100
AcDbEntity
  8
DEFAULT
 62
   250
100
AcDbSpline
210
0.0
220
0.0
230
1.0
 70
     8
 71
     3
 72
    14
 73
    10
 74
     0
 42
0.000000001
 43
0.0000000001
 40
0.0
 40
0.0
 40
0.0
 40
0.0
 40
3.832999999999998
 40
3.832999999999998
 40
3.832999999999998
 40
4.832999999999998
 40
4.832999999999998
 40
4.832999999999998
 40
5.832999999999998
 40
5.832999999999998
 40
5.832999999999998
 40
5.832999999999998
 10
29.32758083333333
 20
109.8144305555556
 30
0.0
 10
29.77831324074074
 20
109.8144305555556
 30
0.0
 10
30.22904564814815
 20
109.8144305555556
 30
0.0
 10
30.67977805555556
 20
109.8144305555556
 30
0.0
 10
31.21635305555555
 20
109.8144305555556
 30
0.0
 10
31.38145305555556
 20
109.5505527777778
 30
0.0
 10
31.38145305555556
 20
109.2027138888889
 30
0.0
 10
31.38145305555556
 20
109.1067583333333
 30
0.0
 10
31.36063916666667
 20
108.9899888888889
 30
0.0
 10
31.33347527777778
 20
108.9240194444444
 30
0.0
  0
SPLINE
  5
289
330
1F
100
AcDbEntity
  8
DEFAULT
 62
     1
100
AcDbSpline
210
0.0
220
0.0
230
1.0
 70
    11
 71
     3
 72
    50
 73
    46
 74
     0
 42
0.000000001
 43
0.0000000001
 40
1.0
 40
1.0
 40
1.0
 40
1.0
 40
2.0
 40
2.0
 40
2.0
 40
3.0
 40
3.0
 40
3.0
 40
4.0
 40
4.0
 40
4.0
 40
5.0
 40
5.0
 40
5.0
 40
6.0
 40
6.0
 40
6.0
 40
15.91999999999999
 40
15.91999999999999
 40
15.91999999999999
 40
24.42999999999998
 40
24.42999999999998
 40
24.42999999999998
 40
34.34999999999997
 40
34.34999999999997
 40
34.34999999999997
 40
35.34999999999997
 40
35.34999999999997
 40
35.34999999999997
 40
36.34999999999997
 40
36.34999999999997
 40
36.34999999999997
 40
37.34999999999997
 40
37.34999999999997
 40
37.34999999999997
 40
38.34999999999997
 40
38.34999999999997
 40
38.34999999999997
 40
46.85999999999996
 40
46.85999999999996
 40
46.85999999999996
 40
47.85999999999996
 40
47.85999999999996
 40
47.85999999999996
 40
48.85999999999996
 40
48.85999999999996
 40
48.85999999999996
 40
48.85999999999996
 10
23.01416388888888
 20
121.7968452777778
 30
0.0
 10
28.99021944444444
 20
123.4901786111111
 30
0.0
 10
27.90013611111111
 20
121.8850397222222
 30
0.0
 10
32.70849722222222
 20
119.3873730555556
 30
0.0
 10
37.51333055555555
 20
116.8897063888889
 30
0.0
 10
32.67321944444443
 20
113.8699286111111
 30
0.0
 10
37.39691388888889
 20
113.8699286111111
 30
0.0
 10
39.05496944444444
 20
113.8699286111111
 30
0.0
 10
40.395525
 20
112.5293730555556
 30
0.0
 10
40.395525
 20
110.8713175
 30
0.0
 10
40.395525
 20
110.8148730555556
 30
0.0
 10
39.61588611111111
 20
110.7725397222222
 30
0.0
 10
38.64574722222222
 20
110.7725397222222
 30
0.0
 10
37.67913611111111
 20
110.7725397222222
 30
0.0
 10
37.07235833333333
 20
110.8713175
 30
0.0
 10
36.89596944444444
 20
110.8713175
 30
0.0
 10
35.72945092592592
 20
110.8713175
 30
0.0
 10
34.56293240740741
 20
110.8713175
 30
0.0
 10
33.39641388888889
 20
110.8713175
 30
0.0
 10
33.39641388888889
 20
109.870604537037
 30
0.0
 10
33.39641388888889
 20
108.8698915740741
 30
0.0
 10
33.39641388888889
 20
107.8691786111111
 30
0.0
 10
34.56293240740741
 20
107.8691786111111
 30
0.0
 10
35.72945092592592
 20
107.8691786111111
 30
0.0
 10
36.89596944444444
 20
107.8691786111111
 30
0.0
 10
37.07235833333333
 20
107.8691786111111
 30
0.0
 10
37.67913611111111
 20
107.9714841666667
 30
0.0
 10
38.64574722222222
 20
107.9714841666667
 30
0.0
 10
39.61588611111111
 20
107.9714841666667
 30
0.0
 10
40.395525
 20
107.9256230555555
 30
0.0
 10
40.395525
 20
107.8691786111111
 30
0.0
 10
40.395525
 20
106.2111230555555
 30
0.0
 10
40.69538611111111
 20
102.3259813888889
 30
0.0
 10
38.33706666666667
 20
103.0876286111111
 30
0.0
 10
30.36852222222222
 20
105.6607897222222
 30
0.0
 10
26.39730277777777
 20
102.9500452777778
 30
0.0
 10
26.39730277777777
 20
107.8691786111111
 30
0.0
 10
26.39730277777777
 20
108.8698915740741
 30
0.0
 10
26.39730277777777
 20
109.870604537037
 30
0.0
 10
26.39730277777777
 20
110.8713175
 30
0.0
 10
26.39730277777777
 20
113.4924563888889
 30
0.0
 10
27.18399722222222
 20
117.1842758333333
 30
0.0
 10
23.32460833333333
 20
118.3664341666667
 30
0.0
 10
19.46521944444444
 20
119.5514147222222
 30
0.0
 10
17.03810833333333
 20
120.1035119444444
 30
0.0
 10
23.01416388888888
 20
121.7968452777778
 30
0.0
  0
SPLINE
  5
28A
330
1F
100
AcDbEntity
  8
DEFAULT
 62
   250
100
AcDbSpline
210
0.0
220
0.0
230
1.0
 70
     8
 71
     3
 72
    14
 73
    10
 74
     0
 42
0.000000001
 43
0.0000000001
 40
0.0
 40
0.0
 40
0.0
 40
0.0
 40
3.832999999999998
 40
3.832999999999998
 40
3.832999999999998
 40
4.832999999999998
 40
4.832999999999998
 40
4.832999999999998
 40
5.832999999999998
 40
5.832999999999998
 40
5.832999999999998
 40
5.832999999999998
 10
19.55630666666666
 20
111.0394161111111
 30
0.0
 10
19.10557425925926
 20
111.0394161111111
 30
0.0
 10
18.65484185185185
 20
111.0394161111111
 30
0.0
 10
18.20410944444444
 20
111.0394161111111
 30
0.0
 10
17.66718166666667
 20
111.0394161111111
 30
0.0
 10
17.50243444444444
 20
111.3032938888889
 30
0.0
 10
17.50243444444444
 20
111.6511327777778
 30
0.0
 10
17.50243444444444
 20
111.7470883333333
 30
0.0
 10
17.52324833333333
 20
111.8638577777778
 30
0.0
 10
17.55041222222222
 20
111.9298272222222
 30
0.0
  0
SPLINE
  5
28B
330
1F
100
AcDbEntity
  8
DEFAULT
 62
     1
100
AcDbSpline
210
0.0
220
0.0
230
1.0
 70
    11
 71
     3
 72
    50
 73
    46
 74
     0
 42
0.000000001
 43
0.0000000001
 40
1.0
 40
1.0
 40
1.0
 40
1.0
 40
2.0
 40
2.0
 40
2.0
 40
3.0
 40
3.0
 40
3.0
 40
4.0
 40
4.0
 40
4.0
 40
5.0
 40
5.0
 40
5.0
 40
6.0
 40
6.0
 40
6.0
 40
15.92
 40
15.92
 40
15.92
 40
24.43000000000005
 40
24.43000000000005
 40
24.43000000000005
 40
34.35000000000005
 40
34.35000000000005
 40
34.35000000000005
 40
35.35000000000005
 40
35.35000000000005
 40
35.35000000000005
 40
36.35000000000005
 40
36.35000000000005
 40
36.35000000000005
 40
37.35000000000005
 40
37.35000000000005
 40
37.35000000000005
 40
38.35000000000005
 40
38.35000000000005
 40
38.35000000000005
 40
46.8600000000001
 40
46.8600000000001
 40
46.8600000000001
 40
47.8600000000001
 40
47.8600000000001
 40
47.8600000000001
 40
48.8600000000001
 40
48.8600000000001
 40
48.8600000000001
 40
48.8600000000001
 10
25.86972361111111
 20
99.05700138888888
 30
0.0
 10
19.89366805555555
 20
97.36366805555554
 30
0.0
 10
20.98375138888889
 20
98.96880694444442
 30
0.0
 10
16.17539027777778
 20
101.4664736111111
 30
0.0
 10
11.37055694444444
 20
103.9641402777778
 30
0.0
 10
16.21066805555556
 20
106.9839180555555
 30
0.0
 10
11.48697361111111
 20
106.9839180555555
 30
0.0
 10
9.828918055555556
 20
106.9839180555555
 30
0.0
 10
8.488362500000001
 20
108.3244736111111
 30
0.0
 10
8.488362500000001
 20
109.9825291666666
 30
0.0
 10
8.488362500000001
 20
110.0389736111111
 30
0.0
 10
9.268001388888889
 20
110.0813069444444
 30
0.0
 10
10.23814027777778
 20
110.0813069444444
 30
0.0
 10
11.20475138888889
 20
110.0813069444444
 30
0.0
 10
11.81152916666667
 20
109.9825291666666
 30
0.0
 10
11.98791805555556
 20
109.9825291666666
 30
0.0
 10
13.15443657407407
 20
109.9825291666667
 30
0.0
 10
14.32095509259259
 20
109.9825291666667
 30
0.0
 10
15.48747361111111
 20
109.9825291666666
 30
0.0
 10
15.48747361111111
 20
110.9832421296296
 30
0.0
 10
15.48747361111111
 20
111.9839550925926
 30
0.0
 10
15.48747361111111
 20
112.9846680555555
 30
0.0
 10
14.32095509259259
 20
112.9846680555556
 30
0.0
 10
13.15443657407407
 20
112.9846680555556
 30
0.0
 10
11.98791805555556
 20
112.9846680555555
 30
0.0
 10
11.81152916666667
 20
112.9846680555555
 30
0.0
 10
11.20475138888889
 20
112.8823625
 30
0.0
 10
10.23814027777778
 20
112.8823625
 30
0.0
 10
9.268001388888889
 20
112.8823625
 30
0.0
 10
8.488362500000001
 20
112.9282236111111
 30
0.0
 10
8.488362500000001
 20
112.9846680555555
 30
0.0
 10
8.488362500000001
 20
114.6427236111111
 30
0.0
 10
8.188501388888891
 20
118.5278652777777
 30
0.0
 10
10.54682083333333
 20
117.7662180555555
 30
0.0
 10
18.51536527777778
 20
115.1930569444444
 30
0.0
 10
22.48658472222222
 20
117.9038013888889
 30
0.0
 10
22.48658472222222
 20
112.9846680555555
 30
0.0
 10
22.48658472222222
 20
111.9839550925926
 30
0.0
 10
22.48658472222222
 20
110.9832421296296
 30
0.0
 10
22.48658472222222
 20
109.9825291666666
 30
0.0
 10
22.48658472222222
 20
107.3613902777778
 30
0.0
 10
21.69989027777778
 20
103.6695708333333
 30
0.0
 10
25.55927916666667
 20
102.4877652777778
 30
0.0
 10
29.41866805555556
 20
101.3024319444444
 30
0.0
 10
31.84577916666667
 20
100.7503347222222
 30
0.0
 10
25.86972361111111
 20
99.05700138888888
 30
0.0
  0
SPLINE
  5
28C
330
1F
100
AcDbEntity
  8
DEFAULT
 62
   250
100
AcDbSpline
210
0.0
220
0.0
230
1.0
 70
     8
 71
     3
 72
    14
 73
    10
 74
     0
 42
0.000000001
 43
0.0000000001
 40
0.0
 40
0.0
 40
0.0
 40
0.0
 40
3.832518754031059
 40
3.832518754031059
 40
3.832518754031059
 40
4.832518754031058
 40
4.832518754031058
 40
4.832518754031058
 40
5.832518754031058
 40
5.832518754031058
 40
5.832518754031058
 40
5.832518754031058
 10
168.4539994444444
 20
241.6126316666666
 30
0.0
 10
168.1353235185185
 20
241.2939557407407
 30
0.0
 10
167.8166475925925
 20
240.9752798148147
 30
0.0
 10
167.4979716666666
 20
240.6566038888888
 30
0.0
 10
167.1183827777778
 20
240.277015
 30
0.0
 10
166.8153466666667
 20
240.346865
 30
0.0
 10
166.5691077777778
 20
240.5927511111111
 30
0.0
 10
166.5013744444444
 20
240.6608372222222
 30
0.0
 10
166.4336411111111
 20
240.7582038888889
 30
0.0
 10
166.4061244444444
 20
240.8238205555556
 30
0.0
  0
SPLINE
  5
28D
330
1F
100
AcDbEntity
  8
DEFAULT
 62
   250
100
AcDbSpline
210
0.0
220
0.0
230
1.0
 70
     8
 71
     3
 72
    14
 73
    10
 74
     0
 42
0.000000001
 43
0.0000000001
 40
0.0
 40
0.0
 40
0.0
 40
0.0
 40
3.832518754031059
 40
3.832518754031059
 40
3.832518754031059
 40
4.832518754031058
 40
4.832518754031058
 40
4.832518754031058
 40
5.832518754031058
 40
5.832518754031058
 40
5.832518754031058
 40
5.832518754031058
 10
132.0883961111111
 20
206.5063744444444
 30
0.0
 10
132.407072037037
 20
206.8250503703703
 30
0.0
 10
132.7257479629629
 20
207.1437262962963
 30
0.0
 10
133.0444238888889
 20
207.4624022222222
 30
0.0
 10
133.4240127777778
 20
207.8419911111111
 30
0.0
 10
133.7270488888889
 20
207.7721411111111
 30
0.0
 10
133.9732877777778
 20
207.526255
 30
0.0
 10
134.0410211111111
 20
207.4581688888888
 30
0.0
 10
134.1087544444444
 20
207.3608022222222
 30
0.0
 10
134.1362711111111
 20
207.2951855555555
 30
0.0
  0
SPLINE
  5
28E
330
1F
100
AcDbEntity
  8
DEFAULT
 62
   250
100
AcDbSpline
210
0.0
220
0.0
230
1.0
 70
     8
 71
     3
 72
    14
 73
    10
 74
     0
 42
0.000000001
 43
0.0000000001
 40
0.0
 40
0.0
 40
0.0
 40
0.0
 40
3.833000000000027
 40
3.833000000000027
 40
3.833000000000027
 40
4.833000000000027
 40
4.833000000000027
 40
4.833000000000027
 40
5.833000000000027
 40
5.833000000000027
 40
5.833000000000027
 40
5.833000000000027
 10
175.5402819444444
 20
223.6142622222222
 30
0.0
 10
175.089549537037
 20
223.6142622222222
 30
0.0
 10
174.6388171296296
 20
223.6142622222222
 30
0.0
 10
174.1880847222222
 20
223.6142622222222
 30
0.0
 10
173.6515097222222
 20
223.6142622222222
 30
0.0
 10
173.4864097222222
 20
223.87814
 30
0.0
 10
173.4864097222222
 20
224.2259788888889
 30
0.0
 10
173.4864097222222
 20
224.3219344444444
 30
0.0
 10
173.5072236111111
 20
224.4387038888889
 30
0.0
 10
173.5343875
 20
224.5046733333333
 30
0.0
  0
SPLINE
  5
28F
330
1F
100
AcDbEntity
  8
DEFAULT
 62
   250
100
AcDbSpline
210
0.0
220
0.0
230
1.0
 70
     8
 71
     3
 72
    14
 73
    10
 74
     0
 42
0.000000001
 43
0.0000000001
 40
0.0
 40
0.0
 40
0.0
 40
0.0
 40
3.833000000000027
 40
3.833000000000027
 40
3.833000000000027
 40
4.833000000000027
 40
4.833000000000027
 40
4.833000000000027
 40
5.833000000000027
 40
5.833000000000027
 40
5.833000000000027
 40
5.833000000000027
 10
125.0020783333333
 20
224.5047086111111
 30
0.0
 10
125.4528107407407
 20
224.5047086111111
 30
0.0
 10
125.9035431481481
 20
224.5047086111111
 30
0.0
 10
126.3542755555555
 20
224.5047086111111
 30
0.0
 10
126.8908505555555
 20
224.5047086111111
 30
0.0
 10
127.0559505555555
 20
224.2408308333333
 30
0.0
 10
127.0559505555555
 20
223.8929919444444
 30
0.0
 10
127.0559505555555
 20
223.7970363888889
 30
0.0
 10
127.0351366666666
 20
223.6802669444444
 30
0.0
 10
127.0079727777778
 20
223.6142975
 30
0.0
  0
SPLINE
  5
290
330
1F
100
AcDbEntity
  8
DEFAULT
 62
   250
100
AcDbSpline
210
0.0
220
0.0
230
1.0
 70
     8
 71
     3
 72
    14
 73
    10
 74
     0
 42
0.000000001
 43
0.0000000001
 40
0.0
 40
0.0
 40
0.0
 40
0.0
 40
3.832518754031179
 40
3.832518754031179
 40
3.832518754031179
 40
4.832518754031179
 40
4.832518754031179
 40
4.832518754031179
 40
5.832518754031179
 40
5.832518754031179
 40
5.832518754031179
 40
5.832518754031179
 10
167.8243263888889
 20
205.8767366666666
 30
0.0
 10
167.505650462963
 20
206.1954125925926
 30
0.0
 10
167.1869745370371
 20
206.5140885185185
 30
0.0
 10
166.8682986111111
 20
206.8327644444445
 30
0.0
 10
166.4887097222222
 20
207.2123533333333
 30
0.0
 10
166.5585597222222
 20
207.5153894444444
 30
0.0
 10
166.8044458333333
 20
207.7616283333333
 30
0.0
 10
166.8725319444444
 20
207.8293616666666
 30
0.0
 10
166.9698986111111
 20
207.897095
 30
0.0
 10
167.0355152777778
 20
207.9246116666666
 30
0.0
  0
SPLINE
  5
291
330
1F
100
AcDbEntity
  8
DEFAULT
 62
   250
100
AcDbSpline
210
0.0
220
0.0
230
1.0
 70
     8
 71
     3
 72
    14
 73
    10
 74
     0
 42
0.000000001
 43
0.0000000001
 40
0.0
 40
0.0
 40
0.0
 40
0.0
 40
3.832518754031059
 40
3.832518754031059
 40
3.832518754031059
 40
4.832518754031058
 40
4.832518754031058
 40
4.832518754031058
 40
5.832518754031058
 40
5.832518754031058
 40
5.832518754031058
 40
5.832518754031058
 10
132.7180338888889
 20
242.2422694444444
 30
0.0
 10
133.0367098148148
 20
241.9235935185185
 30
0.0
 10
133.3553857407407
 20
241.6049175925926
 30
0.0
 10
133.6740616666666
 20
241.2862416666667
 30
0.0
 10
134.0536505555555
 20
240.9066527777778
 30
0.0
 10
133.9838005555555
 20
240.6036166666667
 30
0.0
 10
133.7379144444444
 20
240.3573777777778
 30
0.0
 10
133.6698283333333
 20
240.2896444444445
 30
0.0
 10
133.5724616666667
 20
240.2219111111111
 30
0.0
 10
133.506845
 20
240.1943944444445
 30
0.0
  0
SPLINE
  5
292
330
1F
100
AcDbEntity
  8
DEFAULT
 62
   250
100
AcDbSpline
210
0.0
220
0.0
230
1.0
 70
     8
 71
     3
 72
    14
 73
    10
 74
     0
 42
0.000000001
 43
0.0000000001
 40
0.0
 40
0.0
 40
0.0
 40
0.0
 40
3.83299999999997
 40
3.83299999999997
 40
3.83299999999997
 40
4.83299999999997
 40
4.83299999999997
 40
4.83299999999997
 40
5.83299999999997
 40
5.83299999999997
 40
5.83299999999997
 40
5.83299999999997
 10
149.8259922222222
 20
198.7903836111111
 30
0.0
 10
149.8259922222222
 20
199.2411160185185
 30
0.0
 10
149.8259922222222
 20
199.6918484259259
 30
0.0
 10
149.8259922222222
 20
200.1425808333333
 30
0.0
 10
149.8259922222222
 20
200.6791558333333
 30
0.0
 10
150.08987
 20
200.8442558333333
 30
0.0
 10
150.4377088888889
 20
200.8442558333333
 30
0.0
 10
150.5336644444444
 20
200.8442558333333
 30
0.0
 10
150.6504338888889
 20
200.8234419444445
 30
0.0
 10
150.7164033333333
 20
200.7962780555556
 30
0.0
  0
SPLINE
  5
293
330
1F
100
AcDbEntity
  8
DEFAULT
 62
   250
100
AcDbSpline
210
0.0
220
0.0
230
1.0
 70
     8
 71
     3
 72
    14
 73
    10
 74
     0
 42
0.000000001
 43
0.0000000001
 40
0.0
 40
0.0
 40
0.0
 40
0.0
 40
3.83299999999997
 40
3.83299999999997
 40
3.83299999999997
 40
4.83299999999997
 40
4.83299999999997
 40
4.83299999999997
 40
5.83299999999997
 40
5.83299999999997
 40
5.83299999999997
 40
5.83299999999997
 10
150.7164033333333
 20
249.3285872222222
 30
0.0
 10
150.7164033333333
 20
248.8778548148148
 30
0.0
 10
150.7164033333333
 20
248.4271224074074
 30
0.0
 10
150.7164033333333
 20
247.97639
 30
0.0
 10
150.7164033333333
 20
247.439815
 30
0.0
 10
150.4525255555556
 20
247.274715
 30
0.0
 10
150.1046866666667
 20
247.274715
 30
0.0
 10
150.0087311111111
 20
247.274715
 30
0.0
 10
149.8919616666666
 20
247.2955288888888
 30
0.0
 10
149.8259922222222
 20
247.3226927777777
 30
0.0
  0
POLYLINE
  5
294
330
1F
100
AcDbEntity
  8
DEFAULT
 62
   250
100
AcDb2dPolyline
 66
     1
 10
0.0
 20
0.0
 30
0.0
  0
VERTEX
  5
295
330
294
100
AcDbEntity
  8
DEFAULT
 62
   250
100
AcDbVertex
100
AcDb2dVertex
 10
143.2698994444444
 20
196.8295388888889
 30
0.0
  0
VERTEX
  5
296
330
294
100
AcDbEntity
  8
DEFAULT
 62
   250
100
AcDbVertex
100
AcDb2dVertex
 10
143.2698994444444
 20
198.85025
 30
0.0
  0
SEQEND
  5
297
330
294
100
AcDbEntity
  8
DEFAULT
 62
   250
  0
POLYLINE
  5
298
330
1F
100
AcDbEntity
  8
DEFAULT
 62
   250
100
AcDb2dPolyline
 66
     1
 10
0.0
 20
0.0
 30
0.0
  0
VERTEX
  5
299
330
298
100
AcDbEntity
  8
DEFAULT
 62
   250
100
AcDbVertex
100
AcDb2dVertex
 10
157.2692505555555
 20
196.8295388888889
 30
0.0
  0
VERTEX
  5
29A
330
298
100
AcDbEntity
  8
DEFAULT
 62
   250
100
AcDbVertex
100
AcDb2dVertex
 10
157.2692505555555
 20
198.85025
 30
0.0
  0
SEQEND
  5
29B
330
298
100
AcDbEntity
  8
DEFAULT
 62
   250
  0
POLYLINE
  5
29C
330
1F
100
AcDbEntity
  8
DEFAULT
 62
   250
100
AcDb2dPolyline
 66
     1
 10
0.0
 20
0.0
 30
0.0
  0
VERTEX
  5
29D
330
29C
100
AcDbEntity
  8
DEFAULT
 62
   250
100
AcDbVertex
100
AcDb2dVertex
 10
157.2692505555555
 20
251.2883736111111
 30
0.0
  0
VERTEX
  5
29E
330
29C
100
AcDbEntity
  8
DEFAULT
 62
   250
100
AcDbVertex
100
AcDb2dVertex
 10
157.2692505555555
 20
249.2673097222222
 30
0.0
  0
SEQEND
  5
29F
330
29C
100
AcDbEntity
  8
DEFAULT
 62
   250
  0
POLYLINE
  5
2A0
330
1F
100
AcDbEntity
  8
DEFAULT
 62
   250
100
AcDb2dPolyline
 66
     1
 10
0.0
 20
0.0
 30
0.0
  0
VERTEX
  5
2A1
330
2A0
100
AcDbEntity
  8
DEFAULT
 62
   250
100
AcDbVertex
100
AcDb2dVertex
 10
143.2698994444444
 20
251.2883383333333
 30
0.0
  0
VERTEX
  5
2A2
330
2A0
100
AcDbEntity
  8
DEFAULT
 62
   250
100
AcDbVertex
100
AcDb2dVertex
 10
143.2698994444444
 20
249.2672744444444
 30
0.0
  0
SEQEND
  5
2A3
330
2A0
100
AcDbEntity
  8
DEFAULT
 62
   250
  0
POLYLINE
  5
2A4
330
1F
100
AcDbEntity
  8
DEFAULT
 62
   250
100
AcDb2dPolyline
 66
     1
 10
0.0
 20
0.0
 30
0.0
  0
VERTEX
  5
2A5
330
2A4
100
AcDbEntity
  8
DEFAULT
 62
   250
100
AcDbVertex
100
AcDb2dVertex
 10
126.065915
 20
209.7543641666666
 30
0.0
  0
VERTEX
  5
2A6
330
2A4
100
AcDbEntity
  8
DEFAULT
 62
   250
100
AcDbVertex
100
AcDb2dVertex
 10
127.4950177777778
 20
211.1834669444444
 30
0.0
  0
SEQEND
  5
2A7
330
2A4
100
AcDbEntity
  8
DEFAULT
 62
   250
  0
POLYLINE
  5
2A8
330
1F
100
AcDbEntity
  8
DEFAULT
 62
   250
100
AcDb2dPolyline
 66
     1
 10
0.0
 20
0.0
 30
0.0
  0
VERTEX
  5
2A9
330
2A8
100
AcDbEntity
  8
DEFAULT
 62
   250
100
AcDbVertex
100
AcDb2dVertex
 10
135.9649652777778
 20
199.8553491666666
 30
0.0
  0
VERTEX
  5
2AA
330
2A8
100
AcDbEntity
  8
DEFAULT
 62
   250
100
AcDbVertex
100
AcDb2dVertex
 10
137.3940680555556
 20
201.2844519444444
 30
0.0
  0
SEQEND
  5
2AB
330
2A8
100
AcDbEntity
  8
DEFAULT
 62
   250
  0
POLYLINE
  5
2AC
330
1F
100
AcDbEntity
  8
DEFAULT
 62
   250
100
AcDb2dPolyline
 66
     1
 10
0.0
 20
0.0
 30
0.0
  0
VERTEX
  5
2AD
330
2AC
100
AcDbEntity
  8
DEFAULT
 62
   250
100
AcDbVertex
100
AcDb2dVertex
 10
174.4731644444444
 20
238.3635483333333
 30
0.0
  0
VERTEX
  5
2AE
330
2AC
100
AcDbEntity
  8
DEFAULT
 62
   250
100
AcDbVertex
100
AcDb2dVertex
 10
173.0440616666667
 20
236.9344455555555
 30
0.0
  0
SEQEND
  5
2AF
330
2AC
100
AcDbEntity
  8
DEFAULT
 62
   250
  0
POLYLINE
  5
2B0
330
1F
100
AcDbEntity
  8
DEFAULT
 62
   250
100
AcDb2dPolyline
 66
     1
 10
0.0
 20
0.0
 30
0.0
  0
VERTEX
  5
2B1
330
2B0
100
AcDbEntity
  8
DEFAULT
 62
   250
100
AcDbVertex
100
AcDb2dVertex
 10
164.5741141666666
 20
248.2625633333333
 30
0.0
  0
VERTEX
  5
2B2
330
2B0
100
AcDbEntity
  8
DEFAULT
 62
   250
100
AcDbVertex
100
AcDb2dVertex
 10
163.1450113888889
 20
246.8334605555555
 30
0.0
  0
SEQEND
  5
2B3
330
2B0
100
AcDbEntity
  8
DEFAULT
 62
   250
  0
POLYLINE
  5
2B4
330
1F
100
AcDbEntity
  8
DEFAULT
 62
   250
100
AcDb2dPolyline
 66
     1
 10
0.0
 20
0.0
 30
0.0
  0
VERTEX
  5
2B5
330
2B4
100
AcDbEntity
  8
DEFAULT
 62
   250
100
AcDbVertex
100
AcDb2dVertex
 10
123.0401047222222
 20
231.0586141666666
 30
0.0
  0
VERTEX
  5
2B6
330
2B4
100
AcDbEntity
  8
DEFAULT
 62
   250
100
AcDbVertex
100
AcDb2dVertex
 10
125.0608158333333
 20
231.0586141666666
 30
0.0
  0
SEQEND
  5
2B7
330
2B4
100
AcDbEntity
  8
DEFAULT
 62
   250
  0
POLYLINE
  5
2B8
330
1F
100
AcDbEntity
  8
DEFAULT
 62
   250
100
AcDb2dPolyline
 66
     1
 10
0.0
 20
0.0
 30
0.0
  0
VERTEX
  5
2B9
330
2B8
100
AcDbEntity
  8
DEFAULT
 62
   250
100
AcDbVertex
100
AcDb2dVertex
 10
123.04014
 20
217.0592630555556
 30
0.0
  0
VERTEX
  5
2BA
330
2B8
100
AcDbEntity
  8
DEFAULT
 62
   250
100
AcDbVertex
100
AcDb2dVertex
 10
125.0612038888889
 20
217.0592630555556
 30
0.0
  0
SEQEND
  5
2BB
330
2B8
100
AcDbEntity
  8
DEFAULT
 62
   250
  0
POLYLINE
  5
2BC
330
1F
100
AcDbEntity
  8
DEFAULT
 62
   250
100
AcDb2dPolyline
 66
     1
 10
0.0
 20
0.0
 30
0.0
  0
VERTEX
  5
2BD
330
2BC
100
AcDbEntity
  8
DEFAULT
 62
   250
100
AcDbVertex
100
AcDb2dVertex
 10
177.4989747222222
 20
217.0592983333333
 30
0.0
  0
VERTEX
  5
2BE
330
2BC
100
AcDbEntity
  8
DEFAULT
 62
   250
100
AcDbVertex
100
AcDb2dVertex
 10
175.4782636111111
 20
217.0592983333333
 30
0.0
  0
SEQEND
  5
2BF
330
2BC
100
AcDbEntity
  8
DEFAULT
 62
   250
  0
POLYLINE
  5
2C0
330
1F
100
AcDbEntity
  8
DEFAULT
 62
   250
100
AcDb2dPolyline
 66
     1
 10
0.0
 20
0.0
 30
0.0
  0
VERTEX
  5
2C1
330
2C0
100
AcDbEntity
  8
DEFAULT
 62
   250
100
AcDbVertex
100
AcDb2dVertex
 10
177.4989394444444
 20
231.0586494444444
 30
0.0
  0
VERTEX
  5
2C2
330
2C0
100
AcDbEntity
  8
DEFAULT
 62
   250
100
AcDbVertex
100
AcDb2dVertex
 10
175.4782283333333
 20
231.0586494444444
 30
0.0
  0
SEQEND
  5
2C3
330
2C0
100
AcDbEntity
  8
DEFAULT
 62
   250
  0
POLYLINE
  5
2C4
330
1F
100
AcDbEntity
  8
DEFAULT
 62
   250
100
AcDb2dPolyline
 66
     1
 10
0.0
 20
0.0
 30
0.0
  0
VERTEX
  5
2C5
330
2C4
100
AcDbEntity
  8
DEFAULT
 62
   250
100
AcDbVertex
100
AcDb2dVertex
 10
135.96493
 20
248.2625633333333
 30
0.0
  0
VERTEX
  5
2C6
330
2C4
100
AcDbEntity
  8
DEFAULT
 62
   250
100
AcDbVertex
100
AcDb2dVertex
 10
137.3940327777778
 20
246.8334605555555
 30
0.0
  0
SEQEND
  5
2C7
330
2C4
100
AcDbEntity
  8
DEFAULT
 62
   250
  0
POLYLINE
  5
2C8
330
1F
100
AcDbEntity
  8
DEFAULT
 62
   250
100
AcDb2dPolyline
 66
     1
 10
0.0
 20
0.0
 30
0.0
  0
VERTEX
  5
2C9
330
2C8
100
AcDbEntity
  8
DEFAULT
 62
   250
100
AcDbVertex
100
AcDb2dVertex
 10
126.065915
 20
238.3635130555555
 30
0.0
  0
VERTEX
  5
2CA
330
2C8
100
AcDbEntity
  8
DEFAULT
 62
   250
100
AcDbVertex
100
AcDb2dVertex
 10
127.4950177777778
 20
236.9344102777777
 30
0.0
  0
SEQEND
  5
2CB
330
2C8
100
AcDbEntity
  8
DEFAULT
 62
   250
  0
POLYLINE
  5
2CC
330
1F
100
AcDbEntity
  8
DEFAULT
 62
   250
100
AcDb2dPolyline
 66
     1
 10
0.0
 20
0.0
 30
0.0
  0
VERTEX
  5
2CD
330
2CC
100
AcDbEntity
  8
DEFAULT
 62
   250
100
AcDbVertex
100
AcDb2dVertex
 10
164.5741494444444
 20
199.8553491666666
 30
0.0
  0
VERTEX
  5
2CE
330
2CC
100
AcDbEntity
  8
DEFAULT
 62
   250
100
AcDbVertex
100
AcDb2dVertex
 10
163.1450466666667
 20
201.2844519444444
 30
0.0
  0
SEQEND
  5
2CF
330
2CC
100
AcDbEntity
  8
DEFAULT
 62
   250
  0
POLYLINE
  5
2D0
330
1F
100
AcDbEntity
  8
DEFAULT
 62
   250
100
AcDb2dPolyline
 66
     1
 10
0.0
 20
0.0
 30
0.0
  0
VERTEX
  5
2D1
330
2D0
100
AcDbEntity
  8
DEFAULT
 62
   250
100
AcDbVertex
100
AcDb2dVertex
 10
174.4731644444444
 20
209.7543994444444
 30
0.0
  0
VERTEX
  5
2D2
330
2D0
100
AcDbEntity
  8
DEFAULT
 62
   250
100
AcDbVertex
100
AcDb2dVertex
 10
173.0440616666666
 20
211.1835022222222
 30
0.0
  0
SEQEND
  5
2D3
330
2D0
100
AcDbEntity
  8
DEFAULT
 62
   250
  0
SPLINE
  5
2D4
330
1F
100
AcDbEntity
  8
DEFAULT
 62
     1
100
AcDbSpline
210
0.0
220
0.0
230
1.0
 70
    11
 71
     3
 72
   437
 73
   433
 74
     0
 42
0.000000001
 43
0.0000000001
 40
1.0
 40
1.0
 40
1.0
 40
1.0
 40
2.0
 40
2.0
 40
2.0
 40
11.91999999999996
 40
11.91999999999996
 40
11.91999999999996
 40
20.41999999999996
 40
20.41999999999996
 40
20.41999999999996
 40
30.33999999999992
 40
30.33999999999992
 40
30.33999999999992
 40
31.33999999999992
 40
31.33999999999992
 40
31.33999999999992
 40
32.33999999999992
 40
32.33999999999992
 40
32.33999999999992
 40
33.33999999999992
 40
33.33999999999992
 40
33.33999999999992
 40
34.33999999999992
 40
34.33999999999992
 40
34.33999999999992
 40
35.33999999999992
 40
35.33999999999992
 40
35.33999999999992
 40
36.33999999999992
 40
36.33999999999992
 40
36.33999999999992
 40
37.33999999999992
 40
37.33999999999992
 40
37.33999999999992
 40
45.83942350986221
 40
45.83942350986221
 40
45.83942350986221
 40
46.83942350986221
 40
46.83942350986221
 40
46.83942350986221
 40
47.83942350986221
 40
47.83942350986221
 40
47.83942350986221
 40
48.83942350986221
 40
48.83942350986221
 40
48.83942350986221
 40
49.83942350986221
 40
49.83942350986221
 40
49.83942350986221
 40
50.83942350986221
 40
50.83942350986221
 40
50.83942350986221
 40
51.83942350986221
 40
51.83942350986221
 40
51.83942350986221
 40
52.83942350986221
 40
52.83942350986221
 40
52.83942350986221
 40
53.83942350986221
 40
53.83942350986221
 40
53.83942350986221
 40
62.34592102646678
 40
62.34592102646678
 40
62.34592102646678
 40
63.34592102646678
 40
63.34592102646678
 40
63.34592102646678
 40
64.34592102646678
 40
64.34592102646678
 40
64.34592102646678
 40
65.34592102646678
 40
65.34592102646678
 40
65.34592102646678
 40
66.34592102646678
 40
66.34592102646678
 40
66.34592102646678
 40
67.34592102646678
 40
67.34592102646678
 40
67.34592102646678
 40
68.34592102646678
 40
68.34592102646678
 40
68.34592102646678
 40
69.34592102646678
 40
69.34592102646678
 40
69.34592102646678
 40
79.26592102646674
 40
79.26592102646674
 40
79.26592102646674
 40
87.76592102646674
 40
87.76592102646674
 40
87.76592102646674
 40
97.6859210264667
 40
97.6859210264667
 40
97.6859210264667
 40
98.6859210264667
 40
98.6859210264667
 40
98.6859210264667
 40
99.6859210264667
 40
99.6859210264667
 40
99.6859210264667
 40
100.6859210264667
 40
100.6859210264667
 40
100.6859210264667
 40
101.6859210264667
 40
101.6859210264667
 40
101.6859210264667
 40
102.6859210264667
 40
102.6859210264667
 40
102.6859210264667
 40
103.6859210264667
 40
103.6859210264667
 40
103.6859210264667
 40
113.6059210264667
 40
113.6059210264667
 40
113.6059210264667
 40
122.1059210264667
 40
122.1059210264667
 40
122.1059210264667
 40
132.0259210264666
 40
132.0259210264666
 40
132.0259210264666
 40
133.0259210264666
 40
133.0259210264666
 40
133.0259210264666
 40
134.0259210264666
 40
134.0259210264666
 40
134.0259210264666
 40
135.0259210264666
 40
135.0259210264666
 40
135.0259210264666
 40
136.0259210264666
 40
136.0259210264666
 40
136.0259210264666
 40
137.0259210264666
 40
137.0259210264666
 40
137.0259210264666
 40
138.0259210264666
 40
138.0259210264666
 40
138.0259210264666
 40
139.0259210264666
 40
139.0259210264666
 40
139.0259210264666
 40
147.5253445363289
 40
147.5253445363289
 40
147.5253445363289
 40
148.5253445363289
 40
148.5253445363289
 40
148.5253445363289
 40
149.5253445363289
 40
149.5253445363289
 40
149.5253445363289
 40
150.5253445363289
 40
150.5253445363289
 40
150.5253445363289
 40
151.5253445363289
 40
151.5253445363289
 40
151.5253445363289
 40
152.5253445363289
 40
152.5253445363289
 40
152.5253445363289
 40
153.5253445363289
 40
153.5253445363289
 40
153.5253445363289
 40
154.5253445363289
 40
154.5253445363289
 40
154.5253445363289
 40
155.5253445363289
 40
155.5253445363289
 40
155.5253445363289
 40
164.0318420529335
 40
164.0318420529335
 40
164.0318420529335
 40
165.0318420529335
 40
165.0318420529335
 40
165.0318420529335
 40
166.0318420529335
 40
166.0318420529335
 40
166.0318420529335
 40
167.0318420529335
 40
167.0318420529335
 40
167.0318420529335
 40
168.0318420529335
 40
168.0318420529335
 40
168.0318420529335
 40
169.0318420529335
 40
169.0318420529335
 40
169.0318420529335
 40
170.0318420529335
 40
170.0318420529335
 40
170.0318420529335
 40
171.0318420529335
 40
171.0318420529335
 40
171.0318420529335
 40
180.9518420529335
 40
180.9518420529335
 40
180.9518420529335
 40
189.4518420529335
 40
189.4518420529335
 40
189.4518420529335
 40
199.3718420529335
 40
199.3718420529335
 40
199.3718420529335
 40
200.3718420529335
 40
200.3718420529335
 40
200.3718420529335
 40
201.3718420529335
 40
201.3718420529335
 40
201.3718420529335
 40
202.3718420529335
 40
202.3718420529335
 40
202.3718420529335
 40
203.3718420529335
 40
203.3718420529335
 40
203.3718420529335
 40
204.3718420529335
 40
204.3718420529335
 40
204.3718420529335
 40
205.3718420529335
 40
205.3718420529335
 40
205.3718420529335
 40
215.2918420529336
 40
215.2918420529336
 40
215.2918420529336
 40
223.8018420529336
 40
223.8018420529336
 40
223.8018420529336
 40
233.7218420529336
 40
233.7218420529336
 40
233.7218420529336
 40
234.7218420529336
 40
234.7218420529336
 40
234.7218420529336
 40
235.7218420529336
 40
235.7218420529336
 40
235.7218420529336
 40
236.7218420529336
 40
236.7218420529336
 40
236.7218420529336
 40
237.7218420529336
 40
237.7218420529336
 40
237.7218420529336
 40
238.7218420529336
 40
238.7218420529336
 40
238.7218420529336
 40
239.7218420529336
 40
239.7218420529336
 40
239.7218420529336
 40
240.7218420529336
 40
240.7218420529336
 40
240.7218420529336
 40
249.2283395695382
 40
249.2283395695382
 40
249.2283395695382
 40
250.2283395695382
 40
250.2283395695382
 40
250.2283395695382
 40
251.2283395695382
 40
251.2283395695382
 40
251.2283395695382
 40
252.2283395695382
 40
252.2283395695382
 40
252.2283395695382
 40
253.2283395695382
 40
253.2283395695382
 40
253.2283395695382
 40
254.2283395695382
 40
254.2283395695382
 40
254.2283395695382
 40
255.2283395695382
 40
255.2283395695382
 40
255.2283395695382
 40
256.2283395695382
 40
256.2283395695382
 40
256.2283395695382
 40
257.2283395695382
 40
257.2283395695382
 40
257.2283395695382
 40
265.7348370861429
 40
265.7348370861429
 40
265.7348370861429
 40
266.7348370861429
 40
266.7348370861429
 40
266.7348370861429
 40
267.7348370861429
 40
267.7348370861429
 40
267.7348370861429
 40
268.7348370861429
 40
268.7348370861429
 40
268.7348370861429
 40
269.7348370861429
 40
269.7348370861429
 40
269.7348370861429
 40
270.7348370861429
 40
270.7348370861429
 40
270.7348370861429
 40
271.7348370861429
 40
271.7348370861429
 40
271.7348370861429
 40
272.7348370861429
 40
272.7348370861429
 40
272.7348370861429
 40
282.6548370861428
 40
282.6548370861428
 40
282.6548370861428
 40
291.1548370861428
 40
291.1548370861428
 40
291.1548370861428
 40
301.0748370861428
 40
301.0748370861428
 40
301.0748370861428
 40
302.0748370861428
 40
302.0748370861428
 40
302.0748370861428
 40
303.0748370861428
 40
303.0748370861428
 40
303.0748370861428
 40
304.0748370861428
 40
304.0748370861428
 40
304.0748370861428
 40
305.0748370861428
 40
305.0748370861428
 40
305.0748370861428
 40
306.0748370861428
 40
306.0748370861428
 40
306.0748370861428
 40
307.0748370861428
 40
307.0748370861428
 40
307.0748370861428
 40
316.9948370861428
 40
316.9948370861428
 40
316.9948370861428
 40
325.4948370861428
 40
325.4948370861428
 40
325.4948370861428
 40
335.4148370861427
 40
335.4148370861427
 40
335.4148370861427
 40
336.4148370861427
 40
336.4148370861427
 40
336.4148370861427
 40
337.4148370861427
 40
337.4148370861427
 40
337.4148370861427
 40
338.4148370861427
 40
338.4148370861427
 40
338.4148370861427
 40
339.4148370861427
 40
339.4148370861427
 40
339.4148370861427
 40
340.4148370861427
 40
340.4148370861427
 40
340.4148370861427
 40
341.4148370861427
 40
341.4148370861427
 40
341.4148370861427
 40
342.4148370861427
 40
342.4148370861427
 40
342.4148370861427
 40
350.9284027316288
 40
350.9284027316288
 40
350.9284027316288
 40
351.9284027316288
 40
351.9284027316288
 40
351.9284027316288
 40
352.9284027316288
 40
352.9284027316288
 40
352.9284027316288
 40
353.9284027316288
 40
353.9284027316288
 40
353.9284027316288
 40
354.9284027316288
 40
354.9284027316288
 40
354.9284027316288
 40
355.9284027316288
 40
355.9284027316288
 40
355.9284027316288
 40
356.9284027316288
 40
356.9284027316288
 40
356.9284027316288
 40
357.9284027316288
 40
357.9284027316288
 40
357.9284027316288
 40
358.9284027316288
 40
358.9284027316288
 40
358.9284027316288
 40
367.4278262414911
 40
367.4278262414911
 40
367.4278262414911
 40
368.4278262414911
 40
368.4278262414911
 40
368.4278262414911
 40
369.4278262414911
 40
369.4278262414911
 40
369.4278262414911
 40
370.4278262414911
 40
370.4278262414911
 40
370.4278262414911
 40
371.4278262414911
 40
371.4278262414911
 40
371.4278262414911
 40
372.4278262414911
 40
372.4278262414911
 40
372.4278262414911
 40
373.4278262414911
 40
373.4278262414911
 40
373.4278262414911
 40
374.4278262414911
 40
374.4278262414911
 40
374.4278262414911
 40
384.3478262414911
 40
384.3478262414911
 40
384.3478262414911
 40
392.8578262414911
 40
392.8578262414911
 40
392.8578262414911
 40
402.777826241491
 40
402.777826241491
 40
402.777826241491
 40
403.777826241491
 40
403.777826241491
 40
403.777826241491
 40
404.777826241491
 40
404.777826241491
 40
404.777826241491
 40
405.777826241491
 40
405.777826241491
 40
405.777826241491
 40
406.777826241491
 40
406.777826241491
 40
406.777826241491
 40
407.777826241491
 40
407.777826241491
 40
407.777826241491
 40
407.777826241491
 10
184.7807666666667
 20
229.6597797222222
 30
0.0
 10
183.8141555555555
 20
229.6597797222222
 30
0.0
 10
183.20385
 20
229.5610019444444
 30
0.0
 10
183.0309888888889
 20
229.5610019444444
 30
0.0
 10
181.8644703703703
 20
229.5610019444444
 30
0.0
 10
180.6979518518518
 20
229.5610019444444
 30
0.0
 10
179.5314333333333
 20
229.5610019444444
 30
0.0
 10
179.5314333333333
 20
230.5605389814815
 30
0.0
 10
179.5314333333333
 20
231.5600760185185
 30
0.0
 10
179.5314333333333
 20
232.5596130555555
 30
0.0
 10
180.6979518518518
 20
232.5596130555556
 30
0.0
 10
181.8644703703703
 20
232.5596130555556
 30
0.0
 10
183.0309888888889
 20
232.5596130555555
 30
0.0
 10
183.20385
 20
232.5596130555555
 30
0.0
 10
183.8141555555555
 20
232.4608352777778
 30
0.0
 10
184.7807666666667
 20
232.4608352777778
 30
0.0
 10
185.7473777777778
 20
232.4608352777778
 30
0.0
 10
186.5305444444444
 20
232.5031686111111
 30
0.0
 10
186.5305444444444
 20
232.5596130555555
 30
0.0
 10
186.5305444444444
 20
235.5582241666667
 30
0.0
 10
184.7525444444444
 20
235.8333908333333
 30
0.0
 10
183.8670722222222
 20
237.9747519444444
 30
0.0
 10
182.9780722222222
 20
240.1161130555555
 30
0.0
 10
184.0434611111111
 20
241.5663825
 30
0.0
 10
181.9197388888889
 20
243.6865769444444
 30
0.0
 10
181.8809333333333
 20
243.7250297222222
 30
0.0
 10
181.2953222222222
 20
243.2032713888889
 30
0.0
 10
180.6144611111111
 20
242.5220575
 30
0.0
 10
179.9300722222222
 20
241.8380213888888
 30
0.0
 10
179.5702388888889
 20
241.3370769444444
 30
0.0
 10
179.4467666666667
 20
241.2136047222222
 30
0.0
 10
178.8258777777778
 20
240.5927158333333
 30
0.0
 10
176.9702666666666
 20
238.7371047222222
 30
0.0
 10
176.9702666666666
 20
238.7371047222222
 30
0.0
 10
176.2635351851851
 20
239.4438362037037
 30
0.0
 10
175.5568037037037
 20
240.1505676851852
 30
0.0
 10
174.8500722222222
 20
240.8572991666666
 30
0.0
 10
174.8500722222222
 20
240.8572991666666
 30
0.0
 10
176.7056833333333
 20
242.7164380555555
 30
0.0
 10
177.3265722222222
 20
243.3337991666666
 30
0.0
 10
177.4500444444444
 20
243.4569186111111
 30
0.0
 10
177.9474611111111
 20
243.8167519444444
 30
0.0
 10
178.63185
 20
244.5011408333333
 30
0.0
 10
179.3162388888889
 20
245.1858825
 30
0.0
 10
179.83835
 20
245.7714936111111
 30
0.0
 10
179.7995444444444
 20
245.8102991666667
 30
0.0
 10
177.6511277777778
 20
247.9583630555555
 30
0.0
 10
176.3740722222222
 20
247.8736963888889
 30
0.0
 10
175.2310722222222
 20
249.0205769444444
 30
0.0
 10
173.0791277777778
 20
251.1689936111111
 30
0.0
 10
173.1637944444444
 20
252.4425213888889
 30
0.0
 10
172.0207944444444
 20
253.5890491666667
 30
0.0
 10
171.9819888888889
 20
253.6278547222222
 30
0.0
 10
171.3963777777778
 20
253.1057436111111
 30
0.0
 10
170.7119888888889
 20
252.4213547222222
 30
0.0
 10
170.0276
 20
251.7369658333333
 30
0.0
 10
169.6677666666666
 20
251.2360213888888
 30
0.0
 10
169.5442944444444
 20
251.1125491666667
 30
0.0
 10
168.9269333333333
 20
250.4951880555555
 30
0.0
 10
167.0713222222222
 20
248.6395769444444
 30
0.0
 10
167.0713222222222
 20
248.6395769444444
 30
0.0
 10
166.3634148148148
 20
249.3463084259259
 30
0.0
 10
165.6555074074074
 20
250.0530399074074
 30
0.0
 10
164.9476
 20
250.7597713888889
 30
0.0
 10
164.9476
 20
250.7597713888889
 30
0.0
 10
166.8032111111111
 20
252.6153825
 30
0.0
 10
167.4241
 20
253.2362713888889
 30
0.0
 10
167.5475722222222
 20
253.3597436111111
 30
0.0
 10
168.0485166666666
 20
253.7195769444444
 30
0.0
 10
168.7329055555555
 20
254.4004380555555
 30
0.0
 10
169.4172944444444
 20
255.0848269444444
 30
0.0
 10
169.9358777777778
 20
255.6704380555555
 30
0.0
 10
169.8970722222222
 20
255.7092436111111
 30
0.0
 10
167.7768777777777
 20
257.8294380555556
 30
0.0
 10
166.3269611111111
 20
256.7675769444444
 30
0.0
 10
164.1856
 20
257.6565769444444
 30
0.0
 10
162.0442388888889
 20
258.5420491666666
 30
0.0
 10
161.7726
 20
260.3200491666666
 30
0.0
 10
158.7704611111111
 20
260.3200491666666
 30
0.0
 10
158.7140166666667
 20
260.3200491666666
 30
0.0
 10
158.6716833333333
 20
259.5368825
 30
0.0
 10
158.6716833333333
 20
258.5702713888889
 30
0.0
 10
158.6716833333333
 20
257.6036602777777
 30
0.0
 10
158.7704611111111
 20
256.9933547222222
 30
0.0
 10
158.7704611111111
 20
256.8204936111111
 30
0.0
 10
158.7704611111111
 20
255.6539750925926
 30
0.0
 10
158.7704611111111
 20
254.4874565740741
 30
0.0
 10
158.7704611111111
 20
253.3209380555555
 30
0.0
 10
157.7709240740741
 20
253.3209380555555
 30
0.0
 10
156.771387037037
 20
253.3209380555555
 30
0.0
 10
155.77185
 20
253.3209380555555
 30
0.0
 10
155.77185
 20
254.487456574074
 30
0.0
 10
155.77185
 20
255.6539750925926
 30
0.0
 10
155.77185
 20
256.8204936111111
 30
0.0
 10
155.77185
 20
256.9933547222222
 30
0.0
 10
155.8706277777777
 20
257.6036602777777
 30
0.0
 10
155.8706277777777
 20
258.5702713888889
 30
0.0
 10
155.8706277777777
 20
259.5368825
 30
0.0
 10
155.8247666666666
 20
260.3200491666666
 30
0.0
 10
155.77185
 20
260.3200491666666
 30
0.0
 10
152.7305527777778
 20
260.3200491666666
 30
0.0
 10
151.8877666666667
 20
259.3569658333333
 30
0.0
 10
150.2685166666666
 20
259.3569658333333
 30
0.0
 10
147.2272194444444
 20
259.3569658333333
 30
0.0
 10
146.3876083333333
 20
260.3200491666666
 30
0.0
 10
144.7683583333333
 20
260.3200491666666
 30
0.0
 10
144.7119138888889
 20
260.3200491666666
 30
0.0
 10
144.6695805555555
 20
259.5368825
 30
0.0
 10
144.6695805555555
 20
258.5702713888889
 30
0.0
 10
144.6695805555555
 20
257.6036602777777
 30
0.0
 10
144.7683583333333
 20
256.9933547222222
 30
0.0
 10
144.7683583333333
 20
256.8204936111111
 30
0.0
 10
144.7683583333333
 20
255.6539750925926
 30
0.0
 10
144.7683583333333
 20
254.4874565740741
 30
0.0
 10
144.7683583333333
 20
253.3209380555555
 30
0.0
 10
143.7688212962963
 20
253.3209380555555
 30
0.0
 10
142.7692842592592
 20
253.3209380555555
 30
0.0
 10
141.7697472222222
 20
253.3209380555555
 30
0.0
 10
141.7697472222222
 20
254.487456574074
 30
0.0
 10
141.7697472222222
 20
255.6539750925926
 30
0.0
 10
141.7697472222222
 20
256.8204936111111
 30
0.0
 10
141.7697472222222
 20
256.9933547222222
 30
0.0
 10
141.868525
 20
257.6036602777777
 30
0.0
 10
141.868525
 20
258.5702713888889
 30
0.0
 10
141.868525
 20
259.5368825
 30
0.0
 10
141.8226638888889
 20
260.3200491666666
 30
0.0
 10
141.7697472222222
 20
260.3200491666666
 30
0.0
 10
138.7711361111111
 20
260.3200491666666
 30
0.0
 10
138.4959694444444
 20
258.5420491666666
 30
0.0
 10
136.3546083333333
 20
257.6565769444444
 30
0.0
 10
134.2097194444444
 20
256.7675769444444
 30
0.0
 10
132.7633305555555
 20
257.8329658333333
 30
0.0
 10
130.6396083333333
 20
255.7092436111111
 30
0.0
 10
130.6008027777778
 20
255.6704380555555
 30
0.0
 10
131.1229138888889
 20
255.0848269444444
 30
0.0
 10
131.8073027777778
 20
254.4004380555555
 30
0.0
 10
132.4916916666667
 20
253.7195769444444
 30
0.0
 10
132.9926361111111
 20
253.3597436111111
 30
0.0
 10
133.1161083333333
 20
253.2362713888889
 30
0.0
 10
133.7334694444444
 20
252.6153825
 30
0.0
 10
135.5890805555555
 20
250.7597713888889
 30
0.0
 10
135.5890805555555
 20
250.7597713888889
 30
0.0
 10
134.8823490740741
 20
250.0530399074074
 30
0.0
 10
134.1756175925926
 20
249.3463084259259
 30
0.0
 10
133.4688861111111
 20
248.6395769444444
 30
0.0
 10
133.4688861111111
 20
248.6395769444444
 30
0.0
 10
131.613275
 20
250.4951880555555
 30
0.0
 10
130.9923861111111
 20
251.1125491666667
 30
0.0
 10
130.8689138888889
 20
251.2360213888888
 30
0.0
 10
130.5126083333333
 20
251.7369658333333
 30
0.0
 10
129.8282194444444
 20
252.4213547222222
 30
0.0
 10
129.1438305555556
 20
253.1057436111111
 30
0.0
 10
128.5582194444444
 20
253.6278547222222
 30
0.0
 10
128.5194138888889
 20
253.5890491666667
 30
0.0
 10
126.3674694444444
 20
251.4371047222222
 30
0.0
 10
126.4521361111111
 20
250.1635769444444
 30
0.0
 10
125.3091361111111
 20
249.0205769444444
 30
0.0
 10
123.1571916666666
 20
246.8686325
 30
0.0
 10
121.8836638888889
 20
246.9532991666666
 30
0.0
 10
120.7406638888889
 20
245.8102991666667
 30
0.0
 10
120.7018583333333
 20
245.7679658333333
 30
0.0
 10
121.2204416666666
 20
245.1858825
 30
0.0
 10
121.9048305555555
 20
244.5011408333333
 30
0.0
 10
122.5892194444444
 20
243.8167519444444
 30
0.0
 10
123.0901638888889
 20
243.4569186111111
 30
0.0
 10
123.2136361111111
 20
243.3337991666666
 30
0.0
 10
123.834525
 20
242.7164380555555
 30
0.0
 10
125.6901361111111
 20
240.8572991666666
 30
0.0
 10
125.6901361111111
 20
240.8572991666666
 30
0.0
 10
124.9822287037037
 20
240.1505676851852
 30
0.0
 10
124.2743212962963
 20
239.4438362037037
 30
0.0
 10
123.5664138888889
 20
238.7371047222222
 30
0.0
 10
123.5664138888889
 20
238.7371047222222
 30
0.0
 10
121.7108027777778
 20
240.5927158333333
 30
0.0
 10
121.0934416666667
 20
241.2136047222222
 30
0.0
 10
120.9699694444444
 20
241.3370769444444
 30
0.0
 10
120.6101361111111
 20
241.8380213888888
 30
0.0
 10
119.9257472222222
 20
242.5220575
 30
0.0
 10
119.2413583333333
 20
243.2032713888889
 30
0.0
 10
118.6557472222222
 20
243.7250297222222
 30
0.0
 10
118.6169416666666
 20
243.6865769444444
 30
0.0
 10
116.4967472222222
 20
241.5663825
 30
0.0
 10
117.5586083333333
 20
240.1161130555555
 30
0.0
 10
116.6731361111111
 20
237.9747519444444
 30
0.0
 10
115.7841361111111
 20
235.8333908333333
 30
0.0
 10
114.0096638888889
 20
235.5582241666667
 30
0.0
 10
114.0096638888889
 20
232.5596130555555
 30
0.0
 10
114.0096638888889
 20
232.5031686111111
 30
0.0
 10
114.7928305555555
 20
232.4608352777778
 30
0.0
 10
115.7594416666667
 20
232.4608352777778
 30
0.0
 10
116.7260527777778
 20
232.4608352777778
 30
0.0
 10
117.3328305555555
 20
232.5596130555555
 30
0.0
 10
117.5092194444444
 20
232.5596130555555
 30
0.0
 10
118.6757379629629
 20
232.5596130555556
 30
0.0
 10
119.8422564814815
 20
232.5596130555556
 30
0.0
 10
121.008775
 20
232.5596130555555
 30
0.0
 10
121.008775
 20
231.5600760185185
 30
0.0
 10
121.008775
 20
230.5605389814815
 30
0.0
 10
121.008775
 20
229.5610019444444
 30
0.0
 10
119.8422564814815
 20
229.5610019444444
 30
0.0
 10
118.6757379629629
 20
229.5610019444444
 30
0.0
 10
117.5092194444444
 20
229.5610019444444
 30
0.0
 10
117.3328305555555
 20
229.5610019444444
 30
0.0
 10
116.7260527777778
 20
229.6597797222222
 30
0.0
 10
115.7594416666667
 20
229.6597797222222
 30
0.0
 10
114.7928305555555
 20
229.6597797222222
 30
0.0
 10
114.0096638888889
 20
229.6139186111111
 30
0.0
 10
114.0096638888889
 20
229.5610019444444
 30
0.0
 10
114.0096638888889
 20
226.5200575
 30
0.0
 10
114.9692194444444
 20
225.6769186111111
 30
0.0
 10
114.9692194444444
 20
224.0576686111111
 30
0.0
 10
114.9692194444444
 20
221.0167241666666
 30
0.0
 10
114.0096638888889
 20
220.1771130555555
 30
0.0
 10
114.0096638888889
 20
218.5578630555555
 30
0.0
 10
114.0096638888889
 20
218.5014186111111
 30
0.0
 10
114.7928305555555
 20
218.4555575
 30
0.0
 10
115.7594416666667
 20
218.4555575
 30
0.0
 10
116.7260527777778
 20
218.4555575
 30
0.0
 10
117.3328305555555
 20
218.5578630555555
 30
0.0
 10
117.5092194444444
 20
218.5578630555555
 30
0.0
 10
118.6757379629629
 20
218.5578630555555
 30
0.0
 10
119.8422564814815
 20
218.5578630555555
 30
0.0
 10
121.008775
 20
218.5578630555555
 30
0.0
 10
121.008775
 20
217.5571500925926
 30
0.0
 10
121.008775
 20
216.5564371296296
 30
0.0
 10
121.008775
 20
215.5557241666666
 30
0.0
 10
119.8422564814815
 20
215.5557241666666
 30
0.0
 10
118.6757379629629
 20
215.5557241666666
 30
0.0
 10
117.5092194444444
 20
215.5557241666666
 30
0.0
 10
117.3328305555555
 20
215.5557241666666
 30
0.0
 10
116.7260527777778
 20
215.6580297222222
 30
0.0
 10
115.7594416666667
 20
215.6580297222222
 30
0.0
 10
114.7928305555555
 20
215.6580297222222
 30
0.0
 10
114.0096638888889
 20
215.6121686111111
 30
0.0
 10
114.0096638888889
 20
215.5557241666666
 30
0.0
 10
114.0096638888889
 20
212.5571130555555
 30
0.0
 10
115.7841361111111
 20
212.2854741666666
 30
0.0
 10
116.6731361111111
 20
210.1405852777777
 30
0.0
 10
117.5586083333333
 20
207.9992241666667
 30
0.0
 10
116.4967472222222
 20
206.5493075
 30
0.0
 10
118.6169416666666
 20
204.4291130555555
 30
0.0
 10
118.6557472222222
 20
204.3903075
 30
0.0
 10
119.2413583333333
 20
204.9124186111111
 30
0.0
 10
119.9257472222222
 20
205.5968075
 30
0.0
 10
120.6101361111111
 20
206.2811963888889
 30
0.0
 10
120.9699694444444
 20
206.7821408333333
 30
0.0
 10
121.0934416666667
 20
206.9056130555555
 30
0.0
 10
121.7108027777778
 20
207.5229741666666
 30
0.0
 10
123.5664138888889
 20
209.3785852777777
 30
0.0
 10
123.5664138888889
 20
209.3785852777777
 30
0.0
 10
124.2743212962963
 20
208.6718537962962
 30
0.0
 10
124.9822287037037
 20
207.9651223148147
 30
0.0
 10
125.6901361111111
 20
207.2583908333333
 30
0.0
 10
125.6901361111111
 20
207.2583908333333
 30
0.0
 10
123.834525
 20
205.4027797222222
 30
0.0
 10
123.2136361111111
 20
204.7818908333333
 30
0.0
 10
123.0901638888889
 20
204.6584186111111
 30
0.0
 10
122.5892194444444
 20
204.2985852777778
 30
0.0
 10
121.9048305555555
 20
203.6177241666666
 30
0.0
 10
121.2204416666666
 20
202.9333352777778
 30
0.0
 10
120.7018583333333
 20
202.3477241666667
 30
0.0
 10
120.7406638888889
 20
202.3089186111111
 30
0.0
 10
122.8890805555555
 20
200.1569741666667
 30
0.0
 10
124.1626083333333
 20
200.2416408333333
 30
0.0
 10
125.3091361111111
 20
199.0986408333333
 30
0.0
 10
127.4575527777778
 20
196.9466963888889
 30
0.0
 10
127.3728861111111
 20
195.6731686111111
 30
0.0
 10
128.5194138888889
 20
194.5266408333333
 30
0.0
 10
128.5582194444444
 20
194.4878352777778
 30
0.0
 10
129.1438305555556
 20
195.0099463888889
 30
0.0
 10
129.8282194444444
 20
195.6943352777778
 30
0.0
 10
130.5126083333333
 20
196.3787241666666
 30
0.0
 10
130.8724416666666
 20
196.8796686111111
 30
0.0
 10
130.9923861111111
 20
197.0031408333333
 30
0.0
 10
131.613275
 20
197.6205019444444
 30
0.0
 10
133.4688861111111
 20
199.4796408333333
 30
0.0
 10
133.4688861111111
 20
199.4796408333333
 30
0.0
 10
134.1756175925926
 20
198.7717334259259
 30
0.0
 10
134.8823490740741
 20
198.0638260185185
 30
0.0
 10
135.5890805555555
 20
197.3559186111111
 30
0.0
 10
135.5890805555555
 20
197.3559186111111
 30
0.0
 10
133.7334694444444
 20
195.5003075
 30
0.0
 10
133.1161083333333
 20
194.8829463888889
 30
0.0
 10
132.9926361111111
 20
194.7594741666667
 30
0.0
 10
132.4916916666667
 20
194.3996408333333
 30
0.0
 10
131.8073027777778
 20
193.7148991666667
 30
0.0
 10
131.1229138888889
 20
193.0305102777778
 30
0.0
 10
130.6008027777778
 20
192.4452519444444
 30
0.0
 10
130.6396083333333
 20
192.4064463888889
 30
0.0
 10
132.7598027777778
 20
190.2862519444444
 30
0.0
 10
134.2097194444444
 20
191.3481130555555
 30
0.0
 10
136.3546083333333
 20
190.4626408333333
 30
0.0
 10
138.4959694444444
 20
189.5732880555555
 30
0.0
 10
138.7676083333333
 20
187.7988158333333
 30
0.0
 10
141.7697472222222
 20
187.7988158333333
 30
0.0
 10
141.8226638888889
 20
187.7988158333333
 30
0.0
 10
141.868525
 20
188.5788075
 30
0.0
 10
141.868525
 20
189.5489463888889
 30
0.0
 10
141.868525
 20
190.5155575
 30
0.0
 10
141.7697472222222
 20
191.1223352777778
 30
0.0
 10
141.7697472222222
 20
191.2987241666666
 30
0.0
 10
141.7697472222222
 20
192.4652426851851
 30
0.0
 10
141.7697472222222
 20
193.6317612037037
 30
0.0
 10
141.7697472222222
 20
194.7982797222222
 30
0.0
 10
142.7692842592593
 20
194.7982797222222
 30
0.0
 10
143.7688212962963
 20
194.7982797222222
 30
0.0
 10
144.7683583333333
 20
194.7982797222222
 30
0.0
 10
144.7683583333333
 20
193.6317612037037
 30
0.0
 10
144.7683583333333
 20
192.4652426851851
 30
0.0
 10
144.7683583333333
 20
191.2987241666666
 30
0.0
 10
144.7683583333333
 20
191.1223352777778
 30
0.0
 10
144.6695805555555
 20
190.5155575
 30
0.0
 10
144.6695805555555
 20
189.5489463888889
 30
0.0
 10
144.6695805555555
 20
188.5788075
 30
0.0
 10
144.7119138888889
 20
187.7988158333333
 30
0.0
 10
144.7683583333333
 20
187.7988158333333
 30
0.0
 10
147.8093027777778
 20
187.7988158333333
 30
0.0
 10
148.6524416666666
 20
188.7587241666667
 30
0.0
 10
150.2685166666666
 20
188.7587241666667
 30
0.0
 10
153.3094611111111
 20
188.7587241666667
 30
0.0
 10
154.1522472222222
 20
187.7988158333333
 30
0.0
 10
155.77185
 20
187.7988158333333
 30
0.0
 10
155.8247666666666
 20
187.7988158333333
 30
0.0
 10
155.8706277777777
 20
188.5788075
 30
0.0
 10
155.8706277777777
 20
189.5489463888889
 30
0.0
 10
155.8706277777777
 20
190.5155575
 30
0.0
 10
155.77185
 20
191.1223352777778
 30
0.0
 10
155.77185
 20
191.2987241666666
 30
0.0
 10
155.77185
 20
192.4652426851851
 30
0.0
 10
155.77185
 20
193.6317612037037
 30
0.0
 10
155.77185
 20
194.7982797222222
 30
0.0
 10
156.771387037037
 20
194.7982797222222
 30
0.0
 10
157.7709240740741
 20
194.7982797222222
 30
0.0
 10
158.7704611111111
 20
194.7982797222222
 30
0.0
 10
158.7704611111111
 20
193.6317612037037
 30
0.0
 10
158.7704611111111
 20
192.4652426851851
 30
0.0
 10
158.7704611111111
 20
191.2987241666666
 30
0.0
 10
158.7704611111111
 20
191.1223352777778
 30
0.0
 10
158.6716833333333
 20
190.5155575
 30
0.0
 10
158.6716833333333
 20
189.5489463888889
 30
0.0
 10
158.6716833333333
 20
188.5788075
 30
0.0
 10
158.7140166666667
 20
187.7988158333333
 30
0.0
 10
158.7704611111111
 20
187.7988158333333
 30
0.0
 10
161.7690722222222
 20
187.7988158333333
 30
0.0
 10
162.0442388888889
 20
189.5732880555555
 30
0.0
 10
164.1856
 20
190.4626408333333
 30
0.0
 10
166.3269611111111
 20
191.3481130555555
 30
0.0
 10
167.7768777777777
 20
190.2862519444444
 30
0.0
 10
169.8970722222222
 20
192.4064463888889
 30
0.0
 10
169.9394055555555
 20
192.4452519444444
 30
0.0
 10
169.4172944444444
 20
193.0305102777778
 30
0.0
 10
168.7329055555555
 20
193.7148991666667
 30
0.0
 10
168.0485166666666
 20
194.3996408333333
 30
0.0
 10
167.5475722222222
 20
194.7594741666667
 30
0.0
 10
167.4241
 20
194.8829463888889
 30
0.0
 10
166.8067388888889
 20
195.5003075
 30
0.0
 10
164.9476
 20
197.3559186111111
 30
0.0
 10
164.9476
 20
197.3559186111111
 30
0.0
 10
165.6555074074074
 20
198.0638260185185
 30
0.0
 10
166.3634148148148
 20
198.7717334259259
 30
0.0
 10
167.0713222222222
 20
199.4796408333333
 30
0.0
 10
167.0713222222222
 20
199.4796408333333
 30
0.0
 10
168.9269333333333
 20
197.6205019444444
 30
0.0
 10
169.5442944444444
 20
197.0031408333333
 30
0.0
 10
169.6677666666666
 20
196.8796686111111
 30
0.0
 10
170.0276
 20
196.3787241666666
 30
0.0
 10
170.7119888888889
 20
195.6943352777778
 30
0.0
 10
171.3963777777778
 20
195.0099463888889
 30
0.0
 10
171.9819888888889
 20
194.4878352777778
 30
0.0
 10
172.0207944444444
 20
194.5266408333333
 30
0.0
 10
174.1692111111111
 20
196.6785852777778
 30
0.0
 10
174.0845444444444
 20
197.9521130555555
 30
0.0
 10
175.2310722222222
 20
199.0986408333333
 30
0.0
 10
177.3794888888889
 20
201.2470575
 30
0.0
 10
178.6565444444444
 20
201.1623908333333
 30
0.0
 10
179.7995444444444
 20
202.3089186111111
 30
0.0
 10
179.83835
 20
202.3477241666667
 30
0.0
 10
179.3162388888889
 20
202.9333352777778
 30
0.0
 10
178.63185
 20
203.6177241666666
 30
0.0
 10
177.9474611111111
 20
204.2985852777778
 30
0.0
 10
177.4500444444444
 20
204.6584186111111
 30
0.0
 10
177.3265722222222
 20
204.7818908333333
 30
0.0
 10
176.7056833333333
 20
205.4027797222222
 30
0.0
 10
174.8500722222222
 20
207.2583908333333
 30
0.0
 10
174.8500722222222
 20
207.2583908333333
 30
0.0
 10
175.5568037037037
 20
207.9651223148148
 30
0.0
 10
176.2635351851851
 20
208.6718537962962
 30
0.0
 10
176.9702666666666
 20
209.3785852777777
 30
0.0
 10
176.9702666666666
 20
209.3785852777777
 30
0.0
 10
178.8258777777778
 20
207.5229741666666
 30
0.0
 10
179.4467666666667
 20
206.9056130555555
 30
0.0
 10
179.5702388888889
 20
206.7821408333333
 30
0.0
 10
179.9300722222222
 20
206.2811963888889
 30
0.0
 10
180.6144611111111
 20
205.5968075
 30
0.0
 10
181.2953222222222
 20
204.9124186111111
 30
0.0
 10
181.8809333333333
 20
204.3903075
 30
0.0
 10
181.9197388888889
 20
204.4291130555555
 30
0.0
 10
184.0399333333333
 20
206.5493075
 30
0.0
 10
182.9780722222222
 20
207.9992241666667
 30
0.0
 10
183.8670722222222
 20
210.1405852777777
 30
0.0
 10
184.7525444444444
 20
212.2854741666666
 30
0.0
 10
186.5305444444444
 20
212.5571130555555
 30
0.0
 10
186.5305444444444
 20
215.5557241666666
 30
0.0
 10
186.5305444444444
 20
215.6121686111111
 30
0.0
 10
185.7473777777778
 20
215.6580297222222
 30
0.0
 10
184.7807666666667
 20
215.6580297222222
 30
0.0
 10
183.8141555555555
 20
215.6580297222222
 30
0.0
 10
183.20385
 20
215.5557241666666
 30
0.0
 10
183.0309888888889
 20
215.5557241666666
 30
0.0
 10
181.8644703703703
 20
215.5557241666666
 30
0.0
 10
180.6979518518518
 20
215.5557241666666
 30
0.0
 10
179.5314333333333
 20
215.5557241666666
 30
0.0
 10
179.5314333333333
 20
216.5564371296296
 30
0.0
 10
179.5314333333333
 20
217.5571500925926
 30
0.0
 10
179.5314333333333
 20
218.5578630555555
 30
0.0
 10
180.6979518518518
 20
218.5578630555555
 30
0.0
 10
181.8644703703703
 20
218.5578630555555
 30
0.0
 10
183.0309888888889
 20
218.5578630555555
 30
0.0
 10
183.20385
 20
218.5578630555555
 30
0.0
 10
183.8141555555555
 20
218.4555575
 30
0.0
 10
184.7807666666667
 20
218.4555575
 30
0.0
 10
185.7473777777778
 20
218.4555575
 30
0.0
 10
186.5305444444444
 20
218.5014186111111
 30
0.0
 10
186.5305444444444
 20
218.5578630555555
 30
0.0
 10
186.5305444444444
 20
221.5988075
 30
0.0
 10
185.5709888888889
 20
222.4384186111111
 30
0.0
 10
185.5709888888889
 20
224.0576686111111
 30
0.0
 10
185.5709888888889
 20
227.0986130555555
 30
0.0
 10
186.5305444444444
 20
227.9417519444444
 30
0.0
 10
186.5305444444444
 20
229.5610019444444
 30
0.0
 10
186.5305444444444
 20
229.6139186111111
 30
0.0
 10
185.7473777777778
 20
229.6597797222222
 30
0.0
 10
184.7807666666667
 20
229.6597797222222
 30
0.0
  0
SPLINE
  5
2D5
330
1F
100
AcDbEntity
  8
DEFAULT
 62
     1
100
AcDbSpline
210
0.0
220
0.0
230
1.0
 70
    11
 71
     3
 72
   221
 73
   217
 74
     0
 42
0.000000001
 43
0.0000000001
 40
8.5
 40
8.5
 40
8.5
 40
8.5
 40
18.42000000000002
 40
18.42000000000002
 40
18.42000000000002
 40
19.42000000000002
 40
19.42000000000002
 40
19.42000000000002
 40
20.42000000000002
 40
20.42000000000002
 40
20.42000000000002
 40
21.42000000000002
 40
21.42000000000002
 40
21.42000000000002
 40
22.42000000000002
 40
22.42000000000002
 40
22.42000000000002
 40
23.42000000000002
 40
23.42000000000002
 40
23.42000000000002
 40
24.42000000000002
 40
24.42000000000002
 40
24.42000000000002
 40
25.42000000000002
 40
25.42000000000002
 40
25.42000000000002
 40
33.92649751660458
 40
33.92649751660458
 40
33.92649751660458
 40
34.92649751660458
 40
34.92649751660458
 40
34.92649751660458
 40
35.92649751660458
 40
35.92649751660458
 40
35.92649751660458
 40
36.92649751660458
 40
36.92649751660458
 40
36.92649751660458
 40
37.92649751660458
 40
37.92649751660458
 40
37.92649751660458
 40
38.92649751660458
 40
38.92649751660458
 40
38.92649751660458
 40
39.92649751660458
 40
39.92649751660458
 40
39.92649751660458
 40
40.92649751660458
 40
40.92649751660458
 40
40.92649751660458
 40
50.84649751660466
 40
50.84649751660466
 40
50.84649751660466
 40
59.35649751660465
 40
59.35649751660465
 40
59.35649751660465
 40
69.27649751660472
 40
69.27649751660472
 40
69.27649751660472
 40
70.27649751660472
 40
70.27649751660472
 40
70.27649751660472
 40
71.27649751660472
 40
71.27649751660472
 40
71.27649751660472
 40
72.27649751660472
 40
72.27649751660472
 40
72.27649751660472
 40
73.27649751660472
 40
73.27649751660472
 40
73.27649751660472
 40
74.27649751660472
 40
74.27649751660472
 40
74.27649751660472
 40
75.27649751660472
 40
75.27649751660472
 40
75.27649751660472
 40
76.27649751660472
 40
76.27649751660472
 40
76.27649751660472
 40
84.78299503320929
 40
84.78299503320929
 40
84.78299503320929
 40
85.78299503320929
 40
85.78299503320929
 40
85.78299503320929
 40
86.78299503320929
 40
86.78299503320929
 40
86.78299503320929
 40
87.78299503320929
 40
87.78299503320929
 40
87.78299503320929
 40
88.78299503320929
 40
88.78299503320929
 40
88.78299503320929
 40
89.78299503320929
 40
89.78299503320929
 40
89.78299503320929
 40
90.78299503320929
 40
90.78299503320929
 40
90.78299503320929
 40
91.78299503320929
 40
91.78299503320929
 40
91.78299503320929
 40
101.7029950332093
 40
101.7029950332093
 40
101.7029950332093
 40
110.2029950332093
 40
110.2029950332093
 40
110.2029950332093
 40
120.1229950332093
 40
120.1229950332093
 40
120.1229950332093
 40
121.1229950332093
 40
121.1229950332093
 40
121.1229950332093
 40
122.1229950332093
 40
122.1229950332093
 40
122.1229950332093
 40
123.1229950332093
 40
123.1229950332093
 40
123.1229950332093
 40
124.1229950332093
 40
124.1229950332093
 40
124.1229950332093
 40
125.1229950332093
 40
125.1229950332093
 40
125.1229950332093
 40
126.1229950332093
 40
126.1229950332093
 40
126.1229950332093
 40
127.1229950332093
 40
127.1229950332093
 40
127.1229950332093
 40
135.6224185430716
 40
135.6224185430716
 40
135.6224185430716
 40
136.6224185430716
 40
136.6224185430716
 40
136.6224185430716
 40
137.6224185430716
 40
137.6224185430716
 40
137.6224185430716
 40
138.6224185430716
 40
138.6224185430716
 40
138.6224185430716
 40
139.6224185430716
 40
139.6224185430716
 40
139.6224185430716
 40
140.6224185430716
 40
140.6224185430716
 40
140.6224185430716
 40
141.6224185430716
 40
141.6224185430716
 40
141.6224185430716
 40
142.6224185430716
 40
142.6224185430716
 40
142.6224185430716
 40
152.5524185430716
 40
152.5524185430716
 40
152.5524185430716
 40
161.0624185430715
 40
161.0624185430715
 40
161.0624185430715
 40
170.9924185430715
 40
170.9924185430715
 40
170.9924185430715
 40
171.9924185430715
 40
171.9924185430715
 40
171.9924185430715
 40
172.9924185430715
 40
172.9924185430715
 40
172.9924185430715
 40
173.9924185430715
 40
173.9924185430715
 40
173.9924185430715
 40
174.9924185430715
 40
174.9924185430715
 40
174.9924185430715
 40
175.9924185430715
 40
175.9924185430715
 40
175.9924185430715
 40
176.9924185430715
 40
176.9924185430715
 40
176.9924185430715
 40
177.9924185430715
 40
177.9924185430715
 40
177.9924185430715
 40
186.4918420529338
 40
186.4918420529338
 40
186.4918420529338
 40
187.4918420529338
 40
187.4918420529338
 40
187.4918420529338
 40
188.4918420529338
 40
188.4918420529338
 40
188.4918420529338
 40
189.4918420529338
 40
189.4918420529338
 40
189.4918420529338
 40
190.4918420529338
 40
190.4918420529338
 40
190.4918420529338
 40
191.4918420529338
 40
191.4918420529338
 40
191.4918420529338
 40
192.4918420529338
 40
192.4918420529338
 40
192.4918420529338
 40
193.4918420529338
 40
193.4918420529338
 40
193.4918420529338
 40
203.4118420529338
 40
203.4118420529338
 40
203.4118420529338
 40
211.9118420529338
 40
211.9118420529338
 40
211.9118420529338
 40
211.9118420529338
 10
171.4704611111111
 20
222.5583630555555
 30
0.0
 10
170.3039425925926
 20
222.5583630555555
 30
0.0
 10
169.1374240740741
 20
222.5583630555555
 30
0.0
 10
167.9709055555555
 20
222.5583630555555
 30
0.0
 10
167.7945166666667
 20
222.5583630555555
 30
0.0
 10
167.1877388888889
 20
222.6571408333333
 30
0.0
 10
166.2211277777778
 20
222.6571408333333
 30
0.0
 10
165.2545166666667
 20
222.6571408333333
 30
0.0
 10
164.47135
 20
222.6148075
 30
0.0
 10
164.47135
 20
222.5583630555555
 30
0.0
 10
164.47135
 20
220.9602797222222
 30
0.0
 10
163.9704055555555
 20
219.6126686111111
 30
0.0
 10
163.5329611111111
 20
218.5649186111111
 30
0.0
 10
163.0990444444444
 20
217.5136408333333
 30
0.0
 10
162.50285
 20
216.2083630555555
 30
0.0
 10
161.3704333333333
 20
215.0794741666666
 30
0.0
 10
161.3316277777778
 20
215.0406686111111
 30
0.0
 10
161.8537388888889
 20
214.4550575
 30
0.0
 10
162.5381277777778
 20
213.7706686111111
 30
0.0
 10
163.2225166666666
 20
213.0862797222222
 30
0.0
 10
163.7234611111111
 20
212.7264463888889
 30
0.0
 10
163.8469333333333
 20
212.6029741666666
 30
0.0
 10
164.4642944444444
 20
211.9856130555555
 30
0.0
 10
166.3199055555555
 20
210.1300019444444
 30
0.0
 10
166.3199055555555
 20
210.1300019444444
 30
0.0
 10
165.613174074074
 20
209.422094537037
 30
0.0
 10
164.9064425925926
 20
208.7141871296296
 30
0.0
 10
164.1997111111111
 20
208.0062797222222
 30
0.0
 10
164.1997111111111
 20
208.0062797222222
 30
0.0
 10
162.3441
 20
209.8618908333333
 30
0.0
 10
161.7267388888889
 20
210.4827797222222
 30
0.0
 10
161.6032666666666
 20
210.6062519444444
 30
0.0
 10
161.2434333333333
 20
211.1071963888889
 30
0.0
 10
160.5590444444444
 20
211.7915852777778
 30
0.0
 10
159.8746555555555
 20
212.4724463888889
 30
0.0
 10
159.2890444444444
 20
212.9945575
 30
0.0
 10
159.2502388888889
 20
212.9557519444444
 30
0.0
 10
158.12135
 20
211.8268630555555
 30
0.0
 10
156.8160722222222
 20
211.2306686111111
 30
0.0
 10
155.7647944444444
 20
210.7932241666666
 30
0.0
 10
154.7135166666667
 20
210.3593075
 30
0.0
 10
153.3659055555555
 20
209.8583630555555
 30
0.0
 10
151.7709972222222
 20
209.8583630555555
 30
0.0
 10
151.7149055555555
 20
209.8583630555555
 30
0.0
 10
151.6690444444444
 20
209.0751963888889
 30
0.0
 10
151.6690444444444
 20
208.1085852777777
 30
0.0
 10
151.6690444444444
 20
207.1419741666666
 30
0.0
 10
151.7709972222222
 20
206.5316686111111
 30
0.0
 10
151.7709972222222
 20
206.3588075
 30
0.0
 10
151.7709972222222
 20
205.1922889814815
 30
0.0
 10
151.7709972222222
 20
204.0257704629629
 30
0.0
 10
151.7709972222222
 20
202.8592519444444
 30
0.0
 10
150.7702842592592
 20
202.8592519444444
 30
0.0
 10
149.7695712962963
 20
202.8592519444444
 30
0.0
 10
148.7688583333333
 20
202.8592519444444
 30
0.0
 10
148.7688583333333
 20
204.0257704629629
 30
0.0
 10
148.7688583333333
 20
205.1922889814815
 30
0.0
 10
148.7688583333333
 20
206.3588075
 30
0.0
 10
148.7688583333333
 20
206.5316686111111
 30
0.0
 10
148.8711638888889
 20
207.1419741666666
 30
0.0
 10
148.8711638888889
 20
208.1085852777777
 30
0.0
 10
148.8711638888889
 20
209.0751963888889
 30
0.0
 10
148.8253027777778
 20
209.8583630555555
 30
0.0
 10
148.7688583333333
 20
209.8583630555555
 30
0.0
 10
147.1743027777778
 20
209.8583630555555
 30
0.0
 10
145.8266916666666
 20
210.3593075
 30
0.0
 10
144.7754138888889
 20
210.7932241666666
 30
0.0
 10
143.7241361111111
 20
211.2306686111111
 30
0.0
 10
142.4188583333333
 20
211.8268630555555
 30
0.0
 10
141.2899694444444
 20
212.9557519444444
 30
0.0
 10
141.2511638888889
 20
212.9945575
 30
0.0
 10
140.6655527777777
 20
212.4724463888889
 30
0.0
 10
139.9811638888889
 20
211.7915852777778
 30
0.0
 10
139.296775
 20
211.1071963888889
 30
0.0
 10
138.9369416666667
 20
210.6062519444444
 30
0.0
 10
138.8134694444444
 20
210.4827797222222
 30
0.0
 10
138.1961083333333
 20
209.8618908333333
 30
0.0
 10
136.3404972222222
 20
208.0062797222222
 30
0.0
 10
136.3404972222222
 20
208.0062797222222
 30
0.0
 10
135.6337657407407
 20
208.7141871296296
 30
0.0
 10
134.9270342592592
 20
209.422094537037
 30
0.0
 10
134.2203027777778
 20
210.1300019444444
 30
0.0
 10
134.2203027777778
 20
210.1300019444444
 30
0.0
 10
136.0759138888889
 20
211.9856130555555
 30
0.0
 10
136.693275
 20
212.6029741666666
 30
0.0
 10
136.8167472222222
 20
212.7264463888889
 30
0.0
 10
137.3176916666666
 20
213.0862797222222
 30
0.0
 10
138.0020805555556
 20
213.7706686111111
 30
0.0
 10
138.6864694444444
 20
214.4550575
 30
0.0
 10
139.2085805555555
 20
215.0406686111111
 30
0.0
 10
139.169775
 20
215.0794741666666
 30
0.0
 10
138.0373583333333
 20
216.2083630555555
 30
0.0
 10
137.4411638888889
 20
217.5136408333333
 30
0.0
 10
137.0072472222222
 20
218.5649186111111
 30
0.0
 10
136.5698027777778
 20
219.6126686111111
 30
0.0
 10
136.0688583333333
 20
220.9602797222222
 30
0.0
 10
136.0688583333333
 20
222.5583630555555
 30
0.0
 10
136.0688583333333
 20
222.6148075
 30
0.0
 10
135.2856916666667
 20
222.6571408333333
 30
0.0
 10
134.3190805555555
 20
222.6571408333333
 30
0.0
 10
133.3524694444444
 20
222.6571408333333
 30
0.0
 10
132.7456916666667
 20
222.5583630555555
 30
0.0
 10
132.5693027777778
 20
222.5583630555555
 30
0.0
 10
131.4027842592592
 20
222.5583630555555
 30
0.0
 10
130.2362657407407
 20
222.5583630555555
 30
0.0
 10
129.0697472222222
 20
222.5583630555555
 30
0.0
 10
129.0697472222222
 20
223.5579000925926
 30
0.0
 10
129.0697472222222
 20
224.5574371296296
 30
0.0
 10
129.0697472222222
 20
225.5569741666666
 30
0.0
 10
130.2362657407407
 20
225.5569741666667
 30
0.0
 10
131.4027842592592
 20
225.5569741666667
 30
0.0
 10
132.5693027777778
 20
225.5569741666666
 30
0.0
 10
132.7456916666667
 20
225.5569741666666
 30
0.0
 10
133.3524694444444
 20
225.4581963888889
 30
0.0
 10
134.3190805555555
 20
225.4581963888889
 30
0.0
 10
135.2856916666667
 20
225.4581963888889
 30
0.0
 10
136.0688583333333
 20
225.5040575
 30
0.0
 10
136.0688583333333
 20
225.5569741666666
 30
0.0
 10
136.0688583333333
 20
227.1550575
 30
0.0
 10
136.5698027777778
 20
228.5026686111111
 30
0.0
 10
137.0072472222222
 20
229.5539463888889
 30
0.0
 10
137.4411638888889
 20
230.6016963888889
 30
0.0
 10
138.0373583333333
 20
231.9105019444444
 30
0.0
 10
139.169775
 20
233.0393908333333
 30
0.0
 10
139.2085805555555
 20
233.0781963888889
 30
0.0
 10
138.6864694444444
 20
233.6641602777778
 30
0.0
 10
138.0020805555556
 20
234.3481963888889
 30
0.0
 10
137.3176916666666
 20
235.0290575
 30
0.0
 10
136.8167472222222
 20
235.3888908333333
 30
0.0
 10
136.693275
 20
235.5123630555555
 30
0.0
 10
136.0759138888889
 20
236.1336047222222
 30
0.0
 10
134.2203027777778
 20
237.9888630555555
 30
0.0
 10
134.2203027777778
 20
237.9888630555555
 30
0.0
 10
134.9270342592592
 20
238.695594537037
 30
0.0
 10
135.6337657407407
 20
239.4023260185185
 30
0.0
 10
136.3404972222222
 20
240.1090575
 30
0.0
 10
136.3404972222222
 20
240.1090575
 30
0.0
 10
138.1961083333333
 20
238.2534463888889
 30
0.0
 10
138.8134694444444
 20
237.6360852777778
 30
0.0
 10
138.9369416666667
 20
237.5126130555555
 30
0.0
 10
139.296775
 20
237.0116686111111
 30
0.0
 10
139.9811638888889
 20
236.3272797222222
 30
0.0
 10
140.6655527777777
 20
235.6428908333333
 30
0.0
 10
141.2511638888889
 20
235.1207797222222
 30
0.0
 10
141.2899694444444
 20
235.1595852777778
 30
0.0
 10
142.4188583333333
 20
236.2884741666666
 30
0.0
 10
143.7241361111111
 20
236.8881963888889
 30
0.0
 10
144.7754138888889
 20
237.3221130555555
 30
0.0
 10
145.8266916666666
 20
237.7560297222222
 30
0.0
 10
147.1743027777778
 20
238.2569741666667
 30
0.0
 10
148.7688583333333
 20
238.2569741666667
 30
0.0
 10
148.8253027777778
 20
238.2569741666667
 30
0.0
 10
148.8711638888889
 20
239.0401408333333
 30
0.0
 10
148.8711638888889
 20
240.0071047222222
 30
0.0
 10
148.8711638888889
 20
240.9772436111111
 30
0.0
 10
148.7688583333333
 20
241.5840213888889
 30
0.0
 10
148.7688583333333
 20
241.7568825
 30
0.0
 10
148.7688583333333
 20
242.9245769444444
 30
0.0
 10
148.7688583333333
 20
244.0922713888889
 30
0.0
 10
148.7688583333333
 20
245.2599658333333
 30
0.0
 10
149.7695712962963
 20
245.2599658333333
 30
0.0
 10
150.7702842592592
 20
245.2599658333333
 30
0.0
 10
151.7709972222222
 20
245.2599658333333
 30
0.0
 10
151.7709972222222
 20
244.0922713888889
 30
0.0
 10
151.7709972222222
 20
242.9245769444444
 30
0.0
 10
151.7709972222222
 20
241.7568825
 30
0.0
 10
151.7709972222222
 20
241.5840213888889
 30
0.0
 10
151.6690444444444
 20
240.9772436111111
 30
0.0
 10
151.6690444444444
 20
240.0071047222222
 30
0.0
 10
151.6690444444444
 20
239.0401408333333
 30
0.0
 10
151.7149055555555
 20
238.2569741666667
 30
0.0
 10
151.7709972222222
 20
238.2569741666667
 30
0.0
 10
153.3659055555555
 20
238.2569741666667
 30
0.0
 10
154.7135166666667
 20
237.7560297222222
 30
0.0
 10
155.7647944444444
 20
237.3221130555555
 30
0.0
 10
156.8160722222222
 20
236.8881963888889
 30
0.0
 10
158.12135
 20
236.2884741666666
 30
0.0
 10
159.2502388888889
 20
235.1595852777778
 30
0.0
 10
159.2890444444444
 20
235.1207797222222
 30
0.0
 10
159.8746555555555
 20
235.6428908333333
 30
0.0
 10
160.5590444444444
 20
236.3272797222222
 30
0.0
 10
161.2434333333333
 20
237.0116686111111
 30
0.0
 10
161.6032666666666
 20
237.5126130555555
 30
0.0
 10
161.7267388888889
 20
237.6360852777778
 30
0.0
 10
162.3441
 20
238.2534463888889
 30
0.0
 10
164.1997111111111
 20
240.1090575
 30
0.0
 10
164.1997111111111
 20
240.1090575
 30
0.0
 10
164.9064425925926
 20
239.4023260185185
 30
0.0
 10
165.613174074074
 20
238.695594537037
 30
0.0
 10
166.3199055555555
 20
237.9888630555555
 30
0.0
 10
166.3199055555555
 20
237.9888630555555
 30
0.0
 10
164.4642944444444
 20
236.1336047222222
 30
0.0
 10
163.8469333333333
 20
235.5123630555555
 30
0.0
 10
163.7234611111111
 20
235.3888908333333
 30
0.0
 10
163.2225166666666
 20
235.0290575
 30
0.0
 10
162.5381277777778
 20
234.3481963888889
 30
0.0
 10
161.8537388888889
 20
233.6641602777778
 30
0.0
 10
161.3316277777778
 20
233.0781963888889
 30
0.0
 10
161.3704333333333
 20
233.0393908333333
 30
0.0
 10
162.50285
 20
231.9105019444444
 30
0.0
 10
163.0990444444444
 20
230.6016963888889
 30
0.0
 10
163.5329611111111
 20
229.5539463888889
 30
0.0
 10
163.9704055555555
 20
228.5026686111111
 30
0.0
 10
164.47135
 20
227.1550575
 30
0.0
 10
164.47135
 20
225.5569741666666
 30
0.0
 10
164.47135
 20
225.5040575
 30
0.0
 10
165.2545166666667
 20
225.4581963888889
 30
0.0
 10
166.2211277777778
 20
225.4581963888889
 30
0.0
 10
167.1877388888889
 20
225.4581963888889
 30
0.0
 10
167.7945166666667
 20
225.5569741666666
 30
0.0
 10
167.9709055555555
 20
225.5569741666666
 30
0.0
 10
169.1374240740741
 20
225.5569741666667
 30
0.0
 10
170.3039425925926
 20
225.5569741666667
 30
0.0
 10
171.4704611111111
 20
225.5569741666666
 30
0.0
 10
171.4704611111111
 20
224.5574371296296
 30
0.0
 10
171.4704611111111
 20
223.5579000925926
 30
0.0
 10
171.4704611111111
 20
222.5583630555555
 30
0.0
  0
SPLINE
  5
2D6
330
1F
100
AcDbEntity
  8
DEFAULT
 62
     1
100
AcDbSpline
210
0.0
220
0.0
230
1.0
 70
    11
 71
     3
 72
    29
 73
    25
 74
     0
 42
0.000000001
 43
0.0000000001
 40
0.0
 40
0.0
 40
0.0
 40
0.0
 40
822.047
 40
822.047
 40
822.047
 40
823.047
 40
823.047
 40
823.047
 40
1645.094
 40
1645.094
 40
1645.094
 40
1646.094
 40
1646.094
 40
1646.094
 40
2468.141
 40
2468.141
 40
2468.141
 40
2469.141
 40
2469.141
 40
2469.141
 40
3291.188
 40
3291.188
 40
3291.188
 40
3292.188
 40
3292.188
 40
3292.188
 40
3292.188
 10
294.9999744444444
 20
0.1000125
 30
0.0
 10
198.3333364814815
 20
0.1000125
 30
0.0
 10
101.6666985185185
 20
0.1000125
 30
0.0
 10
5.00006055555556
 20
0.1000125
 30
0.0
 10
2.249805000000028
 20
0.1000125
 30
0.0
 10
0.0001411111111158
 20
2.350029166666666
 30
0.0
 10
0.0001411111111158
 20
5.099931944444444
 30
0.0
 10
0.0001411111111158
 20
101.7665699074074
 30
0.0
 10
0.0001411111111158
 20
198.4332078703703
 30
0.0
 10
0.0001411111111158
 20
295.0998458333333
 30
0.0
 10
0.0001411111111158
 20
297.8501013888888
 30
0.0
 10
2.249805000000028
 20
300.1001180555555
 30
0.0
 10
5.00006055555556
 20
300.1001180555555
 30
0.0
 10
101.6666985185185
 20
300.1001180555555
 30
0.0
 10
198.3333364814815
 20
300.1001180555555
 30
0.0
 10
294.9999744444444
 20
300.1001180555555
 30
0.0
 10
297.7498772222222
 20
300.1001180555555
 30
0.0
 10
299.9998938888889
 20
297.8501013888888
 30
0.0
 10
299.9998938888889
 20
295.0998458333333
 30
0.0
 10
299.9998938888889
 20
198.4332078703703
 30
0.0
 10
299.9998938888889
 20
101.7665699074074
 30
0.0
 10
299.9998938888889
 20
5.099931944444444
 30
0.0
 10
299.9998938888889
 20
2.350029166666666
 30
0.0
 10
297.7498772222222
 20
0.1000125
 30
0.0
 10
294.9999744444444
 20
0.1000125
 30
0.0
  0
ENDSEC
  0
SECTION
  2
OBJECTS
  0
DICTIONARY
  5
C
330
0
100
AcDbDictionary
  3
ACAD_GROUP
350
D
  3
ACAD_LAYOUT
350
1A
  3
ACAD_MATERIAL
350
43
  3
ACAD_MLEADERSTYLE
350
2F9
  3
ACAD_MLINESTYLE
350
17
  3
ACAD_PLOTSETTINGS
350
19
  3
ACAD_SCALELIST
350
47
  3
ACAD_VISUALSTYLE
350
2A
  3
ACDBHEADERROUNDTRIPXREC
350
2D7
  3
ACDBVARIABLEDICTIONARY
350
2F7
  0
DICTIONARY
  5
D
102
{ACAD_REACTORS
330
C
102
}
330
C
100
AcDbDictionary
  0
DICTIONARY
  5
1A
102
{ACAD_REACTORS
330
C
102
}
330
C
100
AcDbDictionary
  0
DICTIONARY
  5
43
102
{ACAD_REACTORS
330
C
102
}
330
C
100
AcDbDictionary
  3
BYBLOCK
350
45
  3
BYLAYER
350
44
  3
GLOBAL
350
46
  0
DICTIONARY
  5
2F9
102
{ACAD_REACTORS
330
C
102
}
330
C
100
AcDbDictionary
  0
DICTIONARY
  5
17
102
{ACAD_REACTORS
330
C
102
}
330
C
100
AcDbDictionary
  3
STANDARD
350
18
  0
DICTIONARY
  5
19
102
{ACAD_REACTORS
330
C
102
}
330
C
100
AcDbDictionary
  0
DICTIONARY
  5
47
102
{ACAD_REACTORS
330
C
102
}
330
C
100
AcDbDictionary
  3
A0
350
48
  3
A1
350
49
  3
A2
350
4A
  3
A3
350
4B
  3
A4
350
4C
  3
A5
350
4D
  3
A6
350
4E
  3
A7
350
4F
  3
A8
350
50
  3
A9
350
51
  3
B0
350
52
  3
B1
350
53
  3
B2
350
54
  3
B3
350
55
  3
B4
350
56
  3
B5
350
57
  3
B6
350
58
  3
B7
350
59
  3
B8
350
5A
  3
B9
350
5B
  3
C0
350
5C
  3
C1
350
5D
  3
C2
350
5E
  3
C3
350
5F
  3
C4
350
60
  3
C5
350
61
  3
C6
350
62
  3
C7
350
63
  3
C8
350
64
  3
C9
350
65
  3
D0
350
66
  3
D1
350
67
  3
D2
350
68
  0
DICTIONARY
  5
2A
102
{ACAD_REACTORS
330
C
102
}
330
C
100
AcDbDictionary
  3
2DWIREFRAME
350
2F
  3
BASIC
350
32
  3
BRIGHTEN
350
36
  3
COLORCHANGE
350
3A
  3
CONCEPTUAL
350
34
  3
DIM
350
35
  3
EDGECOLOROFF
350
3D
  3
FACEPATTERN
350
39
  3
FLAT
350
2B
  3
FLATWITHEDGES
350
2C
  3
GOURAUD
350
2D
  3
GOURAUDWITHEDGES
350
2E
  3
HIDDEN
350
31
  3
JITTEROFF
350
3B
  3
LINEPATTERN
350
38
  3
OVERHANGOFF
350
3C
  3
REALISTIC
350
33
  3
SHADED
350
42
  3
SHADED_WITH_EDGES
350
41
  3
SHADES_OF_GRAY
350
3E
  3
SKETCHY
350
3F
  3
THICKEN
350
37
  3
WIREFRAME
350
30
  3
X-RAY
350
40
  0
DICTIONARY
  5
2D7
102
{ACAD_REACTORS
330
C
102
}
330
C
100
AcDbDictionary
  3
CEPSNTYPE
350
2E0
  3
DIMSTYLEDATA
350
2F6
  3
FINGERPRINTGUID
350
2E1
  3
HYPERLINKBASE
350
2DA
  3
INSUNITS
350
2DF
  3
LAYOUTDICT
350
2DC
  3
LWETCUNION
350
2DE
  3
PLOTSETDICT
350
2DD
  3
PSVPSCALE
350
2E3
  3
PUCSBASE
350
2E6
  3
PUCSORGBACK
350
2EC
  3
PUCSORGBOTTOM
350
2E8
  3
PUCSORGFRONT
350
2EB
  3
PUCSORGLEFT
350
2E9
  3
PUCSORGRIGHT
350
2EA
  3
PUCSORGTOP
350
2E7
  3
PUCSORTHOREF
350
2E4
  3
PUCSORTHOVIEW
350
2E5
  3
STYLESHEET
350
2DB
  3
TSTACKALIGN
350
2D8
  3
TSTACKSIZE
350
2D9
  3
UCSBASE
350
2EF
  3
UCSORGBACK
350
2F5
  3
UCSORGBOTTOM
350
2F1
  3
UCSORGFRONT
350
2F4
  3
UCSORGLEFT
350
2F2
  3
UCSORGRIGHT
350
2F3
  3
UCSORGTOP
350
2F0
  3
UCSORTHOREF
350
2ED
  3
UCSORTHOVIEW
350
2EE
  3
VERSIONGUID
350
2E2
  0
DICTIONARY
  5
2F7
102
{ACAD_REACTORS
330
C
102
}
330
C
100
AcDbDictionary
  3
CANNOSCALE
350
2FE
  3
DIMASSOC
350
2FC
  3
HIDETEXT
350
2FD
  3
MSLTSCALE
350
2FF
  0
MATERIAL
  5
45
102
{ACAD_REACTORS
330
43
102
}
102
{ACAD_XDICTIONARY
360
302
102
}
330
43
100
AcDbMaterial
  1
BYBLOCK
  0
MATERIAL
  5
44
102
{ACAD_REACTORS
330
43
102
}
102
{ACAD_XDICTIONARY
360
300
102
}
330
43
100
AcDbMaterial
  1
BYLAYER
  0
MATERIAL
  5
46
102
{ACAD_REACTORS
330
43
102
}
102
{ACAD_XDICTIONARY
360
304
102
}
330
43
100
AcDbMaterial
  1
GLOBAL
  0
MLINESTYLE
  5
18
102
{ACAD_REACTORS
330
17
102
}
330
17
100
AcDbMlineStyle
  2
Standard
 70
     0
  3

 62
   256
 51
90.0
 52
90.0
 71
     2
 49
0.5
 62
   256
  6
BYLAYER
 49
-0.5
 62
   256
  6
BYLAYER
  0
ACAD_PROXY_OBJECT
  5
48
102
{ACAD_REACTORS
330
47
102
}
330
47
100
AcDbProxyObject
 90
      499
 91
      503
 93
       41
310
903313A31580
  0
ACAD_PROXY_OBJECT
  5
49
102
{ACAD_REACTORS
330
47
102
}
330
47
100
AcDbProxyObject
 90
      499
 91
      503
 93
      105
310
903313A324000000000000004000
  0
ACAD_PROXY_OBJECT
  5
4A
102
{ACAD_REACTORS
330
47
102
}
330
47
100
AcDbProxyObject
 90
      499
 91
      503
 93
      105
310
903313A344000000000000104000
  0
ACAD_PROXY_OBJECT
  5
4B
102
{ACAD_REACTORS
330
47
102
}
330
47
100
AcDbProxyObject
 90
      499
 91
      503
 93
      105
310
903313A354000000000000144000
  0
ACAD_PROXY_OBJECT
  5
4C
102
{ACAD_REACTORS
330
47
102
}
330
47
100
AcDbProxyObject
 90
      499
 91
      503
 93
      105
310
903313A384000000000000204000
  0
ACAD_PROXY_OBJECT
  5
4D
102
{ACAD_REACTORS
330
47
102
}
330
47
100
AcDbProxyObject
 90
      499
 91
      503
 93
      113
310
904313A31304000000000000244000
  0
ACAD_PROXY_OBJECT
  5
4E
102
{ACAD_REACTORS
330
47
102
}
330
47
100
AcDbProxyObject
 90
      499
 91
      503
 93
      113
310
904313A31364000000000000304000
  0
ACAD_PROXY_OBJECT
  5
4F
102
{ACAD_REACTORS
330
47
102
}
330
47
100
AcDbProxyObject
 90
      499
 91
      503
 93
      113
310
904313A32304000000000000344000
  0
ACAD_PROXY_OBJECT
  5
50
102
{ACAD_REACTORS
330
47
102
}
330
47
100
AcDbProxyObject
 90
      499
 91
      503
 93
      113
310
904313A333040000000000003E4000
  0
ACAD_PROXY_OBJECT
  5
51
102
{ACAD_REACTORS
330
47
102
}
330
47
100
AcDbProxyObject
 90
      499
 91
      503
 93
      113
310
904313A34304000000000000444000
  0
ACAD_PROXY_OBJECT
  5
52
102
{ACAD_REACTORS
330
47
102
}
330
47
100
AcDbProxyObject
 90
      499
 91
      503
 93
      113
310
904313A35304000000000000494000
  0
ACAD_PROXY_OBJECT
  5
53
102
{ACAD_REACTORS
330
47
102
}
330
47
100
AcDbProxyObject
 90
      499
 91
      503
 93
      121
310
905313A3130304000000000000594000
  0
ACAD_PROXY_OBJECT
  5
54
102
{ACAD_REACTORS
330
47
102
}
330
47
100
AcDbProxyObject
 90
      499
 91
      503
 93
      105
310
903323A310000000000000010100
  0
ACAD_PROXY_OBJECT
  5
55
102
{ACAD_REACTORS
330
47
102
}
330
47
100
AcDbProxyObject
 90
      499
 91
      503
 93
      105
310
903343A310000000000000410100
  0
ACAD_PROXY_OBJECT
  5
56
102
{ACAD_REACTORS
330
47
102
}
330
47
100
AcDbProxyObject
 90
      499
 91
      503
 93
      105
310
903383A310000000000000810100
  0
ACAD_PROXY_OBJECT
  5
57
102
{ACAD_REACTORS
330
47
102
}
330
47
100
AcDbProxyObject
 90
      499
 91
      503
 93
      113
310
90431303A310000000000000910100
  0
ACAD_PROXY_OBJECT
  5
58
102
{ACAD_REACTORS
330
47
102
}
330
47
100
AcDbProxyObject
 90
      499
 91
      503
 93
      121
310
9053130303A310000000000001650100
  0
ACAD_PROXY_OBJECT
  5
59
102
{ACAD_REACTORS
330
47
102
}
330
47
100
AcDbProxyObject
 90
      499
 91
      503
 93
      257
310
90E312F31323822203D2031272D3022000000000000200FC000000000000284000
  0
ACAD_PROXY_OBJECT
  5
5A
102
{ACAD_REACTORS
330
47
102
}
330
47
100
AcDbProxyObject
 90
      499
 91
      503
 93
      249
310
90D312F363422203D2031272D3022000000000000240FC000000000000284000
  0
ACAD_PROXY_OBJECT
  5
5B
102
{ACAD_REACTORS
330
47
102
}
330
47
100
AcDbProxyObject
 90
      499
 91
      503
 93
      249
310
90D312F333222203D2031272D3022000000000000280FC000000000000284000
  0
ACAD_PROXY_OBJECT
  5
5C
102
{ACAD_REACTORS
330
47
102
}
330
47
100
AcDbProxyObject
 90
      499
 91
      503
 93
      249
310
90D312F313622203D2031272D30220000000000002C0FC000000000000284000
  0
ACAD_PROXY_OBJECT
  5
5D
102
{ACAD_REACTORS
330
47
102
}
330
47
100
AcDbProxyObject
 90
      499
 91
      503
 93
      249
310
90D332F333222203D2031272D30220000000000002E0FC000000000000284000
  0
ACAD_PROXY_OBJECT
  5
5E
102
{ACAD_REACTORS
330
47
102
}
330
47
100
AcDbProxyObject
 90
      499
 91
      503
 93
      241
310
90C312F3822203D2031272D3022000000000000300FC000000000000284000
  0
ACAD_PROXY_OBJECT
  5
5F
102
{ACAD_REACTORS
330
47
102
}
330
47
100
AcDbProxyObject
 90
      499
 91
      503
 93
      249
310
90D332F313622203D2031272D3022000000000000320FC000000000000284000
  0
ACAD_PROXY_OBJECT
  5
60
102
{ACAD_REACTORS
330
47
102
}
330
47
100
AcDbProxyObject
 90
      499
 91
      503
 93
      241
310
90C312F3422203D2031272D3022000000000000340FC000000000000284000
  0
ACAD_PROXY_OBJECT
  5
61
102
{ACAD_REACTORS
330
47
102
}
330
47
100
AcDbProxyObject
 90
      499
 91
      503
 93
      241
310
90C332F3822203D2031272D3022000000000000360FC000000000000284000
  0
ACAD_PROXY_OBJECT
  5
62
102
{ACAD_REACTORS
330
47
102
}
330
47
100
AcDbProxyObject
 90
      499
 91
      503
 93
      241
310
90C312F3222203D2031272D3022000000000000380FC000000000000284000
  0
ACAD_PROXY_OBJECT
  5
63
102
{ACAD_REACTORS
330
47
102
}
330
47
100
AcDbProxyObject
 90
      499
 91
      503
 93
      241
310
90C332F3422203D2031272D30220000000000003A0FC000000000000284000
  0
ACAD_PROXY_OBJECT
  5
64
102
{ACAD_REACTORS
330
47
102
}
330
47
100
AcDbProxyObject
 90
      499
 91
      503
 93
      161
310
90A3122203D2031272D30224000000000000284000
  0
ACAD_PROXY_OBJECT
  5
65
102
{ACAD_REACTORS
330
47
102
}
330
47
100
AcDbProxyObject
 90
      499
 91
      503
 93
      257
310
90E312D312F3222203D2031272D30220000000000003E0FC000000000000284000
  0
ACAD_PROXY_OBJECT
  5
66
102
{ACAD_REACTORS
330
47
102
}
330
47
100
AcDbProxyObject
 90
      499
 91
      503
 93
      225
310
90A3322203D2031272D302200000000000002100000000000000284000
  0
ACAD_PROXY_OBJECT
  5
67
102
{ACAD_REACTORS
330
47
102
}
330
47
100
AcDbProxyObject
 90
      499
 91
      503
 93
      225
310
90A3622203D2031272D302200000000000006100000000000000284000
  0
ACAD_PROXY_OBJECT
  5
68
102
{ACAD_REACTORS
330
47
102
}
330
47
100
AcDbProxyObject
 90
      499
 91
      503
 93
      249
310
90D31272D3022203D2031272D30220000000000000A100000000000000284000
  0
ACAD_PROXY_OBJECT
  5
2F
102
{ACAD_REACTORS
330
2A
102
}
330
2A
100
AcDbProxyObject
 90
      499
 91
      501
 93
      436
310
42CC9915DA5C99599C985B595049028333333333333E33F0000000000000F90107901411070040501600405405064090741402480A0340
1001
ACAD
1000
AcDbSavedByObjectVersion
1070
     0
  0
ACAD_PROXY_OBJECT
  5
32
102
{ACAD_REACTORS
330
2A
102
}
330
2A
100
AcDbProxyObject
 90
      499
 91
      501
 93
      388
310
4150985CDA58D07406404333333333333E33F0000000000000F90107A41107004050150841D405064090741402480A0350
1001
ACAD
1000
AcDbSavedByObjectVersion
1070
     0
  0
ACAD_PROXY_OBJECT
  5
36
102
{ACAD_REACTORS
330
2A
102
}
330
2A
100
AcDbProxyObject
 90
      499
 91
      501
 93
      428
310
42109C9A59DA1D195B90C409028333333333333E33F0000000000000F9010790141107004050150841D405064090741402480A029950
1001
ACAD
1000
AcDbSavedByObjectVersion
1070
     0
  0
ACAD_PROXY_OBJECT
  5
3A
102
{ACAD_REACTORS
330
2A
102
}
330
2A
100
AcDbProxyObject
 90
      499
 91
      501
 93
      452
310
42D0DBDB1BDC90DA185B99D95104090240C333333333333E33F0000000000000F90108901411070040501508421405064090741402480A0350
1001
ACAD
1000
AcDbSavedByObjectVersion
1070
     0
  0
ACAD_PROXY_OBJECT
  5
34
102
{ACAD_REACTORS
330
2A
102
}
330
2A
100
AcDbProxyObject
 90
      499
 91
      501
 93
      500
310
4290DBDB98D95C1D1D585B10940D028333333333333E33F0000000000000F90107902409070040501000000000018199010841D405064090740C02480A0340
1001
ACAD
1000
AcDbSavedByObjectVersion
1070
     0
  0
ACAD_PROXY_OBJECT
  5
35
102
{ACAD_REACTORS
330
2A
102
}
330
2A
100
AcDbProxyObject
 90
      499
 91
      501
 93
      412
310
40D11A5B50B409028333333333333E33F0000000000000F9010790141107004050150841D405064090741402480A02677FFFFFD0
1001
ACAD
1000
AcDbSavedByObjectVersion
1070
     0
  0
ACAD_PROXY_OBJECT
  5
3D
102
{ACAD_REACTORS
330
2A
102
}
330
2A
100
AcDbProxyObject
 90
      499
 91
      501
 93
      452
310
43115919D950DBDB1BDC93D999916409028333333333333E33F0000000000000F9010790141107004050150841D405064090741402480A0350
1001
ACAD
1000
AcDbSavedByObjectVersion
1070
     0
  0
ACAD_PROXY_OBJECT
  5
39
102
{ACAD_REACTORS
330
2A
102
}
330
2A
100
AcDbProxyObject
 90
      499
 91
      501
 93
      444
310
42D19858D95C185D1D195C9B90F409028333333333333E33F0000000000000F9010790141107004050150841D405064090741402480A0350
1001
ACAD
1000
AcDbSavedByObjectVersion
1070
     0
  0
ACAD_PROXY_OBJECT
  5
2B
102
{ACAD_REACTORS
330
2A
102
}
330
2A
100
AcDbProxyObject
 90
      499
 91
      501
 93
      380
310
41119B185D240901404333333333333E33F0000000000000F9010740A907004050150841D405064090741402480A1B50
1001
ACAD
1000
AcDbSavedByObjectVersion
1070
     0
  0
ACAD_PROXY_OBJECT
  5
2C
102
{ACAD_REACTORS
330
2A
102
}
330
2A
100
AcDbProxyObject
 90
      499
 91
      501
 93
      468
310
43519B185D15DA5D1A115919D95CD0140901404333333333333E33F0000000000000F90107409019070040501600405405064090741402480A1B50
1001
ACAD
1000
AcDbSavedByObjectVersion
1070
     0
  0
ACAD_PROXY_OBJECT
  5
2D
102
{ACAD_REACTORS
330
2A
102
}
330
2A
100
AcDbProxyObject
 90
      499
 91
      501
 93
      404
310
41D1DBDD5C985D5910240902404333333333333E33F0000000000000F9010740A9070040501641D405064090741402480A1B50
1001
ACAD
1000
AcDbSavedByObjectVersion
1070
     0
  0
ACAD_PROXY_OBJECT
  5
2E
102
{ACAD_REACTORS
330
2A
102
}
330
2A
100
AcDbProxyObject
 90
      499
 91
      501
 93
      492
310
4411DBDD5C985D5915DA5D1A115919D95CD0340902404333333333333E33F0000000000000F90107409019070040501600405405064090741402480A1B50
1001
ACAD
1000
AcDbSavedByObjectVersion
1070
     0
  0
ACAD_PROXY_OBJECT
  5
31
102
{ACAD_REACTORS
330
2A
102
}
330
2A
100
AcDbProxyObject
 90
      499
 91
      501
 93
      476
310
41921A5919195B90640502408333333333333E33F0000000000000F901079024090700405020000000000001110200405405064090740C02480A0340
1001
ACAD
1000
AcDbSavedByObjectVersion
1070
     0
  0
ACAD_PROXY_OBJECT
  5
3B
102
{ACAD_REACTORS
330
2A
102
}
330
2A
100
AcDbProxyObject
 90
      499
 91
      501
 93
      428
310
42529A5D1D195C93D999914409028333333333333E33F0000000000000F9010790141107004050150A41D405064090741402480A0350
1001
ACAD
1000
AcDbSavedByObjectVersion
1070
     0
  0
ACAD_PROXY_OBJECT
  5
38
102
{ACAD_REACTORS
330
2A
102
}
330
2A
100
AcDbProxyObject
 90
      499
 91
      501
 93
      444
310
42D31A5B995C185D1D195C9B90E409028333333333333E33F0000000000000F9010790141107004050750841D405064090741402483A0350
1001
ACAD
1000
AcDbSavedByObjectVersion
1070
     0
  0
ACAD_PROXY_OBJECT
  5
3C
102
{ACAD_REACTORS
330
2A
102
}
330
2A
100
AcDbProxyObject
 90
      499
 91
      501
 93
      444
310
42D3DD995C9A185B99D3D999915409028333333333333E33F0000000000000F9010790141107004050150941D405064090741402480A0350
1001
ACAD
1000
AcDbSavedByObjectVersion
1070
     0
  0
ACAD_PROXY_OBJECT
  5
33
102
{ACAD_REACTORS
330
2A
102
}
330
2A
100
AcDbProxyObject
 90
      499
 91
      501
 93
      428
310
425499585B1A5CDD1A58D08409038333333333333E33F0000000000000F9010740A907004050150800405405064090740C02480A1B40
1001
ACAD
1000
AcDbSavedByObjectVersion
1070
     0
  0
ACAD_PROXY_OBJECT
  5
42
102
{ACAD_REACTORS
330
2A
102
}
330
2A
100
AcDbProxyObject
 90
      499
 91
      501
 93
      420
310
4194DA1859195911B40902404333333333333E33F0000000000000F9010740A41107004050150800405405064090840C02480A0B40
1001
ACAD
1000
AcDbSavedByObjectVersion
1070
     0
  0
ACAD_PROXY_OBJECT
  5
41
102
{ACAD_REACTORS
330
2A
102
}
330
2A
100
AcDbProxyObject
 90
      499
 91
      501
 93
      516
310
4454DA18591959081DDA5D1A08195919D95CD1A40902404333333333333E33F0000000000000F901074090142907004050250800405405064090740C02480A0B40
1001
ACAD
1000
AcDbSavedByObjectVersion
1070
     0
  0
ACAD_PROXY_OBJECT
  5
3E
102
{ACAD_REACTORS
330
2A
102
}
330
2A
100
AcDbProxyObject
 90
      499
 91
      501
 93
      532
310
4394DA1859195CC81BD98811DC985E5174090240C333333333333E33F0000000000000F901079024090741D01000000000000111010841D405064090740C02480A0340
1001
ACAD
1000
AcDbSavedByObjectVersion
1070
     0
  0
ACAD_PROXY_OBJECT
  5
3F
102
{ACAD_REACTORS
330
2A
102
}
330
2A
100
AcDbProxyObject
 90
      499
 91
      501
 93
      476
310
41D4DAD95D18DA1E51840502408333333333333E33F0000000000000F901079024090741D01000000000000111010B41D405064090741802480A0340
1001
ACAD
1000
AcDbSavedByObjectVersion
1070
     0
  0
ACAD_PROXY_OBJECT
  5
37
102
{ACAD_REACTORS
330
2A
102
}
330
2A
100
AcDbProxyObject
 90
      499
 91
      501
 93
      412
310
41D51A1A58DAD95B90D409028333333333333E33F0000000000000F9010790141107004050150C41D405064090741402480A0350
1001
ACAD
1000
AcDbSavedByObjectVersion
1070
     0
  0
ACAD_PROXY_OBJECT
  5
30
102
{ACAD_REACTORS
330
2A
102
}
330
2A
100
AcDbProxyObject
 90
      499
 91
      501
 93
      420
310
4255DA5C99599C985B595059028333333333333E33F0000000000000F90107901411070040501600405405064090740C02480A0340
1001
ACAD
1000
AcDbSavedByObjectVersion
1070
     0
  0
ACAD_PROXY_OBJECT
  5
40
102
{ACAD_REACTORS
330
2A
102
}
330
2A
100
AcDbProxyObject
 90
      499
 91
      501
 93
      404
310
41560B54985E51940902404000000000000E03F0000000000000F9010740501907004050150841D405064090740C02480A1B40
1001
ACAD
1000
AcDbSavedByObjectVersion
1070
     0
  0
XRECORD
  5
2E0
102
{ACAD_REACTORS
330
2D7
102
}
330
2D7
100
AcDbXrecord
 90
        0
  0
XRECORD
  5
2F6
102
{ACAD_REACTORS
330
2D7
102
}
330
2D7
100
AcDbXrecord
1000
DSTYLE
1002
{
1070
   279
 70
     2
1070
   340
340
11
1002
}
  0
XRECORD
  5
2E1
102
{ACAD_REACTORS
330
2D7
102
}
330
2D7
100
AcDbXrecord
  1
{D08BD0FB-2D86-4DAA-8329-5C71D986752A}
  0
XRECORD
  5
2DA
102
{ACAD_REACTORS
330
2D7
102
}
330
2D7
100
AcDbXrecord
  1

  0
XRECORD
  5
2DF
102
{ACAD_REACTORS
330
2D7
102
}
330
2D7
100
AcDbXrecord
 90
        4
  0
XRECORD
  5
2DC
102
{ACAD_REACTORS
330
2D7
102
}
330
2D7
100
AcDbXrecord
340
1A
  0
XRECORD
  5
2DE
102
{ACAD_REACTORS
330
2D7
102
}
330
2D7
100
AcDbXrecord
 90
    10781
  0
XRECORD
  5
2DD
102
{ACAD_REACTORS
330
2D7
102
}
330
2D7
100
AcDbXrecord
340
19
  0
XRECORD
  5
2E3
102
{ACAD_REACTORS
330
2D7
102
}
330
2D7
100
AcDbXrecord
 40
0.0
  0
XRECORD
  5
2E6
102
{ACAD_REACTORS
330
2D7
102
}
330
2D7
100
AcDbXrecord
340
0
  0
XRECORD
  5
2EC
102
{ACAD_REACTORS
330
2D7
102
}
330
2D7
100
AcDbXrecord
 10
0.0
 20
0.0
 30
0.0
  0
XRECORD
  5
2E8
102
{ACAD_REACTORS
330
2D7
102
}
330
2D7
100
AcDbXrecord
 10
0.0
 20
0.0
 30
0.0
  0
XRECORD
  5
2EB
102
{ACAD_REACTORS
330
2D7
102
}
330
2D7
100
AcDbXrecord
 10
0.0
 20
0.0
 30
0.0
  0
XRECORD
  5
2E9
102
{ACAD_REACTORS
330
2D7
102
}
330
2D7
100
AcDbXrecord
 10
0.0
 20
0.0
 30
0.0
  0
XRECORD
  5
2EA
102
{ACAD_REACTORS
330
2D7
102
}
330
2D7
100
AcDbXrecord
 10
0.0
 20
0.0
 30
0.0
  0
XRECORD
  5
2E7
102
{ACAD_REACTORS
330
2D7
102
}
330
2D7
100
AcDbXrecord
 10
0.0
 20
0.0
 30
0.0
  0
XRECORD
  5
2E4
102
{ACAD_REACTORS
330
2D7
102
}
330
2D7
100
AcDbXrecord
340
0
  0
XRECORD
  5
2E5
102
{ACAD_REACTORS
330
2D7
102
}
330
2D7
100
AcDbXrecord
 70
     0
  0
XRECORD
  5
2DB
102
{ACAD_REACTORS
330
2D7
102
}
330
2D7
100
AcDbXrecord
  1

  0
XRECORD
  5
2D8
102
{ACAD_REACTORS
330
2D7
102
}
330
2D7
100
AcDbXrecord
 90
        1
  0
XRECORD
  5
2D9
102
{ACAD_REACTORS
330
2D7
102
}
330
2D7
100
AcDbXrecord
 90
       70
  0
XRECORD
  5
2EF
102
{ACAD_REACTORS
330
2D7
102
}
330
2D7
100
AcDbXrecord
340
0
  0
XRECORD
  5
2F5
102
{ACAD_REACTORS
330
2D7
102
}
330
2D7
100
AcDbXrecord
 10
0.0
 20
0.0
 30
0.0
  0
XRECORD
  5
2F1
102
{ACAD_REACTORS
330
2D7
102
}
330
2D7
100
AcDbXrecord
 10
0.0
 20
0.0
 30
0.0
  0
XRECORD
  5
2F4
102
{ACAD_REACTORS
330
2D7
102
}
330
2D7
100
AcDbXrecord
 10
0.0
 20
0.0
 30
0.0
  0
XRECORD
  5
2F2
102
{ACAD_REACTORS
330
2D7
102
}
330
2D7
100
AcDbXrecord
 10
0.0
 20
0.0
 30
0.0
  0
XRECORD
  5
2F3
102
{ACAD_REACTORS
330
2D7
102
}
330
2D7
100
AcDbXrecord
 10
0.0
 20
0.0
 30
0.0
  0
XRECORD
  5
2F0
102
{ACAD_REACTORS
330
2D7
102
}
330
2D7
100
AcDbXrecord
 10
0.0
 20
0.0
 30
0.0
  0
XRECORD
  5
2ED
102
{ACAD_REACTORS
330
2D7
102
}
330
2D7
100
AcDbXrecord
340
0
  0
XRECORD
  5
2EE
102
{ACAD_REACTORS
330
2D7
102
}
330
2D7
100
AcDbXrecord
 70
     0
  0
XRECORD
  5
2E2
102
{ACAD_REACTORS
330
2D7
102
}
330
2D7
100
AcDbXrecord
  1
{FAEB1C32-E019-11D5-929B-00C0DF256EC4}
  0
DICTIONARYVAR
  5
2FE
102
{ACAD_REACTORS
330
2F7
102
}
330
2F7
100
DictionaryVariables
280
     0
  1
1:1
  0
DICTIONARYVAR
  5
2FC
102
{ACAD_REACTORS
330
2F7
102
}
330
2F7
100
DictionaryVariables
280
     0
  1
2
  0
DICTIONARYVAR
  5
2FD
102
{ACAD_REACTORS
330
2F7
102
}
330
2F7
100
DictionaryVariables
280
     0
  1
1
  0
DICTIONARYVAR
  5
2FF
102
{ACAD_REACTORS
330
2F7
102
}
330
2F7
100
DictionaryVariables
280
     0
  1
1
  0
DICTIONARY
  5
302
330
45
100
AcDbDictionary
280
     1
  3
ACAD_XREC_ROUNDTRIP
360
303
  0
DICTIONARY
  5
300
330
44
100
AcDbDictionary
280
     1
  3
ACAD_XREC_ROUNDTRIP
360
301
  0
DICTIONARY
  5
304
330
46
100
AcDbDictionary
280
     1
  3
ACAD_XREC_ROUNDTRIP
360
305
  0
XRECORD
  5
303
102
{ACAD_REACTORS
330
302
102
}
330
302
100
AcDbXrecord
102
MATERIAL
148
0.0
149
0.0
149
0.0
 93
        0
 94
      127
282
     0
 72
     1
 77
     1
171
     1
175
     1
179
     1
273
     0
  0
XRECORD
  5
301
102
{ACAD_REACTORS
330
300
102
}
330
300
100
AcDbXrecord
102
MATERIAL
148
0.0
149
0.0
149
0.0
 93
        0
 94
      127
282
     0
 72
     1
 77
     1
171
     1
175
     1
179
     1
273
     0
  0
XRECORD
  5
305
102
{ACAD_REACTORS
330
304
102
}
330
304
100
AcDbXrecord
102
MATERIAL
148
0.0
149
0.0
149
0.0
 93
        0
 94
      127
282
     0
 72
     1
 77
     1
171
     1
175
     1
179
     1
273
     0
  0
ENDSEC
  0
EOF
