  0
SECTION
  2
HEADER
  9
$ACADVER
  1
AC1014
  9
$ACADMAINTVER
 70
     9
  9
$DWGCODEPAGE
  3
ANSI_1252
  9
$INSBASE
 10
0.0
 20
0.0
 30
0.0
  9
$EXTMIN
 10
0.0
 20
0.1013177777777778
 30
0.0
  9
$EXTMAX
 10
299.9986944444444
 20
300.1000122222222
 30
0.0
  9
$LIMMIN
 10
0.0
 20
0.0
  9
$LIMMAX
 10
12.0
 20
9.0
  9
$ORTHOMODE
 70
     0
  9
$REGENMODE
 70
     1
  9
$FILLMODE
 70
     1
  9
$QTEXTMODE
 70
     0
  9
$MIRRTEXT
 70
     1
  9
$DRAGMODE
 70
     2
  9
$LTSCALE
 40
1.0
  9
$OSMODE
 70
    37
  9
$ATTMODE
 70
     1
  9
$TEXTSIZE
 40
0.2
  9
$TRACEWID
 40
0.05
  9
$TEXTSTYLE
  7
STANDARD
  9
$CLAYER
  8
DEFAULT
  9
$CELTYPE
  6
BYLAYER
  9
$CECOLOR
 62
   256
  9
$CELTSCALE
 40
1.0
  9
$DELOBJ
 70
     1
  9
$DISPSILH
 70
     0
  9
$DIMSCALE
 40
1.0
  9
$DIMASZ
 40
0.18
  9
$DIMEXO
 40
0.0625
  9
$DIMDLI
 40
0.38
  9
$DIMRND
 40
0.0
  9
$DIMDLE
 40
0.0
  9
$DIMEXE
 40
0.18
  9
$DIMTP
 40
0.0
  9
$DIMTM
 40
0.0
  9
$DIMTXT
 40
0.18
  9
$DIMCEN
 40
0.09
  9
$DIMTSZ
 40
0.0
  9
$DIMTOL
 70
     0
  9
$DIMLIM
 70
     0
  9
$DIMTIH
 70
     1
  9
$DIMTOH
 70
     1
  9
$DIMSE1
 70
     0
  9
$DIMSE2
 70
     0
  9
$DIMTAD
 70
     0
  9
$DIMZIN
 70
     0
  9
$DIMBLK
  1

  9
$DIMASO
 70
     1
  9
$DIMSHO
 70
     1
  9
$DIMPOST
  1

  9
$DIMAPOST
  1

  9
$DIMALT
 70
     0
  9
$DIMALTD
 70
     2
  9
$DIMALTF
 40
25.4
  9
$DIMLFAC
 40
1.0
  9
$DIMTOFL
 70
     0
  9
$DIMTVP
 40
0.0
  9
$DIMTIX
 70
     0
  9
$DIMSOXD
 70
     0
  9
$DIMSAH
 70
     0
  9
$DIMBLK1
  1

  9
$DIMBLK2
  1

  9
$DIMSTYLE
  2
STANDARD
  9
$DIMCLRD
 70
     0
  9
$DIMCLRE
 70
     0
  9
$DIMCLRT
 70
     0
  9
$DIMTFAC
 40
1.0
  9
$DIMGAP
 40
0.09
  9
$DIMJUST
 70
     0
  9
$DIMSD1
 70
     0
  9
$DIMSD2
 70
     0
  9
$DIMTOLJ
 70
     1
  9
$DIMTZIN
 70
     0
  9
$DIMALTZ
 70
     0
  9
$DIMALTTZ
 70
     0
  9
$DIMFIT
 70
     5
  9
$DIMUPT
 70
     0
  9
$DIMUNIT
 70
     2
  9
$DIMDEC
 70
     4
  9
$DIMTDEC
 70
     4
  9
$DIMALTU
 70
     2
  9
$DIMALTTD
 70
     2
  9
$DIMTXSTY
  7
STANDARD
  9
$DIMAUNIT
 70
     0
  9
$LUNITS
 70
     2
  9
$LUPREC
 70
     3
  9
$SKETCHINC
 40
0.1
  9
$FILLETRAD
 40
0.5
  9
$AUNITS
 70
     0
  9
$AUPREC
 70
     0
  9
$MENU
  1
.
  9
$ELEVATION
 40
0.0
  9
$PELEVATION
 40
0.0
  9
$THICKNESS
 40
0.0
  9
$LIMCHECK
 70
     0
  9
$CHAMFERA
 40
0.0
  9
$CHAMFERB
 40
0.0
  9
$CHAMFERC
 40
0.0
  9
$CHAMFERD
 40
0.0
  9
$SKPOLY
 70
     0
  9
$TDCREATE
 40
2459467.60976191
  9
$TDUPDATE
 40
2459467.609775
  9
$TDINDWG
 40
0.0000000116
  9
$TDUSRTIMER
 40
0.0000000116
  9
$USRTIMER
 70
     1
  9
$ANGBASE
 50
0.0
  9
$ANGDIR
 70
     0
  9
$PDMODE
 70
     0
  9
$PDSIZE
 40
0.0
  9
$PLINEWID
 40
0.0
  9
$COORDS
 70
     1
  9
$SPLFRAME
 70
     0
  9
$SPLINETYPE
 70
     6
  9
$SPLINESEGS
 70
     8
  9
$ATTDIA
 70
     0
  9
$ATTREQ
 70
     1
  9
$HANDLING
 70
     1
  9
$HANDSEED
  5
357
  9
$SURFTAB1
 70
     6
  9
$SURFTAB2
 70
     6
  9
$SURFTYPE
 70
     6
  9
$SURFU
 70
     6
  9
$SURFV
 70
     6
  9
$UCSNAME
  2

  9
$UCSORG
 10
0.0
 20
0.0
 30
0.0
  9
$UCSXDIR
 10
1.0
 20
0.0
 30
0.0
  9
$UCSYDIR
 10
0.0
 20
1.0
 30
0.0
  9
$PUCSNAME
  2

  9
$PUCSORG
 10
0.0
 20
0.0
 30
0.0
  9
$PUCSXDIR
 10
1.0
 20
0.0
 30
0.0
  9
$PUCSYDIR
 10
0.0
 20
1.0
 30
0.0
  9
$USERI1
 70
     0
  9
$USERI2
 70
     0
  9
$USERI3
 70
     0
  9
$USERI4
 70
     0
  9
$USERI5
 70
     0
  9
$USERR1
 40
0.0
  9
$USERR2
 40
0.0
  9
$USERR3
 40
0.0
  9
$USERR4
 40
0.0
  9
$USERR5
 40
0.0
  9
$WORLDVIEW
 70
     1
  9
$SHADEDGE
 70
     3
  9
$SHADEDIF
 70
    70
  9
$TILEMODE
 70
     1
  9
$MAXACTVP
 70
    64
  9
$PINSBASE
 10
0.0
 20
0.0
 30
0.0
  9
$PLIMCHECK
 70
     0
  9
$PEXTMIN
 10
1.000000000000000E+20
 20
1.000000000000000E+20
 30
1.000000000000000E+20
  9
$PEXTMAX
 10
-1.000000000000000E+20
 20
-1.000000000000000E+20
 30
-1.000000000000000E+20
  9
$PLIMMIN
 10
0.0
 20
0.0
  9
$PLIMMAX
 10
12.0
 20
9.0
  9
$UNITMODE
 70
     0
  9
$VISRETAIN
 70
     1
  9
$PLINEGEN
 70
     0
  9
$PSLTSCALE
 70
     1
  9
$TREEDEPTH
 70
  3020
  9
$PICKSTYLE
 70
     1
  9
$CMLSTYLE
  2
STANDARD
  9
$CMLJUST
 70
     0
  9
$CMLSCALE
 40
1.0
  9
$PROXYGRAPHICS
 70
     1
  9
$MEASUREMENT
 70
     0
  0
ENDSEC
  0
SECTION
  2
CLASSES
  0
CLASS
  1
ACDBDICTIONARYWDFLT
  2
AcDbDictionaryWithDefault
  3
ObjectDBX Classes
 90
        0
280
     0
281
     0
  0
CLASS
  1
VISUALSTYLE
  2
AcDbVisualStyle
  3
ObjectDBX Classes
 90
     4095
280
     0
281
     0
  0
CLASS
  1
MATERIAL
  2
AcDbMaterial
  3
ObjectDBX Classes
 90
     1153
280
     0
281
     0
  0
CLASS
  1
SCALE
  2
AcDbScale
  3
ObjectDBX Classes
 90
     1153
280
     0
281
     0
  0
CLASS
  1
SUN
  2
AcDbSun
  3
SCENEOE
 90
     1153
280
     0
281
     0
  0
CLASS
  1
DICTIONARYVAR
  2
AcDbDictionaryVar
  3
ObjectDBX Classes
 90
        0
280
     0
281
     0
  0
CLASS
  1
XRECORD
  2
AcDbXrecord
  3
ObjectDBX Classes
 90
        0
280
     0
281
     0
  0
CLASS
  1
LWPOLYLINE
  2
AcDbPolyline
  3
ObjectDBX Classes
 90
        0
280
     0
281
     1
  0
CLASS
  1
HATCH
  2
AcDbHatch
  3
ObjectDBX Classes
 90
        0
280
     0
281
     1
  0
CLASS
  1
ACDBPLACEHOLDER
  2
AcDbPlaceHolder
  3
ObjectDBX Classes
 90
        0
280
     0
281
     0
  0
CLASS
  1
LAYOUT
  2
AcDbLayout
  3
ObjectDBX Classes
 90
        0
280
     0
281
     0
  0
ENDSEC
  0
SECTION
  2
TABLES
  0
TABLE
  2
VPORT
  5
8
330
0
100
AcDbSymbolTable
 70
     1
  0
VPORT
  5
29
330
8
100
AcDbSymbolTableRecord
100
AcDbViewportTableRecord
  2
*ACTIVE
 70
     0
 10
0.0
 20
0.0
 11
1.0
 21
1.0
 12
149.9993472222222
 22
150.100665
 13
0.0
 23
0.0
 14
0.5
 24
0.5
 15
0.5
 25
0.5
 16
0.0
 26
0.0
 36
1.0
 17
0.0
 27
0.0
 37
0.0
 40
305.9986683333333
 41
1.0
 42
50.0
 43
0.0
 44
0.0
 50
0.0
 51
0.0
 71
     0
 72
   100
 73
     1
 74
     3
 75
     0
 76
     0
 77
     0
 78
     0
  0
ENDTAB
  0
TABLE
  2
LTYPE
  5
5
330
0
100
AcDbSymbolTable
 70
     1
  0
LTYPE
  5
14
330
5
100
AcDbSymbolTableRecord
100
AcDbLinetypeTableRecord
  2
BYBLOCK
 70
     0
  3

 72
    65
 73
     0
 40
0.0
  0
LTYPE
  5
15
330
5
100
AcDbSymbolTableRecord
100
AcDbLinetypeTableRecord
  2
BYLAYER
 70
     0
  3

 72
    65
 73
     0
 40
0.0
  0
LTYPE
  5
16
330
5
100
AcDbSymbolTableRecord
100
AcDbLinetypeTableRecord
  2
CONTINUOUS
 70
     0
  3
Solid line
 72
    65
 73
     0
 40
0.0
  0
ENDTAB
  0
TABLE
  2
LAYER
  5
2
330
0
100
AcDbSymbolTable
 70
     2
  0
LAYER
  5
10
330
2
100
AcDbSymbolTableRecord
100
AcDbLayerTableRecord
  2
0
 70
     0
 62
     7
  6
CONTINUOUS
  0
LAYER
  5
6A
330
2
100
AcDbSymbolTableRecord
100
AcDbLayerTableRecord
  2
DEFAULT
 70
     0
 62
     7
  6
CONTINUOUS
  0
ENDTAB
  0
TABLE
  2
STYLE
  5
3
330
0
100
AcDbSymbolTable
 70
     1
  0
STYLE
  5
11
330
3
100
AcDbSymbolTableRecord
100
AcDbTextStyleTableRecord
  2
STANDARD
 70
     0
 40
0.0
 41
1.0
 50
0.0
 71
     0
 42
0.2
  3
txt
  4

  0
ENDTAB
  0
TABLE
  2
VIEW
  5
6
330
0
100
AcDbSymbolTable
 70
     0
  0
ENDTAB
  0
TABLE
  2
UCS
  5
7
330
0
100
AcDbSymbolTable
 70
     0
  0
ENDTAB
  0
TABLE
  2
APPID
  5
9
330
0
100
AcDbSymbolTable
 70
     1
  0
APPID
  5
12
330
9
100
AcDbSymbolTableRecord
100
AcDbRegAppTableRecord
  2
ACAD
 70
     0
  0
ENDTAB
  0
TABLE
  2
DIMSTYLE
  5
A
330
0
100
AcDbSymbolTable
 70
     1
  0
DIMSTYLE
105
27
330
A
100
AcDbSymbolTableRecord
100
AcDbDimStyleTableRecord
  2
STANDARD
 70
     0
  3

  4

  5

  6

  7

 40
1.0
 41
0.18
 42
0.0625
 43
0.38
 44
0.18
 45
0.0
 46
0.0
 47
0.0
 48
0.0
140
0.18
141
0.09
142
0.0
143
25.4
144
1.0
145
0.0
146
1.0
147
0.09
 71
     0
 72
     0
 73
     1
 74
     1
 75
     0
 76
     0
 77
     0
 78
     0
170
     0
171
     2
172
     0
173
     0
174
     0
175
     0
176
     0
177
     0
178
     0
270
     2
271
     4
272
     4
273
     2
274
     2
340
11
275
     0
280
     0
281
     0
282
     0
283
     1
284
     0
285
     0
286
     0
287
     3
288
     0
  0
ENDTAB
  0
TABLE
  2
BLOCK_RECORD
  5
1
330
0
100
AcDbSymbolTable
 70
     1
  0
BLOCK_RECORD
  5
1F
330
1
100
AcDbSymbolTableRecord
100
AcDbBlockTableRecord
  2
*MODEL_SPACE
  0
BLOCK_RECORD
  5
1B
330
1
100
AcDbSymbolTableRecord
100
AcDbBlockTableRecord
  2
*PAPER_SPACE
  0
ENDTAB
  0
ENDSEC
  0
SECTION
  2
BLOCKS
  0
BLOCK
  5
20
330
1F
100
AcDbEntity
  8
0
100
AcDbBlockBegin
  2
*MODEL_SPACE
 70
     0
 10
0.0
 20
0.0
 30
0.0
  3
*MODEL_SPACE
  1

  0
ENDBLK
  5
21
330
1F
100
AcDbEntity
  8
0
100
AcDbBlockEnd
  0
BLOCK
  5
1C
330
1B
100
AcDbEntity
 67
     1
  8
0
100
AcDbBlockBegin
  2
*PAPER_SPACE
 70
     0
 10
0.0
 20
0.0
 30
0.0
  3
*PAPER_SPACE
  1

  0
ENDBLK
  5
1D
330
1B
100
AcDbEntity
 67
     1
  8
0
100
AcDbBlockEnd
  0
ENDSEC
  0
SECTION
  2
ENTITIES
  0
SPLINE
  5
6B
330
1F
100
AcDbEntity
  8
DEFAULT
 62
   250
100
AcDbSpline
210
0.0
220
0.0
230
1.0
 70
     8
 71
     3
 72
    17
 73
    13
 74
     0
 42
0.000000001
 43
0.0000000001
 40
0.0
 40
0.0
 40
0.0
 40
0.0
 40
5.777674272577164
 40
5.777674272577164
 40
5.777674272577164
 40
6.777674272577164
 40
6.777674272577164
 40
6.777674272577164
 40
11.99020878085622
 40
11.99020878085622
 40
11.99020878085622
 40
17.76021822625577
 40
17.76021822625577
 40
17.76021822625577
 40
17.76021822625577
 10
155.2402844444444
 20
286.253555
 30
0.0
 10
154.5667140740741
 20
286.342455
 30
0.0
 10
153.8931437037037
 20
286.431355
 30
0.0
 10
153.2195733333333
 20
286.520255
 30
0.0
 10
153.2195733333333
 20
286.520255
 30
0.0
 10
154.6677261111111
 20
287.225105
 30
0.0
 10
154.8776288888889
 20
287.275905
 30
0.0
 10
154.3249437037037
 20
287.5409587037037
 30
0.0
 10
153.7722585185185
 20
287.8060124074074
 30
0.0
 10
153.2195733333333
 20
288.0710661111111
 30
0.0
 10
153.8931437037037
 20
288.152792962963
 30
0.0
 10
154.566714074074
 20
288.2345198148148
 30
0.0
 10
155.2402844444444
 20
288.3162466666666
 30
0.0
  0
SPLINE
  5
6C
330
1F
100
AcDbEntity
  8
DEFAULT
 62
   250
100
AcDbSpline
210
0.0
220
0.0
230
1.0
 70
     8
 71
     3
 72
    17
 73
    13
 74
     0
 42
0.000000001
 43
0.0000000001
 40
0.0
 40
0.0
 40
0.0
 40
0.0
 40
5.77767427257722
 40
5.77767427257722
 40
5.77767427257722
 40
6.77767427257722
 40
6.77767427257722
 40
6.77767427257722
 40
11.99020878085627
 40
11.99020878085627
 40
11.99020878085627
 40
17.76021822625582
 40
17.76021822625582
 40
17.76021822625582
 40
17.76021822625582
 10
155.2402844444444
 20
272.2518402777777
 30
0.0
 10
154.5667140740741
 20
272.3407402777777
 30
0.0
 10
153.8931437037037
 20
272.4296402777778
 30
0.0
 10
153.2195733333333
 20
272.5185402777777
 30
0.0
 10
153.2195733333333
 20
272.5185402777777
 30
0.0
 10
154.6677261111111
 20
273.2230375
 30
0.0
 10
154.8776288888889
 20
273.2741902777777
 30
0.0
 10
154.3249437037037
 20
273.5392439814814
 30
0.0
 10
153.7722585185185
 20
273.8042976851852
 30
0.0
 10
153.2195733333333
 20
274.0693513888889
 30
0.0
 10
153.8931437037037
 20
274.1510782407407
 30
0.0
 10
154.566714074074
 20
274.2328050925926
 30
0.0
 10
155.2402844444444
 20
274.3145319444444
 30
0.0
  0
SPLINE
  5
6D
330
1F
100
AcDbEntity
  8
DEFAULT
 62
   250
100
AcDbSpline
210
0.0
220
0.0
230
1.0
 70
     8
 71
     3
 72
    26
 73
    22
 74
     0
 42
0.000000001
 43
0.0000000001
 40
0.0
 40
0.0
 40
0.0
 40
0.0
 40
1.886999999999944
 40
1.886999999999944
 40
1.886999999999944
 40
4.640999999999963
 40
4.640999999999963
 40
4.640999999999963
 40
5.640999999999963
 40
5.640999999999963
 40
5.640999999999963
 40
6.640999999999963
 40
6.640999999999963
 40
6.640999999999963
 40
7.640999999999963
 40
7.640999999999963
 40
7.640999999999963
 40
8.640999999999963
 40
8.640999999999963
 40
8.640999999999963
 40
9.640999999999963
 40
9.640999999999963
 40
9.640999999999963
 40
9.640999999999963
 10
146.3663005555555
 20
273.1232366666666
 30
0.0
 10
146.3663005555555
 20
272.9013394444444
 30
0.0
 10
146.3663005555555
 20
272.6794422222222
 30
0.0
 10
146.3663005555555
 20
272.457545
 30
0.0
 10
146.0424505555555
 20
272.457545
 30
0.0
 10
145.7186005555556
 20
272.457545
 30
0.0
 10
145.3947505555555
 20
272.457545
 30
0.0
 10
145.35277
 20
272.5746672222222
 30
0.0
 10
145.2839783333333
 20
272.8053838888889
 30
0.0
 10
145.2839783333333
 20
273.078081111111
 30
0.0
 10
145.2839783333333
 20
273.3839394444444
 30
0.0
 10
145.3619422222222
 20
273.6358227777777
 30
0.0
 10
145.5506783333333
 20
273.8337311111111
 30
0.0
 10
145.7186005555555
 20
274.0076505555555
 30
0.0
 10
145.9884755555555
 20
274.1156005555555
 30
0.0
 10
146.3031533333333
 20
274.1156005555555
 30
0.0
 10
146.9060505555555
 20
274.1127783333333
 30
0.0
 10
147.34667
 20
273.6989699999999
 30
0.0
 10
147.34667
 20
273.0212838888888
 30
0.0
 10
147.34667
 20
272.7873922222222
 30
0.0
 10
147.29587
 20
272.6046533333333
 30
0.0
 10
147.2538894444444
 20
272.5175172222222
 30
0.0
  0
SPLINE
  5
6E
330
1F
100
AcDbEntity
  8
DEFAULT
 62
   250
100
AcDbSpline
210
0.0
220
0.0
230
1.0
 70
     8
 71
     3
 72
    26
 73
    22
 74
     0
 42
0.000000001
 43
0.0000000001
 40
0.0
 40
0.0
 40
0.0
 40
0.0
 40
1.886999999999944
 40
1.886999999999944
 40
1.886999999999944
 40
4.640999999999963
 40
4.640999999999963
 40
4.640999999999963
 40
5.640999999999963
 40
5.640999999999963
 40
5.640999999999963
 40
6.640999999999963
 40
6.640999999999963
 40
6.640999999999963
 40
7.640999999999963
 40
7.640999999999963
 40
7.640999999999963
 40
8.640999999999963
 40
8.640999999999963
 40
8.640999999999963
 40
9.640999999999963
 40
9.640999999999963
 40
9.640999999999963
 40
9.640999999999963
 10
146.3663005555555
 20
287.1249866666666
 30
0.0
 10
146.3663005555555
 20
286.9030894444444
 30
0.0
 10
146.3663005555555
 20
286.6811922222222
 30
0.0
 10
146.3663005555555
 20
286.459295
 30
0.0
 10
146.0424505555555
 20
286.459295
 30
0.0
 10
145.7186005555556
 20
286.459295
 30
0.0
 10
145.3947505555555
 20
286.459295
 30
0.0
 10
145.35277
 20
286.5764172222222
 30
0.0
 10
145.2839783333333
 20
286.8071338888889
 30
0.0
 10
145.2839783333333
 20
287.079831111111
 30
0.0
 10
145.2839783333333
 20
287.3856894444444
 30
0.0
 10
145.3619422222222
 20
287.6375727777777
 30
0.0
 10
145.5506783333333
 20
287.8354811111111
 30
0.0
 10
145.7186005555555
 20
288.0094005555555
 30
0.0
 10
145.9884755555555
 20
288.1173505555555
 30
0.0
 10
146.3031533333333
 20
288.1173505555555
 30
0.0
 10
146.9060505555555
 20
288.1145283333333
 30
0.0
 10
147.34667
 20
287.7007199999999
 30
0.0
 10
147.34667
 20
287.0230338888888
 30
0.0
 10
147.34667
 20
286.7891422222222
 30
0.0
 10
147.29587
 20
286.6064033333333
 30
0.0
 10
147.2538894444444
 20
286.5192672222222
 30
0.0
  0
SPLINE
  5
6F
330
1F
100
AcDbEntity
  8
DEFAULT
 62
     1
100
AcDbSpline
210
0.0
220
0.0
230
1.0
 70
     8
 71
     3
 72
    68
 73
    64
 74
     0
 42
0.000000001
 43
0.0000000001
 40
0.0
 40
0.0
 40
0.0
 40
0.0
 40
3.830000000000041
 40
3.830000000000041
 40
3.830000000000041
 40
13.75000000000006
 40
13.75000000000006
 40
13.75000000000006
 40
14.75000000000006
 40
14.75000000000006
 40
14.75000000000006
 40
15.75000000000006
 40
15.75000000000006
 40
15.75000000000006
 40
16.75000000000006
 40
16.75000000000006
 40
16.75000000000006
 40
17.75000000000006
 40
17.75000000000006
 40
17.75000000000006
 40
18.75000000000006
 40
18.75000000000006
 40
18.75000000000006
 40
19.75000000000006
 40
19.75000000000006
 40
19.75000000000006
 40
29.67000000000007
 40
29.67000000000007
 40
29.67000000000007
 40
38.18000000000006
 40
38.18000000000006
 40
38.18000000000006
 40
48.10000000000008
 40
48.10000000000008
 40
48.10000000000008
 40
49.10000000000008
 40
49.10000000000008
 40
49.10000000000008
 40
50.10000000000008
 40
50.10000000000008
 40
50.10000000000008
 40
51.10000000000008
 40
51.10000000000008
 40
51.10000000000008
 40
52.10000000000008
 40
52.10000000000008
 40
52.10000000000008
 40
53.10000000000008
 40
53.10000000000008
 40
53.10000000000008
 40
54.10000000000008
 40
54.10000000000008
 40
54.10000000000008
 40
55.10000000000008
 40
55.10000000000008
 40
55.10000000000008
 40
56.10000000000008
 40
56.10000000000008
 40
56.10000000000008
 40
66.0200000000001
 40
66.0200000000001
 40
66.0200000000001
 40
69.84000000000003
 40
69.84000000000003
 40
69.84000000000003
 40
69.84000000000003
 10
157.2703441666667
 20
287.1368399999999
 30
0.0
 10
157.2703441666667
 20
286.6864603703703
 30
0.0
 10
157.2703441666667
 20
286.2360807407407
 30
0.0
 10
157.2703441666667
 20
285.7857011111111
 30
0.0
 10
158.4368626851852
 20
285.7857011111111
 30
0.0
 10
159.6033812037037
 20
285.7857011111111
 30
0.0
 10
160.7698997222222
 20
285.7857011111111
 30
0.0
 10
160.9462886111111
 20
285.7857011111111
 30
0.0
 10
161.5530663888889
 20
285.8880066666666
 30
0.0
 10
162.5196775
 20
285.8880066666666
 30
0.0
 10
163.4862886111111
 20
285.8880066666666
 30
0.0
 10
164.2694552777778
 20
285.8421455555555
 30
0.0
 10
164.2694552777778
 20
285.7857011111111
 30
0.0
 10
164.2694552777778
 20
283.0375622222222
 30
0.0
 10
162.5161497222222
 20
282.66009
 30
0.0
 10
162.5161497222222
 20
280.2894233333333
 30
0.0
 10
162.5161497222222
 20
277.9152288888889
 30
0.0
 10
164.2694552777778
 20
277.5377566666666
 30
0.0
 10
164.2694552777778
 20
274.7896177777777
 30
0.0
 10
164.2694552777778
 20
274.7331733333333
 30
0.0
 10
163.4862886111111
 20
274.6837844444444
 30
0.0
 10
162.5196775
 20
274.6837844444444
 30
0.0
 10
161.5530663888889
 20
274.6837844444444
 30
0.0
 10
160.9462886111111
 20
274.78609
 30
0.0
 10
160.7698997222222
 20
274.78609
 30
0.0
 10
159.6033812037037
 20
274.78609
 30
0.0
 10
158.4368626851852
 20
274.78609
 30
0.0
 10
157.2703441666667
 20
274.78609
 30
0.0
 10
157.2703441666667
 20
273.7853770370371
 30
0.0
 10
157.2703441666667
 20
272.784664074074
 30
0.0
 10
157.2703441666667
 20
271.7839511111111
 30
0.0
 10
158.4368626851852
 20
271.7839511111111
 30
0.0
 10
159.6033812037037
 20
271.7839511111111
 30
0.0
 10
160.7698997222222
 20
271.7839511111111
 30
0.0
 10
160.9462886111111
 20
271.7839511111111
 30
0.0
 10
161.5530663888889
 20
271.8862566666666
 30
0.0
 10
162.5196775
 20
271.8862566666666
 30
0.0
 10
163.4862886111111
 20
271.8862566666666
 30
0.0
 10
164.2694552777778
 20
271.8403955555555
 30
0.0
 10
164.2694552777778
 20
271.7839511111111
 30
0.0
 10
164.2694552777778
 20
270.1258955555555
 30
0.0
 10
162.9288997222222
 20
268.78534
 30
0.0
 10
161.2708441666666
 20
268.78534
 30
0.0
 10
151.5377052777778
 20
268.78534
 30
0.0
 10
153.7707886111111
 20
270.2881733333333
 30
0.0
 10
150.2712330555555
 20
270.2881733333333
 30
0.0
 10
146.7716775
 20
270.2881733333333
 30
0.0
 10
148.9977052777778
 20
268.78534
 30
0.0
 10
139.2680941666667
 20
268.78534
 30
0.0
 10
137.6100386111111
 20
268.78534
 30
0.0
 10
136.2694830555556
 20
270.1294233333333
 30
0.0
 10
136.2694830555556
 20
271.7874788888889
 30
0.0
 10
136.2694830555556
 20
271.8403955555555
 30
0.0
 10
137.0526497222222
 20
271.8862566666666
 30
0.0
 10
138.0192608333333
 20
271.8862566666666
 30
0.0
 10
138.9893997222222
 20
271.8862566666666
 30
0.0
 10
139.5961775
 20
271.7874788888889
 30
0.0
 10
139.7725663888889
 20
271.7874788888889
 30
0.0
 10
140.9390849074074
 20
271.7874788888889
 30
0.0
 10
142.1056034259259
 20
271.7874788888889
 30
0.0
 10
143.2721219444444
 20
271.7874788888889
 30
0.0
 10
143.2721219444444
 20
272.2366825925926
 30
0.0
 10
143.2721219444444
 20
272.6858862962962
 30
0.0
 10
143.2721219444444
 20
273.1350899999999
 30
0.0
  0
SPLINE
  5
70
330
1F
100
AcDbEntity
  8
DEFAULT
 62
     1
100
AcDbSpline
210
0.0
220
0.0
230
1.0
 70
     8
 71
     3
 72
    68
 73
    64
 74
     0
 42
0.000000001
 43
0.0000000001
 40
0.0
 40
0.0
 40
0.0
 40
0.0
 40
3.830000000000041
 40
3.830000000000041
 40
3.830000000000041
 40
13.75000000000006
 40
13.75000000000006
 40
13.75000000000006
 40
14.75000000000006
 40
14.75000000000006
 40
14.75000000000006
 40
15.75000000000006
 40
15.75000000000006
 40
15.75000000000006
 40
16.75000000000006
 40
16.75000000000006
 40
16.75000000000006
 40
17.75000000000006
 40
17.75000000000006
 40
17.75000000000006
 40
18.75000000000006
 40
18.75000000000006
 40
18.75000000000006
 40
19.75000000000006
 40
19.75000000000006
 40
19.75000000000006
 40
29.67000000000007
 40
29.67000000000007
 40
29.67000000000007
 40
38.17000000000007
 40
38.17000000000007
 40
38.17000000000007
 40
48.09000000000009
 40
48.09000000000009
 40
48.09000000000009
 40
49.09000000000009
 40
49.09000000000009
 40
49.09000000000009
 40
50.09000000000009
 40
50.09000000000009
 40
50.09000000000009
 40
51.09000000000009
 40
51.09000000000009
 40
51.09000000000009
 40
52.09000000000009
 40
52.09000000000009
 40
52.09000000000009
 40
53.09000000000009
 40
53.09000000000009
 40
53.09000000000009
 40
54.09000000000009
 40
54.09000000000009
 40
54.09000000000009
 40
55.09000000000009
 40
55.09000000000009
 40
55.09000000000009
 40
56.09000000000009
 40
56.09000000000009
 40
56.09000000000009
 40
66.0100000000001
 40
66.0100000000001
 40
66.0100000000001
 40
69.84000000000015
 40
69.84000000000015
 40
69.84000000000015
 40
69.84000000000015
 10
143.2721219444444
 20
273.4349158333333
 30
0.0
 10
143.2721219444444
 20
273.885295462963
 30
0.0
 10
143.2721219444444
 20
274.3356750925926
 30
0.0
 10
143.2721219444444
 20
274.7860547222222
 30
0.0
 10
142.1056034259259
 20
274.7860547222222
 30
0.0
 10
140.9390849074074
 20
274.7860547222222
 30
0.0
 10
139.7725663888889
 20
274.7860547222222
 30
0.0
 10
139.5961775
 20
274.7860547222222
 30
0.0
 10
138.9893997222222
 20
274.6872769444444
 30
0.0
 10
138.0227886111111
 20
274.6872769444444
 30
0.0
 10
137.0526497222222
 20
274.6872769444444
 30
0.0
 10
136.2694830555555
 20
274.7366658333333
 30
0.0
 10
136.2694830555555
 20
274.7931102777778
 30
0.0
 10
136.2694830555555
 20
277.5412491666666
 30
0.0
 10
138.0263163888889
 20
277.9151936111111
 30
0.0
 10
138.0263163888889
 20
280.2893880555555
 30
0.0
 10
138.0263163888889
 20
282.6635825
 30
0.0
 10
136.2694830555555
 20
283.0375269444444
 30
0.0
 10
136.2694830555555
 20
285.789193611111
 30
0.0
 10
136.2694830555555
 20
285.8421102777777
 30
0.0
 10
137.0526497222222
 20
285.8879713888888
 30
0.0
 10
138.0192608333333
 20
285.8879713888888
 30
0.0
 10
138.9893997222222
 20
285.8879713888888
 30
0.0
 10
139.5961775
 20
285.789193611111
 30
0.0
 10
139.7725663888889
 20
285.789193611111
 30
0.0
 10
140.9390849074074
 20
285.789193611111
 30
0.0
 10
142.1056034259259
 20
285.789193611111
 30
0.0
 10
143.2721219444444
 20
285.789193611111
 30
0.0
 10
143.2721219444444
 20
286.7887306481481
 30
0.0
 10
143.2721219444444
 20
287.7882676851851
 30
0.0
 10
143.2721219444444
 20
288.7878047222222
 30
0.0
 10
142.1056034259259
 20
288.7878047222222
 30
0.0
 10
140.9390849074074
 20
288.7878047222222
 30
0.0
 10
139.7725663888889
 20
288.7878047222222
 30
0.0
 10
139.5961775
 20
288.7878047222222
 30
0.0
 10
138.9893997222222
 20
288.6890269444444
 30
0.0
 10
138.0227886111111
 20
288.6890269444444
 30
0.0
 10
137.0526497222222
 20
288.6890269444444
 30
0.0
 10
136.2694830555555
 20
288.7313602777778
 30
0.0
 10
136.2694830555555
 20
288.7878047222222
 30
0.0
 10
136.2730108333333
 20
290.4458602777777
 30
0.0
 10
137.6135663888889
 20
291.7864158333333
 30
0.0
 10
139.2716219444444
 20
291.7864158333333
 30
0.0
 10
149.0012330555555
 20
291.7864158333333
 30
0.0
 10
146.7716775
 20
290.2871102777777
 30
0.0
 10
150.2712330555555
 20
290.2871102777777
 30
0.0
 10
153.7707886111111
 20
290.2871102777777
 30
0.0
 10
151.5377052777778
 20
291.7864158333333
 30
0.0
 10
161.2708441666666
 20
291.7864158333333
 30
0.0
 10
162.9288997222222
 20
291.7864158333333
 30
0.0
 10
164.2694552777778
 20
290.4458602777777
 30
0.0
 10
164.2694552777778
 20
288.7878047222222
 30
0.0
 10
164.2694552777778
 20
288.7313602777778
 30
0.0
 10
163.4862886111111
 20
288.6854991666667
 30
0.0
 10
162.5196775
 20
288.6854991666667
 30
0.0
 10
161.5530663888889
 20
288.6854991666667
 30
0.0
 10
160.9462886111111
 20
288.7878047222222
 30
0.0
 10
160.7698997222222
 20
288.7878047222222
 30
0.0
 10
159.6033812037037
 20
288.7878047222222
 30
0.0
 10
158.4368626851852
 20
288.7878047222222
 30
0.0
 10
157.2703441666667
 20
288.7878047222222
 30
0.0
 10
157.2703441666667
 20
288.3374250925925
 30
0.0
 10
157.2703441666667
 20
287.8870454629629
 30
0.0
 10
157.2703441666667
 20
287.4366658333333
 30
0.0
  0
POLYLINE
  5
71
330
1F
100
AcDbEntity
  8
DEFAULT
 62
   250
100
AcDb2dPolyline
 66
     1
 10
0.0
 20
0.0
 30
0.0
  0
VERTEX
  5
72
330
71
100
AcDbEntity
  8
DEFAULT
 62
   250
100
AcDbVertex
100
AcDb2dVertex
 10
51.65470999999999
 20
23.02841611111111
 30
0.0
  0
VERTEX
  5
73
330
71
100
AcDbEntity
  8
DEFAULT
 62
   250
100
AcDbVertex
100
AcDb2dVertex
 10
51.65470999999999
 20
21.90411333333333
 30
0.0
  0
VERTEX
  5
74
330
71
100
AcDbEntity
  8
DEFAULT
 62
   250
100
AcDbVertex
100
AcDb2dVertex
 10
49.63399888888888
 20
21.90411333333333
 30
0.0
  0
SEQEND
  5
75
330
71
100
AcDbEntity
  8
DEFAULT
 62
   250
  0
POLYLINE
  5
76
330
1F
100
AcDbEntity
  8
DEFAULT
 62
   250
100
AcDb2dPolyline
 66
     1
 10
0.0
 20
0.0
 30
0.0
  0
VERTEX
  5
77
330
76
100
AcDbEntity
  8
DEFAULT
 62
   250
100
AcDbVertex
100
AcDb2dVertex
 10
47.68211472222222
 20
14.98099055555556
 30
0.0
  0
VERTEX
  5
78
330
76
100
AcDbEntity
  8
DEFAULT
 62
   250
100
AcDbVertex
100
AcDb2dVertex
 10
47.68211472222222
 20
16.02732944444444
 30
0.0
  0
SEQEND
  5
79
330
76
100
AcDbEntity
  8
DEFAULT
 62
   250
  0
POLYLINE
  5
7A
330
1F
100
AcDbEntity
  8
DEFAULT
 62
   250
100
AcDb2dPolyline
 66
     1
 10
0.0
 20
0.0
 30
0.0
  0
VERTEX
  5
7B
330
7A
100
AcDbEntity
  8
DEFAULT
 62
   250
100
AcDbVertex
100
AcDb2dVertex
 10
46.73473
 20
14.8910675
 30
0.0
  0
VERTEX
  5
7C
330
7A
100
AcDbEntity
  8
DEFAULT
 62
   250
100
AcDbVertex
100
AcDb2dVertex
 10
46.73473
 20
16.02736472222222
 30
0.0
  0
VERTEX
  5
7D
330
7A
100
AcDbEntity
  8
DEFAULT
 62
   250
100
AcDbVertex
100
AcDb2dVertex
 10
48.7557938888889
 20
16.02736472222222
 30
0.0
  0
VERTEX
  5
7E
330
7A
100
AcDbEntity
  8
DEFAULT
 62
   250
100
AcDbVertex
100
AcDb2dVertex
 10
48.7557938888889
 20
14.93587027777778
 30
0.0
  0
SEQEND
  5
7F
330
7A
100
AcDbEntity
  8
DEFAULT
 62
   250
  0
POLYLINE
  5
80
330
1F
100
AcDbEntity
  8
DEFAULT
 62
   250
100
AcDb2dPolyline
 66
     1
 10
0.0
 20
0.0
 30
0.0
  0
VERTEX
  5
81
330
80
100
AcDbEntity
  8
DEFAULT
 62
   250
100
AcDbVertex
100
AcDb2dVertex
 10
47.68225583333332
 20
28.98517472222222
 30
0.0
  0
VERTEX
  5
82
330
80
100
AcDbEntity
  8
DEFAULT
 62
   250
100
AcDbVertex
100
AcDb2dVertex
 10
47.68225583333332
 20
30.03151361111111
 30
0.0
  0
SEQEND
  5
83
330
80
100
AcDbEntity
  8
DEFAULT
 62
   250
  0
POLYLINE
  5
84
330
1F
100
AcDbEntity
  8
DEFAULT
 62
   250
100
AcDb2dPolyline
 66
     1
 10
0.0
 20
0.0
 30
0.0
  0
VERTEX
  5
85
330
84
100
AcDbEntity
  8
DEFAULT
 62
   250
100
AcDbVertex
100
AcDb2dVertex
 10
46.7348711111111
 20
28.89525166666666
 30
0.0
  0
VERTEX
  5
86
330
84
100
AcDbEntity
  8
DEFAULT
 62
   250
100
AcDbVertex
100
AcDb2dVertex
 10
46.7348711111111
 20
30.03154888888889
 30
0.0
  0
VERTEX
  5
87
330
84
100
AcDbEntity
  8
DEFAULT
 62
   250
100
AcDbVertex
100
AcDb2dVertex
 10
48.755935
 20
30.03154888888889
 30
0.0
  0
VERTEX
  5
88
330
84
100
AcDbEntity
  8
DEFAULT
 62
   250
100
AcDbVertex
100
AcDb2dVertex
 10
48.755935
 20
28.94005444444444
 30
0.0
  0
SEQEND
  5
89
330
84
100
AcDbEntity
  8
DEFAULT
 62
   250
  0
SPLINE
  5
8A
330
1F
100
AcDbEntity
  8
DEFAULT
 62
     1
100
AcDbSpline
210
0.0
220
0.0
230
1.0
 70
     8
 71
     3
 72
    53
 73
    49
 74
     0
 42
0.000000001
 43
0.0000000001
 40
0.0
 40
0.0
 40
0.0
 40
0.0
 40
1.0
 40
1.0
 40
1.0
 40
2.0
 40
2.0
 40
2.0
 40
3.0
 40
3.0
 40
3.0
 40
4.0
 40
4.0
 40
4.0
 40
12.50000588235091
 40
12.50000588235091
 40
12.50000588235091
 40
13.50000588235091
 40
13.50000588235091
 40
13.50000588235091
 40
14.50000588235091
 40
14.50000588235091
 40
14.50000588235091
 40
15.50000588235091
 40
15.50000588235091
 40
15.50000588235091
 40
16.50000588235091
 40
16.50000588235091
 40
16.50000588235091
 40
17.50000588235091
 40
17.50000588235091
 40
17.50000588235091
 40
18.50000588235091
 40
18.50000588235091
 40
18.50000588235091
 40
19.50000588235091
 40
19.50000588235091
 40
19.50000588235091
 40
20.50000588235091
 40
20.50000588235091
 40
20.50000588235091
 40
21.50000588235091
 40
21.50000588235091
 40
21.50000588235091
 40
22.50000588235091
 40
22.50000588235091
 40
22.50000588235091
 40
26.3500058823509
 40
26.3500058823509
 40
26.3500058823509
 40
26.3500058823509
 10
38.85893083333333
 20
22.60892805555556
 30
0.0
 10
38.79543083333333
 20
24.22817805555556
 30
0.0
 10
37.7053475
 20
25.01134472222222
 30
0.0
 10
37.70181972222222
 20
27.96409472222222
 30
0.0
 10
37.70181972222222
 20
28.01701138888889
 30
0.0
 10
38.48498638888888
 20
28.0628725
 30
0.0
 10
39.4515975
 20
28.0628725
 30
0.0
 10
40.42173638888889
 20
28.0628725
 30
0.0
 10
41.02851416666667
 20
27.96409472222222
 30
0.0
 10
41.20490305555555
 20
27.96409472222222
 30
0.0
 10
42.07626416666667
 20
27.96409472222222
 30
0.0
 10
44.70093083333333
 20
27.96409472222222
 30
0.0
 10
44.70093083333333
 20
27.96409472222222
 30
0.0
 10
44.70210675925926
 20
28.96363175925926
 30
0.0
 10
44.70328268518518
 20
29.9631687962963
 30
0.0
 10
44.70445861111111
 20
30.96270583333333
 30
0.0
 10
44.70445861111111
 20
30.96270583333333
 30
0.0
 10
42.07979194444444
 20
30.96270583333333
 30
0.0
 10
41.20137527777778
 20
30.96270583333333
 30
0.0
 10
41.02851416666667
 20
30.95917805555555
 30
0.0
 10
40.42173638888889
 20
30.86040027777778
 30
0.0
 10
39.4515975
 20
30.86040027777778
 30
0.0
 10
38.48498638888888
 20
30.86040027777778
 30
0.0
 10
37.7053475
 20
30.90978916666667
 30
0.0
 10
37.7053475
 20
30.96270583333333
 30
0.0
 10
37.7053475
 20
32.62076138888889
 30
0.0
 10
39.04590305555556
 20
33.96131694444445
 30
0.0
 10
40.70395861111111
 20
33.96131694444445
 30
0.0
 10
44.86673638888889
 20
33.96131694444445
 30
0.0
 10
49.67862527777778
 20
33.12876138888888
 30
0.0
 10
51.93640305555556
 20
31.37898361111111
 30
0.0
 10
54.19418083333333
 20
29.62920583333333
 30
0.0
 10
53.90490305555555
 20
26.96573361111111
 30
0.0
 10
57.68315305555555
 20
26.96573361111111
 30
0.0
 10
59.34120861111111
 20
26.96573361111111
 30
0.0
 10
60.68176416666666
 20
25.62517805555555
 30
0.0
 10
60.68529194444444
 20
23.9671225
 30
0.0
 10
60.68529194444444
 20
23.91067805555555
 30
0.0
 10
59.90565305555555
 20
23.86481694444445
 30
0.0
 10
58.93551416666666
 20
23.86481694444445
 30
0.0
 10
57.96890305555555
 20
23.86481694444445
 30
0.0
 10
57.36212527777778
 20
23.96359472222222
 30
0.0
 10
57.18573638888888
 20
23.96359472222222
 30
0.0
 10
56.3108475
 20
23.9671225
 30
0.0
 10
53.68618083333334
 20
23.9671225
 30
0.0
 10
53.68618083333334
 20
23.9671225
 30
0.0
 10
53.68618083333334
 20
23.51439101851852
 30
0.0
 10
53.68618083333334
 20
23.06165953703703
 30
0.0
 10
53.68618083333334
 20
22.60892805555556
 30
0.0
  0
SPLINE
  5
8B
330
1F
100
AcDbEntity
  8
DEFAULT
 62
     1
100
AcDbSpline
210
0.0
220
0.0
230
1.0
 70
     8
 71
     3
 72
    53
 73
    49
 74
     0
 42
0.000000001
 43
0.0000000001
 40
0.0
 40
0.0
 40
0.0
 40
0.0
 40
3.82
 40
3.82
 40
3.82
 40
4.82
 40
4.82
 40
4.82
 40
5.82
 40
5.82
 40
5.82
 40
6.82
 40
6.82
 40
6.82
 40
7.829999999999991
 40
7.829999999999991
 40
7.829999999999991
 40
8.829999999999991
 40
8.829999999999991
 40
8.829999999999991
 40
9.829999999999991
 40
9.829999999999991
 40
9.829999999999991
 40
10.82999999999999
 40
10.82999999999999
 40
10.82999999999999
 40
11.82999999999999
 40
11.82999999999999
 40
11.82999999999999
 40
12.82999999999999
 40
12.82999999999999
 40
12.82999999999999
 40
13.82999999999999
 40
13.82999999999999
 40
13.82999999999999
 40
22.32999999999999
 40
22.32999999999999
 40
22.32999999999999
 40
23.32999999999999
 40
23.32999999999999
 40
23.32999999999999
 40
24.32999999999999
 40
24.32999999999999
 40
24.32999999999999
 40
25.32999999999999
 40
25.32999999999999
 40
25.32999999999999
 40
26.32999999999999
 40
26.32999999999999
 40
26.32999999999999
 40
26.32999999999999
 10
53.68618083333332
 20
22.30910222222222
 30
0.0
 10
53.68618083333333
 20
21.85989851851852
 30
0.0
 10
53.68618083333333
 20
21.41069481481481
 30
0.0
 10
53.68618083333332
 20
20.96149111111111
 30
0.0
 10
53.68618083333332
 20
20.96149111111111
 30
0.0
 10
56.31437527777776
 20
20.96501888888888
 30
0.0
 10
57.18573638888888
 20
20.96501888888888
 30
0.0
 10
57.36212527777776
 20
20.96501888888888
 30
0.0
 10
57.96890305555555
 20
21.06379666666666
 30
0.0
 10
58.93551416666666
 20
21.06379666666666
 30
0.0
 10
59.90565305555555
 20
21.06379666666666
 30
0.0
 10
60.68881972222221
 20
21.02146333333333
 30
0.0
 10
60.68881972222221
 20
20.96501888888888
 30
0.0
 10
60.68529194444444
 20
19.30696333333333
 30
0.0
 10
59.34473638888888
 20
17.96288
 30
0.0
 10
57.68315305555555
 20
17.96288
 30
0.0
 10
53.90137527777777
 20
17.96288
 30
0.0
 10
54.19065305555555
 20
15.29940777777778
 30
0.0
 10
51.93640305555554
 20
13.54610222222222
 30
0.0
 10
49.67862527777778
 20
11.79632444444444
 30
0.0
 10
44.86673638888888
 20
10.96376888888889
 30
0.0
 10
40.70043083333333
 20
10.96376888888889
 30
0.0
 10
39.04237527777777
 20
10.96024111111111
 30
0.0
 10
37.70181972222222
 20
12.30079666666666
 30
0.0
 10
37.70534749999999
 20
13.96238
 30
0.0
 10
37.70534749999999
 20
14.01529666666666
 30
0.0
 10
38.48851416666666
 20
14.06115777777778
 30
0.0
 10
39.4515975
 20
14.06468555555555
 30
0.0
 10
40.4182086111111
 20
14.06115777777778
 30
0.0
 10
41.02498638888888
 20
13.96238
 30
0.0
 10
41.20137527777777
 20
13.96238
 30
0.0
 10
42.07979194444444
 20
13.96238
 30
0.0
 10
44.7044586111111
 20
13.96238
 30
0.0
 10
44.7044586111111
 20
13.96238
 30
0.0
 10
44.7044586111111
 20
14.96191703703703
 30
0.0
 10
44.7044586111111
 20
15.96145407407407
 30
0.0
 10
44.7044586111111
 20
16.96099111111111
 30
0.0
 10
44.7044586111111
 20
16.96099111111111
 30
0.0
 10
42.07626416666666
 20
16.96099111111111
 30
0.0
 10
41.20490305555555
 20
16.96099111111111
 30
0.0
 10
41.02851416666666
 20
16.96099111111111
 30
0.0
 10
40.42173638888889
 20
16.86221333333333
 30
0.0
 10
39.4515975
 20
16.86221333333333
 30
0.0
 10
38.48498638888888
 20
16.86221333333333
 30
0.0
 10
37.70534749999999
 20
16.90454666666666
 30
0.0
 10
37.70181972222222
 20
16.96099111111111
 30
0.0
 10
37.70534749999999
 20
19.91021333333333
 30
0.0
 10
38.79543083333333
 20
20.69690777777777
 30
0.0
 10
38.85893083333332
 20
22.30910222222222
 30
0.0
  0
POLYLINE
  5
8C
330
1F
100
AcDbEntity
  8
DEFAULT
 62
   250
100
AcDb2dPolyline
 66
     1
 10
0.0
 20
0.0
 30
0.0
  0
VERTEX
  5
8D
330
8C
100
AcDbEntity
  8
DEFAULT
 62
   250
100
AcDbVertex
100
AcDb2dVertex
 10
23.63674611111111
 20
23.03007416666667
 30
0.0
  0
VERTEX
  5
8E
330
8C
100
AcDbEntity
  8
DEFAULT
 62
   250
100
AcDbVertex
100
AcDb2dVertex
 10
23.63674611111111
 20
21.90577138888889
 30
0.0
  0
VERTEX
  5
8F
330
8C
100
AcDbEntity
  8
DEFAULT
 62
   250
100
AcDbVertex
100
AcDb2dVertex
 10
21.616035
 20
21.90577138888889
 30
0.0
  0
SEQEND
  5
90
330
8C
100
AcDbEntity
  8
DEFAULT
 62
   250
  0
POLYLINE
  5
91
330
1F
100
AcDbEntity
  8
DEFAULT
 62
   250
100
AcDb2dPolyline
 66
     1
 10
0.0
 20
0.0
 30
0.0
  0
VERTEX
  5
92
330
91
100
AcDbEntity
  8
DEFAULT
 62
   250
100
AcDbVertex
100
AcDb2dVertex
 10
19.66418611111111
 20
14.98264861111111
 30
0.0
  0
VERTEX
  5
93
330
91
100
AcDbEntity
  8
DEFAULT
 62
   250
100
AcDbVertex
100
AcDb2dVertex
 10
19.66418611111111
 20
16.0289875
 30
0.0
  0
SEQEND
  5
94
330
91
100
AcDbEntity
  8
DEFAULT
 62
   250
  0
POLYLINE
  5
95
330
1F
100
AcDbEntity
  8
DEFAULT
 62
   250
100
AcDb2dPolyline
 66
     1
 10
0.0
 20
0.0
 30
0.0
  0
VERTEX
  5
96
330
95
100
AcDbEntity
  8
DEFAULT
 62
   250
100
AcDbVertex
100
AcDb2dVertex
 10
18.71680138888889
 20
14.89269027777778
 30
0.0
  0
VERTEX
  5
97
330
95
100
AcDbEntity
  8
DEFAULT
 62
   250
100
AcDbVertex
100
AcDb2dVertex
 10
18.71680138888889
 20
16.0289875
 30
0.0
  0
VERTEX
  5
98
330
95
100
AcDbEntity
  8
DEFAULT
 62
   250
100
AcDbVertex
100
AcDb2dVertex
 10
20.73786527777778
 20
16.0289875
 30
0.0
  0
VERTEX
  5
99
330
95
100
AcDbEntity
  8
DEFAULT
 62
   250
100
AcDbVertex
100
AcDb2dVertex
 10
20.73786527777778
 20
14.93784583333333
 30
0.0
  0
SEQEND
  5
9A
330
95
100
AcDbEntity
  8
DEFAULT
 62
   250
  0
POLYLINE
  5
9B
330
1F
100
AcDbEntity
  8
DEFAULT
 62
   250
100
AcDb2dPolyline
 66
     1
 10
0.0
 20
0.0
 30
0.0
  0
VERTEX
  5
9C
330
9B
100
AcDbEntity
  8
DEFAULT
 62
   250
100
AcDbVertex
100
AcDb2dVertex
 10
19.66432722222222
 20
28.98683277777777
 30
0.0
  0
VERTEX
  5
9D
330
9B
100
AcDbEntity
  8
DEFAULT
 62
   250
100
AcDbVertex
100
AcDb2dVertex
 10
19.66432722222222
 20
30.03317166666666
 30
0.0
  0
SEQEND
  5
9E
330
9B
100
AcDbEntity
  8
DEFAULT
 62
   250
  0
POLYLINE
  5
9F
330
1F
100
AcDbEntity
  8
DEFAULT
 62
   250
100
AcDb2dPolyline
 66
     1
 10
0.0
 20
0.0
 30
0.0
  0
VERTEX
  5
A0
330
9F
100
AcDbEntity
  8
DEFAULT
 62
   250
100
AcDbVertex
100
AcDb2dVertex
 10
18.7169425
 20
28.89687444444444
 30
0.0
  0
VERTEX
  5
A1
330
9F
100
AcDbEntity
  8
DEFAULT
 62
   250
100
AcDbVertex
100
AcDb2dVertex
 10
18.7169425
 20
30.03317166666667
 30
0.0
  0
VERTEX
  5
A2
330
9F
100
AcDbEntity
  8
DEFAULT
 62
   250
100
AcDbVertex
100
AcDb2dVertex
 10
20.73800638888889
 20
30.03317166666667
 30
0.0
  0
VERTEX
  5
A3
330
9F
100
AcDbEntity
  8
DEFAULT
 62
   250
100
AcDbVertex
100
AcDb2dVertex
 10
20.73800638888889
 20
28.94203
 30
0.0
  0
SEQEND
  5
A4
330
9F
100
AcDbEntity
  8
DEFAULT
 62
   250
  0
SPLINE
  5
A5
330
1F
100
AcDbEntity
  8
DEFAULT
 62
     1
100
AcDbSpline
210
0.0
220
0.0
230
1.0
 70
     8
 71
     3
 72
    53
 73
    49
 74
     0
 42
0.000000001
 43
0.0000000001
 40
0.0
 40
0.0
 40
0.0
 40
0.0
 40
1.0
 40
1.0
 40
1.0
 40
2.0
 40
2.0
 40
2.0
 40
3.0
 40
3.0
 40
3.0
 40
12.91
 40
12.91
 40
12.91
 40
21.41000588235091
 40
21.41000588235091
 40
21.41000588235091
 40
31.34000588235091
 40
31.34000588235091
 40
31.34000588235091
 40
32.34000588235091
 40
32.34000588235091
 40
32.34000588235091
 40
33.34000588235091
 40
33.34000588235091
 40
33.34000588235091
 40
34.34000588235091
 40
34.34000588235091
 40
34.34000588235091
 40
35.34000588235091
 40
35.34000588235091
 40
35.34000588235091
 40
36.34000588235091
 40
36.34000588235091
 40
36.34000588235091
 40
37.34000588235091
 40
37.34000588235091
 40
37.34000588235091
 40
38.34000588235091
 40
38.34000588235091
 40
38.34000588235091
 40
39.34000588235091
 40
39.34000588235091
 40
39.34000588235091
 40
40.34000588235091
 40
40.34000588235091
 40
40.34000588235091
 40
44.1900058823509
 40
44.1900058823509
 40
44.1900058823509
 40
44.1900058823509
 10
10.84096694444444
 20
22.61058611111111
 30
0.0
 10
10.77746694444444
 20
24.22983611111111
 30
0.0
 10
9.68738361111111
 20
25.01300277777778
 30
0.0
 10
9.683855833333332
 20
27.96575277777777
 30
0.0
 10
9.683855833333332
 20
28.01866944444444
 30
0.0
 10
10.4670225
 20
28.06453055555555
 30
0.0
 10
11.43363361111111
 20
28.06453055555555
 30
0.0
 10
12.4037725
 20
28.06453055555555
 30
0.0
 10
13.01055027777778
 20
27.96575277777777
 30
0.0
 10
13.18693916666667
 20
27.96575277777777
 30
0.0
 10
14.35228175925926
 20
27.96575277777778
 30
0.0
 10
15.51762435185185
 20
27.96575277777778
 30
0.0
 10
16.68296694444444
 20
27.96575277777777
 30
0.0
 10
16.68414287037037
 20
28.96528981481481
 30
0.0
 10
16.6853187962963
 20
29.96482685185185
 30
0.0
 10
16.68649472222222
 20
30.96436388888888
 30
0.0
 10
15.51880027777778
 20
30.96436388888888
 30
0.0
 10
14.35110583333333
 20
30.96436388888888
 30
0.0
 10
13.18341138888889
 20
30.96436388888888
 30
0.0
 10
13.01055027777778
 20
30.96083611111111
 30
0.0
 10
12.4037725
 20
30.86205833333333
 30
0.0
 10
11.43363361111111
 20
30.86205833333333
 30
0.0
 10
10.4670225
 20
30.86205833333333
 30
0.0
 10
9.68738361111111
 20
30.91144722222222
 30
0.0
 10
9.68738361111111
 20
30.96436388888888
 30
0.0
 10
9.68738361111111
 20
32.62241944444444
 30
0.0
 10
11.02793916666667
 20
33.96297499999999
 30
0.0
 10
12.68599472222222
 20
33.96297499999999
 30
0.0
 10
16.8487725
 20
33.96297499999999
 30
0.0
 10
21.66066138888889
 20
33.13041944444444
 30
0.0
 10
23.91843916666666
 20
31.38064166666667
 30
0.0
 10
26.17621694444444
 20
29.63086388888889
 30
0.0
 10
25.88693916666667
 20
26.96739166666666
 30
0.0
 10
29.66518916666666
 20
26.96739166666666
 30
0.0
 10
31.32324472222222
 20
26.96739166666666
 30
0.0
 10
32.66380027777777
 20
25.62683611111111
 30
0.0
 10
32.66732805555555
 20
23.96878055555555
 30
0.0
 10
32.66732805555555
 20
23.91233611111111
 30
0.0
 10
31.88768916666666
 20
23.866475
 30
0.0
 10
30.91755027777777
 20
23.866475
 30
0.0
 10
29.95093916666666
 20
23.866475
 30
0.0
 10
29.34416138888889
 20
23.96525277777778
 30
0.0
 10
29.1677725
 20
23.96525277777778
 30
0.0
 10
28.29288361111111
 20
23.96878055555555
 30
0.0
 10
25.66821694444444
 20
23.96878055555555
 30
0.0
 10
25.66821694444444
 20
23.96878055555555
 30
0.0
 10
25.66821694444444
 20
23.51604907407407
 30
0.0
 10
25.66821694444444
 20
23.06331759259259
 30
0.0
 10
25.66821694444444
 20
22.61058611111111
 30
0.0
  0
SPLINE
  5
A6
330
1F
100
AcDbEntity
  8
DEFAULT
 62
     1
100
AcDbSpline
210
0.0
220
0.0
230
1.0
 70
     8
 71
     3
 72
    53
 73
    49
 74
     0
 42
0.000000001
 43
0.0000000001
 40
0.0
 40
0.0
 40
0.0
 40
0.0
 40
3.82
 40
3.82
 40
3.82
 40
4.82
 40
4.82
 40
4.82
 40
5.82
 40
5.82
 40
5.82
 40
6.82
 40
6.82
 40
6.82
 40
7.830000000000005
 40
7.830000000000005
 40
7.830000000000005
 40
8.830000000000005
 40
8.830000000000005
 40
8.830000000000005
 40
9.830000000000005
 40
9.830000000000005
 40
9.830000000000005
 40
10.83000000000001
 40
10.83000000000001
 40
10.83000000000001
 40
11.83000000000001
 40
11.83000000000001
 40
11.83000000000001
 40
12.83000000000001
 40
12.83000000000001
 40
12.83000000000001
 40
22.76000000000001
 40
22.76000000000001
 40
22.76000000000001
 40
31.26000000000001
 40
31.26000000000001
 40
31.26000000000001
 40
41.18000000000001
 40
41.18000000000001
 40
41.18000000000001
 40
42.18000000000001
 40
42.18000000000001
 40
42.18000000000001
 40
43.18000000000001
 40
43.18000000000001
 40
43.18000000000001
 40
44.18000000000001
 40
44.18000000000001
 40
44.18000000000001
 40
44.18000000000001
 10
25.66825222222222
 20
22.31076027777777
 30
0.0
 10
25.66825222222222
 20
21.86155657407407
 30
0.0
 10
25.66825222222222
 20
21.41235287037037
 30
0.0
 10
25.66825222222222
 20
20.96314916666666
 30
0.0
 10
25.66825222222222
 20
20.96314916666666
 30
0.0
 10
28.29644666666667
 20
20.96667694444444
 30
0.0
 10
29.16780777777778
 20
20.96667694444444
 30
0.0
 10
29.34419666666667
 20
20.96667694444444
 30
0.0
 10
29.95097444444444
 20
21.06545472222222
 30
0.0
 10
30.91758555555555
 20
21.06545472222222
 30
0.0
 10
31.88772444444444
 20
21.06545472222222
 30
0.0
 10
32.67089111111111
 20
21.02312138888889
 30
0.0
 10
32.67089111111111
 20
20.96667694444444
 30
0.0
 10
32.66736333333333
 20
19.30862138888889
 30
0.0
 10
31.32680777777777
 20
17.96453805555555
 30
0.0
 10
29.66522444444444
 20
17.96453805555555
 30
0.0
 10
25.88344666666666
 20
17.96453805555555
 30
0.0
 10
26.17272444444444
 20
15.30106583333333
 30
0.0
 10
23.91847444444445
 20
13.54776027777777
 30
0.0
 10
21.66069666666667
 20
11.7979825
 30
0.0
 10
16.84880777777778
 20
10.96542694444444
 30
0.0
 10
12.68250222222222
 20
10.96542694444444
 30
0.0
 10
11.02444666666667
 20
10.96189916666667
 30
0.0
 10
9.68389111111111
 20
12.30245472222222
 30
0.0
 10
9.68741888888889
 20
13.96403805555556
 30
0.0
 10
9.68741888888889
 20
14.01695472222222
 30
0.0
 10
10.47058555555556
 20
14.06281583333333
 30
0.0
 10
11.43366888888889
 20
14.06634361111111
 30
0.0
 10
12.40028
 20
14.06281583333333
 30
0.0
 10
13.00705777777778
 20
13.96403805555556
 30
0.0
 10
13.18344666666667
 20
13.96403805555556
 30
0.0
 10
14.35114111111111
 20
13.96403805555556
 30
0.0
 10
15.51883555555555
 20
13.96403805555556
 30
0.0
 10
16.68653
 20
13.96403805555556
 30
0.0
 10
16.68653
 20
14.96357509259259
 30
0.0
 10
16.68653
 20
15.96311212962963
 30
0.0
 10
16.68653
 20
16.96264916666667
 30
0.0
 10
15.52001148148148
 20
16.96264916666667
 30
0.0
 10
14.35349296296296
 20
16.96264916666667
 30
0.0
 10
13.18697444444444
 20
16.96264916666667
 30
0.0
 10
13.01058555555555
 20
16.96264916666667
 30
0.0
 10
12.40380777777778
 20
16.86387138888889
 30
0.0
 10
11.43366888888889
 20
16.86387138888889
 30
0.0
 10
10.46705777777778
 20
16.86387138888889
 30
0.0
 10
9.68741888888889
 20
16.90620472222222
 30
0.0
 10
9.68389111111111
 20
16.96264916666667
 30
0.0
 10
9.68741888888889
 20
19.91187138888889
 30
0.0
 10
10.77750222222222
 20
20.69856583333333
 30
0.0
 10
10.84100222222222
 20
22.31076027777777
 30
0.0
  0
SPLINE
  5
A7
330
1F
100
AcDbEntity
  8
DEFAULT
 62
   250
100
AcDbSpline
210
0.0
220
0.0
230
1.0
 70
     8
 71
     3
 72
    11
 73
     7
 74
     0
 42
0.000000001
 43
0.0000000001
 40
0.0
 40
0.0
 40
0.0
 40
0.0
 40
1.019999999999982
 40
1.019999999999982
 40
1.019999999999982
 40
2.019999999999982
 40
2.019999999999982
 40
2.019999999999982
 40
2.019999999999982
 10
19.58692777777777
 20
190.0733858333333
 30
0.0
 10
19.58692777777777
 20
190.0733858333333
 30
0.0
 10
17.95356666666666
 20
190.6318330555555
 30
0.0
 10
17.69815555555556
 20
190.7023886111111
 30
0.0
 10
17.95039166666666
 20
190.7687108333333
 30
0.0
 10
19.58692777777777
 20
191.3730191666666
 30
0.0
 10
19.58692777777777
 20
191.3730191666666
 30
0.0
  0
SPLINE
  5
A8
330
1F
100
AcDbEntity
  8
DEFAULT
 62
     1
100
AcDbSpline
210
0.0
220
0.0
230
1.0
 70
     8
 71
     3
 72
    23
 73
    19
 74
     0
 42
0.000000001
 43
0.0000000001
 40
0.0
 40
0.0
 40
0.0
 40
0.0
 40
1.0
 40
1.0
 40
1.0
 40
2.0
 40
2.0
 40
2.0
 40
3.0
 40
3.0
 40
3.0
 40
4.0
 40
4.0
 40
4.0
 40
13.92
 40
13.92
 40
13.92
 40
17.74000000000005
 40
17.74000000000005
 40
17.74000000000005
 40
17.74000000000005
 10
22.8038025
 20
190.5733777777778
 30
0.0
 10
22.71913583333333
 20
185.3557944444444
 30
0.0
 10
18.10833027777777
 20
180.0500166666666
 30
0.0
 10
14.09019138888888
 20
179.8171833333333
 30
0.0
 10
8.752663611111108
 20
179.5102666666666
 30
0.0
 10
8.597441388888885
 20
182.8651833333333
 30
0.0
 10
8.597441388888885
 20
189.2257666666666
 30
0.0
 10
8.597441388888885
 20
189.2786833333333
 30
0.0
 10
9.384135833333332
 20
189.3245444444444
 30
0.0
 10
10.35074694444444
 20
189.3245444444444
 30
0.0
 10
11.31735805555555
 20
189.3245444444444
 30
0.0
 10
11.92413583333333
 20
189.2257666666666
 30
0.0
 10
12.10052472222222
 20
189.2257666666666
 30
0.0
 10
13.26704324074074
 20
189.2257666666666
 30
0.0
 10
14.43356175925926
 20
189.2257666666666
 30
0.0
 10
15.60008027777777
 20
189.2257666666666
 30
0.0
 10
15.60008027777777
 20
189.6749703703703
 30
0.0
 10
15.60008027777777
 20
190.1241740740741
 30
0.0
 10
15.60008027777777
 20
190.5733777777778
 30
0.0
  0
SPLINE
  5
A9
330
1F
100
AcDbEntity
  8
DEFAULT
 62
     1
100
AcDbSpline
210
0.0
220
0.0
230
1.0
 70
     8
 71
     3
 72
    23
 73
    19
 74
     0
 42
0.000000001
 43
0.0000000001
 40
0.0
 40
0.0
 40
0.0
 40
0.0
 40
3.830000000000041
 40
3.830000000000041
 40
3.830000000000041
 40
13.75000000000004
 40
13.75000000000004
 40
13.75000000000004
 40
14.75000000000004
 40
14.75000000000004
 40
14.75000000000004
 40
15.75000000000004
 40
15.75000000000004
 40
15.75000000000004
 40
16.75000000000004
 40
16.75000000000004
 40
16.75000000000004
 40
17.75000000000004
 40
17.75000000000004
 40
17.75000000000004
 40
17.75000000000004
 10
15.60008027777778
 20
190.8732388888889
 30
0.0
 10
15.60008027777778
 20
191.3236185185185
 30
0.0
 10
15.60008027777778
 20
191.7739981481481
 30
0.0
 10
15.60008027777778
 20
192.2243777777777
 30
0.0
 10
14.43356175925926
 20
192.2243777777777
 30
0.0
 10
13.26704324074074
 20
192.2243777777777
 30
0.0
 10
12.10052472222222
 20
192.2243777777778
 30
0.0
 10
11.92413583333333
 20
192.2243777777778
 30
0.0
 10
11.31735805555556
 20
192.1256
 30
0.0
 10
10.35074694444444
 20
192.1256
 30
0.0
 10
9.384135833333332
 20
192.1256
 30
0.0
 10
8.597441388888887
 20
192.1679333333333
 30
0.0
 10
8.597441388888887
 20
192.2243777777778
 30
0.0
 10
8.597441388888887
 20
198.5884888888889
 30
0.0
 10
8.75266361111111
 20
201.9398777777778
 30
0.0
 10
14.09019138888889
 20
201.6329611111111
 30
0.0
 10
18.10833027777777
 20
201.4036555555555
 30
0.0
 10
22.71913583333333
 20
196.09435
 30
0.0
 10
22.8038025
 20
190.8732388888889
 30
0.0
  0
SPLINE
  5
AA
330
1F
100
AcDbEntity
  8
DEFAULT
 62
   250
100
AcDbSpline
210
0.0
220
0.0
230
1.0
 70
     8
 71
     3
 72
    11
 73
     7
 74
     0
 42
0.000000001
 43
0.0000000001
 40
0.0
 40
0.0
 40
0.0
 40
0.0
 40
1.019999999999982
 40
1.019999999999982
 40
1.019999999999982
 40
2.019999999999982
 40
2.019999999999982
 40
2.019999999999982
 40
2.019999999999982
 10
36.28132472222222
 20
190.0733858333333
 30
0.0
 10
36.28132472222222
 20
190.0733858333333
 30
0.0
 10
34.64796361111111
 20
190.6318330555555
 30
0.0
 10
34.3925525
 20
190.7023886111111
 30
0.0
 10
34.64478861111111
 20
190.7687108333333
 30
0.0
 10
36.28132472222222
 20
191.3730191666666
 30
0.0
 10
36.28132472222222
 20
191.3730191666666
 30
0.0
  0
SPLINE
  5
AB
330
1F
100
AcDbEntity
  8
DEFAULT
 62
     1
100
AcDbSpline
210
0.0
220
0.0
230
1.0
 70
     8
 71
     3
 72
    23
 73
    19
 74
     0
 42
0.000000001
 43
0.0000000001
 40
0.0
 40
0.0
 40
0.0
 40
0.0
 40
1.0
 40
1.0
 40
1.0
 40
2.0
 40
2.0
 40
2.0
 40
3.0
 40
3.0
 40
3.0
 40
4.0
 40
4.0
 40
4.0
 40
13.92
 40
13.92
 40
13.92
 40
17.74000000000005
 40
17.74000000000005
 40
17.74000000000005
 40
17.74000000000005
 10
39.49724694444444
 20
190.5733777777778
 30
0.0
 10
39.41258027777778
 20
185.3557944444444
 30
0.0
 10
34.80177472222222
 20
180.0500166666666
 30
0.0
 10
30.78363583333333
 20
179.8171833333333
 30
0.0
 10
25.44610805555556
 20
179.5102666666666
 30
0.0
 10
25.29088583333333
 20
182.8651833333333
 30
0.0
 10
25.29088583333333
 20
189.2257666666666
 30
0.0
 10
25.29088583333333
 20
189.2786833333333
 30
0.0
 10
26.07758027777778
 20
189.3245444444444
 30
0.0
 10
27.04419138888889
 20
189.3245444444444
 30
0.0
 10
28.0108025
 20
189.3245444444444
 30
0.0
 10
28.61758027777778
 20
189.2257666666666
 30
0.0
 10
28.79396916666666
 20
189.2257666666666
 30
0.0
 10
29.96048768518518
 20
189.2257666666666
 30
0.0
 10
31.1270062037037
 20
189.2257666666666
 30
0.0
 10
32.29352472222222
 20
189.2257666666666
 30
0.0
 10
32.29352472222222
 20
189.6749703703703
 30
0.0
 10
32.29352472222222
 20
190.1241740740741
 30
0.0
 10
32.29352472222222
 20
190.5733777777778
 30
0.0
  0
SPLINE
  5
AC
330
1F
100
AcDbEntity
  8
DEFAULT
 62
     1
100
AcDbSpline
210
0.0
220
0.0
230
1.0
 70
     8
 71
     3
 72
    23
 73
    19
 74
     0
 42
0.000000001
 43
0.0000000001
 40
0.0
 40
0.0
 40
0.0
 40
0.0
 40
3.830000000000041
 40
3.830000000000041
 40
3.830000000000041
 40
13.75000000000004
 40
13.75000000000004
 40
13.75000000000004
 40
14.75000000000004
 40
14.75000000000004
 40
14.75000000000004
 40
15.75000000000004
 40
15.75000000000004
 40
15.75000000000004
 40
16.75000000000004
 40
16.75000000000004
 40
16.75000000000004
 40
17.75000000000004
 40
17.75000000000004
 40
17.75000000000004
 40
17.75000000000004
 10
32.29352472222222
 20
190.8732388888889
 30
0.0
 10
32.29352472222222
 20
191.3236185185185
 30
0.0
 10
32.29352472222222
 20
191.7739981481481
 30
0.0
 10
32.29352472222222
 20
192.2243777777777
 30
0.0
 10
31.1270062037037
 20
192.2243777777777
 30
0.0
 10
29.96048768518518
 20
192.2243777777777
 30
0.0
 10
28.79396916666666
 20
192.2243777777778
 30
0.0
 10
28.61758027777778
 20
192.2243777777778
 30
0.0
 10
28.0108025
 20
192.1256
 30
0.0
 10
27.04419138888889
 20
192.1256
 30
0.0
 10
26.07758027777777
 20
192.1256
 30
0.0
 10
25.29088583333333
 20
192.1679333333333
 30
0.0
 10
25.29088583333333
 20
192.2243777777778
 30
0.0
 10
25.29088583333333
 20
198.5884888888889
 30
0.0
 10
25.44963583333334
 20
201.9398777777778
 30
0.0
 10
30.78363583333333
 20
201.6329611111111
 30
0.0
 10
34.80177472222222
 20
201.4036555555555
 30
0.0
 10
39.41258027777777
 20
196.09435
 30
0.0
 10
39.49724694444444
 20
190.8732388888889
 30
0.0
  0
SPLINE
  5
AD
330
1F
100
AcDbEntity
  8
DEFAULT
 62
   250
100
AcDbSpline
210
0.0
220
0.0
230
1.0
 70
     8
 71
     3
 72
    11
 73
     7
 74
     0
 42
0.000000001
 43
0.0000000001
 40
0.0
 40
0.0
 40
0.0
 40
0.0
 40
1.019999999999982
 40
1.019999999999982
 40
1.019999999999982
 40
2.019999999999982
 40
2.019999999999982
 40
2.019999999999982
 40
2.019999999999982
 10
52.97568638888889
 20
190.0733858333333
 30
0.0
 10
52.97568638888889
 20
190.0733858333333
 30
0.0
 10
51.34232527777778
 20
190.6318330555555
 30
0.0
 10
51.08691416666666
 20
190.7023886111111
 30
0.0
 10
51.33915027777778
 20
190.7687108333333
 30
0.0
 10
52.97568638888889
 20
191.3730191666666
 30
0.0
 10
52.97568638888889
 20
191.3730191666666
 30
0.0
  0
SPLINE
  5
AE
330
1F
100
AcDbEntity
  8
DEFAULT
 62
     1
100
AcDbSpline
210
0.0
220
0.0
230
1.0
 70
     8
 71
     3
 72
    23
 73
    19
 74
     0
 42
0.000000001
 43
0.0000000001
 40
0.0
 40
0.0
 40
0.0
 40
0.0
 40
1.0
 40
1.0
 40
1.0
 40
2.0
 40
2.0
 40
2.0
 40
3.0
 40
3.0
 40
3.0
 40
4.0
 40
4.0
 40
4.0
 40
13.92000000000002
 40
13.92000000000002
 40
13.92000000000002
 40
17.74000000000007
 40
17.74000000000007
 40
17.74000000000007
 40
17.74000000000007
 10
56.19421916666666
 20
190.5733777777778
 30
0.0
 10
56.10955249999999
 20
185.3557944444444
 30
0.0
 10
51.49874694444443
 20
180.0500166666666
 30
0.0
 10
47.48060805555555
 20
179.8171833333333
 30
0.0
 10
42.14308027777777
 20
179.5102666666666
 30
0.0
 10
41.98785805555554
 20
182.8651833333333
 30
0.0
 10
41.98785805555554
 20
189.2257666666666
 30
0.0
 10
41.98785805555554
 20
189.2786833333333
 30
0.0
 10
42.77455249999999
 20
189.3245444444444
 30
0.0
 10
43.74116361111111
 20
189.3245444444444
 30
0.0
 10
44.70777472222221
 20
189.3245444444444
 30
0.0
 10
45.31455249999999
 20
189.2257666666666
 30
0.0
 10
45.49094138888888
 20
189.2257666666666
 30
0.0
 10
46.6574599074074
 20
189.2257666666666
 30
0.0
 10
47.82397842592592
 20
189.2257666666666
 30
0.0
 10
48.99049694444444
 20
189.2257666666666
 30
0.0
 10
48.99049694444444
 20
189.6749703703703
 30
0.0
 10
48.99049694444444
 20
190.1241740740741
 30
0.0
 10
48.99049694444444
 20
190.5733777777778
 30
0.0
  0
SPLINE
  5
AF
330
1F
100
AcDbEntity
  8
DEFAULT
 62
     1
100
AcDbSpline
210
0.0
220
0.0
230
1.0
 70
     8
 71
     3
 72
    23
 73
    19
 74
     0
 42
0.000000001
 43
0.0000000001
 40
0.0
 40
0.0
 40
0.0
 40
0.0
 40
3.830000000000041
 40
3.830000000000041
 40
3.830000000000041
 40
13.75000000000003
 40
13.75000000000003
 40
13.75000000000003
 40
14.75000000000003
 40
14.75000000000003
 40
14.75000000000003
 40
15.75000000000003
 40
15.75000000000003
 40
15.75000000000003
 40
16.75000000000003
 40
16.75000000000003
 40
16.75000000000003
 40
17.75000000000003
 40
17.75000000000003
 40
17.75000000000003
 40
17.75000000000003
 10
48.99049694444444
 20
190.8732388888889
 30
0.0
 10
48.99049694444444
 20
191.3236185185185
 30
0.0
 10
48.99049694444444
 20
191.7739981481481
 30
0.0
 10
48.99049694444444
 20
192.2243777777777
 30
0.0
 10
47.82397842592592
 20
192.2243777777777
 30
0.0
 10
46.65745990740741
 20
192.2243777777777
 30
0.0
 10
45.49094138888889
 20
192.2243777777778
 30
0.0
 10
45.3145525
 20
192.2243777777778
 30
0.0
 10
44.70777472222222
 20
192.1256
 30
0.0
 10
43.74116361111111
 20
192.1256
 30
0.0
 10
42.77455249999999
 20
192.1256
 30
0.0
 10
41.98785805555556
 20
192.1679333333333
 30
0.0
 10
41.98785805555556
 20
192.2243777777778
 30
0.0
 10
41.98785805555556
 20
198.5884888888889
 30
0.0
 10
42.14308027777778
 20
201.9398777777778
 30
0.0
 10
47.48060805555555
 20
201.6329611111111
 30
0.0
 10
51.49874694444444
 20
201.4036555555555
 30
0.0
 10
56.1095525
 20
196.09435
 30
0.0
 10
56.19421916666667
 20
190.8732388888889
 30
0.0
  0
SPLINE
  5
B0
330
1F
100
AcDbEntity
  8
DEFAULT
 62
   250
100
AcDbSpline
210
0.0
220
0.0
230
1.0
 70
     8
 71
     3
 72
    11
 73
     7
 74
     0
 42
0.000000001
 43
0.0000000001
 40
0.0
 40
0.0
 40
0.0
 40
0.0
 40
1.020000000000039
 40
1.020000000000039
 40
1.020000000000039
 40
2.020000000000039
 40
2.020000000000039
 40
2.020000000000039
 40
2.020000000000039
 10
45.20473277777777
 20
165.2528233333333
 30
0.0
 10
45.20473277777777
 20
165.2528233333333
 30
0.0
 10
46.83809388888888
 20
164.6943761111111
 30
0.0
 10
47.093505
 20
164.6238205555555
 30
0.0
 10
46.84126888888888
 20
164.5574983333333
 30
0.0
 10
45.20473277777777
 20
163.95319
 30
0.0
 10
45.20473277777777
 20
163.95319
 30
0.0
  0
SPLINE
  5
B1
330
1F
100
AcDbEntity
  8
DEFAULT
 62
     1
100
AcDbSpline
210
0.0
220
0.0
230
1.0
 70
     8
 71
     3
 72
    23
 73
    19
 74
     0
 42
0.000000001
 43
0.0000000001
 40
0.0
 40
0.0
 40
0.0
 40
0.0
 40
1.0
 40
1.0
 40
1.0
 40
2.0
 40
2.0
 40
2.0
 40
3.0
 40
3.0
 40
3.0
 40
4.0
 40
4.0
 40
4.0
 40
13.92000000000002
 40
13.92000000000002
 40
13.92000000000002
 40
17.74000000000001
 40
17.74000000000001
 40
17.74000000000001
 40
17.74000000000001
 10
41.98785805555556
 20
164.7528313888889
 30
0.0
 10
42.07252472222222
 20
169.9704147222222
 30
0.0
 10
46.68333027777778
 20
175.2761925
 30
0.0
 10
50.70146916666666
 20
175.5090258333333
 30
0.0
 10
56.03899694444445
 20
175.8159425
 30
0.0
 10
56.19421916666667
 20
172.4610258333333
 30
0.0
 10
56.19421916666667
 20
166.1004425
 30
0.0
 10
56.19421916666667
 20
166.0475258333333
 30
0.0
 10
55.40752472222221
 20
166.0016647222222
 30
0.0
 10
54.4409136111111
 20
166.0016647222222
 30
0.0
 10
53.4743025
 20
166.0016647222222
 30
0.0
 10
52.86752472222222
 20
166.1004425
 30
0.0
 10
52.69113583333333
 20
166.1004425
 30
0.0
 10
51.52461731481481
 20
166.1004425
 30
0.0
 10
50.3580987962963
 20
166.1004425
 30
0.0
 10
49.19158027777777
 20
166.1004425
 30
0.0
 10
49.19158027777777
 20
165.6512387962963
 30
0.0
 10
49.19158027777777
 20
165.2020350925926
 30
0.0
 10
49.19158027777777
 20
164.7528313888889
 30
0.0
  0
SPLINE
  5
B2
330
1F
100
AcDbEntity
  8
DEFAULT
 62
     1
100
AcDbSpline
210
0.0
220
0.0
230
1.0
 70
     8
 71
     3
 72
    23
 73
    19
 74
     0
 42
0.000000001
 43
0.0000000001
 40
0.0
 40
0.0
 40
0.0
 40
0.0
 40
3.829999999999984
 40
3.829999999999984
 40
3.829999999999984
 40
13.74999999999997
 40
13.74999999999997
 40
13.74999999999997
 40
14.74999999999997
 40
14.74999999999997
 40
14.74999999999997
 40
15.74999999999997
 40
15.74999999999997
 40
15.74999999999997
 40
16.74999999999997
 40
16.74999999999997
 40
16.74999999999997
 40
17.74999999999997
 40
17.74999999999997
 40
17.74999999999997
 40
17.74999999999997
 10
49.19158027777777
 20
164.4529702777778
 30
0.0
 10
49.19158027777777
 20
164.0025906481482
 30
0.0
 10
49.19158027777777
 20
163.5522110185185
 30
0.0
 10
49.19158027777777
 20
163.1018313888889
 30
0.0
 10
50.35809879629628
 20
163.1018313888889
 30
0.0
 10
51.5246173148148
 20
163.1018313888889
 30
0.0
 10
52.69113583333332
 20
163.1018313888889
 30
0.0
 10
52.86752472222221
 20
163.1018313888889
 30
0.0
 10
53.47430249999999
 20
163.2006091666667
 30
0.0
 10
54.4409136111111
 20
163.2006091666667
 30
0.0
 10
55.40752472222221
 20
163.2006091666667
 30
0.0
 10
56.19421916666666
 20
163.1582758333333
 30
0.0
 10
56.19421916666666
 20
163.1018313888889
 30
0.0
 10
56.19421916666666
 20
156.7377202777778
 30
0.0
 10
56.03899694444443
 20
153.3863313888889
 30
0.0
 10
50.70146916666666
 20
153.6932480555556
 30
0.0
 10
46.68333027777776
 20
153.9225536111111
 30
0.0
 10
42.07252472222221
 20
159.2318591666667
 30
0.0
 10
41.98785805555555
 20
164.4529702777778
 30
0.0
  0
SPLINE
  5
B3
330
1F
100
AcDbEntity
  8
DEFAULT
 62
   250
100
AcDbSpline
210
0.0
220
0.0
230
1.0
 70
     8
 71
     3
 72
    11
 73
     7
 74
     0
 42
0.000000001
 43
0.0000000001
 40
0.0
 40
0.0
 40
0.0
 40
0.0
 40
1.020000000000039
 40
1.020000000000039
 40
1.020000000000039
 40
2.020000000000039
 40
2.020000000000039
 40
2.020000000000039
 40
2.020000000000039
 10
28.51033583333333
 20
165.2528233333333
 30
0.0
 10
28.51033583333333
 20
165.2528233333333
 30
0.0
 10
30.14369694444444
 20
164.6943761111111
 30
0.0
 10
30.39910805555555
 20
164.6238205555555
 30
0.0
 10
30.14687194444444
 20
164.5574983333333
 30
0.0
 10
28.51033583333333
 20
163.95319
 30
0.0
 10
28.51033583333333
 20
163.95319
 30
0.0
  0
SPLINE
  5
B4
330
1F
100
AcDbEntity
  8
DEFAULT
 62
     1
100
AcDbSpline
210
0.0
220
0.0
230
1.0
 70
     8
 71
     3
 72
    23
 73
    19
 74
     0
 42
0.000000001
 43
0.0000000001
 40
0.0
 40
0.0
 40
0.0
 40
0.0
 40
1.0
 40
1.0
 40
1.0
 40
2.0
 40
2.0
 40
2.0
 40
3.0
 40
3.0
 40
3.0
 40
4.0
 40
4.0
 40
4.0
 40
13.92
 40
13.92
 40
13.92
 40
17.73999999999999
 40
17.73999999999999
 40
17.73999999999999
 40
17.73999999999999
 10
25.29441361111111
 20
164.7528313888889
 30
0.0
 10
25.37908027777777
 20
169.9704147222222
 30
0.0
 10
29.98988583333333
 20
175.2761925
 30
0.0
 10
34.00802472222222
 20
175.5090258333333
 30
0.0
 10
39.3455525
 20
175.8159425
 30
0.0
 10
39.50077472222222
 20
172.4610258333333
 30
0.0
 10
39.50077472222222
 20
166.1004425
 30
0.0
 10
39.50077472222222
 20
166.0475258333333
 30
0.0
 10
38.71408027777778
 20
166.0016647222222
 30
0.0
 10
37.74746916666666
 20
166.0016647222222
 30
0.0
 10
36.78085805555556
 20
166.0016647222222
 30
0.0
 10
36.17408027777778
 20
166.1004425
 30
0.0
 10
35.99769138888889
 20
166.1004425
 30
0.0
 10
34.83117287037037
 20
166.1004425
 30
0.0
 10
33.66465435185185
 20
166.1004425
 30
0.0
 10
32.49813583333333
 20
166.1004425
 30
0.0
 10
32.49813583333333
 20
165.6512387962963
 30
0.0
 10
32.49813583333333
 20
165.2020350925926
 30
0.0
 10
32.49813583333333
 20
164.7528313888889
 30
0.0
  0
SPLINE
  5
B5
330
1F
100
AcDbEntity
  8
DEFAULT
 62
     1
100
AcDbSpline
210
0.0
220
0.0
230
1.0
 70
     8
 71
     3
 72
    23
 73
    19
 74
     0
 42
0.000000001
 43
0.0000000001
 40
0.0
 40
0.0
 40
0.0
 40
0.0
 40
3.829999999999984
 40
3.829999999999984
 40
3.829999999999984
 40
13.74999999999999
 40
13.74999999999999
 40
13.74999999999999
 40
14.74999999999999
 40
14.74999999999999
 40
14.74999999999999
 40
15.74999999999999
 40
15.74999999999999
 40
15.74999999999999
 40
16.74999999999999
 40
16.74999999999999
 40
16.74999999999999
 40
17.74999999999999
 40
17.74999999999999
 40
17.74999999999999
 40
17.74999999999999
 10
32.49813583333333
 20
164.4529702777778
 30
0.0
 10
32.49813583333333
 20
164.0025906481482
 30
0.0
 10
32.49813583333333
 20
163.5522110185185
 30
0.0
 10
32.49813583333333
 20
163.1018313888889
 30
0.0
 10
33.66465435185185
 20
163.1018313888889
 30
0.0
 10
34.83117287037037
 20
163.1018313888889
 30
0.0
 10
35.99769138888889
 20
163.1018313888889
 30
0.0
 10
36.17408027777778
 20
163.1018313888889
 30
0.0
 10
36.78085805555556
 20
163.2006091666667
 30
0.0
 10
37.74746916666666
 20
163.2006091666667
 30
0.0
 10
38.71408027777778
 20
163.2006091666667
 30
0.0
 10
39.50077472222222
 20
163.1582758333333
 30
0.0
 10
39.50077472222222
 20
163.1018313888889
 30
0.0
 10
39.50077472222222
 20
156.7377202777778
 30
0.0
 10
39.34202472222222
 20
153.3863313888889
 30
0.0
 10
34.00802472222222
 20
153.6932480555556
 30
0.0
 10
29.98988583333333
 20
153.9225536111111
 30
0.0
 10
25.37908027777777
 20
159.2318591666667
 30
0.0
 10
25.29441361111111
 20
164.4529702777778
 30
0.0
  0
SPLINE
  5
B6
330
1F
100
AcDbEntity
  8
DEFAULT
 62
   250
100
AcDbSpline
210
0.0
220
0.0
230
1.0
 70
     8
 71
     3
 72
    11
 73
     7
 74
     0
 42
0.000000001
 43
0.0000000001
 40
0.0
 40
0.0
 40
0.0
 40
0.0
 40
1.020000000000039
 40
1.020000000000039
 40
1.020000000000039
 40
2.020000000000039
 40
2.020000000000039
 40
2.020000000000039
 40
2.020000000000039
 10
11.81597416666667
 20
165.2528233333333
 30
0.0
 10
11.81597416666667
 20
165.2528233333333
 30
0.0
 10
13.44933527777778
 20
164.6943761111111
 30
0.0
 10
13.70474638888889
 20
164.6238205555555
 30
0.0
 10
13.45251027777778
 20
164.5574983333333
 30
0.0
 10
11.81597416666667
 20
163.95319
 30
0.0
 10
11.81597416666667
 20
163.95319
 30
0.0
  0
SPLINE
  5
B7
330
1F
100
AcDbEntity
  8
DEFAULT
 62
     1
100
AcDbSpline
210
0.0
220
0.0
230
1.0
 70
     8
 71
     3
 72
    23
 73
    19
 74
     0
 42
0.000000001
 43
0.0000000001
 40
0.0
 40
0.0
 40
0.0
 40
0.0
 40
1.0
 40
1.0
 40
1.0
 40
2.0
 40
2.0
 40
2.0
 40
3.0
 40
3.0
 40
3.0
 40
4.0
 40
4.0
 40
4.0
 40
13.92
 40
13.92
 40
13.92
 40
17.73999999999999
 40
17.73999999999999
 40
17.73999999999999
 40
17.73999999999999
 10
8.597441388888887
 20
164.7528313888889
 30
0.0
 10
8.682108055555554
 20
169.9704147222222
 30
0.0
 10
13.29291361111111
 20
175.2761925
 30
0.0
 10
17.3110525
 20
175.5090258333333
 30
0.0
 10
22.64858027777777
 20
175.8159425
 30
0.0
 10
22.8038025
 20
172.4610258333333
 30
0.0
 10
22.8038025
 20
166.1004425
 30
0.0
 10
22.8038025
 20
166.0475258333333
 30
0.0
 10
22.01710805555555
 20
166.0016647222222
 30
0.0
 10
21.05049694444444
 20
166.0016647222222
 30
0.0
 10
20.08388583333333
 20
166.0016647222222
 30
0.0
 10
19.47710805555555
 20
166.1004425
 30
0.0
 10
19.30071916666667
 20
166.1004425
 30
0.0
 10
18.13420064814815
 20
166.1004425
 30
0.0
 10
16.96768212962963
 20
166.1004425
 30
0.0
 10
15.80116361111111
 20
166.1004425
 30
0.0
 10
15.80116361111111
 20
165.6512387962963
 30
0.0
 10
15.80116361111111
 20
165.2020350925926
 30
0.0
 10
15.80116361111111
 20
164.7528313888889
 30
0.0
  0
SPLINE
  5
B8
330
1F
100
AcDbEntity
  8
DEFAULT
 62
     1
100
AcDbSpline
210
0.0
220
0.0
230
1.0
 70
     8
 71
     3
 72
    23
 73
    19
 74
     0
 42
0.000000001
 43
0.0000000001
 40
0.0
 40
0.0
 40
0.0
 40
0.0
 40
3.829999999999984
 40
3.829999999999984
 40
3.829999999999984
 40
13.74999999999999
 40
13.74999999999999
 40
13.74999999999999
 40
14.74999999999999
 40
14.74999999999999
 40
14.74999999999999
 40
15.74999999999999
 40
15.74999999999999
 40
15.74999999999999
 40
16.74999999999999
 40
16.74999999999999
 40
16.74999999999999
 40
17.74999999999999
 40
17.74999999999999
 40
17.74999999999999
 40
17.74999999999999
 10
15.80116361111111
 20
164.4529702777778
 30
0.0
 10
15.80116361111111
 20
164.0025906481482
 30
0.0
 10
15.80116361111111
 20
163.5522110185185
 30
0.0
 10
15.80116361111111
 20
163.1018313888889
 30
0.0
 10
16.96768212962963
 20
163.1018313888889
 30
0.0
 10
18.13420064814815
 20
163.1018313888889
 30
0.0
 10
19.30071916666667
 20
163.1018313888889
 30
0.0
 10
19.47710805555555
 20
163.1018313888889
 30
0.0
 10
20.08388583333333
 20
163.2006091666667
 30
0.0
 10
21.05049694444444
 20
163.2006091666667
 30
0.0
 10
22.01710805555556
 20
163.2006091666667
 30
0.0
 10
22.8038025
 20
163.1582758333333
 30
0.0
 10
22.8038025
 20
163.1018313888889
 30
0.0
 10
22.8038025
 20
156.7377202777778
 30
0.0
 10
22.64858027777777
 20
153.3863313888889
 30
0.0
 10
17.3110525
 20
153.6932480555556
 30
0.0
 10
13.29291361111111
 20
153.9225536111111
 30
0.0
 10
8.682108055555556
 20
159.2318591666667
 30
0.0
 10
8.597441388888887
 20
164.4529702777778
 30
0.0
  0
SPLINE
  5
B9
330
1F
100
AcDbEntity
  8
DEFAULT
 62
   250
100
AcDbSpline
210
0.0
220
0.0
230
1.0
 70
     8
 71
     3
 72
    26
 73
    22
 74
     0
 42
0.000000001
 43
0.0000000001
 40
0.0
 40
0.0
 40
0.0
 40
0.0
 40
1.0
 40
1.0
 40
1.0
 40
2.0
 40
2.0
 40
2.0
 40
3.0
 40
3.0
 40
3.0
 40
4.0
 40
4.0
 40
4.0
 40
5.0
 40
5.0
 40
5.0
 40
6.0
 40
6.0
 40
6.0
 40
7.0
 40
7.0
 40
7.0
 40
7.0
 10
237.4542636111111
 20
280.4253838888889
 30
0.0
 10
237.3822969444444
 20
280.1526866666666
 30
0.0
 10
236.6756830555555
 20
279.7956755555555
 30
0.0
 10
236.5948969444444
 20
279.5617838888889
 30
0.0
 10
236.5797275
 20
279.5198033333333
 30
0.0
 10
237.1903858333333
 20
279.5677811111111
 30
0.0
 10
237.1903858333333
 20
279.5286227777777
 30
0.0
 10
237.1723941666667
 20
279.0491977777778
 30
0.0
 10
236.8185580555555
 20
278.6385644444444
 30
0.0
 10
236.1680358333333
 20
278.6385644444444
 30
0.0
 10
235.5203358333333
 20
278.6385644444444
 30
0.0
 10
235.1037052777777
 20
279.0340283333333
 30
0.0
 10
235.1037052777777
 20
279.5797755555555
 30
0.0
 10
235.1037052777777
 20
280.1286977777777
 30
0.0
 10
235.5295080555555
 20
280.4853561111111
 30
0.0
 10
236.1260552777778
 20
280.4853561111111
 30
0.0
 10
236.6449913888889
 20
280.4853561111111
 30
0.0
 10
237.0154080555555
 20
280.1710311111111
 30
0.0
 10
237.0993691666667
 20
279.9427838888889
 30
0.0
 10
237.1833302777777
 20
279.7141838888889
 30
0.0
 10
237.1942663888889
 20
279.5617838888889
 30
0.0
 10
237.1942663888889
 20
279.5617838888889
 30
0.0
  0
SPLINE
  5
BA
330
1F
100
AcDbEntity
  8
DEFAULT
 62
     1
100
AcDbSpline
210
0.0
220
0.0
230
1.0
 70
     8
 71
     3
 72
    29
 73
    25
 74
     0
 42
0.000000001
 43
0.0000000001
 40
0.0
 40
0.0
 40
0.0
 40
0.0
 40
3.830000000000041
 40
3.830000000000041
 40
3.830000000000041
 40
13.75
 40
13.75
 40
13.75
 40
14.75
 40
14.75
 40
14.75
 40
15.75
 40
15.75
 40
15.75
 40
16.75
 40
16.75
 40
16.75
 40
17.75
 40
17.75
 40
17.75
 40
18.75
 40
18.75
 40
18.75
 40
19.75
 40
19.75
 40
19.75
 40
19.75
 10
239.3217633333333
 20
279.7116438888889
 30
0.0
 10
239.3217633333333
 20
280.1620235185185
 30
0.0
 10
239.3217633333333
 20
280.6124031481481
 30
0.0
 10
239.3217633333333
 20
281.0627827777778
 30
0.0
 10
240.4882818518518
 20
281.0627827777778
 30
0.0
 10
241.6548003703703
 20
281.0627827777778
 30
0.0
 10
242.8213188888888
 20
281.0627827777778
 30
0.0
 10
242.9977077777777
 20
281.0627827777778
 30
0.0
 10
243.6044855555555
 20
280.964005
 30
0.0
 10
244.5710966666666
 20
280.964005
 30
0.0
 10
245.5377077777777
 20
280.964005
 30
0.0
 10
246.3208744444444
 20
281.0063383333333
 30
0.0
 10
246.3208744444444
 20
281.0627827777778
 30
0.0
 10
246.3208744444444
 20
283.7544772222222
 30
0.0
 10
249.5946522222222
 20
285.7688383333333
 30
0.0
 10
246.4408188888888
 20
287.5115605555555
 30
0.0
 10
243.2869855555555
 20
289.2542827777777
 30
0.0
 10
244.8639022222222
 20
292.6550605555555
 30
0.0
 10
240.8281244444444
 20
292.1576438888889
 30
0.0
 10
236.7958744444444
 20
291.6602272222222
 30
0.0
 10
236.4783744444444
 20
288.5875327777778
 30
0.0
 10
234.7603466666666
 20
285.1020883333333
 30
0.0
 10
233.0705411111111
 20
281.6801438888889
 30
0.0
 10
229.3169855555555
 20
282.3398383333333
 30
0.0
 10
229.18293
 20
279.7116438888889
 30
0.0
  0
SPLINE
  5
BB
330
1F
100
AcDbEntity
  8
DEFAULT
 62
     1
100
AcDbSpline
210
0.0
220
0.0
230
1.0
 70
     8
 71
     3
 72
    29
 73
    25
 74
     0
 42
0.000000001
 43
0.0000000001
 40
0.0
 40
0.0
 40
0.0
 40
0.0
 40
3.82000000000005
 40
3.82000000000005
 40
3.82000000000005
 40
13.74000000000001
 40
13.74000000000001
 40
13.74000000000001
 40
14.74000000000001
 40
14.74000000000001
 40
14.74000000000001
 40
15.74000000000001
 40
15.74000000000001
 40
15.74000000000001
 40
16.74000000000001
 40
16.74000000000001
 40
16.74000000000001
 40
17.74000000000001
 40
17.74000000000001
 40
17.74000000000001
 40
18.74000000000001
 40
18.74000000000001
 40
18.74000000000001
 40
19.74000000000001
 40
19.74000000000001
 40
19.74000000000001
 40
19.74000000000001
 10
239.3217633333333
 20
279.4117827777778
 30
0.0
 10
239.3217633333333
 20
278.962579074074
 30
0.0
 10
239.3217633333333
 20
278.5133753703703
 30
0.0
 10
239.3217633333333
 20
278.0641716666667
 30
0.0
 10
240.4882818518518
 20
278.0641716666667
 30
0.0
 10
241.6548003703703
 20
278.0641716666667
 30
0.0
 10
242.8213188888888
 20
278.0641716666667
 30
0.0
 10
242.9977077777777
 20
278.0641716666667
 30
0.0
 10
243.6044855555555
 20
278.1629494444445
 30
0.0
 10
244.5710966666666
 20
278.1629494444445
 30
0.0
 10
245.5377077777777
 20
278.1629494444445
 30
0.0
 10
246.3208744444444
 20
278.1170883333334
 30
0.0
 10
246.3208744444444
 20
278.0641716666667
 30
0.0
 10
246.3208744444444
 20
275.3724772222222
 30
0.0
 10
249.5946522222222
 20
273.3581161111111
 30
0.0
 10
246.4408188888888
 20
271.6153938888889
 30
0.0
 10
243.2869855555555
 20
269.8726716666667
 30
0.0
 10
244.8639022222222
 20
266.4683661111111
 30
0.0
 10
240.8281244444444
 20
266.9693105555555
 30
0.0
 10
236.7958744444444
 20
267.4667272222222
 30
0.0
 10
236.4783744444444
 20
270.5358938888889
 30
0.0
 10
234.7603466666666
 20
274.0248661111111
 30
0.0
 10
233.0705411111111
 20
277.4468105555555
 30
0.0
 10
229.3205133333333
 20
276.7871161111111
 30
0.0
 10
229.18293
 20
279.4117827777778
 30
0.0
  0
SPLINE
  5
BC
330
1F
100
AcDbEntity
  8
DEFAULT
 62
   250
100
AcDbSpline
210
0.0
220
0.0
230
1.0
 70
     8
 71
     3
 72
    26
 73
    22
 74
     0
 42
0.000000001
 43
0.0000000001
 40
0.0
 40
0.0
 40
0.0
 40
0.0
 40
1.0
 40
1.0
 40
1.0
 40
2.0
 40
2.0
 40
2.0
 40
3.0
 40
3.0
 40
3.0
 40
4.0
 40
4.0
 40
4.0
 40
5.0
 40
5.0
 40
5.0
 40
6.0
 40
6.0
 40
6.0
 40
7.0
 40
7.0
 40
7.0
 40
7.0
 10
256.09042
 20
280.4253838888889
 30
0.0
 10
256.0184533333334
 20
280.1526866666666
 30
0.0
 10
255.3118394444444
 20
279.7956755555555
 30
0.0
 10
255.2310533333333
 20
279.5617838888889
 30
0.0
 10
255.2158838888889
 20
279.5198033333333
 30
0.0
 10
255.8265422222222
 20
279.5677811111111
 30
0.0
 10
255.8265422222222
 20
279.5286227777777
 30
0.0
 10
255.8085505555555
 20
279.0491977777778
 30
0.0
 10
255.4547144444444
 20
278.6385644444444
 30
0.0
 10
254.8041922222222
 20
278.6385644444444
 30
0.0
 10
254.1564922222222
 20
278.6385644444444
 30
0.0
 10
253.7398616666667
 20
279.0340283333333
 30
0.0
 10
253.7398616666667
 20
279.5797755555555
 30
0.0
 10
253.7398616666667
 20
280.1286977777777
 30
0.0
 10
254.1656644444444
 20
280.4853561111111
 30
0.0
 10
254.7622116666667
 20
280.4853561111111
 30
0.0
 10
255.2811477777778
 20
280.4853561111111
 30
0.0
 10
255.6515644444444
 20
280.1710311111111
 30
0.0
 10
255.7355255555555
 20
279.9427838888889
 30
0.0
 10
255.8194866666666
 20
279.7141838888889
 30
0.0
 10
255.8304227777778
 20
279.5617838888889
 30
0.0
 10
255.8304227777778
 20
279.5617838888889
 30
0.0
  0
SPLINE
  5
BD
330
1F
100
AcDbEntity
  8
DEFAULT
 62
     1
100
AcDbSpline
210
0.0
220
0.0
230
1.0
 70
     8
 71
     3
 72
    29
 73
    25
 74
     0
 42
0.000000001
 43
0.0000000001
 40
0.0
 40
0.0
 40
0.0
 40
0.0
 40
3.830000000000041
 40
3.830000000000041
 40
3.830000000000041
 40
13.75
 40
13.75
 40
13.75
 40
14.75
 40
14.75
 40
14.75
 40
15.75
 40
15.75
 40
15.75
 40
16.75
 40
16.75
 40
16.75
 40
17.75
 40
17.75
 40
17.75
 40
18.75
 40
18.75
 40
18.75
 40
19.75
 40
19.75
 40
19.75
 40
19.75
 10
257.9554855555555
 20
279.7116438888889
 30
0.0
 10
257.9554855555555
 20
280.1620235185185
 30
0.0
 10
257.9554855555555
 20
280.6124031481481
 30
0.0
 10
257.9554855555555
 20
281.0627827777778
 30
0.0
 10
259.122004074074
 20
281.0627827777778
 30
0.0
 10
260.2885225925925
 20
281.0627827777778
 30
0.0
 10
261.4550411111111
 20
281.0627827777778
 30
0.0
 10
261.63143
 20
281.0627827777778
 30
0.0
 10
262.2382077777777
 20
280.964005
 30
0.0
 10
263.2048188888888
 20
280.964005
 30
0.0
 10
264.17143
 20
280.964005
 30
0.0
 10
264.9545966666666
 20
281.0063383333333
 30
0.0
 10
264.9545966666666
 20
281.0627827777778
 30
0.0
 10
264.9545966666666
 20
283.7544772222222
 30
0.0
 10
268.2283744444444
 20
285.7688383333333
 30
0.0
 10
265.074541111111
 20
287.5115605555555
 30
0.0
 10
261.9207077777777
 20
289.2542827777777
 30
0.0
 10
263.4976244444445
 20
292.6550605555555
 30
0.0
 10
259.4618466666666
 20
292.1576438888889
 30
0.0
 10
255.4295966666667
 20
291.6602272222222
 30
0.0
 10
255.1120966666667
 20
288.5875327777778
 30
0.0
 10
253.3940688888889
 20
285.1020883333333
 30
0.0
 10
251.7042633333333
 20
281.6801438888889
 30
0.0
 10
247.9507077777778
 20
282.3398383333333
 30
0.0
 10
247.8166522222222
 20
279.7116438888889
 30
0.0
  0
SPLINE
  5
BE
330
1F
100
AcDbEntity
  8
DEFAULT
 62
     1
100
AcDbSpline
210
0.0
220
0.0
230
1.0
 70
     8
 71
     3
 72
    29
 73
    25
 74
     0
 42
0.000000001
 43
0.0000000001
 40
0.0
 40
0.0
 40
0.0
 40
0.0
 40
3.82000000000005
 40
3.82000000000005
 40
3.82000000000005
 40
13.74000000000001
 40
13.74000000000001
 40
13.74000000000001
 40
14.74000000000001
 40
14.74000000000001
 40
14.74000000000001
 40
15.74000000000001
 40
15.74000000000001
 40
15.74000000000001
 40
16.74000000000001
 40
16.74000000000001
 40
16.74000000000001
 40
17.74000000000001
 40
17.74000000000001
 40
17.74000000000001
 40
18.74000000000001
 40
18.74000000000001
 40
18.74000000000001
 40
19.74000000000001
 40
19.74000000000001
 40
19.74000000000001
 40
19.74000000000001
 10
257.9554855555555
 20
279.4117827777778
 30
0.0
 10
257.9554855555555
 20
278.962579074074
 30
0.0
 10
257.9554855555555
 20
278.5133753703703
 30
0.0
 10
257.9554855555555
 20
278.0641716666667
 30
0.0
 10
259.122004074074
 20
278.0641716666667
 30
0.0
 10
260.2885225925925
 20
278.0641716666667
 30
0.0
 10
261.4550411111111
 20
278.0641716666667
 30
0.0
 10
261.63143
 20
278.0641716666667
 30
0.0
 10
262.2382077777777
 20
278.1629494444445
 30
0.0
 10
263.2048188888888
 20
278.1629494444445
 30
0.0
 10
264.17143
 20
278.1629494444445
 30
0.0
 10
264.9545966666666
 20
278.1170883333334
 30
0.0
 10
264.9545966666666
 20
278.0641716666667
 30
0.0
 10
264.9545966666666
 20
275.3724772222222
 30
0.0
 10
268.2283744444444
 20
273.3581161111111
 30
0.0
 10
265.074541111111
 20
271.6153938888889
 30
0.0
 10
261.9207077777777
 20
269.8726716666667
 30
0.0
 10
263.4976244444445
 20
266.4683661111111
 30
0.0
 10
259.4618466666666
 20
266.9693105555555
 30
0.0
 10
255.4295966666667
 20
267.4667272222222
 30
0.0
 10
255.1120966666667
 20
270.5358938888889
 30
0.0
 10
253.3940688888889
 20
274.0248661111111
 30
0.0
 10
251.7042633333333
 20
277.4468105555555
 30
0.0
 10
247.9542355555555
 20
276.7871161111111
 30
0.0
 10
247.8166522222222
 20
279.4117827777778
 30
0.0
  0
SPLINE
  5
BF
330
1F
100
AcDbEntity
  8
DEFAULT
 62
   250
100
AcDbSpline
210
0.0
220
0.0
230
1.0
 70
     8
 71
     3
 72
    26
 73
    22
 74
     0
 42
0.000000001
 43
0.0000000001
 40
0.0
 40
0.0
 40
0.0
 40
0.0
 40
1.0
 40
1.0
 40
1.0
 40
2.0
 40
2.0
 40
2.0
 40
3.0
 40
3.0
 40
3.0
 40
4.0
 40
4.0
 40
4.0
 40
5.0
 40
5.0
 40
5.0
 40
6.0
 40
6.0
 40
6.0
 40
7.0
 40
7.0
 40
7.0
 40
7.0
 10
274.7266116666667
 20
280.4253838888889
 30
0.0
 10
274.654645
 20
280.1526866666666
 30
0.0
 10
273.9480311111111
 20
279.7956755555555
 30
0.0
 10
273.867245
 20
279.5617838888889
 30
0.0
 10
273.8520755555555
 20
279.5198033333333
 30
0.0
 10
274.4627338888889
 20
279.5677811111111
 30
0.0
 10
274.4627338888889
 20
279.5286227777777
 30
0.0
 10
274.4447422222222
 20
279.0491977777778
 30
0.0
 10
274.0909061111111
 20
278.6385644444444
 30
0.0
 10
273.4403838888889
 20
278.6385644444444
 30
0.0
 10
272.7926838888889
 20
278.6385644444444
 30
0.0
 10
272.3760533333333
 20
279.0340283333333
 30
0.0
 10
272.3760533333333
 20
279.5797755555555
 30
0.0
 10
272.3760533333333
 20
280.1286977777777
 30
0.0
 10
272.8018561111111
 20
280.4853561111111
 30
0.0
 10
273.3984033333333
 20
280.4853561111111
 30
0.0
 10
273.9173394444445
 20
280.4853561111111
 30
0.0
 10
274.2881088888889
 20
280.1710311111111
 30
0.0
 10
274.3717172222222
 20
279.9427838888889
 30
0.0
 10
274.4556783333333
 20
279.7141838888889
 30
0.0
 10
274.4666144444444
 20
279.5617838888889
 30
0.0
 10
274.4666144444444
 20
279.5617838888889
 30
0.0
  0
SPLINE
  5
C0
330
1F
100
AcDbEntity
  8
DEFAULT
 62
     1
100
AcDbSpline
210
0.0
220
0.0
230
1.0
 70
     8
 71
     3
 72
    29
 73
    25
 74
     0
 42
0.000000001
 43
0.0000000001
 40
0.0
 40
0.0
 40
0.0
 40
0.0
 40
3.830000000000041
 40
3.830000000000041
 40
3.830000000000041
 40
13.75
 40
13.75
 40
13.75
 40
14.75
 40
14.75
 40
14.75
 40
15.75
 40
15.75
 40
15.75
 40
16.75
 40
16.75
 40
16.75
 40
17.75
 40
17.75
 40
17.75
 40
18.75
 40
18.75
 40
18.75
 40
19.75
 40
19.75
 40
19.75
 40
19.75
 10
276.5927355555555
 20
279.7116438888889
 30
0.0
 10
276.5927355555555
 20
280.1620235185185
 30
0.0
 10
276.5927355555555
 20
280.6124031481481
 30
0.0
 10
276.5927355555555
 20
281.0627827777778
 30
0.0
 10
277.759254074074
 20
281.0627827777778
 30
0.0
 10
278.9257725925925
 20
281.0627827777778
 30
0.0
 10
280.0922911111111
 20
281.0627827777778
 30
0.0
 10
280.26868
 20
281.0627827777778
 30
0.0
 10
280.8754577777777
 20
280.964005
 30
0.0
 10
281.8420688888889
 20
280.964005
 30
0.0
 10
282.80868
 20
280.964005
 30
0.0
 10
283.5918466666666
 20
281.0063383333333
 30
0.0
 10
283.5918466666666
 20
281.0627827777778
 30
0.0
 10
283.5918466666666
 20
283.7544772222222
 30
0.0
 10
286.8656244444444
 20
285.7688383333333
 30
0.0
 10
283.7117911111111
 20
287.5115605555555
 30
0.0
 10
280.5579577777777
 20
289.2542827777777
 30
0.0
 10
282.1348744444444
 20
292.6550605555555
 30
0.0
 10
278.0990966666666
 20
292.1576438888889
 30
0.0
 10
274.0668466666667
 20
291.6602272222222
 30
0.0
 10
273.7493466666667
 20
288.5875327777778
 30
0.0
 10
272.0313188888889
 20
285.1020883333333
 30
0.0
 10
270.3415133333333
 20
281.6801438888889
 30
0.0
 10
266.5879577777778
 20
282.3398383333333
 30
0.0
 10
266.4539022222222
 20
279.7116438888889
 30
0.0
  0
SPLINE
  5
C1
330
1F
100
AcDbEntity
  8
DEFAULT
 62
     1
100
AcDbSpline
210
0.0
220
0.0
230
1.0
 70
     8
 71
     3
 72
    29
 73
    25
 74
     0
 42
0.000000001
 43
0.0000000001
 40
0.0
 40
0.0
 40
0.0
 40
0.0
 40
3.82000000000005
 40
3.82000000000005
 40
3.82000000000005
 40
13.74000000000001
 40
13.74000000000001
 40
13.74000000000001
 40
14.74000000000001
 40
14.74000000000001
 40
14.74000000000001
 40
15.74000000000001
 40
15.74000000000001
 40
15.74000000000001
 40
16.74000000000001
 40
16.74000000000001
 40
16.74000000000001
 40
17.74000000000001
 40
17.74000000000001
 40
17.74000000000001
 40
18.74000000000001
 40
18.74000000000001
 40
18.74000000000001
 40
19.74000000000001
 40
19.74000000000001
 40
19.74000000000001
 40
19.74000000000001
 10
276.5927355555555
 20
279.4117827777778
 30
0.0
 10
276.5927355555555
 20
278.962579074074
 30
0.0
 10
276.5927355555555
 20
278.5133753703703
 30
0.0
 10
276.5927355555555
 20
278.0641716666667
 30
0.0
 10
277.759254074074
 20
278.0641716666667
 30
0.0
 10
278.9257725925925
 20
278.0641716666667
 30
0.0
 10
280.0922911111111
 20
278.0641716666667
 30
0.0
 10
280.26868
 20
278.0641716666667
 30
0.0
 10
280.8754577777777
 20
278.1629494444445
 30
0.0
 10
281.8420688888889
 20
278.1629494444445
 30
0.0
 10
282.80868
 20
278.1629494444445
 30
0.0
 10
283.5918466666666
 20
278.1170883333334
 30
0.0
 10
283.5918466666666
 20
278.0641716666667
 30
0.0
 10
283.5918466666666
 20
275.3724772222222
 30
0.0
 10
286.8656244444444
 20
273.3581161111111
 30
0.0
 10
283.7117911111111
 20
271.6153938888889
 30
0.0
 10
280.5579577777777
 20
269.8726716666667
 30
0.0
 10
282.1348744444444
 20
266.4683661111111
 30
0.0
 10
278.0990966666666
 20
266.9693105555555
 30
0.0
 10
274.0668466666667
 20
267.4667272222222
 30
0.0
 10
273.7493466666667
 20
270.5358938888889
 30
0.0
 10
272.0313188888889
 20
274.0248661111111
 30
0.0
 10
270.3415133333333
 20
277.4468105555555
 30
0.0
 10
266.5914855555556
 20
276.7871161111111
 30
0.0
 10
266.4539022222222
 20
279.4117827777778
 30
0.0
  0
SPLINE
  5
C2
330
1F
100
AcDbEntity
  8
DEFAULT
 62
   250
100
AcDbSpline
210
0.0
220
0.0
230
1.0
 70
     8
 71
     3
 72
    29
 73
    25
 74
     0
 42
0.000000001
 43
0.0000000001
 40
0.0
 40
0.0
 40
0.0
 40
0.0
 40
1.801606227786718
 40
1.801606227786718
 40
1.801606227786718
 40
2.812614635269219
 40
2.812614635269219
 40
2.812614635269219
 40
4.007912087788921
 40
4.007912087788921
 40
4.007912087788921
 40
4.645327180173807
 40
4.645327180173807
 40
4.645327180173807
 40
7.433755052649607
 40
7.433755052649607
 40
7.433755052649607
 40
8.433755052649607
 40
8.433755052649607
 40
8.433755052649607
 40
9.433755052649607
 40
9.433755052649607
 40
9.433755052649607
 40
10.43375505264961
 40
10.43375505264961
 40
10.43375505264961
 40
10.43375505264961
 10
225.3066783333333
 20
52.34594277777778
 30
0.0
 10
225.2013153703704
 20
52.16214555555556
 30
0.0
 10
225.0959524074074
 20
51.97834833333334
 30
0.0
 10
224.9905894444445
 20
51.79455111111111
 30
0.0
 10
224.8874607407407
 20
51.85370018518518
 30
0.0
 10
224.784332037037
 20
51.91284925925927
 30
0.0
 10
224.6812033333333
 20
51.97199833333334
 30
0.0
 10
224.7470551851851
 20
51.84782055555555
 30
0.0
 10
224.812907037037
 20
51.72364277777778
 30
0.0
 10
224.8787588888889
 20
51.59946499999999
 30
0.0
 10
224.9160357407407
 20
51.66449370370371
 30
0.0
 10
224.9533125925926
 20
51.72952240740741
 30
0.0
 10
224.9905894444445
 20
51.79455111111111
 30
0.0
 10
225.2750459259259
 20
51.63145018518518
 30
0.0
 10
225.5595024074074
 20
51.46834925925926
 30
0.0
 10
225.8439588888889
 20
51.30524833333334
 30
0.0
 10
225.9921255555555
 20
51.22058166666667
 30
0.0
 10
226.1173616666666
 20
51.17965944444444
 30
0.0
 10
226.2221366666666
 20
51.20611777777778
 30
0.0
 10
226.3159755555555
 20
51.224815
 30
0.0
 10
226.3992311111111
 20
51.29113722222222
 30
0.0
 10
226.4602616666666
 20
51.39802888888888
 30
0.0
 10
226.5107088888888
 20
51.48622333333333
 30
0.0
 10
226.5382255555555
 20
51.56418722222222
 30
0.0
 10
226.5452811111111
 20
51.61886777777777
 30
0.0
  0
SPLINE
  5
C3
330
1F
100
AcDbEntity
  8
DEFAULT
 62
   250
100
AcDbSpline
210
0.0
220
0.0
230
1.0
 70
     8
 71
     3
 72
    14
 73
    10
 74
     0
 42
0.000000001
 43
0.0000000001
 40
0.0
 40
0.0
 40
0.0
 40
0.0
 40
1.0
 40
1.0
 40
1.0
 40
2.0
 40
2.0
 40
2.0
 40
4.405904819397468
 40
4.405904819397468
 40
4.405904819397468
 40
4.405904819397468
 10
226.2271461111111
 20
31.12657111111111
 30
0.0
 10
226.2941738888889
 20
31.00874333333333
 30
0.0
 10
226.3509711111111
 20
30.79989888888888
 30
0.0
 10
226.22256
 20
30.57623777777777
 30
0.0
 10
226.1093183333334
 20
30.37832944444444
 30
0.0
 10
225.8644905555555
 20
30.20441
 30
0.0
 10
225.4221072222222
 20
30.45770444444444
 30
0.0
 10
225.1766914814815
 20
30.59846277777777
 30
0.0
 10
224.9312757407407
 20
30.73922111111111
 30
0.0
 10
224.68586
 20
30.87997944444444
 30
0.0
  0
SPLINE
  5
C4
330
1F
100
AcDbEntity
  8
DEFAULT
 62
   250
100
AcDbSpline
210
0.0
220
0.0
230
1.0
 70
     8
 71
     3
 72
    11
 73
     7
 74
     0
 42
0.000000001
 43
0.0000000001
 40
0.0
 40
0.0
 40
0.0
 40
0.0
 40
2.992216569702136
 40
2.992216569702136
 40
2.992216569702136
 40
3.992216569702136
 40
3.992216569702136
 40
3.992216569702136
 40
3.992216569702136
 10
225.1735399999999
 20
31.7304561111111
 30
0.0
 10
225.4788103703703
 20
31.55547833333333
 30
0.0
 10
225.7840807407407
 20
31.38050055555555
 30
0.0
 10
226.0893511111111
 20
31.20552277777777
 30
0.0
 10
226.2195261111111
 20
31.13108666666666
 30
0.0
 10
226.3352372222222
 20
31.06793944444444
 30
0.0
 10
226.4386011111111
 20
31.0192561111111
 30
0.0
  0
SPLINE
  5
C5
330
1F
100
AcDbEntity
  8
DEFAULT
 62
   250
100
AcDbSpline
210
0.0
220
0.0
230
1.0
 70
     8
 71
     3
 72
    20
 73
    16
 74
     0
 42
0.000000001
 43
0.0000000001
 40
0.0
 40
0.0
 40
0.0
 40
0.0
 40
1.0
 40
1.0
 40
1.0
 40
2.0
 40
2.0
 40
2.0
 40
3.0
 40
3.0
 40
3.0
 40
4.0
 40
4.0
 40
4.0
 40
5.0
 40
5.0
 40
5.0
 40
5.0
 10
223.19361
 20
64.47193805555555
 30
0.0
 10
223.2175988888889
 20
64.60493527777777
 30
0.0
 10
223.3431877777778
 20
64.73122972222222
 30
0.0
 10
223.495235
 20
64.79790472222221
 30
0.0
 10
223.7661683333333
 20
64.91643805555555
 30
0.0
 10
224.098485
 20
64.84270749999999
 30
0.0
 10
224.2614683333333
 20
64.46982138888889
 30
0.0
 10
224.3994044444444
 20
64.1551436111111
 30
0.0
 10
224.2833405555556
 20
63.85175472222221
 30
0.0
 10
224.0049988888888
 20
63.7296936111111
 30
0.0
 10
223.8176738888889
 20
63.64784916666665
 30
0.0
 10
223.6493988888889
 20
63.66337138888888
 30
0.0
 10
223.5086405555556
 20
63.75227138888889
 30
0.0
 10
223.4588988888889
 20
63.88103527777777
 30
0.0
 10
222.7635738888889
 20
65.45442416666666
 30
0.0
 10
222.7635738888889
 20
65.45442416666666
 30
0.0
  0
SPLINE
  5
C6
330
1F
100
AcDbEntity
  8
DEFAULT
 62
   250
100
AcDbSpline
210
0.0
220
0.0
230
1.0
 70
     8
 71
     3
 72
    17
 73
    13
 74
     0
 42
0.000000001
 43
0.0000000001
 40
0.0
 40
0.0
 40
0.0
 40
0.0
 40
1.0
 40
1.0
 40
1.0
 40
2.0
 40
2.0
 40
2.0
 40
3.0
 40
3.0
 40
3.0
 40
4.0
 40
4.0
 40
4.0
 40
4.0
 10
212.8759183333333
 20
22.33527833333333
 30
0.0
 10
212.8067738888889
 20
22.299295
 30
0.0
 10
212.6540211111111
 20
22.25131722222222
 30
0.0
 10
212.458935
 20
22.25131722222222
 30
0.0
 10
212.0214905555555
 20
22.25131722222222
 30
0.0
 10
211.7364461111111
 20
22.54835611111111
 30
0.0
 10
211.7364461111111
 20
22.99179777777778
 30
0.0
 10
211.7364461111111
 20
23.43876722222222
 30
0.0
 10
212.0423044444444
 20
23.76261722222223
 30
0.0
 10
212.516085
 20
23.76261722222223
 30
0.0
 10
212.6720127777778
 20
23.76261722222223
 30
0.0
 10
212.8099488888889
 20
23.72345888888889
 30
0.0
 10
212.8819155555556
 20
23.68747555555555
 30
0.0
  0
SPLINE
  5
C7
330
1F
100
AcDbEntity
  8
DEFAULT
 62
   250
100
AcDbSpline
210
0.0
220
0.0
230
1.0
 70
     8
 71
     3
 72
    20
 73
    16
 74
     0
 42
0.000000001
 43
0.0000000001
 40
0.0
 40
0.0
 40
0.0
 40
0.0
 40
1.002999999999997
 40
1.002999999999997
 40
1.002999999999997
 40
2.005999999999994
 40
2.005999999999994
 40
2.005999999999994
 40
3.008999999999992
 40
3.008999999999992
 40
3.008999999999992
 40
4.011999999999989
 40
4.011999999999989
 40
4.011999999999989
 40
5.014999999999986
 40
5.014999999999986
 40
5.014999999999986
 40
5.014999999999986
 10
210.8182361111111
 20
53.98762944444444
 30
0.0
 10
210.905725
 20
54.12521277777777
 30
0.0
 10
211.0545972222222
 20
54.21446555555555
 30
0.0
 10
211.2616777777777
 20
54.21446555555555
 30
0.0
 10
211.5805888888889
 20
54.21446555555555
 30
0.0
 10
211.8060138888889
 20
53.95940722222221
 30
0.0
 10
211.8035444444444
 20
53.58510999999999
 30
0.0
 10
211.8035444444444
 20
53.14378499999999
 30
0.0
 10
211.5139138888889
 20
52.92470999999999
 30
0.0
 10
211.2271055555555
 20
52.92470999999999
 30
0.0
 10
211.0411916666666
 20
52.92470999999999
 30
0.0
 10
210.9138388888889
 20
52.99350166666665
 30
0.0
 10
210.8182361111111
 20
53.15683777777777
 30
0.0
 10
210.8242333333334
 20
53.25561555555555
 30
0.0
 10
210.8182361111111
 20
55.08653222222222
 30
0.0
 10
210.8182361111111
 20
55.08653222222222
 30
0.0
  0
SPLINE
  5
C8
330
1F
100
AcDbEntity
  8
DEFAULT
 62
     1
100
AcDbSpline
210
0.0
220
0.0
230
1.0
 70
     8
 71
     3
 72
    89
 73
    85
 74
     0
 42
0.000000001
 43
0.0000000001
 40
0.0
 40
0.0
 40
0.0
 40
0.0
 40
3.830000000000041
 40
3.830000000000041
 40
3.830000000000041
 40
13.75000000000004
 40
13.75000000000004
 40
13.75000000000004
 40
14.75000000000004
 40
14.75000000000004
 40
14.75000000000004
 40
15.75000000000004
 40
15.75000000000004
 40
15.75000000000004
 40
16.75000000000004
 40
16.75000000000004
 40
16.75000000000004
 40
17.75000000000004
 40
17.75000000000004
 40
17.75000000000004
 40
18.75000000000004
 40
18.75000000000004
 40
18.75000000000004
 40
19.75000000000004
 40
19.75000000000004
 40
19.75000000000004
 40
20.75000000000004
 40
20.75000000000004
 40
20.75000000000004
 40
21.75000000000004
 40
21.75000000000004
 40
21.75000000000004
 40
30.25630942301071
 40
30.25630942301071
 40
30.25630942301071
 40
31.25630942301071
 40
31.25630942301071
 40
31.25630942301071
 40
32.25630942301071
 40
32.25630942301071
 40
32.25630942301071
 40
33.25630942301071
 40
33.25630942301071
 40
33.25630942301071
 40
34.25630942301071
 40
34.25630942301071
 40
34.25630942301071
 40
35.25630942301071
 40
35.25630942301071
 40
35.25630942301071
 40
36.25630942301071
 40
36.25630942301071
 40
36.25630942301071
 40
37.25630942301071
 40
37.25630942301071
 40
37.25630942301071
 40
45.76261884602138
 40
45.76261884602138
 40
45.76261884602138
 40
46.76261884602138
 40
46.76261884602138
 40
46.76261884602138
 40
47.76261884602138
 40
47.76261884602138
 40
47.76261884602138
 40
48.76261884602138
 40
48.76261884602138
 40
48.76261884602138
 40
49.76261884602138
 40
49.76261884602138
 40
49.76261884602138
 40
50.76261884602138
 40
50.76261884602138
 40
50.76261884602138
 40
51.76261884602138
 40
51.76261884602138
 40
51.76261884602138
 40
52.76261884602138
 40
52.76261884602138
 40
52.76261884602138
 40
53.76261884602138
 40
53.76261884602138
 40
53.76261884602138
 40
57.59559419162431
 40
57.59559419162431
 40
57.59559419162431
 40
57.59559419162431
 10
212.4594641666666
 20
20.30035027777778
 30
0.0
 10
212.9098437962963
 20
20.30035027777778
 30
0.0
 10
213.3602234259259
 20
20.30035027777778
 30
0.0
 10
213.8106030555556
 20
20.30035027777778
 30
0.0
 10
213.8106030555556
 20
19.13383175925926
 30
0.0
 10
213.8106030555556
 20
17.96731324074074
 30
0.0
 10
213.8106030555556
 20
16.80079472222222
 30
0.0
 10
213.8106030555556
 20
16.62440583333333
 30
0.0
 10
213.7118252777777
 20
16.01762805555556
 30
0.0
 10
213.7118252777777
 20
15.05101694444444
 30
0.0
 10
213.7118252777777
 20
14.08440583333333
 30
0.0
 10
213.7541586111111
 20
13.30123916666667
 30
0.0
 10
213.8106030555556
 20
13.30123916666667
 30
0.0
 10
217.6064919444444
 20
13.30123916666667
 30
0.0
 10
216.9079919444444
 20
7.000628055555554
 30
0.0
 10
219.7796030555555
 20
8.129516944444443
 30
0.0
 10
222.6547419444444
 20
9.258405833333333
 30
0.0
 10
226.8669086111111
 20
8.933850277777777
 30
0.0
 10
224.8878252777778
 20
12.58510027777778
 30
0.0
 10
223.5190475
 20
15.1215725
 30
0.0
 10
231.6329363888889
 20
21.97604472222222
 30
0.0
 10
233.2557141666666
 20
24.81943361111111
 30
0.0
 10
233.2839363888889
 20
24.86529472222222
 30
0.0
 10
232.6277697222222
 20
25.29215583333333
 30
0.0
 10
231.7881586111111
 20
25.77546138888889
 30
0.0
 10
230.9485475
 20
26.25523916666667
 30
0.0
 10
230.3699919444444
 20
26.47043361111111
 30
0.0
 10
230.2182975
 20
26.55510027777778
 30
0.0
 10
229.4598252777778
 20
26.99254472222222
 30
0.0
 10
227.1808808333333
 20
28.29429472222222
 30
0.0
 10
227.1808808333333
 20
28.29429472222222
 30
0.0
 10
227.6782975
 20
29.16212805555556
 30
0.0
 10
228.1757141666667
 20
30.02996138888889
 30
0.0
 10
228.6731308333333
 20
30.89779472222222
 30
0.0
 10
228.6731308333333
 20
30.89779472222222
 30
0.0
 10
230.9485475
 20
29.59604472222222
 30
0.0
 10
231.7105475
 20
29.15860027777778
 30
0.0
 10
231.8622419444444
 20
29.07393361111111
 30
0.0
 10
232.3384919444444
 20
28.68587805555556
 30
0.0
 10
233.1781030555555
 20
28.2025725
 30
0.0
 10
234.0177141666667
 20
27.72279472222222
 30
0.0
 10
234.7197419444444
 20
27.37354472222222
 30
0.0
 10
234.7479641666666
 20
27.42293361111111
 30
0.0
 10
236.0744086111111
 20
29.74068361111111
 30
0.0
 10
231.7528808333333
 20
42.94162805555555
 30
0.0
 10
233.2557141666666
 20
45.56982249999999
 30
0.0
 10
233.2839363888889
 20
45.61568361111111
 30
0.0
 10
232.6277697222222
 20
46.0460725
 30
0.0
 10
231.7881586111111
 20
46.52585027777777
 30
0.0
 10
230.9485475
 20
47.00562805555555
 30
0.0
 10
230.3699919444444
 20
47.2208225
 30
0.0
 10
230.2182975
 20
47.30901694444444
 30
0.0
 10
229.4598252777778
 20
47.74293361111111
 30
0.0
 10
227.1808808333333
 20
49.04821138888889
 30
0.0
 10
227.1808808333333
 20
49.04821138888889
 30
0.0
 10
227.6782975
 20
49.91604472222222
 30
0.0
 10
228.1757141666667
 20
50.78387805555555
 30
0.0
 10
228.6731308333333
 20
51.65171138888888
 30
0.0
 10
228.6731308333333
 20
51.65171138888888
 30
0.0
 10
230.9485475
 20
50.34643361111111
 30
0.0
 10
231.7105475
 20
49.91251694444443
 30
0.0
 10
231.8622419444444
 20
49.82432249999999
 30
0.0
 10
232.3384919444444
 20
49.43626694444444
 30
0.0
 10
233.1781030555555
 20
48.95648916666666
 30
0.0
 10
234.0177141666667
 20
48.47671138888888
 30
0.0
 10
234.7197419444444
 20
48.12393361111111
 30
0.0
 10
234.7479641666666
 20
48.1733225
 30
0.0
 10
236.2366863888889
 20
50.7768225
 30
0.0
 10
233.7143252777778
 20
48.60371138888889
 30
0.0
 10
226.6552419444444
 20
69.6680725
 30
0.0
 10
225.5969086111111
 20
72.82896138888889
 30
0.0
 10
223.9035752777778
 20
75.25960027777776
 30
0.0
 10
221.1025197222222
 20
74.19421138888889
 30
0.0
 10
221.0531308333333
 20
74.16951694444442
 30
0.0
 10
221.3247697222222
 20
73.43221138888889
 30
0.0
 10
221.7163530555555
 20
72.54673916666665
 30
0.0
 10
222.1044086111111
 20
71.66479472222221
 30
0.0
 10
222.4430752777778
 20
71.14973916666665
 30
0.0
 10
222.5101030555555
 20
70.98746138888889
 30
0.0
 10
222.8628808333333
 20
70.18665583333332
 30
0.0
 10
223.9176863888889
 20
67.78071138888888
 30
0.0
 10
223.9176863888889
 20
67.78071138888888
 30
0.0
 10
223.5049363888889
 20
67.59961879629628
 30
0.0
 10
223.0921863888889
 20
67.4185262037037
 30
0.0
 10
222.6794363888889
 20
67.2374336111111
 30
0.0
  0
SPLINE
  5
C9
330
1F
100
AcDbEntity
  8
DEFAULT
 62
     1
100
AcDbSpline
210
0.0
220
0.0
230
1.0
 70
     8
 71
     3
 72
    74
 73
    70
 74
     0
 42
0.000000001
 43
0.0000000001
 40
0.0
 40
0.0
 40
0.0
 40
0.0
 40
3.82000000000005
 40
3.82000000000005
 40
3.82000000000005
 40
13.74000000000005
 40
13.74000000000005
 40
13.74000000000005
 40
14.74000000000005
 40
14.74000000000005
 40
14.74000000000005
 40
15.74000000000005
 40
15.74000000000005
 40
15.74000000000005
 40
16.74000000000005
 40
16.74000000000005
 40
16.74000000000005
 40
17.74000000000005
 40
17.74000000000005
 40
17.74000000000005
 40
18.74000000000005
 40
18.74000000000005
 40
18.74000000000005
 40
19.74000000000005
 40
19.74000000000005
 40
19.74000000000005
 40
20.74000000000005
 40
20.74000000000005
 40
20.74000000000005
 40
21.74000000000005
 40
21.74000000000005
 40
21.74000000000005
 40
31.66000000000004
 40
31.66000000000004
 40
31.66000000000004
 40
40.17000000000003
 40
40.17000000000003
 40
40.17000000000003
 40
50.09000000000002
 40
50.09000000000002
 40
50.09000000000002
 40
51.09000000000002
 40
51.09000000000002
 40
51.09000000000002
 40
52.09000000000002
 40
52.09000000000002
 40
52.09000000000002
 40
53.09000000000002
 40
53.09000000000002
 40
53.09000000000002
 40
54.09000000000002
 40
54.09000000000002
 40
54.09000000000002
 40
55.09000000000002
 40
55.09000000000002
 40
55.09000000000002
 40
56.09000000000002
 40
56.09000000000002
 40
56.09000000000002
 40
57.09000000000002
 40
57.09000000000002
 40
57.09000000000002
 40
58.09000000000002
 40
58.09000000000002
 40
58.09000000000002
 40
59.09000000000002
 40
59.09000000000002
 40
59.09000000000002
 40
62.90980365987575
 40
62.90980365987575
 40
62.90980365987575
 40
62.90980365987575
 10
212.1596030555555
 20
20.30035027777778
 30
0.0
 10
211.7103993518518
 20
20.30035027777778
 30
0.0
 10
211.2611956481481
 20
20.30035027777778
 30
0.0
 10
210.8119919444444
 20
20.30035027777778
 30
0.0
 10
210.8119919444444
 20
19.13383175925926
 30
0.0
 10
210.8119919444444
 20
17.96731324074074
 30
0.0
 10
210.8119919444444
 20
16.80079472222222
 30
0.0
 10
210.8119919444444
 20
16.62440583333333
 30
0.0
 10
210.9107697222222
 20
16.01762805555556
 30
0.0
 10
210.9107697222222
 20
15.05101694444444
 30
0.0
 10
210.9107697222222
 20
14.08440583333333
 30
0.0
 10
210.8649086111111
 20
13.30123916666667
 30
0.0
 10
210.8119919444444
 20
13.30123916666667
 30
0.0
 10
207.6581586111111
 20
13.30123916666667
 30
0.0
 10
206.1800197222222
 20
12.36285027777778
 30
0.0
 10
207.1148808333333
 20
17.74976694444445
 30
0.0
 10
208.0497419444444
 20
23.13315583333333
 30
0.0
 10
207.0513808333333
 20
27.29946138888889
 30
0.0
 10
209.4185197222222
 20
27.29946138888889
 30
0.0
 10
211.7856586111111
 20
27.29946138888889
 30
0.0
 10
214.6466863888888
 20
27.4088225
 30
0.0
 10
216.1424641666666
 20
28.85168361111111
 30
0.0
 10
217.6347141666666
 20
30.29454472222222
 30
0.0
 10
222.4607141666667
 20
44.29982249999999
 30
0.0
 10
212.8122419444444
 20
44.29982249999999
 30
0.0
 10
212.7557975
 20
44.29982249999999
 30
0.0
 10
212.7099363888888
 20
45.08298916666666
 30
0.0
 10
212.7099363888888
 20
46.04960027777778
 30
0.0
 10
212.7099363888888
 20
47.01621138888889
 30
0.0
 10
212.8122419444444
 20
47.62651694444444
 30
0.0
 10
212.8122419444444
 20
47.79937805555556
 30
0.0
 10
212.8122419444444
 20
48.96589657407407
 30
0.0
 10
212.8122419444444
 20
50.13241509259259
 30
0.0
 10
212.8122419444444
 20
51.2989336111111
 30
0.0
 10
211.8115289814815
 20
51.2989336111111
 30
0.0
 10
210.8108160185185
 20
51.2989336111111
 30
0.0
 10
209.8101030555555
 20
51.2989336111111
 30
0.0
 10
209.8101030555555
 20
50.13241509259259
 30
0.0
 10
209.8101030555555
 20
48.96589657407407
 30
0.0
 10
209.8101030555555
 20
47.79937805555556
 30
0.0
 10
209.8101030555555
 20
47.62651694444444
 30
0.0
 10
209.9124086111111
 20
47.01621138888889
 30
0.0
 10
209.9124086111111
 20
46.04960027777778
 30
0.0
 10
209.9124086111111
 20
45.08298916666666
 30
0.0
 10
209.8665475
 20
44.29982249999999
 30
0.0
 10
209.8101030555555
 20
44.29982249999999
 30
0.0
 10
206.8855752777777
 20
44.29982249999999
 30
0.0
 10
205.6226308333333
 20
45.1711836111111
 30
0.0
 10
205.9930475
 20
48.90710027777777
 30
0.0
 10
206.3669919444444
 20
52.64301694444444
 30
0.0
 10
207.3688808333333
 20
53.32035027777777
 30
0.0
 10
206.1800197222222
 20
56.29779472222222
 30
0.0
 10
204.9911586111111
 20
59.27171138888888
 30
0.0
 10
206.5821863888889
 20
58.91187805555555
 30
0.0
 10
208.5471586111111
 20
60.31946138888888
 30
0.0
 10
217.7052697222222
 20
66.8740725
 30
0.0
 10
210.7449641666666
 20
69.72804472222222
 30
0.0
 10
218.3579086111111
 20
72.98771138888888
 30
0.0
 10
218.4072975
 20
73.00535027777777
 30
0.0
 10
218.7636030555555
 20
72.31037805555555
 30
0.0
 10
219.1516586111111
 20
71.42490583333333
 30
0.0
 10
219.5397141666666
 20
70.53943361111111
 30
0.0
 10
219.6949363888889
 20
69.94323916666666
 30
0.0
 10
219.7654919444444
 20
69.78096138888888
 30
0.0
 10
220.1147419444444
 20
68.98015583333333
 30
0.0
 10
221.1695475
 20
66.57773916666666
 30
0.0
 10
221.1695475
 20
66.57773916666666
 30
0.0
 10
221.581121574074
 20
66.75765583333333
 30
0.0
 10
221.9926956481481
 20
66.9375725
 30
0.0
 10
222.4042697222222
 20
67.11748916666666
 30
0.0
  0
SPLINE
  5
CA
330
1F
100
AcDbEntity
  8
DEFAULT
 62
   250
100
AcDbSpline
210
0.0
220
0.0
230
1.0
 70
     8
 71
     3
 72
    29
 73
    25
 74
     0
 42
0.000000001
 43
0.0000000001
 40
0.0
 40
0.0
 40
0.0
 40
0.0
 40
1.801606227786718
 40
1.801606227786718
 40
1.801606227786718
 40
2.439021320171604
 40
2.439021320171604
 40
2.439021320171604
 40
3.635066887865404
 40
3.635066887865404
 40
3.635066887865404
 40
4.64694286840847
 40
4.64694286840847
 40
4.64694286840847
 40
7.434873462953471
 40
7.434873462953471
 40
7.434873462953471
 40
8.43487346295347
 40
8.43487346295347
 40
8.43487346295347
 40
9.43487346295347
 40
9.43487346295347
 40
9.43487346295347
 40
10.43487346295347
 40
10.43487346295347
 40
10.43487346295347
 40
10.43487346295347
 10
75.65922694444443
 20
51.59921805555555
 30
0.0
 10
75.55386398148147
 20
51.78301527777777
 30
0.0
 10
75.44850101851851
 20
51.9668125
 30
0.0
 10
75.34313805555554
 20
52.15060972222221
 30
0.0
 10
75.30586120370369
 20
52.21563842592592
 30
0.0
 10
75.26858435185184
 20
52.28066712962963
 30
0.0
 10
75.23130749999999
 20
52.34569583333334
 30
0.0
 10
75.37183064814813
 20
52.3398162037037
 30
0.0
 10
75.5123537962963
 20
52.33393657407407
 30
0.0
 10
75.65287694444443
 20
52.32805694444445
 30
0.0
 10
75.54963064814814
 20
52.26890787037036
 30
0.0
 10
75.44638435185185
 20
52.20975879629628
 30
0.0
 10
75.34313805555554
 20
52.15060972222221
 30
0.0
 10
75.05868157407406
 20
51.98762638888888
 30
0.0
 10
74.77422509259259
 20
51.82464305555555
 30
0.0
 10
74.4897686111111
 20
51.66165972222222
 30
0.0
 10
74.34160194444443
 20
51.57664027777778
 30
0.0
 10
74.24317694444443
 20
51.48915138888888
 30
0.0
 10
74.21283805555555
 20
51.38508194444444
 30
0.0
 10
74.1817936111111
 20
51.29477083333333
 30
0.0
 10
74.19696305555554
 20
51.18964305555555
 30
0.0
 10
74.25834638888888
 20
51.08310416666666
 30
0.0
 10
74.3087936111111
 20
50.99455694444444
 30
0.0
 10
74.36206305555555
 20
50.9317625
 30
0.0
 10
74.4058075
 20
50.89789583333333
 30
0.0
  0
SPLINE
  5
CB
330
1F
100
AcDbEntity
  8
DEFAULT
 62
   250
100
AcDbSpline
210
0.0
220
0.0
230
1.0
 70
     8
 71
     3
 72
    14
 73
    10
 74
     0
 42
0.000000001
 43
0.0000000001
 40
0.0
 40
0.0
 40
0.0
 40
0.0
 40
1.0
 40
1.0
 40
1.0
 40
2.0
 40
2.0
 40
2.0
 40
4.405407449892834
 40
4.405407449892834
 40
4.405407449892834
 40
4.405407449892834
 10
74.7920286111111
 20
30.28696
 30
0.0
 10
74.65620916666667
 20
30.28872388888889
 30
0.0
 10
74.4477175
 20
30.34516833333333
 30
0.0
 10
74.31930638888889
 20
30.56918222222222
 30
0.0
 10
74.20606472222222
 20
30.76673777777777
 30
0.0
 10
74.17960638888889
 20
31.06624611111111
 30
0.0
 10
74.62198972222222
 20
31.31954055555556
 30
0.0
 10
74.86740546296296
 20
31.4601812962963
 30
0.0
 10
75.11282120370372
 20
31.60082203703703
 30
0.0
 10
75.35823694444444
 20
31.74146277777778
 30
0.0
  0
SPLINE
  5
CC
330
1F
100
AcDbEntity
  8
DEFAULT
 62
   250
100
AcDbSpline
210
0.0
220
0.0
230
1.0
 70
     8
 71
     3
 72
    11
 73
     7
 74
     0
 42
0.000000001
 43
0.0000000001
 40
0.0
 40
0.0
 40
0.0
 40
0.0
 40
2.992216569702136
 40
2.992216569702136
 40
2.992216569702136
 40
3.992216569702136
 40
3.992216569702136
 40
3.992216569702136
 40
3.992216569702136
 10
75.84563472222219
 20
30.89088027777777
 30
0.0
 10
75.5403643518518
 20
30.7159025
 30
0.0
 10
75.23509398148144
 20
30.54092472222222
 30
0.0
 10
74.92982361111108
 20
30.36594694444444
 30
0.0
 10
74.80000138888887
 20
30.29151083333333
 30
0.0
 10
74.68675972222222
 20
30.22307194444444
 30
0.0
 10
74.59256805555555
 20
30.15886638888889
 30
0.0
  0
SPLINE
  5
CD
330
1F
100
AcDbEntity
  8
DEFAULT
 62
   250
100
AcDbSpline
210
0.0
220
0.0
230
1.0
 70
     8
 71
     3
 72
    20
 73
    16
 74
     0
 42
0.000000001
 43
0.0000000001
 40
0.0
 40
0.0
 40
0.0
 40
0.0
 40
1.0
 40
1.0
 40
1.0
 40
2.0
 40
2.0
 40
2.0
 40
3.0
 40
3.0
 40
3.0
 40
4.0
 40
4.0
 40
4.0
 40
5.0
 40
5.0
 40
5.0
 40
5.0
 10
76.44881416666665
 20
64.86387416666666
 30
0.0
 10
76.56276138888889
 20
64.93654638888887
 30
0.0
 10
76.74091416666666
 20
64.92984361111111
 30
0.0
 10
76.89296138888888
 20
64.86316861111109
 30
0.0
 10
77.16389472222221
 20
64.74463527777777
 30
0.0
 10
77.33499194444444
 20
64.4504186111111
 30
0.0
 10
77.17200861111111
 20
64.07788527777777
 30
0.0
 10
77.0340725
 20
63.76285472222221
 30
0.0
 10
76.73209472222221
 20
63.6425575
 30
0.0
 10
76.45410583333332
 20
63.76426583333333
 30
0.0
 10
76.26642805555555
 20
63.84646305555555
 30
0.0
 10
76.16376972222221
 20
63.9805186111111
 30
0.0
 10
76.1337836111111
 20
64.1442075
 30
0.0
 10
76.19481416666666
 20
64.26838527777777
 30
0.0
 10
76.87885027777777
 20
65.84636027777776
 30
0.0
 10
76.87885027777777
 20
65.84636027777776
 30
0.0
  0
SPLINE
  5
CE
330
1F
100
AcDbEntity
  8
DEFAULT
 62
   250
100
AcDbSpline
210
0.0
220
0.0
230
1.0
 70
     8
 71
     3
 72
    17
 73
    13
 74
     0
 42
0.000000001
 43
0.0000000001
 40
0.0
 40
0.0
 40
0.0
 40
0.0
 40
1.0
 40
1.0
 40
1.0
 40
2.0
 40
2.0
 40
2.0
 40
3.0
 40
3.0
 40
3.0
 40
4.0
 40
4.0
 40
4.0
 40
4.0
 10
88.79413138888889
 20
22.33520777777778
 30
0.0
 10
88.72498694444444
 20
22.29922444444444
 30
0.0
 10
88.57223416666666
 20
22.25124666666666
 30
0.0
 10
88.37714805555555
 20
22.25124666666666
 30
0.0
 10
87.93970361111111
 20
22.25124666666666
 30
0.0
 10
87.65465916666666
 20
22.54828555555555
 30
0.0
 10
87.65465916666666
 20
22.99172722222222
 30
0.0
 10
87.65465916666666
 20
23.43869666666667
 30
0.0
 10
87.9605175
 20
23.76254666666667
 30
0.0
 10
88.43429805555554
 20
23.76254666666667
 30
0.0
 10
88.59022583333334
 20
23.76254666666667
 30
0.0
 10
88.72816194444444
 20
23.72338833333333
 30
0.0
 10
88.8001286111111
 20
23.68740499999999
 30
0.0
  0
SPLINE
  5
CF
330
1F
100
AcDbEntity
  8
DEFAULT
 62
   250
100
AcDbSpline
210
0.0
220
0.0
230
1.0
 70
     8
 71
     3
 72
    20
 73
    16
 74
     0
 42
0.000000001
 43
0.0000000001
 40
0.0
 40
0.0
 40
0.0
 40
0.0
 40
1.002999999999997
 40
1.002999999999997
 40
1.002999999999997
 40
2.005999999999994
 40
2.005999999999994
 40
2.005999999999994
 40
3.008999999999992
 40
3.008999999999992
 40
3.008999999999992
 40
4.011999999999989
 40
4.011999999999989
 40
4.011999999999989
 40
5.014999999999986
 40
5.014999999999986
 40
5.014999999999986
 40
5.014999999999986
 10
88.73669916666667
 20
53.98755888888888
 30
0.0
 10
88.82418805555555
 20
54.12514222222221
 30
0.0
 10
88.97306027777776
 20
54.21439499999999
 30
0.0
 10
89.18014083333333
 20
54.21439499999999
 30
0.0
 10
89.49905194444445
 20
54.21439499999999
 30
0.0
 10
89.72447694444445
 20
53.95933666666665
 30
0.0
 10
89.7220075
 20
53.58503944444444
 30
0.0
 10
89.7220075
 20
53.14371444444443
 30
0.0
 10
89.43237694444444
 20
52.92463944444443
 30
0.0
 10
89.1455686111111
 20
52.92463944444443
 30
0.0
 10
88.95965472222223
 20
52.92463944444443
 30
0.0
 10
88.83230194444444
 20
52.9934311111111
 30
0.0
 10
88.73669916666667
 20
53.15676722222221
 30
0.0
 10
88.74269638888889
 20
53.255545
 30
0.0
 10
88.73669916666667
 20
55.08646166666666
 30
0.0
 10
88.73669916666667
 20
55.08646166666666
 30
0.0
  0
SPLINE
  5
D0
330
1F
100
AcDbEntity
  8
DEFAULT
 62
     1
100
AcDbSpline
210
0.0
220
0.0
230
1.0
 70
     8
 71
     3
 72
    74
 73
    70
 74
     0
 42
0.000000001
 43
0.0000000001
 40
0.0
 40
0.0
 40
0.0
 40
0.0
 40
3.828968529512895
 40
3.828968529512895
 40
3.828968529512895
 40
4.828968529512895
 40
4.828968529512895
 40
4.828968529512895
 40
5.828968529512895
 40
5.828968529512895
 40
5.828968529512895
 40
6.828968529512895
 40
6.828968529512895
 40
6.828968529512895
 40
7.828968529512895
 40
7.828968529512895
 40
7.828968529512895
 40
8.828968529512895
 40
8.828968529512895
 40
8.828968529512895
 40
9.828968529512895
 40
9.828968529512895
 40
9.828968529512895
 40
10.8289685295129
 40
10.8289685295129
 40
10.8289685295129
 40
11.8289685295129
 40
11.8289685295129
 40
11.8289685295129
 40
12.8289685295129
 40
12.8289685295129
 40
12.8289685295129
 40
22.74896852951288
 40
22.74896852951288
 40
22.74896852951288
 40
31.25896852951287
 40
31.25896852951287
 40
31.25896852951287
 40
41.17896852951286
 40
41.17896852951286
 40
41.17896852951286
 40
42.17896852951286
 40
42.17896852951286
 40
42.17896852951286
 40
43.17896852951286
 40
43.17896852951286
 40
43.17896852951286
 40
44.17896852951286
 40
44.17896852951286
 40
44.17896852951286
 40
45.17896852951286
 40
45.17896852951286
 40
45.17896852951286
 40
46.17896852951286
 40
46.17896852951286
 40
46.17896852951286
 40
47.17896852951286
 40
47.17896852951286
 40
47.17896852951286
 40
48.17896852951286
 40
48.17896852951286
 40
48.17896852951286
 40
49.17896852951286
 40
49.17896852951286
 40
49.17896852951286
 40
59.09896852951285
 40
59.09896852951285
 40
59.09896852951285
 40
62.92896852951286
 40
62.92896852951286
 40
62.92896852951286
 40
62.92896852951286
 10
78.13110555555555
 20
67.1174186111111
 30
0.0
 10
78.54385555555557
 20
66.93750194444443
 30
0.0
 10
78.95660555555556
 20
66.75758527777778
 30
0.0
 10
79.36935555555556
 20
66.57766861111111
 30
0.0
 10
79.36935555555554
 20
66.57766861111111
 30
0.0
 10
80.4241611111111
 20
68.98008527777777
 30
0.0
 10
80.7734111111111
 20
69.78089083333333
 30
0.0
 10
80.84396666666666
 20
69.9431686111111
 30
0.0
 10
80.99918888888888
 20
70.53936305555554
 30
0.0
 10
81.38724444444443
 20
71.42483527777777
 30
0.0
 10
81.77529999999999
 20
72.3103075
 30
0.0
 10
82.13160555555555
 20
73.00527972222221
 30
0.0
 10
82.18099444444442
 20
72.98764083333332
 30
0.0
 10
89.79393888888887
 20
69.72797416666666
 30
0.0
 10
82.83363333333332
 20
66.87400194444443
 30
0.0
 10
91.99174444444444
 20
60.31939083333332
 30
0.0
 10
93.95671666666667
 20
58.91180749999999
 30
0.0
 10
95.54774444444443
 20
59.27164083333332
 30
0.0
 10
94.35888333333332
 20
56.29772416666665
 30
0.0
 10
93.17002222222222
 20
53.32027972222221
 30
0.0
 10
94.17191111111109
 20
52.64294638888888
 30
0.0
 10
94.54585555555555
 20
48.90702972222221
 30
0.0
 10
94.9162722222222
 20
45.17111305555554
 30
0.0
 10
93.65332777777776
 20
44.29975194444444
 30
0.0
 10
90.72879999999998
 20
44.29975194444444
 30
0.0
 10
90.67235555555554
 20
44.29975194444444
 30
0.0
 10
90.62649444444443
 20
45.0829186111111
 30
0.0
 10
90.62649444444443
 20
46.04952972222222
 30
0.0
 10
90.62649444444443
 20
47.01614083333333
 30
0.0
 10
90.72879999999998
 20
47.62644638888888
 30
0.0
 10
90.72879999999998
 20
47.7993075
 30
0.0
 10
90.72879999999998
 20
48.96582601851852
 30
0.0
 10
90.72879999999998
 20
50.13234453703704
 30
0.0
 10
90.72879999999998
 20
51.29886305555555
 30
0.0
 10
89.72808703703701
 20
51.29886305555555
 30
0.0
 10
88.72737407407406
 20
51.29886305555555
 30
0.0
 10
87.7266611111111
 20
51.29886305555555
 30
0.0
 10
87.72666111111111
 20
50.13234453703704
 30
0.0
 10
87.72666111111111
 20
48.96582601851852
 30
0.0
 10
87.7266611111111
 20
47.7993075
 30
0.0
 10
87.7266611111111
 20
47.62644638888888
 30
0.0
 10
87.82896666666666
 20
47.01614083333333
 30
0.0
 10
87.82896666666666
 20
46.04952972222222
 30
0.0
 10
87.82896666666666
 20
45.0829186111111
 30
0.0
 10
87.78310555555555
 20
44.29975194444444
 30
0.0
 10
87.7266611111111
 20
44.29975194444444
 30
0.0
 10
78.07818888888887
 20
44.29975194444444
 30
0.0
 10
82.90418888888888
 20
30.29447416666666
 30
0.0
 10
84.39643888888888
 20
28.85161305555555
 30
0.0
 10
85.89221666666666
 20
27.40875194444444
 30
0.0
 10
88.75324444444443
 20
27.29939083333333
 30
0.0
 10
91.12038333333332
 20
27.29939083333333
 30
0.0
 10
93.48752222222222
 20
27.29939083333333
 30
0.0
 10
92.4891611111111
 20
23.13308527777777
 30
0.0
 10
93.42402222222222
 20
17.74969638888889
 30
0.0
 10
94.35888333333332
 20
12.36277972222222
 30
0.0
 10
92.88074444444443
 20
13.3011686111111
 30
0.0
 10
89.72691111111111
 20
13.3011686111111
 30
0.0
 10
89.67399444444443
 20
13.3011686111111
 30
0.0
 10
89.62813333333332
 20
14.08433527777777
 30
0.0
 10
89.62813333333332
 20
15.05094638888888
 30
0.0
 10
89.62813333333332
 20
16.0175575
 30
0.0
 10
89.72691111111111
 20
16.62433527777777
 30
0.0
 10
89.72691111111111
 20
16.80072416666667
 30
0.0
 10
89.72691111111111
 20
17.96724268518518
 30
0.0
 10
89.72691111111111
 20
19.1337612037037
 30
0.0
 10
89.72691111111111
 20
20.30027972222221
 30
0.0
 10
89.27653148148147
 20
20.30027972222221
 30
0.0
 10
88.82615185185183
 20
20.30027972222221
 30
0.0
 10
88.37577222222221
 20
20.30027972222221
 30
0.0
  0
SPLINE
  5
D1
330
1F
100
AcDbEntity
  8
DEFAULT
 62
     1
100
AcDbSpline
210
0.0
220
0.0
230
1.0
 70
     8
 71
     3
 72
    89
 73
    85
 74
     0
 42
0.000000001
 43
0.0000000001
 40
0.0
 40
0.0
 40
0.0
 40
0.0
 40
3.832975345602931
 40
3.832975345602931
 40
3.832975345602931
 40
4.832975345602931
 40
4.832975345602931
 40
4.832975345602931
 40
5.832975345602931
 40
5.832975345602931
 40
5.832975345602931
 40
6.832975345602931
 40
6.832975345602931
 40
6.832975345602931
 40
7.832975345602931
 40
7.832975345602931
 40
7.832975345602931
 40
8.832975345602932
 40
8.832975345602932
 40
8.832975345602932
 40
9.832975345602932
 40
9.832975345602932
 40
9.832975345602932
 40
10.83297534560293
 40
10.83297534560293
 40
10.83297534560293
 40
11.83297534560293
 40
11.83297534560293
 40
11.83297534560293
 40
20.3392847686136
 40
20.3392847686136
 40
20.3392847686136
 40
21.3392847686136
 40
21.3392847686136
 40
21.3392847686136
 40
22.3392847686136
 40
22.3392847686136
 40
22.3392847686136
 40
23.3392847686136
 40
23.3392847686136
 40
23.3392847686136
 40
24.3392847686136
 40
24.3392847686136
 40
24.3392847686136
 40
25.3392847686136
 40
25.3392847686136
 40
25.3392847686136
 40
26.3392847686136
 40
26.3392847686136
 40
26.3392847686136
 40
27.3392847686136
 40
27.3392847686136
 40
27.3392847686136
 40
35.84559419162427
 40
35.84559419162427
 40
35.84559419162427
 40
36.84559419162427
 40
36.84559419162427
 40
36.84559419162427
 40
37.84559419162427
 40
37.84559419162427
 40
37.84559419162427
 40
38.84559419162427
 40
38.84559419162427
 40
38.84559419162427
 40
39.84559419162427
 40
39.84559419162427
 40
39.84559419162427
 40
40.84559419162427
 40
40.84559419162427
 40
40.84559419162427
 40
41.84559419162427
 40
41.84559419162427
 40
41.84559419162427
 40
42.84559419162427
 40
42.84559419162427
 40
42.84559419162427
 40
43.84559419162427
 40
43.84559419162427
 40
43.84559419162427
 40
53.76559419162426
 40
53.76559419162426
 40
53.76559419162426
 40
57.58559419162428
 40
57.58559419162428
 40
57.58559419162428
 40
57.58559419162428
 10
77.85946666666665
 20
67.23736305555553
 30
0.0
 10
77.44671666666665
 20
67.41845564814813
 30
0.0
 10
77.03396666666664
 20
67.59954824074072
 30
0.0
 10
76.62121666666665
 20
67.78064083333331
 30
0.0
 10
76.62121666666667
 20
67.78064083333332
 30
0.0
 10
77.67602222222222
 20
70.18658527777777
 30
0.0
 10
78.02879999999999
 20
70.98739083333332
 30
0.0
 10
78.09582777777777
 20
71.14966861111111
 30
0.0
 10
78.43449444444444
 20
71.66472416666666
 30
0.0
 10
78.82254999999999
 20
72.5466686111111
 30
0.0
 10
79.21413333333334
 20
73.43214083333332
 30
0.0
 10
79.48577222222222
 20
74.16944638888889
 30
0.0
 10
79.43638333333332
 20
74.19414083333332
 30
0.0
 10
76.63532777777777
 20
75.25952972222221
 30
0.0
 10
74.94199444444443
 20
72.82889083333332
 30
0.0
 10
73.88366111111111
 20
69.66800194444443
 30
0.0
 10
66.82457777777778
 20
48.60364083333333
 30
0.0
 10
64.30221666666667
 20
50.77675194444444
 30
0.0
 10
65.79093888888889
 20
48.17325194444444
 30
0.0
 10
65.81916111111111
 20
48.12386305555555
 30
0.0
 10
66.52118888888889
 20
48.47664083333333
 30
0.0
 10
67.3608
 20
48.95641861111111
 30
0.0
 10
68.20041111111111
 20
49.43619638888888
 30
0.0
 10
68.6766611111111
 20
49.82425194444444
 30
0.0
 10
68.82835555555556
 20
49.91244638888889
 30
0.0
 10
69.59035555555555
 20
50.34636305555555
 30
0.0
 10
71.86577222222222
 20
51.65164083333332
 30
0.0
 10
71.86577222222222
 20
51.65164083333332
 30
0.0
 10
72.36318888888889
 20
50.78380749999999
 30
0.0
 10
72.86060555555555
 20
49.91597416666666
 30
0.0
 10
73.35802222222222
 20
49.04814083333333
 30
0.0
 10
73.35802222222222
 20
49.04814083333333
 30
0.0
 10
71.07907777777777
 20
47.74286305555555
 30
0.0
 10
70.32060555555555
 20
47.30894638888888
 30
0.0
 10
70.1689111111111
 20
47.22075194444444
 30
0.0
 10
69.59035555555555
 20
47.00555749999999
 30
0.0
 10
68.75074444444445
 20
46.52577972222221
 30
0.0
 10
67.91113333333334
 20
46.04600194444444
 30
0.0
 10
67.25496666666666
 20
45.61561305555556
 30
0.0
 10
67.28318888888889
 20
45.56975194444444
 30
0.0
 10
68.78602222222221
 20
42.94155749999999
 30
0.0
 10
64.46449444444444
 20
29.74061305555555
 30
0.0
 10
65.79093888888889
 20
27.42286305555555
 30
0.0
 10
65.81916111111111
 20
27.37347416666666
 30
0.0
 10
66.52118888888889
 20
27.72272416666666
 30
0.0
 10
67.3608
 20
28.20250194444444
 30
0.0
 10
68.20041111111111
 20
28.6858075
 30
0.0
 10
68.6766611111111
 20
29.07386305555555
 30
0.0
 10
68.82835555555556
 20
29.15852972222222
 30
0.0
 10
69.59035555555555
 20
29.59597416666666
 30
0.0
 10
71.86577222222222
 20
30.89772416666666
 30
0.0
 10
71.86577222222222
 20
30.89772416666666
 30
0.0
 10
72.36318888888889
 20
30.02989083333333
 30
0.0
 10
72.86060555555555
 20
29.1620575
 30
0.0
 10
73.35802222222222
 20
28.29422416666666
 30
0.0
 10
73.35802222222222
 20
28.29422416666666
 30
0.0
 10
71.07907777777777
 20
26.99247416666666
 30
0.0
 10
70.32060555555555
 20
26.55502972222222
 30
0.0
 10
70.1689111111111
 20
26.47036305555555
 30
0.0
 10
69.59035555555555
 20
26.25516861111111
 30
0.0
 10
68.75074444444445
 20
25.77539083333333
 30
0.0
 10
67.91113333333334
 20
25.29208527777777
 30
0.0
 10
67.25496666666666
 20
24.86522416666666
 30
0.0
 10
67.28318888888889
 20
24.81936305555556
 30
0.0
 10
68.90596666666667
 20
21.97597416666666
 30
0.0
 10
77.01985555555555
 20
15.12150194444445
 30
0.0
 10
75.65107777777777
 20
12.58502972222222
 30
0.0
 10
73.67199444444444
 20
8.933779722222218
 30
0.0
 10
77.8841611111111
 20
9.258335277777778
 30
0.0
 10
80.7593
 20
8.129446388888883
 30
0.0
 10
83.63091111111112
 20
7.000557499999998
 30
0.0
 10
82.93241111111111
 20
13.30116861111111
 30
0.0
 10
86.72829999999999
 20
13.30116861111111
 30
0.0
 10
86.78474444444444
 20
13.30116861111111
 30
0.0
 10
86.82707777777777
 20
14.08433527777778
 30
0.0
 10
86.82707777777777
 20
15.05094638888888
 30
0.0
 10
86.82707777777777
 20
16.0175575
 30
0.0
 10
86.72829999999999
 20
16.62433527777777
 30
0.0
 10
86.72829999999999
 20
16.80072416666667
 30
0.0
 10
86.72829999999999
 20
17.96724268518518
 30
0.0
 10
86.72829999999999
 20
19.1337612037037
 30
0.0
 10
86.72829999999999
 20
20.30027972222221
 30
0.0
 10
87.17750370370369
 20
20.30027972222221
 30
0.0
 10
87.62670740740741
 20
20.30027972222221
 30
0.0
 10
88.07591111111111
 20
20.30027972222221
 30
0.0
  0
SPLINE
  5
D2
330
1F
100
AcDbEntity
  8
DEFAULT
 62
   250
100
AcDbSpline
210
0.0
220
0.0
230
1.0
 70
     8
 71
     3
 72
    14
 73
    10
 74
     0
 42
0.000000001
 43
0.0000000001
 40
0.0
 40
0.0
 40
0.0
 40
0.0
 40
3.83299999999997
 40
3.83299999999997
 40
3.83299999999997
 40
4.83299999999997
 40
4.83299999999997
 40
4.83299999999997
 40
5.83299999999997
 40
5.83299999999997
 40
5.83299999999997
 40
5.83299999999997
 10
271.2134388888888
 20
135.7929861111111
 30
0.0
 10
270.7627064814814
 20
135.7929861111111
 30
0.0
 10
270.311974074074
 20
135.7929861111111
 30
0.0
 10
269.8612416666667
 20
135.7929861111111
 30
0.0
 10
269.3246666666666
 20
135.7929861111111
 30
0.0
 10
269.1595666666666
 20
136.0568638888889
 30
0.0
 10
269.1595666666666
 20
136.4047027777778
 30
0.0
 10
269.1595666666666
 20
136.5006583333333
 30
0.0
 10
269.1803805555555
 20
136.6174277777778
 30
0.0
 10
269.2075444444444
 20
136.6833972222222
 30
0.0
  0
SPLINE
  5
D3
330
1F
100
AcDbEntity
  8
DEFAULT
 62
     1
100
AcDbSpline
210
0.0
220
0.0
230
1.0
 70
     8
 71
     3
 72
    26
 73
    22
 74
     0
 42
0.000000001
 43
0.0000000001
 40
0.0
 40
0.0
 40
0.0
 40
0.0
 40
8.089999999999975
 40
8.089999999999975
 40
8.089999999999975
 40
9.089999999999975
 40
9.089999999999975
 40
9.089999999999975
 40
10.08999999999997
 40
10.08999999999997
 40
10.08999999999997
 40
11.08999999999997
 40
11.08999999999997
 40
11.08999999999997
 40
12.08999999999997
 40
12.08999999999997
 40
12.08999999999997
 40
22.00999999999993
 40
22.00999999999993
 40
22.00999999999993
 40
25.83999999999992
 40
25.83999999999992
 40
25.83999999999992
 40
25.83999999999992
 10
274.1422705555555
 20
137.5908827777778
 30
0.0
 10
274.1422705555555
 20
136.6395587037037
 30
0.0
 10
274.1422705555555
 20
135.6882346296296
 30
0.0
 10
274.1422705555555
 20
134.7369105555556
 30
0.0
 10
274.1422705555555
 20
129.8191883333333
 30
0.0
 10
270.1735205555555
 20
132.5285216666666
 30
0.0
 10
262.2042705555555
 20
129.9567716666667
 30
0.0
 10
259.8441872222222
 20
129.1947716666667
 30
0.0
 10
260.1440483333333
 20
133.078855
 30
0.0
 10
260.1440483333333
 20
134.7369105555556
 30
0.0
 10
260.1440483333333
 20
134.793355
 30
0.0
 10
260.9236872222222
 20
134.8392161111111
 30
0.0
 10
261.8938261111111
 20
134.8392161111111
 30
0.0
 10
262.8604372222222
 20
134.8392161111111
 30
0.0
 10
263.467215
 20
134.7369105555556
 30
0.0
 10
263.6436038888888
 20
134.7369105555556
 30
0.0
 10
264.8101224074074
 20
134.7369105555556
 30
0.0
 10
265.9766409259259
 20
134.7369105555556
 30
0.0
 10
267.1431594444444
 20
134.7369105555556
 30
0.0
 10
267.1431594444444
 20
135.1872901851852
 30
0.0
 10
267.1431594444444
 20
135.6376698148148
 30
0.0
 10
267.1431594444444
 20
136.0880494444444
 30
0.0
  0
SPLINE
  5
D4
330
1F
100
AcDbEntity
  8
DEFAULT
 62
     1
100
AcDbSpline
210
0.0
220
0.0
230
1.0
 70
     8
 71
     3
 72
    32
 73
    28
 74
     0
 42
0.000000001
 43
0.0000000001
 40
0.0
 40
0.0
 40
0.0
 40
0.0
 40
3.829999999999984
 40
3.829999999999984
 40
3.829999999999984
 40
13.74999999999994
 40
13.74999999999994
 40
13.74999999999994
 40
14.74999999999994
 40
14.74999999999994
 40
14.74999999999994
 40
15.74999999999994
 40
15.74999999999994
 40
15.74999999999994
 40
16.74999999999994
 40
16.74999999999994
 40
16.74999999999994
 40
17.74999999999994
 40
17.74999999999994
 40
17.74999999999994
 40
18.74999999999994
 40
18.74999999999994
 40
18.74999999999994
 40
19.74999999999994
 40
19.74999999999994
 40
19.74999999999994
 40
20.74999999999994
 40
20.74999999999994
 40
20.74999999999994
 40
20.74999999999994
 10
267.1431594444444
 20
136.3879105555555
 30
0.0
 10
267.1431594444444
 20
136.8382901851852
 30
0.0
 10
267.1431594444444
 20
137.2886698148148
 30
0.0
 10
267.1431594444444
 20
137.7390494444444
 30
0.0
 10
265.9766409259259
 20
137.7390494444444
 30
0.0
 10
264.8101224074074
 20
137.7390494444444
 30
0.0
 10
263.6436038888889
 20
137.7390494444444
 30
0.0
 10
263.467215
 20
137.7390494444444
 30
0.0
 10
262.8604372222222
 20
137.6402716666666
 30
0.0
 10
261.8938261111111
 20
137.6402716666666
 30
0.0
 10
260.9236872222222
 20
137.6402716666666
 30
0.0
 10
260.1440483333333
 20
137.682605
 30
0.0
 10
260.1440483333333
 20
137.7390494444444
 30
0.0
 10
260.1440483333333
 20
139.397105
 30
0.0
 10
261.4846038888889
 20
140.7376605555555
 30
0.0
 10
263.1426594444444
 20
140.7376605555555
 30
0.0
 10
267.8663538888889
 20
140.7376605555555
 30
0.0
 10
263.0262427777778
 20
143.7574383333333
 30
0.0
 10
267.8310761111111
 20
146.255105
 30
0.0
 10
272.6394372222222
 20
148.7527716666667
 30
0.0
 10
271.5493538888889
 20
150.3579105555555
 30
0.0
 10
277.5254094444444
 20
148.6645772222222
 30
0.0
 10
283.501465
 20
146.9712438888889
 30
0.0
 10
281.0743538888889
 20
146.4209105555555
 30
0.0
 10
277.2149649999999
 20
145.2355772222222
 30
0.0
 10
273.4296594444444
 20
144.0749383333333
 30
0.0
 10
274.1140483333333
 20
140.4977716666666
 30
0.0
 10
274.1387427777778
 20
137.8907438888889
 30
0.0
  0
SPLINE
  5
D5
330
1F
100
AcDbEntity
  8
DEFAULT
 62
   250
100
AcDbSpline
210
0.0
220
0.0
230
1.0
 70
     8
 71
     3
 72
    14
 73
    10
 74
     0
 42
0.000000001
 43
0.0000000001
 40
0.0
 40
0.0
 40
0.0
 40
0.0
 40
3.83299999999997
 40
3.83299999999997
 40
3.83299999999997
 40
4.83299999999997
 40
4.83299999999997
 40
4.83299999999997
 40
5.83299999999997
 40
5.83299999999997
 40
5.83299999999997
 40
5.83299999999997
 10
280.9847483333333
 20
138.7988644444444
 30
0.0
 10
281.4354807407407
 20
138.7988644444444
 30
0.0
 10
281.8862131481481
 20
138.7988644444444
 30
0.0
 10
282.3369455555555
 20
138.7988644444444
 30
0.0
 10
282.8735205555556
 20
138.7988644444444
 30
0.0
 10
283.0386205555556
 20
138.5349866666667
 30
0.0
 10
283.0386205555556
 20
138.1871477777778
 30
0.0
 10
283.0386205555556
 20
138.0911922222222
 30
0.0
 10
283.0178066666667
 20
137.9744227777778
 30
0.0
 10
282.9906427777778
 20
137.9084533333333
 30
0.0
  0
SPLINE
  5
D6
330
1F
100
AcDbEntity
  8
DEFAULT
 62
     1
100
AcDbSpline
210
0.0
220
0.0
230
1.0
 70
     8
 71
     3
 72
    23
 73
    19
 74
     0
 42
0.000000001
 43
0.0000000001
 40
0.0
 40
0.0
 40
0.0
 40
0.0
 40
1.0
 40
1.0
 40
1.0
 40
2.0
 40
2.0
 40
2.0
 40
3.0
 40
3.0
 40
3.0
 40
4.0
 40
4.0
 40
4.0
 40
13.91999999999996
 40
13.91999999999996
 40
13.91999999999996
 40
17.73999999999995
 40
17.73999999999995
 40
17.73999999999995
 40
17.73999999999995
 10
278.0581038888889
 20
140.0074105555555
 30
0.0
 10
278.1392427777777
 20
144.7169938888889
 30
0.0
 10
282.1115205555555
 20
142.0887994444444
 30
0.0
 10
289.9925761111111
 20
144.635855
 30
0.0
 10
292.3526594444444
 20
145.397855
 30
0.0
 10
292.0527983333333
 20
141.5102438888889
 30
0.0
 10
292.0527983333333
 20
139.8521883333333
 30
0.0
 10
292.0527983333333
 20
139.7957438888889
 30
0.0
 10
291.2731594444444
 20
139.7498827777778
 30
0.0
 10
290.3030205555555
 20
139.7498827777778
 30
0.0
 10
289.3364094444444
 20
139.7498827777778
 30
0.0
 10
288.7296316666666
 20
139.8521883333333
 30
0.0
 10
288.5532427777778
 20
139.8521883333333
 30
0.0
 10
287.3867242592592
 20
139.8521883333333
 30
0.0
 10
286.2202057407407
 20
139.8521883333333
 30
0.0
 10
285.0536872222222
 20
139.8521883333333
 30
0.0
 10
285.0536872222222
 20
139.4029846296296
 30
0.0
 10
285.0536872222222
 20
138.9537809259259
 30
0.0
 10
285.0536872222222
 20
138.5045772222222
 30
0.0
  0
SPLINE
  5
D7
330
1F
100
AcDbEntity
  8
DEFAULT
 62
     1
100
AcDbSpline
210
0.0
220
0.0
230
1.0
 70
     8
 71
     3
 72
    35
 73
    31
 74
     0
 42
0.000000001
 43
0.0000000001
 40
0.0
 40
0.0
 40
0.0
 40
0.0
 40
3.839999999999975
 40
3.839999999999975
 40
3.839999999999975
 40
13.75999999999993
 40
13.75999999999993
 40
13.75999999999993
 40
14.75999999999993
 40
14.75999999999993
 40
14.75999999999993
 40
15.75999999999993
 40
15.75999999999993
 40
15.75999999999993
 40
16.75999999999993
 40
16.75999999999993
 40
16.75999999999993
 40
17.75999999999993
 40
17.75999999999993
 40
17.75999999999993
 40
18.75999999999993
 40
18.75999999999993
 40
18.75999999999993
 40
19.75999999999993
 40
19.75999999999993
 40
19.75999999999993
 40
20.75999999999993
 40
20.75999999999993
 40
20.75999999999993
 40
28.8599999999999
 40
28.8599999999999
 40
28.8599999999999
 40
28.8599999999999
 10
285.0536872222222
 20
138.2047161111111
 30
0.0
 10
285.0536872222222
 20
137.7531605555555
 30
0.0
 10
285.0536872222222
 20
137.301605
 30
0.0
 10
285.0536872222222
 20
136.8500494444444
 30
0.0
 10
286.2202057407407
 20
136.8500494444444
 30
0.0
 10
287.3867242592592
 20
136.8500494444444
 30
0.0
 10
288.5532427777778
 20
136.8500494444444
 30
0.0
 10
288.7296316666666
 20
136.8500494444444
 30
0.0
 10
289.3364094444444
 20
136.9488272222222
 30
0.0
 10
290.3030205555555
 20
136.9488272222222
 30
0.0
 10
291.2731594444444
 20
136.9488272222222
 30
0.0
 10
292.0527983333333
 20
136.9064938888889
 30
0.0
 10
292.0527983333333
 20
136.8500494444444
 30
0.0
 10
292.0527983333333
 20
135.1919938888889
 30
0.0
 10
290.7122427777778
 20
133.8514383333333
 30
0.0
 10
289.0541872222222
 20
133.8514383333333
 30
0.0
 10
284.3304927777777
 20
133.8514383333333
 30
0.0
 10
289.1706038888889
 20
130.8316605555555
 30
0.0
 10
284.3657705555555
 20
128.3339938888889
 30
0.0
 10
279.5574094444444
 20
125.8363272222222
 30
0.0
 10
280.6474927777778
 20
124.2311883333333
 30
0.0
 10
274.6714372222222
 20
125.9245216666666
 30
0.0
 10
268.6953816666667
 20
127.617855
 30
0.0
 10
271.1224927777778
 20
128.1717161111111
 30
0.0
 10
274.9818816666667
 20
129.3570494444444
 30
0.0
 10
278.8412705555555
 20
130.538855
 30
0.0
 10
278.0545761111111
 20
134.2289105555555
 30
0.0
 10
278.0545761111111
 20
136.8500494444444
 30
0.0
 10
278.0545761111111
 20
137.8025494444444
 30
0.0
 10
278.0545761111111
 20
138.7550494444444
 30
0.0
 10
278.0545761111111
 20
139.7075494444444
 30
0.0
  0
SPLINE
  5
D8
330
1F
100
AcDbEntity
  8
DEFAULT
 62
   250
100
AcDbSpline
210
0.0
220
0.0
230
1.0
 70
     8
 71
     3
 72
    14
 73
    10
 74
     0
 42
0.000000001
 43
0.0000000001
 40
0.0
 40
0.0
 40
0.0
 40
0.0
 40
3.83299999999997
 40
3.83299999999997
 40
3.83299999999997
 40
4.83299999999997
 40
4.83299999999997
 40
4.83299999999997
 40
5.83299999999997
 40
5.83299999999997
 40
5.83299999999997
 40
5.83299999999997
 10
271.2134388888888
 20
108.9252541666667
 30
0.0
 10
270.7627064814814
 20
108.9252541666667
 30
0.0
 10
270.311974074074
 20
108.9252541666667
 30
0.0
 10
269.8612416666667
 20
108.9252541666667
 30
0.0
 10
269.3246666666666
 20
108.9252541666667
 30
0.0
 10
269.1595666666666
 20
109.1891319444444
 30
0.0
 10
269.1595666666666
 20
109.5369708333333
 30
0.0
 10
269.1595666666666
 20
109.6329263888889
 30
0.0
 10
269.1803805555555
 20
109.7496958333333
 30
0.0
 10
269.2075444444444
 20
109.8156652777778
 30
0.0
  0
SPLINE
  5
D9
330
1F
100
AcDbEntity
  8
DEFAULT
 62
     1
100
AcDbSpline
210
0.0
220
0.0
230
1.0
 70
     8
 71
     3
 72
    26
 73
    22
 74
     0
 42
0.000000001
 43
0.0000000001
 40
0.0
 40
0.0
 40
0.0
 40
0.0
 40
8.089999999999975
 40
8.089999999999975
 40
8.089999999999975
 40
9.089999999999975
 40
9.089999999999975
 40
9.089999999999975
 40
10.08999999999997
 40
10.08999999999997
 40
10.08999999999997
 40
11.08999999999997
 40
11.08999999999997
 40
11.08999999999997
 40
12.08999999999997
 40
12.08999999999997
 40
12.08999999999997
 40
22.00999999999993
 40
22.00999999999993
 40
22.00999999999993
 40
25.83999999999992
 40
25.83999999999992
 40
25.83999999999992
 40
25.83999999999992
 10
274.1422705555555
 20
110.7233272222222
 30
0.0
 10
274.1422705555555
 20
109.7720031481481
 30
0.0
 10
274.1422705555555
 20
108.8206790740741
 30
0.0
 10
274.1422705555555
 20
107.869355
 30
0.0
 10
274.1422705555555
 20
102.9516327777778
 30
0.0
 10
270.1735205555555
 20
105.6609661111111
 30
0.0
 10
262.2042705555555
 20
103.0892161111111
 30
0.0
 10
259.8441872222222
 20
102.3272161111111
 30
0.0
 10
260.1440483333333
 20
106.2112994444444
 30
0.0
 10
260.1440483333333
 20
107.869355
 30
0.0
 10
260.1440483333333
 20
107.9257994444444
 30
0.0
 10
260.9236872222222
 20
107.9716605555555
 30
0.0
 10
261.8938261111111
 20
107.9716605555555
 30
0.0
 10
262.8604372222222
 20
107.9716605555555
 30
0.0
 10
263.467215
 20
107.869355
 30
0.0
 10
263.6436038888888
 20
107.869355
 30
0.0
 10
264.8101224074074
 20
107.869355
 30
0.0
 10
265.9766409259259
 20
107.869355
 30
0.0
 10
267.1431594444444
 20
107.869355
 30
0.0
 10
267.1431594444444
 20
108.3197346296296
 30
0.0
 10
267.1431594444444
 20
108.7701142592592
 30
0.0
 10
267.1431594444444
 20
109.2204938888889
 30
0.0
  0
SPLINE
  5
DA
330
1F
100
AcDbEntity
  8
DEFAULT
 62
     1
100
AcDbSpline
210
0.0
220
0.0
230
1.0
 70
     8
 71
     3
 72
    32
 73
    28
 74
     0
 42
0.000000001
 43
0.0000000001
 40
0.0
 40
0.0
 40
0.0
 40
0.0
 40
3.829999999999984
 40
3.829999999999984
 40
3.829999999999984
 40
13.74999999999994
 40
13.74999999999994
 40
13.74999999999994
 40
14.74999999999994
 40
14.74999999999994
 40
14.74999999999994
 40
15.74999999999994
 40
15.74999999999994
 40
15.74999999999994
 40
16.74999999999994
 40
16.74999999999994
 40
16.74999999999994
 40
17.74999999999994
 40
17.74999999999994
 40
17.74999999999994
 40
18.74999999999994
 40
18.74999999999994
 40
18.74999999999994
 40
19.74999999999994
 40
19.74999999999994
 40
19.74999999999994
 40
20.74999999999994
 40
20.74999999999994
 40
20.74999999999994
 40
20.74999999999994
 10
267.1431594444444
 20
109.520355
 30
0.0
 10
267.1431594444444
 20
109.9707346296296
 30
0.0
 10
267.1431594444444
 20
110.4211142592592
 30
0.0
 10
267.1431594444444
 20
110.8714938888889
 30
0.0
 10
265.9766409259259
 20
110.8714938888889
 30
0.0
 10
264.8101224074074
 20
110.8714938888889
 30
0.0
 10
263.6436038888889
 20
110.8714938888889
 30
0.0
 10
263.467215
 20
110.8714938888889
 30
0.0
 10
262.8604372222222
 20
110.7727161111111
 30
0.0
 10
261.8938261111111
 20
110.7727161111111
 30
0.0
 10
260.9236872222222
 20
110.7727161111111
 30
0.0
 10
260.1440483333333
 20
110.8150494444444
 30
0.0
 10
260.1440483333333
 20
110.8714938888889
 30
0.0
 10
260.1440483333333
 20
112.5295494444444
 30
0.0
 10
261.4846038888889
 20
113.870105
 30
0.0
 10
263.1426594444444
 20
113.870105
 30
0.0
 10
267.8663538888889
 20
113.870105
 30
0.0
 10
263.0262427777778
 20
116.8898827777778
 30
0.0
 10
267.8310761111111
 20
119.3875494444444
 30
0.0
 10
272.6394372222222
 20
121.8852161111111
 30
0.0
 10
271.5493538888889
 20
123.490355
 30
0.0
 10
277.5254094444444
 20
121.7970216666667
 30
0.0
 10
283.501465
 20
120.1036883333333
 30
0.0
 10
281.0743538888889
 20
119.553355
 30
0.0
 10
277.2149649999999
 20
118.3680216666666
 30
0.0
 10
273.4296594444444
 20
117.2073827777778
 30
0.0
 10
274.1140483333333
 20
113.6302161111111
 30
0.0
 10
274.1387427777778
 20
111.0231883333333
 30
0.0
  0
SPLINE
  5
DB
330
1F
100
AcDbEntity
  8
DEFAULT
 62
   250
100
AcDbSpline
210
0.0
220
0.0
230
1.0
 70
     8
 71
     3
 72
    14
 73
    10
 74
     0
 42
0.000000001
 43
0.0000000001
 40
0.0
 40
0.0
 40
0.0
 40
0.0
 40
3.83299999999997
 40
3.83299999999997
 40
3.83299999999997
 40
4.83299999999997
 40
4.83299999999997
 40
4.83299999999997
 40
5.83299999999997
 40
5.83299999999997
 40
5.83299999999997
 40
5.83299999999997
 10
280.9847483333333
 20
111.9311325
 30
0.0
 10
281.4354807407407
 20
111.9311325
 30
0.0
 10
281.8862131481481
 20
111.9311325
 30
0.0
 10
282.3369455555555
 20
111.9311325
 30
0.0
 10
282.8735205555556
 20
111.9311325
 30
0.0
 10
283.0386205555556
 20
111.6672547222222
 30
0.0
 10
283.0386205555556
 20
111.3194158333333
 30
0.0
 10
283.0386205555556
 20
111.2234602777778
 30
0.0
 10
283.0178066666667
 20
111.1066908333333
 30
0.0
 10
282.9906427777778
 20
111.0407213888889
 30
0.0
  0
SPLINE
  5
DC
330
1F
100
AcDbEntity
  8
DEFAULT
 62
     1
100
AcDbSpline
210
0.0
220
0.0
230
1.0
 70
     8
 71
     3
 72
    23
 73
    19
 74
     0
 42
0.000000001
 43
0.0000000001
 40
0.0
 40
0.0
 40
0.0
 40
0.0
 40
1.0
 40
1.0
 40
1.0
 40
2.0
 40
2.0
 40
2.0
 40
3.0
 40
3.0
 40
3.0
 40
4.0
 40
4.0
 40
4.0
 40
13.91999999999996
 40
13.91999999999996
 40
13.91999999999996
 40
17.73999999999995
 40
17.73999999999995
 40
17.73999999999995
 40
17.73999999999995
 10
278.0581038888889
 20
113.1363272222222
 30
0.0
 10
278.1392427777777
 20
117.8494383333333
 30
0.0
 10
282.1115205555555
 20
115.2212438888889
 30
0.0
 10
289.9925761111111
 20
117.7682994444444
 30
0.0
 10
292.3526594444444
 20
118.5302994444444
 30
0.0
 10
292.0527983333333
 20
114.6426883333333
 30
0.0
 10
292.0527983333333
 20
112.9846327777778
 30
0.0
 10
292.0527983333333
 20
112.9281883333333
 30
0.0
 10
291.2731594444444
 20
112.8823272222222
 30
0.0
 10
290.3030205555555
 20
112.8823272222222
 30
0.0
 10
289.3364094444444
 20
112.8823272222222
 30
0.0
 10
288.7296316666666
 20
112.9846327777778
 30
0.0
 10
288.5532427777778
 20
112.9846327777778
 30
0.0
 10
287.3867242592592
 20
112.9846327777778
 30
0.0
 10
286.2202057407407
 20
112.9846327777778
 30
0.0
 10
285.0536872222222
 20
112.9846327777778
 30
0.0
 10
285.0536872222222
 20
112.535429074074
 30
0.0
 10
285.0536872222222
 20
112.0862253703704
 30
0.0
 10
285.0536872222222
 20
111.6370216666667
 30
0.0
  0
SPLINE
  5
DD
330
1F
100
AcDbEntity
  8
DEFAULT
 62
     1
100
AcDbSpline
210
0.0
220
0.0
230
1.0
 70
     8
 71
     3
 72
    35
 73
    31
 74
     0
 42
0.000000001
 43
0.0000000001
 40
0.0
 40
0.0
 40
0.0
 40
0.0
 40
3.839999999999975
 40
3.839999999999975
 40
3.839999999999975
 40
13.75999999999993
 40
13.75999999999993
 40
13.75999999999993
 40
14.75999999999993
 40
14.75999999999993
 40
14.75999999999993
 40
15.75999999999993
 40
15.75999999999993
 40
15.75999999999993
 40
16.75999999999993
 40
16.75999999999993
 40
16.75999999999993
 40
17.75999999999993
 40
17.75999999999993
 40
17.75999999999993
 40
18.75999999999993
 40
18.75999999999993
 40
18.75999999999993
 40
19.75999999999993
 40
19.75999999999993
 40
19.75999999999993
 40
20.75999999999993
 40
20.75999999999993
 40
20.75999999999993
 40
28.84999999999991
 40
28.84999999999991
 40
28.84999999999991
 40
28.84999999999991
 10
285.0536872222222
 20
111.3371605555556
 30
0.0
 10
285.0536872222222
 20
110.885605
 30
0.0
 10
285.0536872222222
 20
110.4340494444444
 30
0.0
 10
285.0536872222222
 20
109.9824938888889
 30
0.0
 10
286.2202057407407
 20
109.9824938888889
 30
0.0
 10
287.3867242592592
 20
109.9824938888889
 30
0.0
 10
288.5532427777778
 20
109.9824938888889
 30
0.0
 10
288.7296316666666
 20
109.9824938888889
 30
0.0
 10
289.3364094444444
 20
110.0812716666667
 30
0.0
 10
290.3030205555555
 20
110.0812716666667
 30
0.0
 10
291.2731594444444
 20
110.0812716666667
 30
0.0
 10
292.0527983333333
 20
110.0389383333333
 30
0.0
 10
292.0527983333333
 20
109.9824938888889
 30
0.0
 10
292.0527983333333
 20
108.3244383333333
 30
0.0
 10
290.7122427777778
 20
106.9838827777778
 30
0.0
 10
289.0541872222222
 20
106.9838827777778
 30
0.0
 10
284.3304927777777
 20
106.9838827777778
 30
0.0
 10
289.1706038888889
 20
103.964105
 30
0.0
 10
284.3657705555555
 20
101.4664383333333
 30
0.0
 10
279.5574094444444
 20
98.96877166666665
 30
0.0
 10
280.6474927777778
 20
97.36363277777777
 30
0.0
 10
274.6714372222222
 20
99.05696611111111
 30
0.0
 10
268.6953816666667
 20
100.7502994444444
 30
0.0
 10
271.1224927777778
 20
101.3041605555556
 30
0.0
 10
274.9818816666667
 20
102.4894938888889
 30
0.0
 10
278.8412705555555
 20
103.6712994444444
 30
0.0
 10
278.0545761111111
 20
107.361355
 30
0.0
 10
278.0545761111111
 20
109.9824938888889
 30
0.0
 10
278.0545761111111
 20
110.933817962963
 30
0.0
 10
278.0545761111111
 20
111.885142037037
 30
0.0
 10
278.0545761111111
 20
112.8364661111111
 30
0.0
  0
POLYLINE
  5
DE
330
1F
100
AcDbEntity
  8
DEFAULT
 62
   250
100
AcDb2dPolyline
 66
     1
 10
0.0
 20
0.0
 30
0.0
  0
VERTEX
  5
DF
330
DE
100
AcDbEntity
  8
DEFAULT
 62
   250
100
AcDbVertex
100
AcDb2dVertex
 10
68.98163749999999
 20
212.9040347222223
 30
0.0
  0
VERTEX
  5
E0
330
DE
100
AcDbEntity
  8
DEFAULT
 62
   250
100
AcDbVertex
100
AcDb2dVertex
 10
67.81817638888889
 20
213.6762652777778
 30
0.0
  0
SEQEND
  5
E1
330
DE
100
AcDbEntity
  8
DEFAULT
 62
   250
  0
POLYLINE
  5
E2
330
1F
100
AcDbEntity
  8
DEFAULT
 62
   250
100
AcDb2dPolyline
 66
     1
 10
0.0
 20
0.0
 30
0.0
  0
VERTEX
  5
E3
330
E2
100
AcDbEntity
  8
DEFAULT
 62
   250
100
AcDbVertex
100
AcDb2dVertex
 10
67.81824694444444
 20
212.0961736111111
 30
0.0
  0
VERTEX
  5
E4
330
E2
100
AcDbEntity
  8
DEFAULT
 62
   250
100
AcDbVertex
100
AcDb2dVertex
 10
68.97853305555554
 20
212.9040347222222
 30
0.0
  0
VERTEX
  5
E5
330
E2
100
AcDbEntity
  8
DEFAULT
 62
   250
100
AcDbVertex
100
AcDb2dVertex
 10
69.83931083333333
 20
212.9040347222222
 30
0.0
  0
SEQEND
  5
E6
330
E2
100
AcDbEntity
  8
DEFAULT
 62
   250
  0
SPLINE
  5
E7
330
1F
100
AcDbEntity
  8
DEFAULT
 62
   250
100
AcDbSpline
210
0.0
220
0.0
230
1.0
 70
     8
 71
     3
 72
    17
 73
    13
 74
     0
 42
0.000000001
 43
0.0000000001
 40
0.0
 40
0.0
 40
0.0
 40
0.0
 40
6.000044166504154
 40
6.000044166504154
 40
6.000044166504154
 40
7.000044166504154
 40
7.000044166504154
 40
7.000044166504154
 40
8.000044166504154
 40
8.000044166504154
 40
8.000044166504154
 40
13.99979124450673
 40
13.99979124450673
 40
13.99979124450673
 40
13.99979124450673
 10
60.15002222222223
 20
214.3380411111111
 30
0.0
 10
60.35968981481482
 20
215.0117290740741
 30
0.0
 10
60.56935740740742
 20
215.685417037037
 30
0.0
 10
60.779025
 20
216.359105
 30
0.0
 10
60.84534722222222
 20
216.1068688888889
 30
0.0
 10
61.36922222222221
 20
214.3380411111111
 30
0.0
 10
61.36922222222221
 20
214.3380411111111
 30
0.0
 10
61.36922222222221
 20
214.3380411111111
 30
0.0
 10
61.89274444444443
 20
216.1068688888889
 30
0.0
 10
61.95941944444444
 20
216.359105
 30
0.0
 10
62.16896944444443
 20
215.685417037037
 30
0.0
 10
62.37851944444443
 20
215.0117290740741
 30
0.0
 10
62.58806944444444
 20
214.3380411111111
 30
0.0
  0
SPLINE
  5
E8
330
1F
100
AcDbEntity
  8
DEFAULT
 62
     1
100
AcDbSpline
210
0.0
220
0.0
230
1.0
 70
     8
 71
     3
 72
    35
 73
    31
 74
     0
 42
0.000000001
 43
0.0000000001
 40
0.0
 40
0.0
 40
0.0
 40
0.0
 40
3.819999999999993
 40
3.819999999999993
 40
3.819999999999993
 40
13.73999999999995
 40
13.73999999999995
 40
13.73999999999995
 40
14.73999999999995
 40
14.73999999999995
 40
14.73999999999995
 40
15.73999999999995
 40
15.73999999999995
 40
15.73999999999995
 40
16.73999999999995
 40
16.73999999999995
 40
16.73999999999995
 40
17.73999999999995
 40
17.73999999999995
 40
17.73999999999995
 40
18.73999999999995
 40
18.73999999999995
 40
18.73999999999995
 40
19.73999999999995
 40
19.73999999999995
 40
19.73999999999995
 40
29.65999999999994
 40
29.65999999999994
 40
29.65999999999994
 40
33.48999999999987
 40
33.48999999999987
 40
33.48999999999987
 40
33.48999999999987
 10
61.52059916666666
 20
218.3899761111111
 30
0.0
 10
61.96980287037037
 20
218.3899761111111
 30
0.0
 10
62.41900657407407
 20
218.3899761111111
 30
0.0
 10
62.86821027777777
 20
218.3899761111111
 30
0.0
 10
62.86821027777777
 20
219.5564946296296
 30
0.0
 10
62.86821027777777
 20
220.7230131481482
 30
0.0
 10
62.86821027777778
 20
221.8895316666666
 30
0.0
 10
62.86821027777778
 20
222.0659205555556
 30
0.0
 10
62.76943249999999
 20
222.6726983333333
 30
0.0
 10
62.77296027777778
 20
223.6393094444445
 30
0.0
 10
62.77296027777778
 20
224.5918094444445
 30
0.0
 10
62.81176583333333
 20
226.9871705555556
 30
0.0
 10
62.86821027777778
 20
227.0612538888889
 30
0.0
 10
79.21946027777777
 20
227.0612538888889
 30
0.0
 10
67.01687694444445
 20
217.3845594444444
 30
0.0
 10
75.86807138888888
 20
217.3845594444444
 30
0.0
 10
77.52612694444444
 20
217.3845594444444
 30
0.0
 10
78.87021027777777
 20
216.0440038888889
 30
0.0
 10
78.87021027777777
 20
214.3859483333333
 30
0.0
 10
78.87021027777777
 20
214.3295038888889
 30
0.0
 10
78.08704361111111
 20
214.2871705555555
 30
0.0
 10
77.12043249999999
 20
214.2871705555555
 30
0.0
 10
76.15382138888889
 20
214.2871705555555
 30
0.0
 10
75.54351583333333
 20
214.3859483333333
 30
0.0
 10
75.37065472222221
 20
214.3859483333333
 30
0.0
 10
74.2041362037037
 20
214.3859483333333
 30
0.0
 10
73.03761768518518
 20
214.3859483333333
 30
0.0
 10
71.87109916666667
 20
214.3859483333333
 30
0.0
 10
71.87109916666667
 20
213.9355687037037
 30
0.0
 10
71.87109916666667
 20
213.4851890740741
 30
0.0
 10
71.87109916666667
 20
213.0348094444444
 30
0.0
  0
SPLINE
  5
E9
330
1F
100
AcDbEntity
  8
DEFAULT
 62
     1
100
AcDbSpline
210
0.0
220
0.0
230
1.0
 70
     8
 71
     3
 72
    44
 73
    40
 74
     0
 42
0.000000001
 43
0.0000000001
 40
0.0
 40
0.0
 40
0.0
 40
0.0
 40
3.82000000000005
 40
3.82000000000005
 40
3.82000000000005
 40
13.74000000000004
 40
13.74000000000004
 40
13.74000000000004
 40
14.74000000000004
 40
14.74000000000004
 40
14.74000000000004
 40
15.74000000000004
 40
15.74000000000004
 40
15.74000000000004
 40
16.74000000000004
 40
16.74000000000004
 40
16.74000000000004
 40
17.74000000000004
 40
17.74000000000004
 40
17.74000000000004
 40
18.74000000000004
 40
18.74000000000004
 40
18.74000000000004
 40
19.74000000000004
 40
19.74000000000004
 40
19.74000000000004
 40
20.74000000000004
 40
20.74000000000004
 40
20.74000000000004
 40
21.74000000000004
 40
21.74000000000004
 40
21.74000000000004
 40
22.74000000000004
 40
22.74000000000004
 40
22.74000000000004
 40
32.66000000000011
 40
32.66000000000011
 40
32.66000000000011
 40
36.49000000000012
 40
36.49000000000012
 40
36.49000000000012
 40
36.49000000000012
 10
71.87109916666665
 20
212.7349483333333
 30
0.0
 10
71.87109916666665
 20
212.2857446296296
 30
0.0
 10
71.87109916666665
 20
211.8365409259259
 30
0.0
 10
71.87109916666665
 20
211.3873372222222
 30
0.0
 10
73.03761768518517
 20
211.3873372222222
 30
0.0
 10
74.2041362037037
 20
211.3873372222222
 30
0.0
 10
75.37065472222221
 20
211.3873372222222
 30
0.0
 10
75.54351583333332
 20
211.3873372222222
 30
0.0
 10
76.15382138888889
 20
211.486115
 30
0.0
 10
77.12043249999999
 20
211.486115
 30
0.0
 10
78.0870436111111
 20
211.486115
 30
0.0
 10
78.87021027777777
 20
211.4402538888889
 30
0.0
 10
78.87021027777777
 20
211.3873372222222
 30
0.0
 10
78.87021027777777
 20
209.7257538888889
 30
0.0
 10
77.52612694444443
 20
208.3851983333333
 30
0.0
 10
75.86807138888888
 20
208.3851983333333
 30
0.0
 10
73.27515472222221
 20
208.3851983333333
 30
0.0
 10
69.38401583333332
 20
208.184115
 30
0.0
 10
61.37596027777777
 20
208.184115
 30
0.0
 10
57.24493249999999
 20
208.184115
 30
0.0
 10
53.81593249999999
 20
210.4454205555555
 30
0.0
 10
51.62518249999999
 20
213.6733372222222
 30
0.0
 10
50.34459916666665
 20
215.5606983333333
 30
0.0
 10
50.4645436111111
 20
216.7636705555555
 30
0.0
 10
50.4645436111111
 20
219.7658094444444
 30
0.0
 10
50.4645436111111
 20
226.8636983333333
 30
0.0
 10
53.50901583333333
 20
227.0647816666666
 30
0.0
 10
59.86959916666665
 20
227.0647816666666
 30
0.0
 10
59.92251583333332
 20
227.0647816666666
 30
0.0
 10
59.97190472222221
 20
224.6059205555555
 30
0.0
 10
59.97190472222221
 20
223.6393094444444
 30
0.0
 10
59.97190472222221
 20
222.6726983333333
 30
0.0
 10
59.86959916666665
 20
222.0659205555556
 30
0.0
 10
59.86959916666665
 20
221.8895316666666
 30
0.0
 10
59.86959916666665
 20
220.7230131481481
 30
0.0
 10
59.86959916666665
 20
219.5564946296296
 30
0.0
 10
59.86959916666665
 20
218.3899761111111
 30
0.0
 10
60.31997879629628
 20
218.3899761111111
 30
0.0
 10
60.77035842592591
 20
218.3899761111111
 30
0.0
 10
61.22073805555554
 20
218.3899761111111
 30
0.0
  0
POLYLINE
  5
EA
330
1F
100
AcDbEntity
  8
DEFAULT
 62
   250
100
AcDb2dPolyline
 66
     1
 10
0.0
 20
0.0
 30
0.0
  0
VERTEX
  5
EB
330
EA
100
AcDbEntity
  8
DEFAULT
 62
   250
100
AcDbVertex
100
AcDb2dVertex
 10
75.49515000000001
 20
241.4178983333333
 30
0.0
  0
VERTEX
  5
EC
330
EA
100
AcDbEntity
  8
DEFAULT
 62
   250
100
AcDbVertex
100
AcDb2dVertex
 10
76.65861111111111
 20
240.6456677777778
 30
0.0
  0
SEQEND
  5
ED
330
EA
100
AcDbEntity
  8
DEFAULT
 62
   250
  0
POLYLINE
  5
EE
330
1F
100
AcDbEntity
  8
DEFAULT
 62
   250
100
AcDb2dPolyline
 66
     1
 10
0.0
 20
0.0
 30
0.0
  0
VERTEX
  5
EF
330
EE
100
AcDbEntity
  8
DEFAULT
 62
   250
100
AcDbVertex
100
AcDb2dVertex
 10
76.65854055555553
 20
242.2257594444444
 30
0.0
  0
VERTEX
  5
F0
330
EE
100
AcDbEntity
  8
DEFAULT
 62
   250
100
AcDbVertex
100
AcDb2dVertex
 10
75.49825444444444
 20
241.4178983333333
 30
0.0
  0
VERTEX
  5
F1
330
EE
100
AcDbEntity
  8
DEFAULT
 62
   250
100
AcDbVertex
100
AcDb2dVertex
 10
74.63747666666666
 20
241.4178983333333
 30
0.0
  0
SEQEND
  5
F2
330
EE
100
AcDbEntity
  8
DEFAULT
 62
   250
  0
SPLINE
  5
F3
330
1F
100
AcDbEntity
  8
DEFAULT
 62
   250
100
AcDbSpline
210
0.0
220
0.0
230
1.0
 70
     8
 71
     3
 72
    17
 73
    13
 74
     0
 42
0.000000001
 43
0.0000000001
 40
0.0
 40
0.0
 40
0.0
 40
0.0
 40
6.000044166504146
 40
6.000044166504146
 40
6.000044166504146
 40
7.000044166504146
 40
7.000044166504146
 40
7.000044166504146
 40
8.000044166504146
 40
8.000044166504146
 40
8.000044166504146
 40
13.99979124450673
 40
13.99979124450673
 40
13.99979124450673
 40
13.99979124450673
 10
84.32676527777778
 20
239.9838919444445
 30
0.0
 10
84.11709768518519
 20
239.3102039814815
 30
0.0
 10
83.9074300925926
 20
238.6365160185186
 30
0.0
 10
83.69776250000001
 20
237.9628280555556
 30
0.0
 10
83.63144027777777
 20
238.2150641666667
 30
0.0
 10
83.10756527777777
 20
239.9838919444445
 30
0.0
 10
83.10756527777777
 20
239.9838919444445
 30
0.0
 10
83.10756527777777
 20
239.9838919444445
 30
0.0
 10
82.58404305555554
 20
238.2150641666667
 30
0.0
 10
82.51736805555555
 20
237.9628280555555
 30
0.0
 10
82.30781805555556
 20
238.6365160185185
 30
0.0
 10
82.09826805555555
 20
239.3102039814815
 30
0.0
 10
81.88871805555554
 20
239.9838919444445
 30
0.0
  0
SPLINE
  5
F4
330
1F
100
AcDbEntity
  8
DEFAULT
 62
     1
100
AcDbSpline
210
0.0
220
0.0
230
1.0
 70
     8
 71
     3
 72
    35
 73
    31
 74
     0
 42
0.000000001
 43
0.0000000001
 40
0.0
 40
0.0
 40
0.0
 40
0.0
 40
3.82000000000005
 40
3.82000000000005
 40
3.82000000000005
 40
13.74000000000004
 40
13.74000000000004
 40
13.74000000000004
 40
14.74000000000004
 40
14.74000000000004
 40
14.74000000000004
 40
15.74000000000004
 40
15.74000000000004
 40
15.74000000000004
 40
16.74000000000004
 40
16.74000000000004
 40
16.74000000000004
 40
17.74000000000004
 40
17.74000000000004
 40
17.74000000000004
 40
18.74000000000004
 40
18.74000000000004
 40
18.74000000000004
 40
19.74000000000004
 40
19.74000000000004
 40
19.74000000000004
 40
29.66000000000011
 40
29.66000000000011
 40
29.66000000000011
 40
33.4800000000001
 40
33.4800000000001
 40
33.4800000000001
 40
33.4800000000001
 10
72.60759333333333
 20
241.2846188888889
 30
0.0
 10
72.60759333333333
 20
240.8354151851852
 30
0.0
 10
72.60759333333333
 20
240.3862114814815
 30
0.0
 10
72.60759333333333
 20
239.9370077777777
 30
0.0
 10
71.44107481481483
 20
239.9370077777777
 30
0.0
 10
70.2745562962963
 20
239.9370077777777
 30
0.0
 10
69.10803777777778
 20
239.9370077777778
 30
0.0
 10
68.93517666666666
 20
239.9370077777778
 30
0.0
 10
68.32487111111111
 20
240.0357855555555
 30
0.0
 10
67.35826
 20
240.0357855555555
 30
0.0
 10
66.39164888888888
 20
240.0357855555555
 30
0.0
 10
65.60848222222222
 20
239.9934522222222
 30
0.0
 10
65.60848222222222
 20
239.9370077777778
 30
0.0
 10
65.60848222222222
 20
238.2789522222222
 30
0.0
 10
66.95256555555555
 20
236.9383966666666
 30
0.0
 10
68.6106211111111
 20
236.9383966666666
 30
0.0
 10
77.46181555555555
 20
236.9383966666666
 30
0.0
 10
65.25923222222222
 20
227.2617022222222
 30
0.0
 10
81.61048222222222
 20
227.2617022222222
 30
0.0
 10
81.66692666666667
 20
227.3357855555556
 30
0.0
 10
81.70573222222221
 20
229.7311466666667
 30
0.0
 10
81.70573222222221
 20
230.6836466666667
 30
0.0
 10
81.70926
 20
231.6502577777778
 30
0.0
 10
81.61048222222222
 20
232.2570355555555
 30
0.0
 10
81.61048222222222
 20
232.4334244444444
 30
0.0
 10
81.61048222222222
 20
233.599942962963
 30
0.0
 10
81.61048222222222
 20
234.7664614814815
 30
0.0
 10
81.61048222222222
 20
235.93298
 30
0.0
 10
82.05968592592592
 20
235.93298
 30
0.0
 10
82.50888962962962
 20
235.93298
 30
0.0
 10
82.95809333333332
 20
235.93298
 30
0.0
  0
SPLINE
  5
F5
330
1F
100
AcDbEntity
  8
DEFAULT
 62
     1
100
AcDbSpline
210
0.0
220
0.0
230
1.0
 70
     8
 71
     3
 72
    44
 73
    40
 74
     0
 42
0.000000001
 43
0.0000000001
 40
0.0
 40
0.0
 40
0.0
 40
0.0
 40
3.830000000000041
 40
3.830000000000041
 40
3.830000000000041
 40
13.75000000000003
 40
13.75000000000003
 40
13.75000000000003
 40
14.75000000000003
 40
14.75000000000003
 40
14.75000000000003
 40
15.75000000000003
 40
15.75000000000003
 40
15.75000000000003
 40
16.75000000000003
 40
16.75000000000003
 40
16.75000000000003
 40
17.75000000000003
 40
17.75000000000003
 40
17.75000000000003
 40
18.75000000000003
 40
18.75000000000003
 40
18.75000000000003
 40
19.75000000000003
 40
19.75000000000003
 40
19.75000000000003
 40
20.75000000000003
 40
20.75000000000003
 40
20.75000000000003
 40
21.75000000000003
 40
21.75000000000003
 40
21.75000000000003
 40
22.75000000000003
 40
22.75000000000003
 40
22.75000000000003
 40
32.6700000000001
 40
32.6700000000001
 40
32.6700000000001
 40
36.50000000000011
 40
36.50000000000011
 40
36.50000000000011
 40
36.50000000000011
 10
72.60759333333333
 20
241.5845152777778
 30
0.0
 10
72.60759333333333
 20
242.0348949074074
 30
0.0
 10
72.60759333333333
 20
242.485274537037
 30
0.0
 10
72.60759333333333
 20
242.9356541666667
 30
0.0
 10
71.44107481481483
 20
242.9356541666667
 30
0.0
 10
70.2745562962963
 20
242.9356541666667
 30
0.0
 10
69.10803777777778
 20
242.9356541666667
 30
0.0
 10
68.93517666666666
 20
242.9356541666667
 30
0.0
 10
68.32487111111111
 20
242.8368763888889
 30
0.0
 10
67.35826
 20
242.8368763888889
 30
0.0
 10
66.39164888888888
 20
242.8368763888889
 30
0.0
 10
65.60848222222222
 20
242.8827375
 30
0.0
 10
65.60848222222222
 20
242.9356541666667
 30
0.0
 10
65.60848222222222
 20
244.5972375
 30
0.0
 10
66.95256555555555
 20
245.9377930555555
 30
0.0
 10
68.6106211111111
 20
245.9377930555555
 30
0.0
 10
71.20353777777777
 20
245.9377930555555
 30
0.0
 10
75.09467666666666
 20
246.1388763888889
 30
0.0
 10
83.10273222222222
 20
246.1388763888889
 30
0.0
 10
87.23375999999999
 20
246.1388763888889
 30
0.0
 10
90.66275999999999
 20
243.8775708333333
 30
0.0
 10
92.85350999999999
 20
240.6496541666667
 30
0.0
 10
94.13409333333333
 20
238.7622930555555
 30
0.0
 10
94.01414888888888
 20
237.5593208333333
 30
0.0
 10
94.01414888888888
 20
234.5571819444444
 30
0.0
 10
94.01414888888888
 20
227.4592930555555
 30
0.0
 10
90.96967666666666
 20
227.2582097222222
 30
0.0
 10
84.60909333333333
 20
227.2582097222222
 30
0.0
 10
84.55617666666666
 20
227.2582097222222
 30
0.0
 10
84.50678777777776
 20
229.7170708333333
 30
0.0
 10
84.50678777777776
 20
230.6836819444444
 30
0.0
 10
84.50678777777776
 20
231.6502930555556
 30
0.0
 10
84.60909333333333
 20
232.2570708333333
 30
0.0
 10
84.60909333333333
 20
232.4334597222222
 30
0.0
 10
84.60909333333333
 20
233.5999782407407
 30
0.0
 10
84.60909333333333
 20
234.7664967592592
 30
0.0
 10
84.60909333333333
 20
235.9330152777778
 30
0.0
 10
84.1587137037037
 20
235.9330152777778
 30
0.0
 10
83.70833407407407
 20
235.9330152777778
 30
0.0
 10
83.25795444444444
 20
235.9330152777778
 30
0.0
  0
SPLINE
  5
F6
330
1F
100
AcDbEntity
  8
DEFAULT
 62
   250
100
AcDbSpline
210
0.0
220
0.0
230
1.0
 70
     8
 71
     3
 72
    20
 73
    16
 74
     0
 42
0.000000001
 43
0.0000000001
 40
0.0
 40
0.0
 40
0.0
 40
0.0
 40
1.0
 40
1.0
 40
1.0
 40
2.0
 40
2.0
 40
2.0
 40
3.0
 40
3.0
 40
3.0
 40
4.0
 40
4.0
 40
4.0
 40
5.0
 40
5.0
 40
5.0
 40
5.0
 10
287.9450538888889
 20
52.30805444444444
 30
0.0
 10
287.9450538888889
 20
52.30805444444444
 30
0.0
 10
287.9510511111111
 20
54.02819888888889
 30
0.0
 10
287.9450538888889
 20
54.16613499999999
 30
0.0
 10
288.0381872222222
 20
54.3040711111111
 30
0.0
 10
288.1860011111111
 20
54.38591555555555
 30
0.0
 10
288.390965
 20
54.38591555555555
 30
0.0
 10
288.6943538888889
 20
54.38591555555555
 30
0.0
 10
288.9226011111111
 20
54.15449333333333
 30
0.0
 10
288.9226011111111
 20
53.81053499999999
 30
0.0
 10
288.9226011111111
 20
53.40378222222221
 30
0.0
 10
288.6477872222222
 20
53.20305166666667
 30
0.0
 10
288.3521594444445
 20
53.20305166666667
 30
0.0
 10
288.1860011111111
 20
53.20305166666667
 30
0.0
 10
288.0201955555555
 20
53.26831555555555
 30
0.0
 10
287.9450538888889
 20
53.38049888888888
 30
0.0
  0
SPLINE
  5
F7
330
1F
100
AcDbEntity
  8
DEFAULT
 62
   250
100
AcDbSpline
210
0.0
220
0.0
230
1.0
 70
    11
 71
     3
 72
    17
 73
    13
 74
     0
 42
0.000000001
 43
0.0000000001
 40
0.0
 40
0.0
 40
0.0
 40
0.0
 40
1.0
 40
1.0
 40
1.0
 40
2.0
 40
2.0
 40
2.0
 40
3.0
 40
3.0
 40
3.0
 40
4.0
 40
4.0
 40
4.0
 40
4.0
 10
264.414635
 20
59.65842638888888
 30
0.0
 10
264.5536294444444
 20
60.17700972222222
 30
0.0
 10
264.9734349999999
 20
60.30647916666666
 30
0.0
 10
265.3121016666666
 20
60.2154625
 30
0.0
 10
265.6916905555555
 20
60.1138625
 30
0.0
 10
265.9097072222222
 20
59.75755694444444
 30
0.0
 10
265.7908211111111
 20
59.31446805555555
 30
0.0
 10
265.6652322222222
 20
58.8452736111111
 30
0.0
 10
265.284585
 20
58.65230416666666
 30
0.0
 10
264.8961766666666
 20
58.75637361111111
 30
0.0
 10
264.4936572222222
 20
58.8643236111111
 30
0.0
 10
264.2996294444444
 20
59.22980138888888
 30
0.0
 10
264.414635
 20
59.65842638888888
 30
0.0
  0
SPLINE
  5
F8
330
1F
100
AcDbEntity
  8
DEFAULT
 62
   250
100
AcDbSpline
210
0.0
220
0.0
230
1.0
 70
     8
 71
     3
 72
    14
 73
    10
 74
     0
 42
0.000000001
 43
0.0000000001
 40
0.0
 40
0.0
 40
0.0
 40
0.0
 40
1.0
 40
1.0
 40
1.0
 40
2.0
 40
2.0
 40
2.0
 40
4.45658563864562
 40
4.45658563864562
 40
4.45658563864562
 40
4.45658563864562
 10
264.9522330555556
 20
50.20874444444444
 30
0.0
 10
264.9670497222222
 20
50.36361388888889
 30
0.0
 10
265.0721775
 20
50.55164444444445
 30
0.0
 10
265.2944275
 20
50.64160277777778
 30
0.0
 10
265.4806941666666
 20
50.71709722222222
 30
0.0
 10
265.8147747222222
 20
50.72309444444444
 30
0.0
 10
266.0013941666667
 20
50.26166111111111
 30
0.0
 10
266.109814537037
 20
49.99390277777778
 30
0.0
 10
266.2182349074073
 20
49.72614444444444
 30
0.0
 10
266.3266552777777
 20
49.45838611111111
 30
0.0
  0
SPLINE
  5
F9
330
1F
100
AcDbEntity
  8
DEFAULT
 62
   250
100
AcDbSpline
210
0.0
220
0.0
230
1.0
 70
     8
 71
     3
 72
    11
 73
     7
 74
     0
 42
0.000000001
 43
0.0000000001
 40
0.0
 40
0.0
 40
0.0
 40
0.0
 40
3.0003061510452
 40
3.0003061510452
 40
3.0003061510452
 40
4.0003061510452
 40
4.0003061510452
 40
4.0003061510452
 40
4.0003061510452
 10
265.4080219444444
 20
49.08645249999998
 30
0.0
 10
265.2756126851851
 20
49.41347749999997
 30
0.0
 10
265.1432034259259
 20
49.74050249999996
 30
0.0
 10
265.0107941666666
 20
50.06752749999996
 30
0.0
 10
264.9547025
 20
50.20652194444444
 30
0.0
 10
264.9056663888889
 20
50.31905805555554
 30
0.0
 10
264.8520441666666
 20
50.42700805555555
 30
0.0
  0
SPLINE
  5
FA
330
1F
100
AcDbEntity
  8
DEFAULT
 62
     1
100
AcDbSpline
210
0.0
220
0.0
230
1.0
 70
     8
 71
     3
 72
    44
 73
    40
 74
     0
 42
0.000000001
 43
0.0000000001
 40
0.0
 40
0.0
 40
0.0
 40
0.0
 40
3.82049734982245
 40
3.82049734982245
 40
3.82049734982245
 40
4.82049734982245
 40
4.82049734982245
 40
4.82049734982245
 40
5.82049734982245
 40
5.82049734982245
 40
5.82049734982245
 40
6.82049734982245
 40
6.82049734982245
 40
6.82049734982245
 40
7.82049734982245
 40
7.82049734982245
 40
7.82049734982245
 40
8.82049734982245
 40
8.82049734982245
 40
8.82049734982245
 40
9.82049734982245
 40
9.82049734982245
 40
9.82049734982245
 40
28.69049734982245
 40
28.69049734982245
 40
28.69049734982245
 40
29.69049734982245
 40
29.69049734982245
 40
29.69049734982245
 40
30.69049734982245
 40
30.69049734982245
 40
30.69049734982245
 40
31.69049734982245
 40
31.69049734982245
 40
31.69049734982245
 40
41.61049734982244
 40
41.61049734982244
 40
41.61049734982244
 40
45.43049734982249
 40
45.43049734982249
 40
45.43049734982249
 40
45.43049734982249
 10
265.9491125
 20
62.06295972222222
 30
0.0
 10
266.3830291666666
 20
61.94654305555556
 30
0.0
 10
266.8169458333334
 20
61.83012638888889
 30
0.0
 10
267.2508625
 20
61.71370972222223
 30
0.0
 10
267.2508625
 20
61.71370972222221
 30
0.0
 10
267.9317236111111
 20
64.24665416666666
 30
0.0
 10
268.1575013888889
 20
65.09332083333334
 30
0.0
 10
268.2033625
 20
65.26265416666666
 30
0.0
 10
268.2633347222222
 20
65.8764875
 30
0.0
 10
268.5138069444444
 20
66.80782083333332
 30
0.0
 10
268.7607513888889
 20
67.73562638888889
 30
0.0
 10
269.0076958333333
 20
68.47293194444444
 30
0.0
 10
269.0641402777778
 20
68.47293194444444
 30
0.0
 10
270.6657513888889
 20
68.04254305555554
 30
0.0
 10
271.6147236111111
 20
66.40212638888889
 30
0.0
 10
271.1843347222222
 20
64.80051527777778
 30
0.0
 10
269.8825847222222
 20
59.94276527777777
 30
0.0
 10
271.2866402777777
 20
47.59907083333333
 30
0.0
 10
279.7039180555555
 20
55.6529875
 30
0.0
 10
284.3394180555555
 20
60.08740416666667
 30
0.0
 10
292.9330847222222
 20
60.41901527777777
 30
0.0
 10
292.9330847222222
 20
53.29643194444444
 30
0.0
 10
292.9330847222222
 20
51.07745972222222
 30
0.0
 10
292.9330847222222
 20
48.8584875
 30
0.0
 10
292.9330847222222
 20
46.63951527777778
 30
0.0
 10
292.9330847222222
 20
44.98145972222222
 30
0.0
 10
291.5890013888888
 20
43.63737638888889
 30
0.0
 10
289.9309458333333
 20
43.63737638888889
 30
0.0
 10
289.8780291666666
 20
43.63737638888889
 30
0.0
 10
289.8321680555555
 20
44.42054305555556
 30
0.0
 10
289.8321680555555
 20
45.38715416666666
 30
0.0
 10
289.8321680555555
 20
46.35729305555555
 30
0.0
 10
289.9309458333333
 20
46.96407083333334
 30
0.0
 10
289.9309458333333
 20
47.14045972222223
 30
0.0
 10
289.9309458333333
 20
48.30697824074074
 30
0.0
 10
289.9309458333333
 20
49.47349675925926
 30
0.0
 10
289.9309458333333
 20
50.64001527777778
 30
0.0
 10
289.4817421296295
 20
50.64001527777778
 30
0.0
 10
289.0325384259258
 20
50.64001527777778
 30
0.0
 10
288.5833347222222
 20
50.64001527777778
 30
0.0
  0
SPLINE
  5
FB
330
1F
100
AcDbEntity
  8
DEFAULT
 62
     1
100
AcDbSpline
210
0.0
220
0.0
230
1.0
 70
     8
 71
     3
 72
    71
 73
    67
 74
     0
 42
0.000000001
 43
0.0000000001
 40
0.0
 40
0.0
 40
0.0
 40
0.0
 40
3.820497349822568
 40
3.820497349822568
 40
3.820497349822568
 40
4.820497349822568
 40
4.820497349822568
 40
4.820497349822568
 40
5.820497349822568
 40
5.820497349822568
 40
5.820497349822568
 40
6.820497349822568
 40
6.820497349822568
 40
6.820497349822568
 40
7.820497349822568
 40
7.820497349822568
 40
7.820497349822568
 40
24.778578019521
 40
24.778578019521
 40
24.778578019521
 40
25.778578019521
 40
25.778578019521
 40
25.778578019521
 40
42.74016108243114
 40
42.74016108243114
 40
42.74016108243114
 40
43.74016108243114
 40
43.74016108243114
 40
43.74016108243114
 40
44.74016108243114
 40
44.74016108243114
 40
44.74016108243114
 40
45.74016108243114
 40
45.74016108243114
 40
45.74016108243114
 40
46.74016108243114
 40
46.74016108243114
 40
46.74016108243114
 40
55.24136687925785
 40
55.24136687925785
 40
55.24136687925785
 40
56.24136687925785
 40
56.24136687925785
 40
56.24136687925785
 40
57.24136687925785
 40
57.24136687925785
 40
57.24136687925785
 40
58.24136687925785
 40
58.24136687925785
 40
58.24136687925785
 40
59.24136687925785
 40
59.24136687925785
 40
59.24136687925785
 40
60.24136687925785
 40
60.24136687925785
 40
60.24136687925785
 40
61.24136687925785
 40
61.24136687925785
 40
61.24136687925785
 40
62.24136687925785
 40
62.24136687925785
 40
62.24136687925785
 40
72.16136687925786
 40
72.16136687925786
 40
72.16136687925786
 40
75.9913668792579
 40
75.9913668792579
 40
75.9913668792579
 40
75.9913668792579
 10
265.6563069444445
 20
62.14057083333333
 30
0.0
 10
265.2223902777778
 20
62.2569875
 30
0.0
 10
264.7884736111111
 20
62.37340416666666
 30
0.0
 10
264.3545569444444
 20
62.48982083333333
 30
0.0
 10
264.3545569444444
 20
62.48982083333333
 30
0.0
 10
265.0318902777778
 20
65.02629305555556
 30
0.0
 10
265.2611958333333
 20
65.86943194444444
 30
0.0
 10
265.3070569444444
 20
66.03876527777777
 30
0.0
 10
265.5610569444444
 20
66.59968194444444
 30
0.0
 10
265.8115291666667
 20
67.53454305555555
 30
0.0
 10
266.0620013888889
 20
68.46940416666666
 30
0.0
 10
266.2207513888889
 20
69.23493194444444
 30
0.0
 10
266.1678347222222
 20
69.24904305555555
 30
0.0
 10
264.5662236111111
 20
69.67943194444445
 30
0.0
 10
262.9222791666667
 20
68.73045972222222
 30
0.0
 10
262.4918902777778
 20
67.1288486111111
 30
0.0
 10
261.9756587962963
 20
65.20268194444442
 30
0.0
 10
261.4594273148148
 20
63.27651527777775
 30
0.0
 10
260.9431958333333
 20
61.3503486111111
 30
0.0
 10
259.8566402777777
 20
57.29693194444445
 30
0.0
 10
260.1670847222222
 20
51.34204305555555
 30
0.0
 10
261.6840291666667
 20
47.59907083333333
 30
0.0
 10
262.4330939814815
 20
45.75051527777777
 30
0.0
 10
263.1821587962963
 20
43.90195972222222
 30
0.0
 10
263.9312236111111
 20
42.05340416666667
 30
0.0
 10
264.5521125
 20
40.51529305555555
 30
0.0
 10
266.2983625
 20
39.77798749999999
 30
0.0
 10
267.8364736111111
 20
40.39887638888889
 30
0.0
 10
267.8893902777778
 20
40.42004305555555
 30
0.0
 10
267.6353902777778
 20
41.16087638888889
 30
0.0
 10
267.2720291666667
 20
42.05693194444444
 30
0.0
 10
266.9086680555556
 20
42.95651527777778
 30
0.0
 10
266.5876402777778
 20
43.48215416666666
 30
0.0
 10
266.5241402777778
 20
43.64443194444444
 30
0.0
 10
266.1925291666666
 20
44.45229305555555
 30
0.0
 10
265.2082791666667
 20
46.88645972222221
 30
0.0
 10
265.2082791666667
 20
46.88645972222221
 30
0.0
 10
266.1349087962963
 20
47.26158009259259
 30
0.0
 10
267.0615384259259
 20
47.63670046296295
 30
0.0
 10
267.9881680555555
 20
48.01182083333332
 30
0.0
 10
267.9881680555555
 20
48.01182083333332
 30
0.0
 10
268.9759458333333
 20
45.58118194444445
 30
0.0
 10
269.3040291666667
 20
44.76979305555555
 30
0.0
 10
269.3675291666667
 20
44.60751527777777
 30
0.0
 10
269.5051125
 20
44.00779305555555
 30
0.0
 10
269.8684736111111
 20
43.10820972222222
 30
0.0
 10
270.2318347222222
 20
42.21215416666666
 30
0.0
 10
270.5669736111111
 20
41.50307083333333
 30
0.0
 10
270.6163625
 20
41.5242375
 30
0.0
 10
272.1544736111111
 20
42.14865416666667
 30
0.0
 10
283.9337236111111
 20
50.14259861111111
 30
0.0
 10
283.9337236111111
 20
46.63951527777778
 30
0.0
 10
283.9337236111111
 20
44.98145972222222
 30
0.0
 10
285.2742791666666
 20
43.63737638888888
 30
0.0
 10
286.9323347222222
 20
43.63737638888888
 30
0.0
 10
286.9887791666667
 20
43.63737638888888
 30
0.0
 10
287.0311125
 20
44.42054305555556
 30
0.0
 10
287.0311125
 20
45.38715416666666
 30
0.0
 10
287.0311125
 20
46.35729305555555
 30
0.0
 10
286.9323347222222
 20
46.96407083333332
 30
0.0
 10
286.9323347222222
 20
47.14045972222222
 30
0.0
 10
286.9323347222222
 20
48.30697824074074
 30
0.0
 10
286.9323347222222
 20
49.47349675925926
 30
0.0
 10
286.9323347222222
 20
50.64001527777778
 30
0.0
 10
287.3827143518519
 20
50.64001527777778
 30
0.0
 10
287.8330939814815
 20
50.64001527777778
 30
0.0
 10
288.2834736111111
 20
50.64001527777778
 30
0.0
  0
SPLINE
  5
FC
330
1F
100
AcDbEntity
  8
DEFAULT
 62
   250
100
AcDbSpline
210
0.0
220
0.0
230
1.0
 70
     8
 71
     3
 72
    20
 73
    16
 74
     0
 42
0.000000001
 43
0.0000000001
 40
0.0
 40
0.0
 40
0.0
 40
0.0
 40
1.0
 40
1.0
 40
1.0
 40
2.0
 40
2.0
 40
2.0
 40
3.0
 40
3.0
 40
3.0
 40
4.0
 40
4.0
 40
4.0
 40
5.0
 40
5.0
 40
5.0
 40
5.0
 10
11.33196305555555
 20
52.30978305555555
 30
0.0
 10
11.33196305555555
 20
52.30978305555555
 30
0.0
 10
11.33796027777778
 20
54.02992749999999
 30
0.0
 10
11.33196305555555
 20
54.1678636111111
 30
0.0
 10
11.42509638888889
 20
54.30579972222221
 30
0.0
 10
11.57291027777778
 20
54.38764416666665
 30
0.0
 10
11.77787416666667
 20
54.38764416666665
 30
0.0
 10
12.08126305555556
 20
54.38764416666665
 30
0.0
 10
12.30951027777778
 20
54.15622194444444
 30
0.0
 10
12.30951027777778
 20
53.81261638888888
 30
0.0
 10
12.30951027777778
 20
53.40551083333332
 30
0.0
 10
12.03469638888889
 20
53.20478027777777
 30
0.0
 10
11.73906861111111
 20
53.20478027777777
 30
0.0
 10
11.57291027777778
 20
53.20478027777777
 30
0.0
 10
11.40710472222222
 20
53.27004416666666
 30
0.0
 10
11.33196305555555
 20
53.38222749999999
 30
0.0
  0
SPLINE
  5
FD
330
1F
100
AcDbEntity
  8
DEFAULT
 62
   250
100
AcDbSpline
210
0.0
220
0.0
230
1.0
 70
    11
 71
     3
 72
    17
 73
    13
 74
     0
 42
0.000000001
 43
0.0000000001
 40
0.0
 40
0.0
 40
0.0
 40
0.0
 40
1.0
 40
1.0
 40
1.0
 40
2.0
 40
2.0
 40
2.0
 40
3.0
 40
3.0
 40
3.0
 40
4.0
 40
4.0
 40
4.0
 40
4.0
 10
34.4700225
 20
59.29301916666667
 30
0.0
 10
34.33102805555555
 20
59.8116025
 30
0.0
 10
34.62983083333333
 20
60.13333583333333
 30
0.0
 10
34.9684975
 20
60.22435249999999
 30
0.0
 10
35.34808638888889
 20
60.32595249999999
 30
0.0
 10
35.71497527777777
 20
60.12628027777777
 30
0.0
 10
35.83386138888888
 20
59.68319138888889
 30
0.0
 10
35.95945027777778
 20
59.21399694444445
 30
0.0
 10
35.72626416666666
 20
58.85663305555556
 30
0.0
 10
35.33820861111111
 20
58.75291638888888
 30
0.0
 10
34.93568916666666
 20
58.64496638888889
 30
0.0
 10
34.58502805555555
 20
58.86439416666666
 30
0.0
 10
34.4700225
 20
59.29301916666667
 30
0.0
  0
SPLINE
  5
FE
330
1F
100
AcDbEntity
  8
DEFAULT
 62
   250
100
AcDbSpline
210
0.0
220
0.0
230
1.0
 70
     8
 71
     3
 72
    14
 73
    10
 74
     0
 42
0.000000001
 43
0.0000000001
 40
0.0
 40
0.0
 40
0.0
 40
0.0
 40
1.0
 40
1.0
 40
1.0
 40
2.0
 40
2.0
 40
2.0
 40
4.455658771083646
 40
4.455658771083646
 40
4.455658771083646
 40
4.455658771083646
 10
34.39248194444444
 20
50.5788436111111
 30
0.0
 10
34.5106625
 20
50.67973805555555
 30
0.0
 10
34.7170375
 20
50.74182694444443
 30
0.0
 10
34.93964027777778
 20
50.65186861111111
 30
0.0
 10
35.12555416666666
 20
50.57637416666666
 30
0.0
 10
35.36967638888888
 20
50.34812694444444
 30
0.0
 10
35.18305694444444
 20
49.88669361111111
 30
0.0
 10
35.07463657407407
 20
49.61905287037036
 30
0.0
 10
34.96621620370369
 20
49.35141212962963
 30
0.0
 10
34.85779583333333
 20
49.08377138888888
 30
0.0
  0
SPLINE
  5
FF
330
1F
100
AcDbEntity
  8
DEFAULT
 62
   250
100
AcDbSpline
210
0.0
220
0.0
230
1.0
 70
     8
 71
     3
 72
    11
 73
     7
 74
     0
 42
0.000000001
 43
0.0000000001
 40
0.0
 40
0.0
 40
0.0
 40
0.0
 40
3.000306151045232
 40
3.000306151045232
 40
3.000306151045232
 40
4.000306151045232
 40
4.000306151045232
 40
4.000306151045232
 40
4.000306151045232
 10
33.9391625
 20
49.45556388888888
 30
0.0
 10
34.07157175925926
 20
49.78258888888888
 30
0.0
 10
34.20398101851851
 20
50.10961388888887
 30
0.0
 10
34.33639027777777
 20
50.43663888888887
 30
0.0
 10
34.39248194444444
 20
50.57563333333333
 30
0.0
 10
34.43587361111111
 20
50.69063888888888
 30
0.0
 10
34.4725625
 20
50.80529166666665
 30
0.0
  0
SPLINE
  5
100
330
1F
100
AcDbEntity
  8
DEFAULT
 62
     1
100
AcDbSpline
210
0.0
220
0.0
230
1.0
 70
     8
 71
     3
 72
    71
 73
    67
 74
     0
 42
0.000000001
 43
0.0000000001
 40
0.0
 40
0.0
 40
0.0
 40
0.0
 40
3.82
 40
3.82
 40
3.82
 40
13.73999999999999
 40
13.73999999999999
 40
13.73999999999999
 40
14.73999999999999
 40
14.73999999999999
 40
14.73999999999999
 40
15.73999999999999
 40
15.73999999999999
 40
15.73999999999999
 40
16.73999999999999
 40
16.73999999999999
 40
16.73999999999999
 40
17.73999999999999
 40
17.73999999999999
 40
17.73999999999999
 40
18.73999999999999
 40
18.73999999999999
 40
18.73999999999999
 40
19.73999999999999
 40
19.73999999999999
 40
19.73999999999999
 40
20.73999999999999
 40
20.73999999999999
 40
20.73999999999999
 40
29.2412057968267
 40
29.2412057968267
 40
29.2412057968267
 40
30.2412057968267
 40
30.2412057968267
 40
30.2412057968267
 40
31.2412057968267
 40
31.2412057968267
 40
31.2412057968267
 40
32.2412057968267
 40
32.2412057968267
 40
32.2412057968267
 40
33.2412057968267
 40
33.2412057968267
 40
33.2412057968267
 40
50.20278885973684
 40
50.20278885973684
 40
50.20278885973684
 40
51.20278885973684
 40
51.20278885973684
 40
51.20278885973684
 40
68.16086952943527
 40
68.16086952943527
 40
68.16086952943527
 40
69.16086952943527
 40
69.16086952943527
 40
69.16086952943527
 40
70.16086952943527
 40
70.16086952943527
 40
70.16086952943527
 40
71.16086952943527
 40
71.16086952943527
 40
71.16086952943527
 40
72.16086952943527
 40
72.16086952943527
 40
72.16086952943527
 40
75.98136687925768
 40
75.98136687925768
 40
75.98136687925768
 40
75.98136687925768
 10
11.97193722222222
 20
50.64174388888888
 30
0.0
 10
12.42114092592593
 20
50.64174388888889
 30
0.0
 10
12.87034462962963
 20
50.64174388888889
 30
0.0
 10
13.31954833333333
 20
50.64174388888889
 30
0.0
 10
13.31954833333333
 20
49.47522537037037
 30
0.0
 10
13.31954833333333
 20
48.30870685185186
 30
0.0
 10
13.31954833333333
 20
47.14218833333334
 30
0.0
 10
13.31954833333333
 20
46.96579944444444
 30
0.0
 10
13.22077055555555
 20
46.35902166666667
 30
0.0
 10
13.22077055555555
 20
45.38888277777778
 30
0.0
 10
13.22077055555555
 20
44.42227166666667
 30
0.0
 10
13.26310388888889
 20
43.639105
 30
0.0
 10
13.31954833333333
 20
43.639105
 30
0.0
 10
14.97760388888889
 20
43.639105
 30
0.0
 10
16.31815944444444
 20
44.98318833333333
 30
0.0
 10
16.31815944444444
 20
46.64124388888889
 30
0.0
 10
16.31815944444444
 20
50.14432722222222
 30
0.0
 10
28.09740944444444
 20
42.15038277777778
 30
0.0
 10
29.63552055555555
 20
41.52596611111111
 30
0.0
 10
29.68490944444444
 20
41.50479944444444
 30
0.0
 10
30.02004833333333
 20
42.21388277777778
 30
0.0
 10
30.38340944444444
 20
43.10993833333333
 30
0.0
 10
30.74677055555555
 20
44.00952166666666
 30
0.0
 10
30.88435388888889
 20
44.60924388888889
 30
0.0
 10
30.94785388888889
 20
44.77152166666666
 30
0.0
 10
31.27593722222222
 20
45.58291055555555
 30
0.0
 10
32.263715
 20
48.01354944444444
 30
0.0
 10
32.263715
 20
48.01354944444444
 30
0.0
 10
33.19034462962963
 20
47.63842907407408
 30
0.0
 10
34.11697425925926
 20
47.26330870370371
 30
0.0
 10
35.04360388888889
 20
46.88818833333333
 30
0.0
 10
35.04360388888889
 20
46.88818833333333
 30
0.0
 10
34.05935388888889
 20
44.45402166666666
 30
0.0
 10
33.72774277777778
 20
43.64616055555555
 30
0.0
 10
33.66424277777777
 20
43.48388277777778
 30
0.0
 10
33.34321499999999
 20
42.95824388888889
 30
0.0
 10
32.97985388888888
 20
42.05866055555556
 30
0.0
 10
32.61649277777777
 20
41.16260499999999
 30
0.0
 10
32.36249277777777
 20
40.42177166666666
 30
0.0
 10
32.41540944444444
 20
40.400605
 30
0.0
 10
33.95352055555556
 20
39.77971611111111
 30
0.0
 10
35.69977055555555
 20
40.51702166666666
 30
0.0
 10
36.32065944444444
 20
42.05513277777777
 30
0.0
 10
37.06972425925925
 20
43.90368833333333
 30
0.0
 10
37.81878907407407
 20
45.75224388888889
 30
0.0
 10
38.56785388888888
 20
47.60079944444444
 30
0.0
 10
40.08479833333333
 20
51.34377166666667
 30
0.0
 10
40.39524277777777
 20
57.29866055555555
 30
0.0
 10
39.30868722222222
 20
61.35207722222222
 30
0.0
 10
38.79245574074074
 20
63.27824388888889
 30
0.0
 10
38.27622425925926
 20
65.20441055555555
 30
0.0
 10
37.75999277777778
 20
67.13057722222221
 30
0.0
 10
37.32960388888888
 20
68.73218833333333
 30
0.0
 10
35.68565944444444
 20
69.68116055555555
 30
0.0
 10
34.08404833333333
 20
69.25077166666667
 30
0.0
 10
34.03113166666667
 20
69.23666055555556
 30
0.0
 10
34.18988166666666
 20
68.47113277777777
 30
0.0
 10
34.44035388888889
 20
67.53627166666665
 30
0.0
 10
34.69082611111111
 20
66.60141055555555
 30
0.0
 10
34.94482611111111
 20
66.04049388888889
 30
0.0
 10
34.99068722222222
 20
65.87116055555556
 30
0.0
 10
35.21999277777778
 20
65.02802166666666
 30
0.0
 10
35.89732611111111
 20
62.49154944444444
 30
0.0
 10
35.89732611111111
 20
62.49154944444444
 30
0.0
 10
35.46340944444444
 20
62.37513277777777
 30
0.0
 10
35.02949277777777
 20
62.25871611111111
 30
0.0
 10
34.59557611111111
 20
62.14229944444444
 30
0.0
  0
SPLINE
  5
101
330
1F
100
AcDbEntity
  8
DEFAULT
 62
     1
100
AcDbSpline
210
0.0
220
0.0
230
1.0
 70
     8
 71
     3
 72
    44
 73
    40
 74
     0
 42
0.000000001
 43
0.0000000001
 40
0.0
 40
0.0
 40
0.0
 40
0.0
 40
3.829999999999998
 40
3.829999999999998
 40
3.829999999999998
 40
13.74999999999999
 40
13.74999999999999
 40
13.74999999999999
 40
14.74999999999999
 40
14.74999999999999
 40
14.74999999999999
 40
15.74999999999999
 40
15.74999999999999
 40
15.74999999999999
 40
16.74999999999999
 40
16.74999999999999
 40
16.74999999999999
 40
35.61999999999999
 40
35.61999999999999
 40
35.61999999999999
 40
36.61999999999999
 40
36.61999999999999
 40
36.61999999999999
 40
37.61999999999999
 40
37.61999999999999
 40
37.61999999999999
 40
38.61999999999999
 40
38.61999999999999
 40
38.61999999999999
 40
39.61999999999999
 40
39.61999999999999
 40
39.61999999999999
 40
40.61999999999999
 40
40.61999999999999
 40
40.61999999999999
 40
41.61999999999999
 40
41.61999999999999
 40
41.61999999999999
 40
45.44049734982239
 40
45.44049734982239
 40
45.44049734982239
 40
45.44049734982239
 10
11.67207611111111
 20
50.64174388888888
 30
0.0
 10
11.22169648148148
 20
50.64174388888889
 30
0.0
 10
10.77131685185185
 20
50.64174388888889
 30
0.0
 10
10.32093722222222
 20
50.64174388888889
 30
0.0
 10
10.32093722222222
 20
49.47522537037037
 30
0.0
 10
10.32093722222222
 20
48.30870685185186
 30
0.0
 10
10.32093722222222
 20
47.14218833333334
 30
0.0
 10
10.32093722222222
 20
46.96579944444444
 30
0.0
 10
10.419715
 20
46.35902166666667
 30
0.0
 10
10.419715
 20
45.38888277777778
 30
0.0
 10
10.419715
 20
44.42227166666667
 30
0.0
 10
10.37385388888889
 20
43.639105
 30
0.0
 10
10.32093722222222
 20
43.639105
 30
0.0
 10
8.662881666666665
 20
43.639105
 30
0.0
 10
7.318798333333332
 20
44.98318833333333
 30
0.0
 10
7.318798333333332
 20
46.64124388888889
 30
0.0
 10
7.318798333333331
 20
48.86021611111111
 30
0.0
 10
7.318798333333331
 20
51.07918833333334
 30
0.0
 10
7.318798333333332
 20
53.29816055555555
 30
0.0
 10
7.318798333333332
 20
60.42074388888889
 30
0.0
 10
15.912465
 20
60.08913277777777
 30
0.0
 10
20.547965
 20
55.65471611111111
 30
0.0
 10
28.96524277777777
 20
47.60079944444444
 30
0.0
 10
30.36929833333333
 20
59.94449388888889
 30
0.0
 10
29.06754833333333
 20
64.80224388888888
 30
0.0
 10
28.63715944444444
 20
66.403855
 30
0.0
 10
29.58613166666666
 20
68.04427166666666
 30
0.0
 10
31.18774277777777
 20
68.47466055555556
 30
0.0
 10
31.24418722222222
 20
68.47466055555556
 30
0.0
 10
31.49113166666666
 20
67.737355
 30
0.0
 10
31.73807611111111
 20
66.80954944444443
 30
0.0
 10
31.98854833333333
 20
65.8782161111111
 30
0.0
 10
32.04852055555555
 20
65.26438277777777
 30
0.0
 10
32.09438166666666
 20
65.09504944444444
 30
0.0
 10
32.32015944444444
 20
64.24838277777776
 30
0.0
 10
33.00102055555555
 20
61.71543833333332
 30
0.0
 10
33.00102055555555
 20
61.71543833333332
 30
0.0
 10
33.43493722222222
 20
61.831855
 30
0.0
 10
33.86885388888889
 20
61.94827166666666
 30
0.0
 10
34.30277055555555
 20
62.06468833333333
 30
0.0
  0
SPLINE
  5
102
330
1F
100
AcDbEntity
  8
DEFAULT
 62
   250
100
AcDbSpline
210
0.0
220
0.0
230
1.0
 70
     8
 71
     3
 72
    23
 73
    19
 74
     0
 42
0.000000001
 43
0.0000000001
 40
0.0
 40
0.0
 40
0.0
 40
0.0
 40
3.156510098193999
 40
3.156510098193999
 40
3.156510098193999
 40
4.156510098193999
 40
4.156510098193999
 40
4.156510098193999
 40
5.156510098193999
 40
5.156510098193999
 40
5.156510098193999
 40
6.156510098193999
 40
6.156510098193999
 40
6.156510098193999
 40
7.156510098193999
 40
7.156510098193999
 40
7.156510098193999
 40
9.579724905015704
 40
9.579724905015704
 40
9.579724905015704
 40
9.579724905015704
 10
90.39263805555555
 20
122.7554130555555
 30
0.0
 10
90.51963805555556
 20
123.1041926851852
 30
0.0
 10
90.64663805555556
 20
123.4529723148148
 30
0.0
 10
90.77363805555555
 20
123.8017519444444
 30
0.0
 10
90.82937694444445
 20
123.9545047222222
 30
0.0
 10
91.03257694444446
 20
124.1019658333333
 30
0.0
 10
91.32891027777778
 20
123.9940158333333
 30
0.0
 10
91.51482416666666
 20
123.9262825
 30
0.0
 10
91.62136305555556
 20
123.6440602777778
 30
0.0
 10
91.56527138888889
 20
123.4260436111111
 30
0.0
 10
91.64923250000001
 20
123.6472352777778
 30
0.0
 10
91.82562138888889
 20
123.8130408333333
 30
0.0
 10
92.13994638888889
 20
123.6983880555555
 30
0.0
 10
92.3205686111111
 20
123.6327713888889
 30
0.0
 10
92.50260194444445
 20
123.4323936111111
 30
0.0
 10
92.33044638888889
 20
122.9593186111111
 30
0.0
 10
92.23296212962963
 20
122.6915602777778
 30
0.0
 10
92.13547787037037
 20
122.4238019444444
 30
0.0
 10
92.0379936111111
 20
122.1560436111111
 30
0.0
  0
POLYLINE
  5
103
330
1F
100
AcDbEntity
  8
DEFAULT
 62
   250
100
AcDb2dPolyline
 66
     1
 10
0.0
 20
0.0
 30
0.0
  0
VERTEX
  5
104
330
103
100
AcDbEntity
  8
DEFAULT
 62
   250
100
AcDbVertex
100
AcDb2dVertex
 10
85.72447083333333
 20
129.8391555555555
 30
0.0
  0
VERTEX
  5
105
330
103
100
AcDbEntity
  8
DEFAULT
 62
   250
100
AcDbVertex
100
AcDb2dVertex
 10
85.72447083333333
 20
131.9678166666667
 30
0.0
  0
VERTEX
  5
106
330
103
100
AcDbEntity
  8
DEFAULT
 62
   250
100
AcDbVertex
100
AcDb2dVertex
 10
85.35828749999999
 20
131.9678166666667
 30
0.0
  0
SEQEND
  5
107
330
103
100
AcDbEntity
  8
DEFAULT
 62
   250
  0
SPLINE
  5
108
330
1F
100
AcDbEntity
  8
DEFAULT
 62
   250
100
AcDbSpline
210
0.0
220
0.0
230
1.0
 70
     8
 71
     3
 72
    11
 73
     7
 74
     0
 42
0.000000001
 43
0.0000000001
 40
0.0
 40
0.0
 40
0.0
 40
0.0
 40
2.640911395711575
 40
2.640911395711575
 40
2.640911395711575
 40
3.640911395711575
 40
3.640911395711575
 40
3.640911395711575
 40
3.640911395711575
 10
90.88966666666661
 20
145.8121219444444
 30
0.0
 10
90.95704722222217
 20
145.5089682407407
 30
0.0
 10
91.02442777777772
 20
145.205814537037
 30
0.0
 10
91.09180833333328
 20
144.9026608333333
 30
0.0
 10
91.04030277777777
 20
144.8673830555555
 30
0.0
 10
90.34286111111109
 20
144.4666275
 30
0.0
 10
90.34286111111109
 20
144.4666275
 30
0.0
  0
POLYLINE
  5
109
330
1F
100
AcDbEntity
  8
DEFAULT
 62
   250
100
AcDb2dPolyline
 66
     1
 10
0.0
 20
0.0
 30
0.0
  0
VERTEX
  5
10A
330
109
100
AcDbEntity
  8
DEFAULT
 62
   250
100
AcDbVertex
100
AcDb2dVertex
 10
91.36023694444442
 20
145.6409894444444
 30
0.0
  0
VERTEX
  5
10B
330
109
100
AcDbEntity
  8
DEFAULT
 62
   250
100
AcDbVertex
100
AcDb2dVertex
 10
90.63245638888887
 20
143.6403866666666
 30
0.0
  0
SEQEND
  5
10C
330
109
100
AcDbEntity
  8
DEFAULT
 62
   250
  0
POLYLINE
  5
10D
330
1F
100
AcDbEntity
  8
DEFAULT
 62
   250
100
AcDb2dPolyline
 66
     1
 10
0.0
 20
0.0
 30
0.0
  0
VERTEX
  5
10E
330
10D
100
AcDbEntity
  8
DEFAULT
 62
   250
100
AcDbVertex
100
AcDb2dVertex
 10
109.6464025
 20
156.3525575
 30
0.0
  0
VERTEX
  5
10F
330
10D
100
AcDbEntity
  8
DEFAULT
 62
   250
100
AcDbVertex
100
AcDb2dVertex
 10
109.4855358333333
 20
156.0742158333333
 30
0.0
  0
SEQEND
  5
110
330
10D
100
AcDbEntity
  8
DEFAULT
 62
   250
  0
POLYLINE
  5
111
330
1F
100
AcDbEntity
  8
DEFAULT
 62
   250
100
AcDb2dPolyline
 66
     1
 10
0.0
 20
0.0
 30
0.0
  0
VERTEX
  5
112
330
111
100
AcDbEntity
  8
DEFAULT
 62
   250
100
AcDbVertex
100
AcDb2dVertex
 10
110.6053583333333
 20
158.0115655555555
 30
0.0
  0
VERTEX
  5
113
330
111
100
AcDbEntity
  8
DEFAULT
 62
   250
100
AcDbVertex
100
AcDb2dVertex
 10
109.8789888888888
 20
156.754971111111
 30
0.0
  0
SEQEND
  5
114
330
111
100
AcDbEntity
  8
DEFAULT
 62
   250
  0
POLYLINE
  5
115
330
1F
100
AcDbEntity
  8
DEFAULT
 62
   250
100
AcDb2dPolyline
 66
     1
 10
0.0
 20
0.0
 30
0.0
  0
VERTEX
  5
116
330
115
100
AcDbEntity
  8
DEFAULT
 62
   250
100
AcDbVertex
100
AcDb2dVertex
 10
100.4324113888889
 20
155.0046994444444
 30
0.0
  0
VERTEX
  5
117
330
115
100
AcDbEntity
  8
DEFAULT
 62
   250
100
AcDbVertex
100
AcDb2dVertex
 10
100.2715447222222
 20
154.726005
 30
0.0
  0
SEQEND
  5
118
330
115
100
AcDbEntity
  8
DEFAULT
 62
   250
  0
SPLINE
  5
119
330
1F
100
AcDbEntity
  8
DEFAULT
 62
   250
100
AcDbSpline
210
0.0
220
0.0
230
1.0
 70
     8
 71
     3
 72
    14
 73
    10
 74
     0
 42
0.000000001
 43
0.0000000001
 40
0.0
 40
0.0
 40
0.0
 40
0.0
 40
3.579678756536711
 40
3.579678756536711
 40
3.579678756536711
 40
4.579678756536712
 40
4.579678756536712
 40
4.579678756536712
 40
5.579678756536712
 40
5.579678756536712
 40
5.579678756536712
 40
5.579678756536712
 10
100.6665147222222
 20
155.4101469444444
 30
0.0
 10
100.8770054629629
 20
155.7746839814815
 30
0.0
 10
101.0874962037037
 20
156.1392210185185
 30
0.0
 10
101.2979869444444
 20
156.5037580555556
 30
0.0
 10
101.4246341666667
 20
156.7231858333333
 30
0.0
 10
101.5456369444444
 20
156.8427775
 30
0.0
 10
101.7167341666667
 20
156.8812302777778
 30
0.0
 10
101.8705452777778
 20
156.9133330555555
 30
0.0
 10
102.0561063888889
 20
156.8561830555555
 30
0.0
 10
102.1573536111111
 20
156.7447052777778
 30
0.0
  0
SPLINE
  5
11A
330
1F
100
AcDbEntity
  8
DEFAULT
 62
   250
100
AcDbSpline
210
0.0
220
0.0
230
1.0
 70
     8
 71
     3
 72
    14
 73
    10
 74
     0
 42
0.000000001
 43
0.0000000001
 40
0.0
 40
0.0
 40
0.0
 40
0.0
 40
5.728999999999985
 40
5.728999999999985
 40
5.728999999999985
 40
6.728999999999985
 40
6.728999999999985
 40
6.728999999999985
 40
12.45840354661807
 40
12.45840354661807
 40
12.45840354661807
 40
12.45840354661807
 10
119.8149397222222
 20
156.3204194444444
 30
0.0
 10
119.1412517592593
 20
156.3204194444444
 30
0.0
 10
118.4675637962963
 20
156.3204194444444
 30
0.0
 10
117.7938758333333
 20
156.3204194444444
 30
0.0
 10
117.7938758333333
 20
156.3204194444444
 30
0.0
 10
119.6082119444444
 20
157.6316944444444
 30
0.0
 10
119.8149397222222
 20
157.72765
 30
0.0
 10
119.1412517592593
 20
157.7196537037037
 30
0.0
 10
118.4675637962963
 20
157.7116574074074
 30
0.0
 10
117.7938758333333
 20
157.7036611111111
 30
0.0
  0
SPLINE
  5
11B
330
1F
100
AcDbEntity
  8
DEFAULT
 62
   250
100
AcDbSpline
210
0.0
220
0.0
230
1.0
 70
     8
 71
     3
 72
    17
 73
    13
 74
     0
 42
0.000000001
 43
0.0000000001
 40
0.0
 40
0.0
 40
0.0
 40
0.0
 40
5.778665676434235
 40
5.778665676434235
 40
5.778665676434235
 40
6.778665676434235
 40
6.778665676434235
 40
6.778665676434235
 40
11.9921018753341
 40
11.9921018753341
 40
11.9921018753341
 40
17.76310404133611
 40
17.76310404133611
 40
17.76310404133611
 40
17.76310404133611
 10
106.4845258333333
 20
118.9876758333333
 30
0.0
 10
106.5734258333333
 20
119.6613637962962
 30
0.0
 10
106.6623258333333
 20
120.3350517592592
 30
0.0
 10
106.7512258333333
 20
121.0087397222221
 30
0.0
 10
106.7512258333333
 20
121.0087397222222
 30
0.0
 10
107.4560758333333
 20
119.5605869444444
 30
0.0
 10
107.5068758333333
 20
119.3503313888889
 30
0.0
 10
107.771929537037
 20
119.9031341666666
 30
0.0
 10
108.0369832407407
 20
120.4559369444444
 30
0.0
 10
108.3020369444444
 20
121.0087397222222
 30
0.0
 10
108.3837637962963
 20
120.3350517592592
 30
0.0
 10
108.4654906481481
 20
119.6613637962963
 30
0.0
 10
108.5472175
 20
118.9876758333333
 30
0.0
  0
POLYLINE
  5
11C
330
1F
100
AcDbEntity
  8
DEFAULT
 62
   250
100
AcDb2dPolyline
 66
     1
 10
0.0
 20
0.0
 30
0.0
  0
VERTEX
  5
11D
330
11C
100
AcDbEntity
  8
DEFAULT
 62
   250
100
AcDbVertex
100
AcDb2dVertex
 10
97.00270583333332
 20
115.0712780555556
 30
0.0
  0
VERTEX
  5
11E
330
11C
100
AcDbEntity
  8
DEFAULT
 62
   250
100
AcDbVertex
100
AcDb2dVertex
 10
97.00270583333332
 20
113.0505669444444
 30
0.0
  0
SEQEND
  5
11F
330
11C
100
AcDbEntity
  8
DEFAULT
 62
   250
  0
POLYLINE
  5
120
330
1F
100
AcDbEntity
  8
DEFAULT
 62
   250
100
AcDb2dPolyline
 66
     1
 10
0.0
 20
0.0
 30
0.0
  0
VERTEX
  5
121
330
120
100
AcDbEntity
  8
DEFAULT
 62
   250
100
AcDbVertex
100
AcDb2dVertex
 10
97.00270583333332
 20
113.9977752777778
 30
0.0
  0
VERTEX
  5
122
330
120
100
AcDbEntity
  8
DEFAULT
 62
   250
100
AcDbVertex
100
AcDb2dVertex
 10
95.50057805555555
 20
113.9977752777778
 30
0.0
  0
SEQEND
  5
123
330
120
100
AcDbEntity
  8
DEFAULT
 62
   250
  0
POLYLINE
  5
124
330
1F
100
AcDbEntity
  8
DEFAULT
 62
   250
100
AcDb2dPolyline
 66
     1
 10
0.0
 20
0.0
 30
0.0
  0
VERTEX
  5
125
330
124
100
AcDbEntity
  8
DEFAULT
 62
   250
100
AcDbVertex
100
AcDb2dVertex
 10
95.50064861111112
 20
113.0503905555556
 30
0.0
  0
VERTEX
  5
126
330
124
100
AcDbEntity
  8
DEFAULT
 62
   250
100
AcDbVertex
100
AcDb2dVertex
 10
95.50064861111112
 20
115.0711016666667
 30
0.0
  0
SEQEND
  5
127
330
124
100
AcDbEntity
  8
DEFAULT
 62
   250
  0
SPLINE
  5
128
330
1F
100
AcDbEntity
  8
DEFAULT
 62
     1
100
AcDbSpline
210
0.0
220
0.0
230
1.0
 70
     8
 71
     3
 72
    68
 73
    64
 74
     0
 42
0.000000001
 43
0.0000000001
 40
0.0
 40
0.0
 40
0.0
 40
0.0
 40
3.819999999999993
 40
3.819999999999993
 40
3.819999999999993
 40
13.73000000000002
 40
13.73000000000002
 40
13.73000000000002
 40
14.73000000000002
 40
14.73000000000002
 40
14.73000000000002
 40
15.73000000000002
 40
15.73000000000002
 40
15.73000000000002
 40
16.73000000000002
 40
16.73000000000002
 40
16.73000000000002
 40
17.73000000000002
 40
17.73000000000002
 40
17.73000000000002
 40
18.73000000000002
 40
18.73000000000002
 40
18.73000000000002
 40
41.88000000000005
 40
41.88000000000005
 40
41.88000000000005
 40
42.88000000000005
 40
42.88000000000005
 40
42.88000000000005
 40
43.88000000000005
 40
43.88000000000005
 40
43.88000000000005
 40
44.88000000000005
 40
44.88000000000005
 40
44.88000000000005
 40
54.80000000000001
 40
54.80000000000001
 40
54.80000000000001
 40
63.30000000000001
 40
63.30000000000001
 40
63.30000000000001
 40
73.21999999999997
 40
73.21999999999997
 40
73.21999999999997
 40
74.21999999999997
 40
74.21999999999997
 40
74.21999999999997
 40
75.21999999999997
 40
75.21999999999997
 40
75.21999999999997
 40
76.21999999999997
 40
76.21999999999997
 40
76.21999999999997
 40
77.21999999999997
 40
77.21999999999997
 40
77.21999999999997
 40
78.21999999999997
 40
78.21999999999997
 40
78.21999999999997
 40
79.21999999999997
 40
79.21999999999997
 40
79.21999999999997
 40
83.04999999999995
 40
83.04999999999995
 40
83.04999999999995
 40
83.04999999999995
 10
121.8481038888889
 20
156.8737161111111
 30
0.0
 10
121.8481038888889
 20
156.4245124074074
 30
0.0
 10
121.8481038888889
 20
155.9753087037037
 30
0.0
 10
121.8481038888889
 20
155.526105
 30
0.0
 10
123.0134464814815
 20
155.526105
 30
0.0
 10
124.1787890740741
 20
155.526105
 30
0.0
 10
125.3441316666667
 20
155.526105
 30
0.0
 10
125.5205205555556
 20
155.526105
 30
0.0
 10
126.1272983333333
 20
155.6248827777777
 30
0.0
 10
127.0974372222222
 20
155.6248827777777
 30
0.0
 10
128.0675761111111
 20
155.6248827777777
 30
0.0
 10
128.8507427777778
 20
155.5825494444444
 30
0.0
 10
128.8507427777778
 20
155.526105
 30
0.0
 10
128.8507427777778
 20
153.8680494444444
 30
0.0
 10
127.5066594444445
 20
152.5274938888889
 30
0.0
 10
125.8486038888889
 20
152.5274938888889
 30
0.0
 10
108.8482427777778
 20
152.5274938888889
 30
0.0
 10
96.31052055555556
 20
141.270355
 30
0.0
 10
96.31052055555556
 20
133.2446605555555
 30
0.0
 10
96.31052055555556
 20
123.8678272222222
 30
0.0
 10
112.0161872222222
 20
129.6745494444444
 30
0.0
 10
112.0161872222222
 20
121.1232161111111
 30
0.0
 10
112.0161872222222
 20
118.4009475925926
 30
0.0
 10
112.0161872222222
 20
115.6786790740741
 30
0.0
 10
112.0161872222222
 20
112.9564105555555
 30
0.0
 10
112.0161872222222
 20
111.298355
 30
0.0
 10
110.6721038888889
 20
109.9577994444444
 30
0.0
 10
109.0175761111111
 20
109.9577994444444
 30
0.0
 10
108.9646594444445
 20
109.9577994444444
 30
0.0
 10
108.9187983333333
 20
110.7409661111111
 30
0.0
 10
108.9187983333333
 20
111.7075772222222
 30
0.0
 10
108.9187983333333
 20
112.6741883333333
 30
0.0
 10
109.0175761111111
 20
113.2844938888889
 30
0.0
 10
109.0175761111111
 20
113.457355
 30
0.0
 10
109.0175761111111
 20
114.6238735185185
 30
0.0
 10
109.0175761111111
 20
115.790392037037
 30
0.0
 10
109.0175761111111
 20
116.9569105555555
 30
0.0
 10
108.0180390740741
 20
116.9569105555556
 30
0.0
 10
107.018502037037
 20
116.9569105555556
 30
0.0
 10
106.018965
 20
116.9569105555555
 30
0.0
 10
106.018965
 20
115.790392037037
 30
0.0
 10
106.018965
 20
114.6238735185185
 30
0.0
 10
106.018965
 20
113.457355
 30
0.0
 10
106.018965
 20
113.2844938888889
 30
0.0
 10
106.1177427777778
 20
112.6741883333333
 30
0.0
 10
106.1177427777778
 20
111.7075772222222
 30
0.0
 10
106.1177427777778
 20
110.7409661111111
 30
0.0
 10
106.0754094444444
 20
109.9577994444444
 30
0.0
 10
106.018965
 20
109.9577994444444
 30
0.0
 10
98.70940944444443
 20
109.9577994444444
 30
0.0
 10
102.9780205555555
 20
104.0170216666667
 30
0.0
 10
97.75338166666666
 20
104.0170216666667
 30
0.0
 10
97.69693722222223
 20
104.0170216666667
 30
0.0
 10
97.6510761111111
 20
104.8001883333333
 30
0.0
 10
97.6510761111111
 20
105.7667994444444
 30
0.0
 10
97.6510761111111
 20
106.7369383333333
 30
0.0
 10
97.7498538888889
 20
107.3437161111111
 30
0.0
 10
97.7498538888889
 20
107.520105
 30
0.0
 10
97.7498538888889
 20
108.3949938888889
 30
0.0
 10
97.75338166666666
 20
111.0196605555556
 30
0.0
 10
97.75338166666666
 20
111.0196605555556
 30
0.0
 10
97.30300203703702
 20
111.0196605555556
 30
0.0
 10
96.8526224074074
 20
111.0196605555556
 30
0.0
 10
96.40224277777777
 20
111.0196605555556
 30
0.0
  0
SPLINE
  5
129
330
1F
100
AcDbEntity
  8
DEFAULT
 62
     1
100
AcDbSpline
210
0.0
220
0.0
230
1.0
 70
     8
 71
     3
 72
   170
 73
   166
 74
     0
 42
0.000000001
 43
0.0000000001
 40
0.0
 40
0.0
 40
0.0
 40
0.0
 40
3.819999999999993
 40
3.819999999999993
 40
3.819999999999993
 40
4.819999999999993
 40
4.819999999999993
 40
4.819999999999993
 40
5.819999999999993
 40
5.819999999999993
 40
5.819999999999993
 40
6.819999999999993
 40
6.819999999999993
 40
6.819999999999993
 40
7.819999999999993
 40
7.819999999999993
 40
7.819999999999993
 40
8.819999999999993
 40
8.819999999999993
 40
8.819999999999993
 40
9.819999999999993
 40
9.819999999999993
 40
9.819999999999993
 40
10.81999999999999
 40
10.81999999999999
 40
10.81999999999999
 40
19.32342284024497
 40
19.32342284024497
 40
19.32342284024497
 40
20.32342284024497
 40
20.32342284024497
 40
20.32342284024497
 40
21.32342284024497
 40
21.32342284024497
 40
21.32342284024497
 40
22.32342284024497
 40
22.32342284024497
 40
22.32342284024497
 40
23.32342284024497
 40
23.32342284024497
 40
23.32342284024497
 40
24.32342284024497
 40
24.32342284024497
 40
24.32342284024497
 40
47.64342284024497
 40
47.64342284024497
 40
47.64342284024497
 40
48.64342284024497
 40
48.64342284024497
 40
48.64342284024497
 40
49.64342284024497
 40
49.64342284024497
 40
49.64342284024497
 40
50.64342284024497
 40
50.64342284024497
 40
50.64342284024497
 40
60.56342284024493
 40
60.56342284024493
 40
60.56342284024493
 40
69.06342284024493
 40
69.06342284024493
 40
69.06342284024493
 40
78.98342284024488
 40
78.98342284024488
 40
78.98342284024488
 40
79.98342284024488
 40
79.98342284024488
 40
79.98342284024488
 40
80.98342284024488
 40
80.98342284024488
 40
80.98342284024488
 40
81.98342284024488
 40
81.98342284024488
 40
81.98342284024488
 40
82.98342284024488
 40
82.98342284024488
 40
82.98342284024488
 40
83.98342284024488
 40
83.98342284024488
 40
83.98342284024488
 40
84.98342284024488
 40
84.98342284024488
 40
84.98342284024488
 40
85.98342284024488
 40
85.98342284024488
 40
85.98342284024488
 40
94.49624258460695
 40
94.49624258460695
 40
94.49624258460695
 40
95.49624258460695
 40
95.49624258460695
 40
95.49624258460695
 40
96.49624258460695
 40
96.49624258460695
 40
96.49624258460695
 40
97.49624258460695
 40
97.49624258460695
 40
97.49624258460695
 40
98.49624258460695
 40
98.49624258460695
 40
98.49624258460695
 40
99.49624258460695
 40
99.49624258460695
 40
99.49624258460695
 40
100.4962425846069
 40
100.4962425846069
 40
100.4962425846069
 40
101.4962425846069
 40
101.4962425846069
 40
101.4962425846069
 40
102.4962425846069
 40
102.4962425846069
 40
102.4962425846069
 40
111.0038509441872
 40
111.0038509441872
 40
111.0038509441872
 40
112.0038509441872
 40
112.0038509441872
 40
112.0038509441872
 40
113.0038509441872
 40
113.0038509441872
 40
113.0038509441872
 40
114.0038509441872
 40
114.0038509441872
 40
114.0038509441872
 40
115.0038509441872
 40
115.0038509441872
 40
115.0038509441872
 40
116.0038509441872
 40
116.0038509441872
 40
116.0038509441872
 40
117.0038509441872
 40
117.0038509441872
 40
117.0038509441872
 40
118.0038509441872
 40
118.0038509441872
 40
118.0038509441872
 40
126.5078029666295
 40
126.5078029666295
 40
126.5078029666295
 40
127.5078029666295
 40
127.5078029666295
 40
127.5078029666295
 40
128.5078029666295
 40
128.5078029666295
 40
128.5078029666295
 40
129.5078029666295
 40
129.5078029666295
 40
129.5078029666295
 40
130.5078029666295
 40
130.5078029666295
 40
130.5078029666295
 40
131.5078029666295
 40
131.5078029666295
 40
131.5078029666295
 40
132.5078029666295
 40
132.5078029666295
 40
132.5078029666295
 40
133.5078029666295
 40
133.5078029666295
 40
133.5078029666295
 40
143.4178029666294
 40
143.4178029666294
 40
143.4178029666294
 40
147.2478029666295
 40
147.2478029666295
 40
147.2478029666295
 40
147.2478029666295
 10
96.10238166666666
 20
111.0196605555555
 30
0.0
 10
95.65317796296296
 20
111.0196605555555
 30
0.0
 10
95.20397425925925
 20
111.0196605555555
 30
0.0
 10
94.75477055555555
 20
111.0196605555555
 30
0.0
 10
94.75477055555555
 20
111.0196605555555
 30
0.0
 10
94.75124277777778
 20
108.3949938888889
 30
0.0
 10
94.75124277777778
 20
107.520105
 30
0.0
 10
94.75124277777778
 20
107.3437161111111
 30
0.0
 10
94.85354833333332
 20
106.7334105555556
 30
0.0
 10
94.85354833333332
 20
105.7667994444444
 30
0.0
 10
94.85354833333332
 20
104.8001883333333
 30
0.0
 10
94.81121499999999
 20
104.0170216666666
 30
0.0
 10
94.75477055555555
 20
104.0170216666666
 30
0.0
 10
90.78602055555555
 20
104.0170216666666
 30
0.0
 10
90.23215944444445
 20
113.2739105555555
 30
0.0
 10
89.55835388888887
 20
113.520855
 30
0.0
 10
89.50543722222221
 20
113.5384938888889
 30
0.0
 10
89.73474277777777
 20
114.2899105555555
 30
0.0
 10
90.05929833333333
 20
115.1965494444444
 30
0.0
 10
90.39443722222221
 20
116.1067161111111
 30
0.0
 10
90.69782611111111
 20
116.6429383333333
 30
0.0
 10
90.75779833333334
 20
116.8087438888889
 30
0.0
 10
91.05765944444444
 20
117.6307161111111
 30
0.0
 10
91.953715
 20
120.0966327777778
 30
0.0
 10
91.953715
 20
120.0966327777778
 30
0.0
 10
91.01415018518519
 20
120.4388272222222
 30
0.0
 10
90.07458537037037
 20
120.7810216666666
 30
0.0
 10
89.13502055555554
 20
121.1232161111111
 30
0.0
 10
89.13502055555554
 20
121.1232161111111
 30
0.0
 10
88.23543722222222
 20
118.6572994444444
 30
0.0
 10
87.93910388888888
 20
117.8353272222222
 30
0.0
 10
87.87913166666667
 20
117.6695216666667
 30
0.0
 10
87.762715
 20
117.0662716666666
 30
0.0
 10
87.43463166666666
 20
116.156105
 30
0.0
 10
87.10302055555555
 20
115.2459383333333
 30
0.0
 10
86.7925761111111
 20
114.5262716666666
 30
0.0
 10
86.73965944444444
 20
114.5439105555555
 30
0.0
 10
84.27727055555555
 20
115.4399661111111
 30
0.0
 10
84.52068722222222
 20
117.0521605555555
 30
0.0
 10
85.3320761111111
 20
120.3647438888889
 30
0.0
 10
86.21049277777777
 20
123.9560216666667
 30
0.0
 10
81.03877055555556
 20
123.0317438888889
 30
0.0
 10
81.03877055555556
 20
129.3852716666667
 30
0.0
 10
81.03877055555556
 20
132.1275309259259
 30
0.0
 10
81.03877055555556
 20
134.8697901851852
 30
0.0
 10
81.03877055555556
 20
137.6120494444444
 30
0.0
 10
81.03877055555556
 20
139.270105
 30
0.0
 10
82.38285388888889
 20
140.6106605555555
 30
0.0
 10
84.04443722222221
 20
140.6106605555555
 30
0.0
 10
84.10088166666665
 20
140.6106605555555
 30
0.0
 10
84.13968722222222
 20
139.8274938888889
 30
0.0
 10
84.13968722222222
 20
138.8608827777778
 30
0.0
 10
84.13968722222222
 20
137.8942716666666
 30
0.0
 10
84.04443722222221
 20
137.2839661111111
 30
0.0
 10
84.04443722222221
 20
137.111105
 30
0.0
 10
84.04443722222221
 20
135.9445864814815
 30
0.0
 10
84.04443722222221
 20
134.7780679629629
 30
0.0
 10
84.04443722222221
 20
133.6115494444444
 30
0.0
 10
85.04397425925924
 20
133.6115494444444
 30
0.0
 10
86.04351129629629
 20
133.6115494444444
 30
0.0
 10
87.04304833333332
 20
133.6115494444444
 30
0.0
 10
87.04304833333332
 20
134.778067962963
 30
0.0
 10
87.04304833333332
 20
135.9445864814815
 30
0.0
 10
87.04304833333332
 20
137.111105
 30
0.0
 10
87.04304833333332
 20
137.2839661111111
 30
0.0
 10
86.94427055555555
 20
137.8942716666666
 30
0.0
 10
86.94427055555555
 20
138.8608827777778
 30
0.0
 10
86.94427055555555
 20
139.8274938888889
 30
0.0
 10
86.99013166666667
 20
140.6106605555555
 30
0.0
 10
87.04304833333332
 20
140.6106605555555
 30
0.0
 10
87.41346499999999
 20
140.6106605555555
 30
0.0
 10
86.3621872222222
 20
145.8670494444444
 30
0.0
 10
88.79988166666666
 20
152.5804105555555
 30
0.0
 10
89.36785388888887
 20
154.1361605555555
 30
0.0
 10
91.08940944444444
 20
154.9404938888889
 30
0.0
 10
92.64868722222221
 20
154.3725216666666
 30
0.0
 10
92.70160388888888
 20
154.3548827777778
 30
0.0
 10
92.47582611111112
 20
153.6034661111111
 30
0.0
 10
92.14421499999999
 20
152.6932994444444
 30
0.0
 10
91.81260388888887
 20
151.7831327777778
 30
0.0
 10
91.51274277777777
 20
151.2469105555556
 30
0.0
 10
91.45277055555555
 20
151.0846327777778
 30
0.0
 10
91.15290944444445
 20
150.2626605555555
 30
0.0
 10
90.24979833333333
 20
147.7932161111111
 30
0.0
 10
90.24979833333333
 20
147.7932161111111
 30
0.0
 10
91.19053907407408
 20
147.4510216666666
 30
0.0
 10
92.13127981481482
 20
147.1088272222222
 30
0.0
 10
93.07202055555555
 20
146.7666327777777
 30
0.0
 10
93.07202055555555
 20
146.7666327777777
 30
0.0
 10
93.97160388888888
 20
149.2360772222222
 30
0.0
 10
94.26793722222222
 20
150.0580494444444
 30
0.0
 10
94.33143722222222
 20
150.2203272222222
 30
0.0
 10
94.44432611111111
 20
150.827105
 30
0.0
 10
94.77593722222221
 20
151.7372716666667
 30
0.0
 10
95.10754833333333
 20
152.6439105555555
 30
0.0
 10
95.41446499999999
 20
153.3635772222222
 30
0.0
 10
95.46738166666665
 20
153.3459383333333
 30
0.0
 10
96.53629833333333
 20
152.9578827777777
 30
0.0
 10
97.32299277777776
 20
157.9920216666667
 30
0.0
 10
100.8190205555556
 20
164.0527438888889
 30
0.0
 10
101.6515761111111
 20
165.4885494444444
 30
0.0
 10
103.4860205555556
 20
165.9824383333333
 30
0.0
 10
104.9218261111111
 20
165.1534105555555
 30
0.0
 10
104.9676872222222
 20
165.1251883333333
 30
0.0
 10
104.6149094444444
 20
164.4231605555555
 30
0.0
 10
104.1316038888889
 20
163.5870772222222
 30
0.0
 10
103.6482983333333
 20
162.7474661111111
 30
0.0
 10
103.2602427777778
 20
162.2712161111111
 30
0.0
 10
103.1720483333333
 20
162.1195216666666
 30
0.0
 10
102.7346038888889
 20
161.3645772222222
 30
0.0
 10
101.4187427777778
 20
159.0891605555555
 30
0.0
 10
101.4187427777778
 20
159.0891605555555
 30
0.0
 10
102.2854001851852
 20
158.589392037037
 30
0.0
 10
103.1520575925926
 20
158.0896235185185
 30
0.0
 10
104.018715
 20
157.589855
 30
0.0
 10
104.018715
 20
157.589855
 30
0.0
 10
105.3275205555555
 20
159.8617438888889
 30
0.0
 10
105.764965
 20
160.6202161111111
 30
0.0
 10
105.8566872222222
 20
160.7719105555555
 30
0.0
 10
106.0754094444444
 20
161.3469383333333
 30
0.0
 10
106.5551872222222
 20
162.1865494444444
 30
0.0
 10
107.0420205555555
 20
163.0226327777778
 30
0.0
 10
107.4724094444444
 20
163.6787994444444
 30
0.0
 10
107.5182705555555
 20
163.6505772222222
 30
0.0
 10
108.9540761111111
 20
162.8215494444444
 30
0.0
 10
109.4761872222222
 20
168.6494383333333
 30
0.0
 10
113.6319094444444
 20
166.2434938888889
 30
0.0
 10
113.6812983333333
 20
166.2187994444444
 30
0.0
 10
113.3285205555555
 20
165.5167716666666
 30
0.0
 10
112.8416872222222
 20
164.6806883333333
 30
0.0
 10
112.3583816666666
 20
163.8410772222222
 30
0.0
 10
111.9667983333333
 20
163.3648272222222
 30
0.0
 10
111.8821316666667
 20
163.2131327777778
 30
0.0
 10
111.4411594444444
 20
162.4581883333333
 30
0.0
 10
110.1288261111111
 20
160.1862994444444
 30
0.0
 10
110.1288261111111
 20
160.1862994444444
 30
0.0
 10
110.9943075925926
 20
159.685355
 30
0.0
 10
111.8597890740741
 20
159.1844105555556
 30
0.0
 10
112.7252705555556
 20
158.6834661111111
 30
0.0
 10
112.7252705555556
 20
158.6834661111111
 30
0.0
 10
114.0411316666667
 20
160.955355
 30
0.0
 10
114.4785761111111
 20
161.7138272222222
 30
0.0
 10
114.5667705555556
 20
161.8655216666666
 30
0.0
 10
114.781965
 20
162.4405494444444
 30
0.0
 10
115.2652705555555
 20
163.2801605555555
 30
0.0
 10
115.7521038888889
 20
164.1162438888889
 30
0.0
 10
116.1824927777778
 20
164.7724105555555
 30
0.0
 10
116.2283538888889
 20
164.7441883333333
 30
0.0
 10
118.306215
 20
163.5447438888889
 30
0.0
 10
123.2027705555555
 20
161.526855
 30
0.0
 10
125.8486038888889
 20
161.526855
 30
0.0
 10
127.6195483333333
 20
161.526855
 30
0.0
 10
128.847215
 20
160.1862994444444
 30
0.0
 10
128.847215
 20
158.5247161111111
 30
0.0
 10
128.847215
 20
158.4717994444444
 30
0.0
 10
128.0675761111111
 20
158.4259383333333
 30
0.0
 10
127.0974372222222
 20
158.4259383333333
 30
0.0
 10
126.1272983333333
 20
158.4259383333333
 30
0.0
 10
125.5205205555555
 20
158.5247161111111
 30
0.0
 10
125.3441316666667
 20
158.5247161111111
 30
0.0
 10
124.1787890740741
 20
158.5247161111111
 30
0.0
 10
123.0134464814815
 20
158.5247161111111
 30
0.0
 10
121.8481038888889
 20
158.5247161111111
 30
0.0
 10
121.8481038888889
 20
158.0743364814815
 30
0.0
 10
121.8481038888889
 20
157.6239568518519
 30
0.0
 10
121.8481038888889
 20
157.1735772222222
 30
0.0
  0
SPLINE
  5
12A
330
1F
100
AcDbEntity
  8
DEFAULT
 62
   250
100
AcDbSpline
210
0.0
220
0.0
230
1.0
 70
     8
 71
     3
 72
    23
 73
    19
 74
     0
 42
0.000000001
 43
0.0000000001
 40
0.0
 40
0.0
 40
0.0
 40
0.0
 40
3.155570471404487
 40
3.155570471404487
 40
3.155570471404487
 40
4.155570471404488
 40
4.155570471404488
 40
4.155570471404488
 40
5.155570471404488
 40
5.155570471404488
 40
5.155570471404488
 40
6.155570471404488
 40
6.155570471404488
 40
6.155570471404488
 40
7.155570471404488
 40
7.155570471404488
 40
7.155570471404488
 40
9.577845641569919
 40
9.577845641569919
 40
9.577845641569919
 40
9.577845641569919
 10
208.5040138888889
 20
122.15622
 30
0.0
 10
208.3770138888889
 20
122.504882037037
 30
0.0
 10
208.2500138888888
 20
122.8535440740741
 30
0.0
 10
208.1230138888888
 20
123.2022061111111
 30
0.0
 10
208.0672749999999
 20
123.3553116666667
 30
0.0
 10
208.1283055555555
 20
123.5987283333333
 30
0.0
 10
208.4246388888889
 20
123.7066783333333
 30
0.0
 10
208.6105527777777
 20
123.7744116666667
 30
0.0
 10
208.8733722222222
 20
123.6269505555556
 30
0.0
 10
208.9707388888889
 20
123.4237505555556
 30
0.0
 10
208.892775
 20
123.6470588888889
 30
0.0
 10
208.92135
 20
123.8876533333333
 30
0.0
 10
209.235675
 20
124.0023061111111
 30
0.0
 10
209.4159444444444
 20
124.0679227777778
 30
0.0
 10
209.6844083333333
 20
124.0315866666667
 30
0.0
 10
209.8569166666666
 20
123.5585116666667
 30
0.0
 10
209.9544009259259
 20
123.2908709259259
 30
0.0
 10
210.0518851851852
 20
123.0232301851852
 30
0.0
 10
210.1493694444444
 20
122.7555894444445
 30
0.0
  0
POLYLINE
  5
12B
330
1F
100
AcDbEntity
  8
DEFAULT
 62
   250
100
AcDb2dPolyline
 66
     1
 10
0.0
 20
0.0
 30
0.0
  0
VERTEX
  5
12C
330
12B
100
AcDbEntity
  8
DEFAULT
 62
   250
100
AcDbVertex
100
AcDb2dVertex
 10
215.1836141666666
 20
129.8391555555555
 30
0.0
  0
VERTEX
  5
12D
330
12B
100
AcDbEntity
  8
DEFAULT
 62
   250
100
AcDbVertex
100
AcDb2dVertex
 10
215.1836141666666
 20
131.9678166666667
 30
0.0
  0
VERTEX
  5
12E
330
12B
100
AcDbEntity
  8
DEFAULT
 62
   250
100
AcDbVertex
100
AcDb2dVertex
 10
214.8174308333333
 20
131.9678166666667
 30
0.0
  0
SEQEND
  5
12F
330
12B
100
AcDbEntity
  8
DEFAULT
 62
   250
  0
SPLINE
  5
130
330
1F
100
AcDbEntity
  8
DEFAULT
 62
   250
100
AcDbSpline
210
0.0
220
0.0
230
1.0
 70
     8
 71
     3
 72
    11
 73
     7
 74
     0
 42
0.000000001
 43
0.0000000001
 40
0.0
 40
0.0
 40
0.0
 40
0.0
 40
2.64035490038752
 40
2.64035490038752
 40
2.64035490038752
 40
3.64035490038752
 40
3.64035490038752
 40
3.64035490038752
 40
3.64035490038752
 10
209.2293955555556
 20
145.6583461111111
 30
0.0
 10
209.475752037037
 20
145.4693748148148
 30
0.0
 10
209.7221085185185
 20
145.2804035185185
 30
0.0
 10
209.968465
 20
145.0914322222222
 30
0.0
 10
209.9518844444444
 20
145.0311072222222
 30
0.0
 10
209.6749538888889
 20
144.2761627777778
 30
0.0
 10
209.6749538888889
 20
144.2761627777778
 30
0.0
  0
POLYLINE
  5
131
330
1F
100
AcDbEntity
  8
DEFAULT
 62
   250
100
AcDb2dPolyline
 66
     1
 10
0.0
 20
0.0
 30
0.0
  0
VERTEX
  5
132
330
131
100
AcDbEntity
  8
DEFAULT
 62
   250
100
AcDbVertex
100
AcDb2dVertex
 10
209.6999658333333
 20
145.8295138888889
 30
0.0
  0
VERTEX
  5
133
330
131
100
AcDbEntity
  8
DEFAULT
 62
   250
100
AcDbVertex
100
AcDb2dVertex
 10
210.4277463888888
 20
143.8289111111111
 30
0.0
  0
SEQEND
  5
134
330
131
100
AcDbEntity
  8
DEFAULT
 62
   250
  0
POLYLINE
  5
135
330
1F
100
AcDbEntity
  8
DEFAULT
 62
   250
100
AcDb2dPolyline
 66
     1
 10
0.0
 20
0.0
 30
0.0
  0
VERTEX
  5
136
330
135
100
AcDbEntity
  8
DEFAULT
 62
   250
100
AcDbVertex
100
AcDb2dVertex
 10
190.8954638888889
 20
156.3525575
 30
0.0
  0
VERTEX
  5
137
330
135
100
AcDbEntity
  8
DEFAULT
 62
   250
100
AcDbVertex
100
AcDb2dVertex
 10
191.0563305555555
 20
156.0742158333333
 30
0.0
  0
SEQEND
  5
138
330
135
100
AcDbEntity
  8
DEFAULT
 62
   250
  0
POLYLINE
  5
139
330
1F
100
AcDbEntity
  8
DEFAULT
 62
   250
100
AcDb2dPolyline
 66
     1
 10
0.0
 20
0.0
 30
0.0
  0
VERTEX
  5
13A
330
139
100
AcDbEntity
  8
DEFAULT
 62
   250
100
AcDbVertex
100
AcDb2dVertex
 10
189.9365080555555
 20
158.0115655555555
 30
0.0
  0
VERTEX
  5
13B
330
139
100
AcDbEntity
  8
DEFAULT
 62
   250
100
AcDbVertex
100
AcDb2dVertex
 10
190.6628774999999
 20
156.7549711111111
 30
0.0
  0
SEQEND
  5
13C
330
139
100
AcDbEntity
  8
DEFAULT
 62
   250
  0
POLYLINE
  5
13D
330
1F
100
AcDbEntity
  8
DEFAULT
 62
   250
100
AcDb2dPolyline
 66
     1
 10
0.0
 20
0.0
 30
0.0
  0
VERTEX
  5
13E
330
13D
100
AcDbEntity
  8
DEFAULT
 62
   250
100
AcDbVertex
100
AcDb2dVertex
 10
199.5693875
 20
154.6928086111111
 30
0.0
  0
VERTEX
  5
13F
330
13D
100
AcDbEntity
  8
DEFAULT
 62
   250
100
AcDbVertex
100
AcDb2dVertex
 10
199.7302541666666
 20
154.4141141666666
 30
0.0
  0
SEQEND
  5
140
330
13D
100
AcDbEntity
  8
DEFAULT
 62
   250
  0
SPLINE
  5
141
330
1F
100
AcDbEntity
  8
DEFAULT
 62
   250
100
AcDbSpline
210
0.0
220
0.0
230
1.0
 70
     8
 71
     3
 72
    14
 73
    10
 74
     0
 42
0.000000001
 43
0.0000000001
 40
0.0
 40
0.0
 40
0.0
 40
0.0
 40
3.579678756536683
 40
3.579678756536683
 40
3.579678756536683
 40
4.579678756536683
 40
4.579678756536683
 40
4.579678756536683
 40
5.579678756536683
 40
5.579678756536683
 40
5.579678756536683
 40
5.579678756536683
 10
199.3352488888889
 20
155.0982913888889
 30
0.0
 10
199.1247581481481
 20
155.4628284259259
 30
0.0
 10
198.9142674074074
 20
155.827365462963
 30
0.0
 10
198.7037766666667
 20
156.1919025
 30
0.0
 10
198.5771294444444
 20
156.4113302777778
 30
0.0
 10
198.5337377777778
 20
156.5760775
 30
0.0
 10
198.5863016666666
 20
156.7432941666667
 30
0.0
 10
198.6353377777777
 20
156.8925191666667
 30
0.0
 10
198.7775072222222
 20
157.0244580555555
 30
0.0
 10
198.9246155555555
 20
157.0569136111111
 30
0.0
  0
SPLINE
  5
142
330
1F
100
AcDbEntity
  8
DEFAULT
 62
   250
100
AcDbSpline
210
0.0
220
0.0
230
1.0
 70
     8
 71
     3
 72
    14
 73
    10
 74
     0
 42
0.000000001
 43
0.0000000001
 40
0.0
 40
0.0
 40
0.0
 40
0.0
 40
5.727999999999952
 40
5.727999999999952
 40
5.727999999999952
 40
6.727999999999952
 40
6.727999999999952
 40
6.727999999999952
 40
12.45640361706461
 40
12.45640361706461
 40
12.45640361706461
 40
12.45640361706461
 10
180.7269266666666
 20
157.72765
 30
0.0
 10
181.400497037037
 20
157.72765
 30
0.0
 10
182.0740674074073
 20
157.72765
 30
0.0
 10
182.7476377777777
 20
157.72765
 30
0.0
 10
182.7476377777777
 20
157.72765
 30
0.0
 10
180.9336544444444
 20
156.416375
 30
0.0
 10
180.7269266666666
 20
156.3204194444444
 30
0.0
 10
181.400497037037
 20
156.3284157407407
 30
0.0
 10
182.0740674074073
 20
156.336412037037
 30
0.0
 10
182.7476377777777
 20
156.3444083333333
 30
0.0
  0
SPLINE
  5
143
330
1F
100
AcDbEntity
  8
DEFAULT
 62
   250
100
AcDbSpline
210
0.0
220
0.0
230
1.0
 70
     8
 71
     3
 72
    17
 73
    13
 74
     0
 42
0.000000001
 43
0.0000000001
 40
0.0
 40
0.0
 40
0.0
 40
0.0
 40
5.778665676434235
 40
5.778665676434235
 40
5.778665676434235
 40
6.778665676434235
 40
6.778665676434235
 40
6.778665676434235
 40
11.99210187533413
 40
11.99210187533413
 40
11.99210187533413
 40
17.76310404133612
 40
17.76310404133612
 40
17.76310404133612
 40
17.76310404133612
 10
191.9932377777777
 20
118.9876758333333
 30
0.0
 10
192.0821377777777
 20
119.6613637962962
 30
0.0
 10
192.1710377777777
 20
120.3350517592592
 30
0.0
 10
192.2599377777777
 20
121.0087397222221
 30
0.0
 10
192.2599377777777
 20
121.0087397222222
 30
0.0
 10
192.964435
 20
119.5605869444444
 30
0.0
 10
193.0155877777778
 20
119.3503313888889
 30
0.0
 10
193.2806414814815
 20
119.9031341666666
 30
0.0
 10
193.5456951851852
 20
120.4559369444444
 30
0.0
 10
193.8107488888889
 20
121.0087397222222
 30
0.0
 10
193.8924757407407
 20
120.3350517592592
 30
0.0
 10
193.9742025925926
 20
119.6613637962963
 30
0.0
 10
194.0559294444444
 20
118.9876758333333
 30
0.0
  0
POLYLINE
  5
144
330
1F
100
AcDbEntity
  8
DEFAULT
 62
   250
100
AcDb2dPolyline
 66
     1
 10
0.0
 20
0.0
 30
0.0
  0
VERTEX
  5
145
330
144
100
AcDbEntity
  8
DEFAULT
 62
   250
100
AcDbVertex
100
AcDb2dVertex
 10
205.0398772222222
 20
115.0712780555556
 30
0.0
  0
VERTEX
  5
146
330
144
100
AcDbEntity
  8
DEFAULT
 62
   250
100
AcDbVertex
100
AcDb2dVertex
 10
205.0398772222222
 20
113.0505669444444
 30
0.0
  0
SEQEND
  5
147
330
144
100
AcDbEntity
  8
DEFAULT
 62
   250
  0
POLYLINE
  5
148
330
1F
100
AcDbEntity
  8
DEFAULT
 62
   250
100
AcDb2dPolyline
 66
     1
 10
0.0
 20
0.0
 30
0.0
  0
VERTEX
  5
149
330
148
100
AcDbEntity
  8
DEFAULT
 62
   250
100
AcDbVertex
100
AcDb2dVertex
 10
205.0398772222222
 20
113.9977752777778
 30
0.0
  0
VERTEX
  5
14A
330
148
100
AcDbEntity
  8
DEFAULT
 62
   250
100
AcDbVertex
100
AcDb2dVertex
 10
203.5377494444444
 20
113.9977752777778
 30
0.0
  0
SEQEND
  5
14B
330
148
100
AcDbEntity
  8
DEFAULT
 62
   250
  0
POLYLINE
  5
14C
330
1F
100
AcDbEntity
  8
DEFAULT
 62
   250
100
AcDb2dPolyline
 66
     1
 10
0.0
 20
0.0
 30
0.0
  0
VERTEX
  5
14D
330
14C
100
AcDbEntity
  8
DEFAULT
 62
   250
100
AcDbVertex
100
AcDb2dVertex
 10
203.53782
 20
113.0503905555556
 30
0.0
  0
VERTEX
  5
14E
330
14C
100
AcDbEntity
  8
DEFAULT
 62
   250
100
AcDbVertex
100
AcDb2dVertex
 10
203.53782
 20
115.0711016666667
 30
0.0
  0
SEQEND
  5
14F
330
14C
100
AcDbEntity
  8
DEFAULT
 62
   250
  0
SPLINE
  5
150
330
1F
100
AcDbEntity
  8
DEFAULT
 62
     1
100
AcDbSpline
210
0.0
220
0.0
230
1.0
 70
     8
 71
     3
 72
    68
 73
    64
 74
     0
 42
0.000000001
 43
0.0000000001
 40
0.0
 40
0.0
 40
0.0
 40
0.0
 40
3.819999999999993
 40
3.819999999999993
 40
3.819999999999993
 40
13.74000000000001
 40
13.74000000000001
 40
13.74000000000001
 40
14.74000000000001
 40
14.74000000000001
 40
14.74000000000001
 40
15.74000000000001
 40
15.74000000000001
 40
15.74000000000001
 40
16.74000000000001
 40
16.74000000000001
 40
16.74000000000001
 40
17.74000000000001
 40
17.74000000000001
 40
17.74000000000001
 40
18.74000000000001
 40
18.74000000000001
 40
18.74000000000001
 40
41.89000000000004
 40
41.89000000000004
 40
41.89000000000004
 40
42.89000000000004
 40
42.89000000000004
 40
42.89000000000004
 40
43.89000000000004
 40
43.89000000000004
 40
43.89000000000004
 40
44.89000000000004
 40
44.89000000000004
 40
44.89000000000004
 40
54.81
 40
54.81
 40
54.81
 40
63.31
 40
63.31
 40
63.31
 40
73.22999999999996
 40
73.22999999999996
 40
73.22999999999996
 40
74.22999999999996
 40
74.22999999999996
 40
74.22999999999996
 40
75.22999999999996
 40
75.22999999999996
 40
75.22999999999996
 40
76.22999999999996
 40
76.22999999999996
 40
76.22999999999996
 40
77.22999999999996
 40
77.22999999999996
 40
77.22999999999996
 40
78.22999999999996
 40
78.22999999999996
 40
78.22999999999996
 40
79.22999999999996
 40
79.22999999999996
 40
79.22999999999996
 40
83.06
 40
83.06
 40
83.06
 40
83.06
 10
178.694715
 20
156.8737161111111
 30
0.0
 10
178.694715
 20
156.4245124074074
 30
0.0
 10
178.694715
 20
155.9753087037037
 30
0.0
 10
178.694715
 20
155.526105
 30
0.0
 10
177.5281964814815
 20
155.526105
 30
0.0
 10
176.3616779629629
 20
155.526105
 30
0.0
 10
175.1951594444444
 20
155.526105
 30
0.0
 10
175.0187705555555
 20
155.526105
 30
0.0
 10
174.4119927777778
 20
155.6248827777777
 30
0.0
 10
173.4453816666667
 20
155.6248827777777
 30
0.0
 10
172.4752427777778
 20
155.6248827777777
 30
0.0
 10
171.6920761111111
 20
155.5825494444444
 30
0.0
 10
171.6920761111111
 20
155.526105
 30
0.0
 10
171.6920761111111
 20
153.8680494444444
 30
0.0
 10
173.0361594444444
 20
152.5274938888889
 30
0.0
 10
174.694215
 20
152.5274938888889
 30
0.0
 10
191.6945761111111
 20
152.5274938888889
 30
0.0
 10
204.2322983333333
 20
141.270355
 30
0.0
 10
204.2322983333333
 20
133.2446605555555
 30
0.0
 10
204.2322983333333
 20
123.8678272222222
 30
0.0
 10
188.5231038888889
 20
129.6745494444444
 30
0.0
 10
188.5231038888889
 20
121.1232161111111
 30
0.0
 10
188.5231038888889
 20
118.4009475925926
 30
0.0
 10
188.5231038888889
 20
115.6786790740741
 30
0.0
 10
188.5231038888889
 20
112.9564105555555
 30
0.0
 10
188.5231038888889
 20
111.298355
 30
0.0
 10
189.8671872222222
 20
109.9577994444444
 30
0.0
 10
191.5252427777778
 20
109.9577994444444
 30
0.0
 10
191.5781594444444
 20
109.9577994444444
 30
0.0
 10
191.6240205555555
 20
110.7409661111111
 30
0.0
 10
191.6240205555555
 20
111.7075772222222
 30
0.0
 10
191.6240205555555
 20
112.6741883333333
 30
0.0
 10
191.5252427777778
 20
113.2844938888889
 30
0.0
 10
191.5252427777778
 20
113.457355
 30
0.0
 10
191.5252427777778
 20
114.6238735185185
 30
0.0
 10
191.5252427777778
 20
115.790392037037
 30
0.0
 10
191.5252427777778
 20
116.9569105555555
 30
0.0
 10
192.5247798148148
 20
116.9569105555556
 30
0.0
 10
193.5243168518518
 20
116.9569105555556
 30
0.0
 10
194.5238538888889
 20
116.9569105555555
 30
0.0
 10
194.5238538888889
 20
115.790392037037
 30
0.0
 10
194.5238538888889
 20
114.6238735185185
 30
0.0
 10
194.5238538888889
 20
113.457355
 30
0.0
 10
194.5238538888889
 20
113.2844938888889
 30
0.0
 10
194.4250761111111
 20
112.6741883333333
 30
0.0
 10
194.4250761111111
 20
111.7075772222222
 30
0.0
 10
194.4250761111111
 20
110.7409661111111
 30
0.0
 10
194.4674094444445
 20
109.9577994444444
 30
0.0
 10
194.5238538888889
 20
109.9577994444444
 30
0.0
 10
201.8298816666667
 20
109.9577994444444
 30
0.0
 10
197.5647983333333
 20
104.0170216666667
 30
0.0
 10
202.7894372222222
 20
104.0170216666667
 30
0.0
 10
202.8458816666667
 20
104.0170216666667
 30
0.0
 10
202.8917427777778
 20
104.8001883333333
 30
0.0
 10
202.888215
 20
105.7667994444444
 30
0.0
 10
202.888215
 20
106.7369383333333
 30
0.0
 10
202.792965
 20
107.3437161111111
 30
0.0
 10
202.792965
 20
107.520105
 30
0.0
 10
202.792965
 20
108.3949938888889
 30
0.0
 10
202.7894372222222
 20
111.0196605555556
 30
0.0
 10
202.7894372222222
 20
111.0196605555556
 30
0.0
 10
203.2398168518519
 20
111.0196605555556
 30
0.0
 10
203.6901964814815
 20
111.0196605555556
 30
0.0
 10
204.1405761111111
 20
111.0196605555556
 30
0.0
  0
SPLINE
  5
151
330
1F
100
AcDbEntity
  8
DEFAULT
 62
     1
100
AcDbSpline
210
0.0
220
0.0
230
1.0
 70
     8
 71
     3
 72
   170
 73
   166
 74
     0
 42
0.000000001
 43
0.0000000001
 40
0.0
 40
0.0
 40
0.0
 40
0.0
 40
3.819999999999993
 40
3.819999999999993
 40
3.819999999999993
 40
13.74000000000001
 40
13.74000000000001
 40
13.74000000000001
 40
14.74000000000001
 40
14.74000000000001
 40
14.74000000000001
 40
15.74000000000001
 40
15.74000000000001
 40
15.74000000000001
 40
16.74000000000001
 40
16.74000000000001
 40
16.74000000000001
 40
17.74000000000001
 40
17.74000000000001
 40
17.74000000000001
 40
18.74000000000001
 40
18.74000000000001
 40
18.74000000000001
 40
19.74000000000001
 40
19.74000000000001
 40
19.74000000000001
 40
20.74000000000001
 40
20.74000000000001
 40
20.74000000000001
 40
29.25260829593375
 40
29.25260829593375
 40
29.25260829593375
 40
30.25260829593375
 40
30.25260829593375
 40
30.25260829593375
 40
31.25260829593375
 40
31.25260829593375
 40
31.25260829593375
 40
32.25260829593375
 40
32.25260829593375
 40
32.25260829593375
 40
33.25260829593375
 40
33.25260829593375
 40
33.25260829593375
 40
34.25260829593375
 40
34.25260829593375
 40
34.25260829593375
 40
35.25260829593375
 40
35.25260829593375
 40
35.25260829593375
 40
36.25260829593375
 40
36.25260829593375
 40
36.25260829593375
 40
44.75155528953245
 40
44.75155528953245
 40
44.75155528953245
 40
45.75155528953245
 40
45.75155528953245
 40
45.75155528953245
 40
46.75155528953245
 40
46.75155528953245
 40
46.75155528953245
 40
47.75155528953245
 40
47.75155528953245
 40
47.75155528953245
 40
48.75155528953245
 40
48.75155528953245
 40
48.75155528953245
 40
49.75155528953245
 40
49.75155528953245
 40
49.75155528953245
 40
50.75155528953245
 40
50.75155528953245
 40
50.75155528953245
 40
51.75155528953245
 40
51.75155528953245
 40
51.75155528953245
 40
52.75155528953245
 40
52.75155528953245
 40
52.75155528953245
 40
61.26437503389447
 40
61.26437503389447
 40
61.26437503389447
 40
62.26437503389447
 40
62.26437503389447
 40
62.26437503389447
 40
63.26437503389447
 40
63.26437503389447
 40
63.26437503389447
 40
64.26437503389447
 40
64.26437503389447
 40
64.26437503389447
 40
65.26437503389447
 40
65.26437503389447
 40
65.26437503389447
 40
66.26437503389447
 40
66.26437503389447
 40
66.26437503389447
 40
67.26437503389447
 40
67.26437503389447
 40
67.26437503389447
 40
68.26437503389447
 40
68.26437503389447
 40
68.26437503389447
 40
78.18437503389448
 40
78.18437503389448
 40
78.18437503389448
 40
86.68437503389448
 40
86.68437503389448
 40
86.68437503389448
 40
96.6043750338945
 40
96.6043750338945
 40
96.6043750338945
 40
97.6043750338945
 40
97.6043750338945
 40
97.6043750338945
 40
98.6043750338945
 40
98.6043750338945
 40
98.6043750338945
 40
99.6043750338945
 40
99.6043750338945
 40
99.6043750338945
 40
122.9243750338945
 40
122.9243750338945
 40
122.9243750338945
 40
123.9243750338945
 40
123.9243750338945
 40
123.9243750338945
 40
124.9243750338945
 40
124.9243750338945
 40
124.9243750338945
 40
125.9243750338945
 40
125.9243750338945
 40
125.9243750338945
 40
126.9243750338945
 40
126.9243750338945
 40
126.9243750338945
 40
127.9243750338945
 40
127.9243750338945
 40
127.9243750338945
 40
136.4277978741395
 40
136.4277978741395
 40
136.4277978741395
 40
137.4277978741395
 40
137.4277978741395
 40
137.4277978741395
 40
138.4277978741395
 40
138.4277978741395
 40
138.4277978741395
 40
139.4277978741395
 40
139.4277978741395
 40
139.4277978741395
 40
140.4277978741395
 40
140.4277978741395
 40
140.4277978741395
 40
141.4277978741395
 40
141.4277978741395
 40
141.4277978741395
 40
142.4277978741395
 40
142.4277978741395
 40
142.4277978741395
 40
143.4277978741395
 40
143.4277978741395
 40
143.4277978741395
 40
147.2477978741395
 40
147.2477978741395
 40
147.2477978741395
 40
147.2477978741395
 10
178.694715
 20
157.177105
 30
0.0
 10
178.694715
 20
157.6263087037037
 30
0.0
 10
178.694715
 20
158.0755124074074
 30
0.0
 10
178.694715
 20
158.5247161111111
 30
0.0
 10
177.5281964814815
 20
158.5247161111111
 30
0.0
 10
176.3616779629629
 20
158.5247161111111
 30
0.0
 10
175.1951594444444
 20
158.5247161111111
 30
0.0
 10
175.0187705555555
 20
158.5247161111111
 30
0.0
 10
174.4119927777778
 20
158.4259383333333
 30
0.0
 10
173.4453816666667
 20
158.4259383333333
 30
0.0
 10
172.4752427777778
 20
158.4259383333333
 30
0.0
 10
171.6956038888889
 20
158.4717994444444
 30
0.0
 10
171.6956038888889
 20
158.5247161111111
 30
0.0
 10
171.6956038888889
 20
160.1862994444444
 30
0.0
 10
172.9232705555555
 20
161.526855
 30
0.0
 10
174.694215
 20
161.526855
 30
0.0
 10
177.3400483333333
 20
161.526855
 30
0.0
 10
182.2366038888889
 20
163.5447438888889
 30
0.0
 10
184.3109372222222
 20
164.7441883333333
 30
0.0
 10
184.3603261111111
 20
164.7724105555556
 30
0.0
 10
184.790715
 20
164.1162438888889
 30
0.0
 10
185.2740205555555
 20
163.2801605555555
 30
0.0
 10
185.7573261111111
 20
162.4405494444444
 30
0.0
 10
185.9760483333333
 20
161.8655216666667
 30
0.0
 10
186.0642427777778
 20
161.7138272222222
 30
0.0
 10
186.5016872222222
 20
160.955355
 30
0.0
 10
187.8140205555555
 20
158.6834661111111
 30
0.0
 10
187.8140205555555
 20
158.6834661111111
 30
0.0
 10
188.680677962963
 20
159.1844105555556
 30
0.0
 10
189.5473353703703
 20
159.685355
 30
0.0
 10
190.4139927777778
 20
160.1862994444444
 30
0.0
 10
190.4139927777778
 20
160.1862994444444
 30
0.0
 10
189.0981316666667
 20
162.4581883333333
 30
0.0
 10
188.6606872222222
 20
163.2131327777778
 30
0.0
 10
188.5724927777778
 20
163.3648272222222
 30
0.0
 10
188.1844372222222
 20
163.8410772222222
 30
0.0
 10
187.6976038888889
 20
164.6806883333333
 30
0.0
 10
187.2142983333333
 20
165.5167716666666
 30
0.0
 10
186.8615205555555
 20
166.2187994444444
 30
0.0
 10
186.9109094444444
 20
166.2434938888889
 30
0.0
 10
191.0666316666667
 20
168.6494383333333
 30
0.0
 10
191.5887427777778
 20
162.8215494444444
 30
0.0
 10
193.0245483333333
 20
163.6505772222222
 30
0.0
 10
193.0704094444444
 20
163.6787994444444
 30
0.0
 10
193.5007983333333
 20
163.0226327777778
 30
0.0
 10
193.9841038888889
 20
162.1865494444444
 30
0.0
 10
194.4674094444445
 20
161.3469383333333
 30
0.0
 10
194.6861316666667
 20
160.7719105555555
 30
0.0
 10
194.7743261111111
 20
160.6202161111111
 30
0.0
 10
195.2117705555555
 20
159.8617438888889
 30
0.0
 10
196.5241038888889
 20
157.589855
 30
0.0
 10
196.5241038888889
 20
157.589855
 30
0.0
 10
197.3895853703704
 20
158.0896235185185
 30
0.0
 10
198.2550668518519
 20
158.589392037037
 30
0.0
 10
199.1205483333333
 20
159.0891605555555
 30
0.0
 10
199.1205483333333
 20
159.0891605555555
 30
0.0
 10
197.808215
 20
161.3645772222222
 30
0.0
 10
197.3707705555556
 20
162.1195216666667
 30
0.0
 10
197.2825761111111
 20
162.2712161111111
 30
0.0
 10
196.8945205555555
 20
162.7474661111111
 30
0.0
 10
196.411215
 20
163.5870772222222
 30
0.0
 10
195.9243816666667
 20
164.4231605555555
 30
0.0
 10
195.5751316666667
 20
165.1251883333333
 30
0.0
 10
195.6209927777778
 20
165.1534105555556
 30
0.0
 10
197.0567983333333
 20
165.9824383333333
 30
0.0
 10
198.8912427777778
 20
165.4885494444444
 30
0.0
 10
199.7202705555555
 20
164.0527438888889
 30
0.0
 10
203.2198261111111
 20
157.9920216666667
 30
0.0
 10
204.0065205555555
 20
152.9578827777778
 30
0.0
 10
205.0754372222222
 20
153.3459383333333
 30
0.0
 10
205.1283538888889
 20
153.3635772222222
 30
0.0
 10
205.4352705555555
 20
152.6439105555555
 30
0.0
 10
205.7668816666666
 20
151.7372716666667
 30
0.0
 10
206.0984927777778
 20
150.827105
 30
0.0
 10
206.2113816666667
 20
150.2203272222222
 30
0.0
 10
206.2713538888889
 20
150.0580494444444
 30
0.0
 10
206.571215
 20
149.2360772222222
 30
0.0
 10
207.4672705555555
 20
146.7666327777778
 30
0.0
 10
207.4672705555555
 20
146.7666327777778
 30
0.0
 10
208.4080112962963
 20
147.1088272222222
 30
0.0
 10
209.348752037037
 20
147.4510216666666
 30
0.0
 10
210.2894927777778
 20
147.7932161111111
 30
0.0
 10
210.2894927777778
 20
147.7932161111111
 30
0.0
 10
209.3899094444444
 20
150.2626605555555
 30
0.0
 10
209.0900483333333
 20
151.0846327777778
 30
0.0
 10
209.0300761111111
 20
151.2469105555556
 30
0.0
 10
208.730215
 20
151.7831327777778
 30
0.0
 10
208.3986038888889
 20
152.6932994444444
 30
0.0
 10
208.0669927777778
 20
153.6034661111111
 30
0.0
 10
207.841215
 20
154.3548827777778
 30
0.0
 10
207.8941316666667
 20
154.3725216666667
 30
0.0
 10
209.4534094444444
 20
154.9404938888889
 30
0.0
 10
211.1714372222222
 20
154.1361605555555
 30
0.0
 10
211.7394094444444
 20
152.5804105555555
 30
0.0
 10
214.1806316666667
 20
145.8670494444444
 30
0.0
 10
213.1293538888889
 20
140.6106605555555
 30
0.0
 10
213.4997705555555
 20
140.6106605555555
 30
0.0
 10
213.5526872222222
 20
140.6106605555555
 30
0.0
 10
213.5985483333333
 20
139.8274938888889
 30
0.0
 10
213.5985483333333
 20
138.8608827777778
 30
0.0
 10
213.5985483333333
 20
137.8942716666666
 30
0.0
 10
213.4997705555555
 20
137.2839661111111
 30
0.0
 10
213.4997705555555
 20
137.111105
 30
0.0
 10
213.4997705555555
 20
135.9445864814815
 30
0.0
 10
213.4997705555555
 20
134.7780679629629
 30
0.0
 10
213.4997705555555
 20
133.6115494444444
 30
0.0
 10
214.4993075925926
 20
133.6115494444444
 30
0.0
 10
215.4988446296296
 20
133.6115494444444
 30
0.0
 10
216.4983816666666
 20
133.6115494444444
 30
0.0
 10
216.4983816666666
 20
134.778067962963
 30
0.0
 10
216.4983816666666
 20
135.9445864814815
 30
0.0
 10
216.4983816666666
 20
137.111105
 30
0.0
 10
216.4983816666666
 20
137.2839661111111
 30
0.0
 10
216.3996038888889
 20
137.8942716666666
 30
0.0
 10
216.3996038888889
 20
138.8608827777778
 30
0.0
 10
216.3996038888889
 20
139.8274938888889
 30
0.0
 10
216.4419372222222
 20
140.6106605555555
 30
0.0
 10
216.4983816666666
 20
140.6106605555555
 30
0.0
 10
218.1564372222222
 20
140.6106605555555
 30
0.0
 10
219.5005205555555
 20
139.270105
 30
0.0
 10
219.5005205555555
 20
137.6120494444444
 30
0.0
 10
219.5005205555555
 20
134.8697901851852
 30
0.0
 10
219.5005205555555
 20
132.1275309259259
 30
0.0
 10
219.5005205555555
 20
129.3852716666667
 30
0.0
 10
219.5005205555555
 20
123.0317438888889
 30
0.0
 10
214.3323261111111
 20
123.9560216666667
 30
0.0
 10
215.2107427777778
 20
120.3647438888889
 30
0.0
 10
216.0221316666666
 20
117.0521605555555
 30
0.0
 10
216.2655483333333
 20
115.4399661111111
 30
0.0
 10
213.8031594444444
 20
114.5439105555556
 30
0.0
 10
213.7502427777778
 20
114.5262716666666
 30
0.0
 10
213.4397983333333
 20
115.2459383333333
 30
0.0
 10
213.1081872222222
 20
116.156105
 30
0.0
 10
212.7801038888889
 20
117.0662716666667
 30
0.0
 10
212.6636872222222
 20
117.6695216666667
 30
0.0
 10
212.603715
 20
117.8353272222222
 30
0.0
 10
212.3073816666666
 20
118.6572994444444
 30
0.0
 10
211.4077983333333
 20
121.1232161111111
 30
0.0
 10
211.4077983333333
 20
121.1232161111111
 30
0.0
 10
210.4682335185185
 20
120.7810216666667
 30
0.0
 10
209.5286687037037
 20
120.4388272222222
 30
0.0
 10
208.5891038888889
 20
120.0966327777778
 30
0.0
 10
208.5891038888889
 20
120.0966327777778
 30
0.0
 10
209.4851594444444
 20
117.6307161111111
 30
0.0
 10
209.7850205555555
 20
116.8087438888889
 30
0.0
 10
209.8449927777777
 20
116.6429383333333
 30
0.0
 10
210.1483816666666
 20
116.1067161111111
 30
0.0
 10
210.4799927777778
 20
115.1965494444444
 30
0.0
 10
210.8080761111111
 20
114.2899105555556
 30
0.0
 10
211.0338538888889
 20
113.5384938888889
 30
0.0
 10
210.984465
 20
113.520855
 30
0.0
 10
210.3106594444444
 20
113.2739105555556
 30
0.0
 10
209.7567983333333
 20
104.0170216666667
 30
0.0
 10
205.7880483333333
 20
104.0170216666667
 30
0.0
 10
205.7316038888889
 20
104.0170216666667
 30
0.0
 10
205.6892705555555
 20
104.8001883333333
 30
0.0
 10
205.6892705555555
 20
105.7667994444445
 30
0.0
 10
205.6892705555555
 20
106.7334105555556
 30
0.0
 10
205.7915761111111
 20
107.3437161111111
 30
0.0
 10
205.7915761111111
 20
107.520105
 30
0.0
 10
205.7915761111111
 20
108.3949938888889
 30
0.0
 10
205.7880483333333
 20
111.0196605555556
 30
0.0
 10
205.7880483333333
 20
111.0196605555556
 30
0.0
 10
205.3388446296296
 20
111.0196605555556
 30
0.0
 10
204.8896409259259
 20
111.0196605555556
 30
0.0
 10
204.4404372222222
 20
111.0196605555556
 30
0.0
  0
SPLINE
  5
152
330
1F
100
AcDbEntity
  8
DEFAULT
 62
   250
100
AcDbSpline
210
0.0
220
0.0
230
1.0
 70
     8
 71
     3
 72
    17
 73
    13
 74
     0
 42
0.000000001
 43
0.0000000001
 40
0.0
 40
0.0
 40
0.0
 40
0.0
 40
2.362178020387079
 40
2.362178020387079
 40
2.362178020387079
 40
3.362178020387079
 40
3.362178020387079
 40
3.362178020387079
 40
4.362178020387079
 40
4.362178020387079
 40
4.362178020387079
 40
5.362178020387079
 40
5.362178020387079
 40
5.362178020387079
 40
5.362178020387079
 10
123.9701680555556
 20
112.7440383333334
 30
0.0
 10
124.2219337962963
 20
112.8613957407407
 30
0.0
 10
124.473699537037
 20
112.9787531481481
 30
0.0
 10
124.7254652777778
 20
113.0961105555556
 30
0.0
 10
124.9374847222222
 20
113.1952411111111
 30
0.0
 10
125.0743625
 20
113.3695133333333
 30
0.0
 10
124.9530069444444
 20
113.6298633333333
 30
0.0
 10
124.8697513888889
 20
113.8083688888889
 30
0.0
 10
124.6954791666666
 20
113.8990327777778
 30
0.0
 10
124.5416680555555
 20
113.8884494444444
 30
0.0
 10
124.5018041666667
 20
113.8888022222222
 30
0.0
 10
124.4647625
 20
113.8757494444445
 30
0.0
 10
124.4185486111111
 20
113.85423
 30
0.0
  0
POLYLINE
  5
153
330
1F
100
AcDbEntity
  8
DEFAULT
 62
   250
100
AcDb2dPolyline
 66
     1
 10
0.0
 20
0.0
 30
0.0
  0
VERTEX
  5
154
330
153
100
AcDbEntity
  8
DEFAULT
 62
   250
100
AcDbVertex
100
AcDb2dVertex
 10
123.6251161111111
 20
113.4840602777778
 30
0.0
  0
VERTEX
  5
155
330
153
100
AcDbEntity
  8
DEFAULT
 62
   250
100
AcDbVertex
100
AcDb2dVertex
 10
125.5544577777778
 20
114.3836436111111
 30
0.0
  0
SEQEND
  5
156
330
153
100
AcDbEntity
  8
DEFAULT
 62
   250
  0
SPLINE
  5
157
330
1F
100
AcDbEntity
  8
DEFAULT
 62
   250
100
AcDbSpline
210
0.0
220
0.0
230
1.0
 70
     8
 71
     3
 72
    17
 73
    13
 74
     0
 42
0.000000001
 43
0.0000000001
 40
0.0
 40
0.0
 40
0.0
 40
0.0
 40
2.363084425068264
 40
2.363084425068264
 40
2.363084425068264
 40
3.363084425068264
 40
3.363084425068264
 40
3.363084425068264
 40
4.363084425068264
 40
4.363084425068264
 40
4.363084425068264
 40
5.363084425068264
 40
5.363084425068264
 40
5.363084425068264
 40
5.363084425068264
 10
176.9238058333334
 20
113.4806383333334
 30
0.0
 10
176.6719225000001
 20
113.5979957407408
 30
0.0
 10
176.4200391666667
 20
113.7153531481482
 30
0.0
 10
176.1681558333334
 20
113.8327105555556
 30
0.0
 10
175.9564891666666
 20
113.9318411111111
 30
0.0
 10
175.7345919444444
 20
113.9244327777778
 30
0.0
 10
175.6132363888889
 20
113.6640827777778
 30
0.0
 10
175.5299808333333
 20
113.4855772222222
 30
0.0
 10
175.5730197222222
 20
113.2936661111111
 30
0.0
 10
175.6799113888889
 20
113.1825411111111
 30
0.0
 10
175.7053113888889
 20
113.1518494444444
 30
0.0
 10
175.7391780555555
 20
113.1320938888889
 30
0.0
 10
175.7850391666666
 20
113.1105744444444
 30
0.0
  0
POLYLINE
  5
158
330
1F
100
AcDbEntity
  8
DEFAULT
 62
   250
100
AcDb2dPolyline
 66
     1
 10
0.0
 20
0.0
 30
0.0
  0
VERTEX
  5
159
330
158
100
AcDbEntity
  8
DEFAULT
 62
   250
100
AcDbVertex
100
AcDb2dVertex
 10
176.5787891666667
 20
112.7405811111112
 30
0.0
  0
VERTEX
  5
15A
330
158
100
AcDbEntity
  8
DEFAULT
 62
   250
100
AcDbVertex
100
AcDb2dVertex
 10
174.6494475
 20
113.6401644444445
 30
0.0
  0
SEQEND
  5
15B
330
158
100
AcDbEntity
  8
DEFAULT
 62
   250
  0
SPLINE
  5
15C
330
1F
100
AcDbEntity
  8
DEFAULT
 62
   250
100
AcDbSpline
210
0.0
220
0.0
230
1.0
 70
     8
 71
     3
 72
    23
 73
    19
 74
     0
 42
0.000000001
 43
0.0000000001
 40
0.0
 40
0.0
 40
0.0
 40
0.0
 40
1.0
 40
1.0
 40
1.0
 40
2.0
 40
2.0
 40
2.0
 40
3.0
 40
3.0
 40
3.0
 40
4.0
 40
4.0
 40
4.0
 40
5.0
 40
5.0
 40
5.0
 40
6.0
 40
6.0
 40
6.0
 40
6.0
 10
171.0417655555555
 20
124.7771119444444
 30
0.0
 10
170.9168822222222
 20
124.7771119444444
 30
0.0
 10
170.7923516666667
 20
125.0307591666666
 30
0.0
 10
170.7923516666667
 20
125.2138508333333
 30
0.0
 10
170.7923516666667
 20
125.5959091666667
 30
0.0
 10
170.9927294444444
 20
125.6858675
 30
0.0
 10
171.2834183333333
 20
125.6858675
 30
0.0
 10
171.2834183333333
 20
125.6858675
 30
0.0
 10
171.8767905555555
 20
125.6714036111111
 30
0.0
 10
171.9755683333333
 20
125.6893952777778
 30
0.0
 10
172.1226766666666
 20
125.6893952777778
 30
0.0
 10
172.2069905555555
 20
125.3154508333333
 30
0.0
 10
172.2069905555555
 20
125.1478813888889
 30
0.0
 10
172.2069905555555
 20
124.9094036111111
 30
0.0
 10
172.0390683333333
 20
124.7873425
 30
0.0
 10
171.8686766666667
 20
124.7873425
 30
0.0
 10
171.583985
 20
124.7873425
 30
0.0
 10
171.3289266666667
 20
124.8885897222222
 30
0.0
 10
171.4305266666667
 20
125.6858675
 30
0.0
  0
SPLINE
  5
15D
330
1F
100
AcDbEntity
  8
DEFAULT
 62
   250
100
AcDbSpline
210
0.0
220
0.0
230
1.0
 70
     8
 71
     3
 72
    23
 73
    19
 74
     0
 42
0.000000001
 43
0.0000000001
 40
0.0
 40
0.0
 40
0.0
 40
0.0
 40
1.0
 40
1.0
 40
1.0
 40
2.0
 40
2.0
 40
2.0
 40
3.0
 40
3.0
 40
3.0
 40
4.0
 40
4.0
 40
4.0
 40
5.0
 40
5.0
 40
5.0
 40
6.0
 40
6.0
 40
6.0
 40
6.0
 10
129.5071563888889
 20
125.68936
 30
0.0
 10
129.6320397222222
 20
125.68936
 30
0.0
 10
129.7565702777778
 20
125.4357127777778
 30
0.0
 10
129.7565702777778
 20
125.2526211111111
 30
0.0
 10
129.7565702777778
 20
124.8705627777778
 30
0.0
 10
129.5561925
 20
124.7806044444444
 30
0.0
 10
129.2655036111111
 20
124.7806044444444
 30
0.0
 10
129.2655036111111
 20
124.7806044444444
 30
0.0
 10
128.6721313888889
 20
124.7950683333333
 30
0.0
 10
128.5733536111111
 20
124.7770766666667
 30
0.0
 10
128.4262452777778
 20
124.7770766666667
 30
0.0
 10
128.3419313888889
 20
125.1506683333333
 30
0.0
 10
128.3419313888889
 20
125.3189433333333
 30
0.0
 10
128.3419313888889
 20
125.5570683333333
 30
0.0
 10
128.5098536111111
 20
125.6791294444444
 30
0.0
 10
128.6802452777778
 20
125.6791294444444
 30
0.0
 10
128.9649369444444
 20
125.6791294444444
 30
0.0
 10
129.2199952777778
 20
125.5778822222222
 30
0.0
 10
129.1183952777778
 20
124.7806044444444
 30
0.0
  0
POLYLINE
  5
15E
330
1F
100
AcDbEntity
  8
DEFAULT
 62
   250
100
AcDb2dPolyline
 66
     1
 10
0.0
 20
0.0
 30
0.0
  0
VERTEX
  5
15F
330
15E
100
AcDbEntity
  8
DEFAULT
 62
   250
100
AcDbVertex
100
AcDb2dVertex
 10
188.4371672222222
 20
100.4439119444444
 30
0.0
  0
VERTEX
  5
160
330
15E
100
AcDbEntity
  8
DEFAULT
 62
   250
100
AcDbVertex
100
AcDb2dVertex
 10
187.6649366666667
 20
101.6073730555555
 30
0.0
  0
SEQEND
  5
161
330
15E
100
AcDbEntity
  8
DEFAULT
 62
   250
  0
POLYLINE
  5
162
330
1F
100
AcDbEntity
  8
DEFAULT
 62
   250
100
AcDb2dPolyline
 66
     1
 10
0.0
 20
0.0
 30
0.0
  0
VERTEX
  5
163
330
162
100
AcDbEntity
  8
DEFAULT
 62
   250
100
AcDbVertex
100
AcDb2dVertex
 10
189.2450283333333
 20
101.6073025
 30
0.0
  0
VERTEX
  5
164
330
162
100
AcDbEntity
  8
DEFAULT
 62
   250
100
AcDbVertex
100
AcDb2dVertex
 10
188.4371672222222
 20
100.4470163888889
 30
0.0
  0
VERTEX
  5
165
330
162
100
AcDbEntity
  8
DEFAULT
 62
   250
100
AcDbVertex
100
AcDb2dVertex
 10
188.4371672222222
 20
99.58659138888886
 30
0.0
  0
SEQEND
  5
166
330
162
100
AcDbEntity
  8
DEFAULT
 62
   250
  0
POLYLINE
  5
167
330
1F
100
AcDbEntity
  8
DEFAULT
 62
   250
100
AcDb2dPolyline
 66
     1
 10
0.0
 20
0.0
 30
0.0
  0
VERTEX
  5
168
330
167
100
AcDbEntity
  8
DEFAULT
 62
   250
100
AcDbVertex
100
AcDb2dVertex
 10
112.0713263888889
 20
100.4475808333333
 30
0.0
  0
VERTEX
  5
169
330
167
100
AcDbEntity
  8
DEFAULT
 62
   250
100
AcDbVertex
100
AcDb2dVertex
 10
111.2990958333333
 20
101.6110419444444
 30
0.0
  0
SEQEND
  5
16A
330
167
100
AcDbEntity
  8
DEFAULT
 62
   250
  0
POLYLINE
  5
16B
330
1F
100
AcDbEntity
  8
DEFAULT
 62
   250
100
AcDb2dPolyline
 66
     1
 10
0.0
 20
0.0
 30
0.0
  0
VERTEX
  5
16C
330
16B
100
AcDbEntity
  8
DEFAULT
 62
   250
100
AcDbVertex
100
AcDb2dVertex
 10
112.8791875
 20
101.6109361111111
 30
0.0
  0
VERTEX
  5
16D
330
16B
100
AcDbEntity
  8
DEFAULT
 62
   250
100
AcDbVertex
100
AcDb2dVertex
 10
112.0713263888889
 20
100.45065
 30
0.0
  0
VERTEX
  5
16E
330
16B
100
AcDbEntity
  8
DEFAULT
 62
   250
100
AcDbVertex
100
AcDb2dVertex
 10
112.0713263888889
 20
99.59022499999999
 30
0.0
  0
SEQEND
  5
16F
330
16B
100
AcDbEntity
  8
DEFAULT
 62
   250
  0
SPLINE
  5
170
330
1F
100
AcDbEntity
  8
DEFAULT
 62
   250
100
AcDbSpline
210
0.0
220
0.0
230
1.0
 70
     8
 71
     3
 72
    17
 73
    13
 74
     0
 42
0.000000001
 43
0.0000000001
 40
0.0
 40
0.0
 40
0.0
 40
0.0
 40
3.339999999999975
 40
3.339999999999975
 40
3.339999999999975
 40
4.339999999999975
 40
4.339999999999975
 40
4.339999999999975
 40
5.339999999999975
 40
5.339999999999975
 40
5.339999999999975
 40
8.713999999999999
 40
8.713999999999999
 40
8.713999999999999
 40
8.713999999999999
 10
149.5321283333333
 20
146.7626111111111
 30
0.0
 10
149.5321283333333
 20
147.1553703703703
 30
0.0
 10
149.5321283333333
 20
147.5481296296296
 30
0.0
 10
149.5321283333333
 20
147.9408888888888
 30
0.0
 10
149.5321283333333
 20
148.5617777777778
 30
0.0
 10
149.8588005555555
 20
148.8164833333333
 30
0.0
 10
150.2965977777778
 20
148.8164833333333
 30
0.0
 10
150.7104061111111
 20
148.8164833333333
 30
0.0
 10
151.0222616666667
 20
148.5794166666666
 30
0.0
 10
151.0222616666667
 20
147.9528833333333
 30
0.0
 10
151.0222616666667
 20
147.5561259259259
 30
0.0
 10
151.0222616666667
 20
147.1593685185185
 30
0.0
 10
151.0222616666667
 20
146.7626111111111
 30
0.0
  0
POLYLINE
  5
171
330
1F
100
AcDbEntity
  8
DEFAULT
 62
   250
100
AcDb2dPolyline
 66
     1
 10
0.0
 20
0.0
 30
0.0
  0
VERTEX
  5
172
330
171
100
AcDbEntity
  8
DEFAULT
 62
   250
100
AcDbVertex
100
AcDb2dVertex
 10
141.0133916666666
 20
146.7791916666667
 30
0.0
  0
VERTEX
  5
173
330
171
100
AcDbEntity
  8
DEFAULT
 62
   250
100
AcDbVertex
100
AcDb2dVertex
 10
139.5172611111111
 20
146.7791916666667
 30
0.0
  0
SEQEND
  5
174
330
171
100
AcDbEntity
  8
DEFAULT
 62
   250
  0
POLYLINE
  5
175
330
1F
100
AcDbEntity
  8
DEFAULT
 62
   250
100
AcDb2dPolyline
 66
     1
 10
0.0
 20
0.0
 30
0.0
  0
VERTEX
  5
176
330
175
100
AcDbEntity
  8
DEFAULT
 62
   250
100
AcDbVertex
100
AcDb2dVertex
 10
140.2654322222222
 20
146.7791916666667
 30
0.0
  0
VERTEX
  5
177
330
175
100
AcDbEntity
  8
DEFAULT
 62
   250
100
AcDbVertex
100
AcDb2dVertex
 10
140.2654322222222
 20
148.7999027777778
 30
0.0
  0
SEQEND
  5
178
330
175
100
AcDbEntity
  8
DEFAULT
 62
   250
  0
POLYLINE
  5
179
330
1F
100
AcDbEntity
  8
DEFAULT
 62
   250
100
AcDb2dPolyline
 66
     1
 10
0.0
 20
0.0
 30
0.0
  0
VERTEX
  5
17A
330
179
100
AcDbEntity
  8
DEFAULT
 62
   250
100
AcDbVertex
100
AcDb2dVertex
 10
161.0300380555555
 20
146.7757344444445
 30
0.0
  0
VERTEX
  5
17B
330
179
100
AcDbEntity
  8
DEFAULT
 62
   250
100
AcDbVertex
100
AcDb2dVertex
 10
159.5339075
 20
146.7757344444445
 30
0.0
  0
SEQEND
  5
17C
330
179
100
AcDbEntity
  8
DEFAULT
 62
   250
  0
POLYLINE
  5
17D
330
1F
100
AcDbEntity
  8
DEFAULT
 62
   250
100
AcDb2dPolyline
 66
     1
 10
0.0
 20
0.0
 30
0.0
  0
VERTEX
  5
17E
330
17D
100
AcDbEntity
  8
DEFAULT
 62
   250
100
AcDbVertex
100
AcDb2dVertex
 10
160.2820433333333
 20
146.7757344444445
 30
0.0
  0
VERTEX
  5
17F
330
17D
100
AcDbEntity
  8
DEFAULT
 62
   250
100
AcDbVertex
100
AcDb2dVertex
 10
160.2820433333333
 20
148.7964455555556
 30
0.0
  0
SEQEND
  5
180
330
17D
100
AcDbEntity
  8
DEFAULT
 62
   250
  0
SPLINE
  5
181
330
1F
100
AcDbEntity
  8
DEFAULT
 62
   250
100
AcDbSpline
210
0.0
220
0.0
230
1.0
 70
     8
 71
     3
 72
    14
 73
    10
 74
     0
 42
0.000000001
 43
0.0000000001
 40
0.0
 40
0.0
 40
0.0
 40
0.0
 40
5.728999999999985
 40
5.728999999999985
 40
5.728999999999985
 40
6.728999999999985
 40
6.728999999999985
 40
6.728999999999985
 40
12.45840354661807
 40
12.45840354661807
 40
12.45840354661807
 40
12.45840354661807
 10
156.5657411111111
 20
103.4177227777778
 30
0.0
 10
156.5657411111111
 20
104.0914107407407
 30
0.0
 10
156.5657411111111
 20
104.7650987037037
 30
0.0
 10
156.5657411111111
 20
105.4387866666667
 30
0.0
 10
156.5657411111111
 20
105.4387866666667
 30
0.0
 10
157.8770161111111
 20
103.6244505555556
 30
0.0
 10
157.9729716666666
 20
103.4177227777778
 30
0.0
 10
157.9649753703704
 20
104.0914107407407
 30
0.0
 10
157.956979074074
 20
104.7650987037037
 30
0.0
 10
157.9489827777778
 20
105.4387866666667
 30
0.0
  0
SPLINE
  5
182
330
1F
100
AcDbEntity
  8
DEFAULT
 62
   250
100
AcDbSpline
210
0.0
220
0.0
230
1.0
 70
     8
 71
     3
 72
    14
 73
    10
 74
     0
 42
0.000000001
 43
0.0000000001
 40
0.0
 40
0.0
 40
0.0
 40
0.0
 40
5.728999999999985
 40
5.728999999999985
 40
5.728999999999985
 40
6.728999999999985
 40
6.728999999999985
 40
6.728999999999985
 40
12.45840354661807
 40
12.45840354661807
 40
12.45840354661807
 40
12.45840354661807
 10
142.5675188888889
 20
103.4177227777778
 30
0.0
 10
142.5675188888889
 20
104.0914107407407
 30
0.0
 10
142.5675188888889
 20
104.7650987037037
 30
0.0
 10
142.5675188888889
 20
105.4387866666667
 30
0.0
 10
142.5675188888889
 20
105.4387866666667
 30
0.0
 10
143.8787938888889
 20
103.6244505555556
 30
0.0
 10
143.9747494444444
 20
103.4177227777778
 30
0.0
 10
143.9667531481481
 20
104.0914107407407
 30
0.0
 10
143.9587568518518
 20
104.7650987037037
 30
0.0
 10
143.9507605555555
 20
105.4387866666667
 30
0.0
  0
SPLINE
  5
183
330
1F
100
AcDbEntity
  8
DEFAULT
 62
   250
100
AcDbSpline
210
0.0
220
0.0
230
1.0
 70
     8
 71
     3
 72
    11
 73
     7
 74
     0
 42
0.000000001
 43
0.0000000001
 40
0.0
 40
0.0
 40
0.0
 40
0.0
 40
1.0
 40
1.0
 40
1.0
 40
5.219068262069239
 40
5.219068262069239
 40
5.219068262069239
 40
5.219068262069239
 10
135.6691611111111
 20
139.1137186111111
 30
0.0
 10
135.6691611111111
 20
139.1137186111111
 30
0.0
 10
135.7368944444444
 20
140.4493352777778
 30
0.0
 10
135.7199611111111
 20
140.5428213888889
 30
0.0
 10
135.223837962963
 20
140.5399991666667
 30
0.0
 10
134.7277148148148
 20
140.5371769444444
 30
0.0
 10
134.2315916666667
 20
140.5343547222222
 30
0.0
  0
POLYLINE
  5
184
330
1F
100
AcDbEntity
  8
DEFAULT
 62
   250
100
AcDb2dPolyline
 66
     1
 10
0.0
 20
0.0
 30
0.0
  0
VERTEX
  5
185
330
184
100
AcDbEntity
  8
DEFAULT
 62
   250
100
AcDbVertex
100
AcDb2dVertex
 10
134.9801155555555
 20
141.2826316666666
 30
0.0
  0
VERTEX
  5
186
330
184
100
AcDbEntity
  8
DEFAULT
 62
   250
100
AcDbVertex
100
AcDb2dVertex
 10
136.4092183333333
 20
139.8535288888889
 30
0.0
  0
SEQEND
  5
187
330
184
100
AcDbEntity
  8
DEFAULT
 62
   250
  0
SPLINE
  5
188
330
1F
100
AcDbEntity
  8
DEFAULT
 62
   250
100
AcDbSpline
210
0.0
220
0.0
230
1.0
 70
     8
 71
     3
 72
    11
 73
     7
 74
     0
 42
0.000000001
 43
0.0000000001
 40
0.0
 40
0.0
 40
0.0
 40
0.0
 40
1.0
 40
1.0
 40
1.0
 40
5.218068278252517
 40
5.218068278252517
 40
5.218068278252517
 40
5.218068278252517
 10
136.3972238888889
 20
110.6297352777778
 30
0.0
 10
136.3972238888889
 20
110.6297352777778
 30
0.0
 10
135.0616072222222
 20
110.6974686111111
 30
0.0
 10
134.9681211111111
 20
110.6805352777778
 30
0.0
 10
134.9709433333333
 20
110.1845297222222
 30
0.0
 10
134.9737655555556
 20
109.6885241666666
 30
0.0
 10
134.9765877777778
 20
109.1925186111111
 30
0.0
  0
POLYLINE
  5
189
330
1F
100
AcDbEntity
  8
DEFAULT
 62
   250
100
AcDb2dPolyline
 66
     1
 10
0.0
 20
0.0
 30
0.0
  0
VERTEX
  5
18A
330
189
100
AcDbEntity
  8
DEFAULT
 62
   250
100
AcDbVertex
100
AcDb2dVertex
 10
134.2282755555555
 20
109.9407602777778
 30
0.0
  0
VERTEX
  5
18B
330
189
100
AcDbEntity
  8
DEFAULT
 62
   250
100
AcDbVertex
100
AcDb2dVertex
 10
135.6573783333333
 20
111.3695102777778
 30
0.0
  0
SEQEND
  5
18C
330
189
100
AcDbEntity
  8
DEFAULT
 62
   250
  0
SPLINE
  5
18D
330
1F
100
AcDbEntity
  8
DEFAULT
 62
   250
100
AcDbSpline
210
0.0
220
0.0
230
1.0
 70
     8
 71
     3
 72
    11
 73
     7
 74
     0
 42
0.000000001
 43
0.0000000001
 40
0.0
 40
0.0
 40
0.0
 40
0.0
 40
1.0
 40
1.0
 40
1.0
 40
5.219030338833789
 40
5.219030338833789
 40
5.219030338833789
 40
5.219030338833789
 10
164.8833944444444
 20
111.3601263888889
 30
0.0
 10
164.8833944444444
 20
111.3601263888889
 30
0.0
 10
164.8135444444444
 20
110.0245097222222
 30
0.0
 10
164.830125
 20
109.9313763888889
 30
0.0
 10
165.3262481481481
 20
109.9332578703704
 30
0.0
 10
165.8223712962963
 20
109.9351393518518
 30
0.0
 10
166.3184944444444
 20
109.9370208333333
 30
0.0
  0
POLYLINE
  5
18E
330
1F
100
AcDbEntity
  8
DEFAULT
 62
   250
100
AcDb2dPolyline
 66
     1
 10
0.0
 20
0.0
 30
0.0
  0
VERTEX
  5
18F
330
18E
100
AcDbEntity
  8
DEFAULT
 62
   250
100
AcDbVertex
100
AcDb2dVertex
 10
165.5688416666667
 20
109.1900491666667
 30
0.0
  0
VERTEX
  5
190
330
18E
100
AcDbEntity
  8
DEFAULT
 62
   250
100
AcDbVertex
100
AcDb2dVertex
 10
164.1422083333333
 20
110.6212686111111
 30
0.0
  0
SEQEND
  5
191
330
18E
100
AcDbEntity
  8
DEFAULT
 62
   250
  0
SPLINE
  5
192
330
1F
100
AcDbEntity
  8
DEFAULT
 62
   250
100
AcDbSpline
210
0.0
220
0.0
230
1.0
 70
     8
 71
     3
 72
    11
 73
     7
 74
     0
 42
0.000000001
 43
0.0000000001
 40
0.0
 40
0.0
 40
0.0
 40
0.0
 40
1.0
 40
1.0
 40
1.0
 40
5.219068262069239
 40
5.219068262069239
 40
5.219068262069239
 40
5.219068262069239
 10
164.1553669444444
 20
139.8416755555555
 30
0.0
 10
164.1553669444444
 20
139.8416755555555
 30
0.0
 10
165.4909836111111
 20
139.7739422222222
 30
0.0
 10
165.5844697222222
 20
139.7908755555555
 30
0.0
 10
165.5816475
 20
140.2869987037037
 30
0.0
 10
165.5788252777778
 20
140.7831218518518
 30
0.0
 10
165.5760030555555
 20
141.279245
 30
0.0
  0
POLYLINE
  5
193
330
1F
100
AcDbEntity
  8
DEFAULT
 62
   250
100
AcDb2dPolyline
 66
     1
 10
0.0
 20
0.0
 30
0.0
  0
VERTEX
  5
194
330
193
100
AcDbEntity
  8
DEFAULT
 62
   250
100
AcDbVertex
100
AcDb2dVertex
 10
166.3242799999999
 20
140.5307211111111
 30
0.0
  0
VERTEX
  5
195
330
193
100
AcDbEntity
  8
DEFAULT
 62
   250
100
AcDbVertex
100
AcDb2dVertex
 10
164.8951772222222
 20
139.1016183333333
 30
0.0
  0
SEQEND
  5
196
330
193
100
AcDbEntity
  8
DEFAULT
 62
   250
  0
SPLINE
  5
197
330
1F
100
AcDbEntity
  8
DEFAULT
 62
     1
100
AcDbSpline
210
0.0
220
0.0
230
1.0
 70
    11
 71
     3
 72
    17
 73
    13
 74
     0
 42
0.000000001
 43
0.0000000001
 40
1.0
 40
1.0
 40
1.0
 40
1.0
 40
2.0
 40
2.0
 40
2.0
 40
3.0
 40
3.0
 40
3.0
 40
4.0
 40
4.0
 40
4.0
 40
5.0
 40
5.0
 40
5.0
 40
5.0
 10
150.2710566666667
 20
112.9045522222222
 30
0.0
 10
141.4339733333333
 20
112.9045522222222
 30
0.0
 10
128.2083344444444
 20
128.1551355555555
 30
0.0
 10
136.7208622222222
 20
130.5081633333333
 30
0.0
 10
145.1416677777778
 20
132.8294411111111
 30
0.0
 10
141.4375011111111
 20
140.1919133333333
 30
0.0
 10
150.2745844444444
 20
140.1880327777777
 30
0.0
 10
159.10814
 20
140.1880327777777
 30
0.0
 10
155.4039733333333
 20
132.8294411111111
 30
0.0
 10
163.8212511111111
 20
130.5046355555555
 30
0.0
 10
172.3373066666666
 20
128.1516077777778
 30
0.0
 10
159.1046122222222
 20
112.9045522222222
 30
0.0
 10
150.2710566666667
 20
112.9045522222222
 30
0.0
  0
SPLINE
  5
198
330
1F
100
AcDbEntity
  8
DEFAULT
 62
     1
100
AcDbSpline
210
0.0
220
0.0
230
1.0
 70
     8
 71
     3
 72
   197
 73
   193
 74
     0
 42
0.000000001
 43
0.0000000001
 40
0.0
 40
0.0
 40
0.0
 40
0.0
 40
3.8162416066072
 40
3.8162416066072
 40
3.8162416066072
 40
4.8162416066072
 40
4.8162416066072
 40
4.8162416066072
 40
5.8162416066072
 40
5.8162416066072
 40
5.8162416066072
 40
6.8162416066072
 40
6.8162416066072
 40
6.8162416066072
 40
7.8162416066072
 40
7.8162416066072
 40
7.8162416066072
 40
33.1862416066072
 40
33.1862416066072
 40
33.1862416066072
 40
34.1862416066072
 40
34.1862416066072
 40
34.1862416066072
 40
35.1862416066072
 40
35.1862416066072
 40
35.1862416066072
 40
36.1862416066072
 40
36.1862416066072
 40
36.1862416066072
 40
46.10624160660722
 40
46.10624160660722
 40
46.10624160660722
 40
54.61624160660721
 40
54.61624160660721
 40
54.61624160660721
 40
64.53624160660723
 40
64.53624160660723
 40
64.53624160660723
 40
65.53624160660723
 40
65.53624160660723
 40
65.53624160660723
 40
66.53624160660723
 40
66.53624160660723
 40
66.53624160660723
 40
67.53624160660723
 40
67.53624160660723
 40
67.53624160660723
 40
68.53624160660723
 40
68.53624160660723
 40
68.53624160660723
 40
69.53624160660723
 40
69.53624160660723
 40
69.53624160660723
 40
70.53624160660723
 40
70.53624160660723
 40
70.53624160660723
 40
71.53624160660723
 40
71.53624160660723
 40
71.53624160660723
 40
80.03566511646952
 40
80.03566511646952
 40
80.03566511646952
 40
81.03566511646952
 40
81.03566511646952
 40
81.03566511646952
 40
82.03566511646952
 40
82.03566511646952
 40
82.03566511646952
 40
83.03566511646952
 40
83.03566511646952
 40
83.03566511646952
 40
84.03566511646952
 40
84.03566511646952
 40
84.03566511646952
 40
85.03566511646952
 40
85.03566511646952
 40
85.03566511646952
 40
86.03566511646952
 40
86.03566511646952
 40
86.03566511646952
 40
95.96566511646947
 40
95.96566511646947
 40
95.96566511646947
 40
104.4656709988204
 40
104.4656709988204
 40
104.4656709988204
 40
114.3856709988203
 40
114.3856709988203
 40
114.3856709988203
 40
115.3856709988203
 40
115.3856709988203
 40
115.3856709988203
 40
116.3856709988203
 40
116.3856709988203
 40
116.3856709988203
 40
117.3856709988203
 40
117.3856709988203
 40
117.3856709988203
 40
118.3856709988203
 40
118.3856709988203
 40
118.3856709988203
 40
119.3856709988203
 40
119.3856709988203
 40
119.3856709988203
 40
120.3856709988203
 40
120.3856709988203
 40
120.3856709988203
 40
130.3056709988203
 40
130.3056709988203
 40
130.3056709988203
 40
138.8056709988203
 40
138.8056709988203
 40
138.8056709988203
 40
148.7256709988202
 40
148.7256709988202
 40
148.7256709988202
 40
149.7256709988202
 40
149.7256709988202
 40
149.7256709988202
 40
150.7256709988202
 40
150.7256709988202
 40
150.7256709988202
 40
151.7256709988202
 40
151.7256709988202
 40
151.7256709988202
 40
152.7256709988202
 40
152.7256709988202
 40
152.7256709988202
 40
153.7256709988202
 40
153.7256709988202
 40
153.7256709988202
 40
154.7256709988202
 40
154.7256709988202
 40
154.7256709988202
 40
163.239248390258
 40
163.239248390258
 40
163.239248390258
 40
164.239248390258
 40
164.239248390258
 40
164.239248390258
 40
165.239248390258
 40
165.239248390258
 40
165.239248390258
 40
166.239248390258
 40
166.239248390258
 40
166.239248390258
 40
167.239248390258
 40
167.239248390258
 40
167.239248390258
 40
168.239248390258
 40
168.239248390258
 40
168.239248390258
 40
169.239248390258
 40
169.239248390258
 40
169.239248390258
 40
170.239248390258
 40
170.239248390258
 40
170.239248390258
 40
180.1592483902579
 40
180.1592483902579
 40
180.1592483902579
 40
188.6692483902579
 40
188.6692483902579
 40
188.6692483902579
 40
198.5892483902579
 40
198.5892483902579
 40
198.5892483902579
 40
199.5892483902579
 40
199.5892483902579
 40
199.5892483902579
 40
200.5892483902579
 40
200.5892483902579
 40
200.5892483902579
 40
201.5892483902579
 40
201.5892483902579
 40
201.5892483902579
 40
226.9592483902579
 40
226.9592483902579
 40
226.9592483902579
 40
227.9592483902579
 40
227.9592483902579
 40
227.9592483902579
 40
228.9592483902579
 40
228.9592483902579
 40
228.9592483902579
 40
229.9592483902579
 40
229.9592483902579
 40
229.9592483902579
 40
230.9592483902579
 40
230.9592483902579
 40
230.9592483902579
 40
234.7754899968651
 40
234.7754899968651
 40
234.7754899968651
 40
234.7754899968651
 10
122.3737427777778
 20
112.282605
 30
0.0
 10
122.5630668518518
 20
111.8757346296296
 30
0.0
 10
122.7523909259259
 20
111.4688642592592
 30
0.0
 10
122.941715
 20
111.0619938888889
 30
0.0
 10
122.941715
 20
111.0619938888889
 30
0.0
 10
120.5639927777778
 20
109.9507438888889
 30
0.0
 10
119.7702427777778
 20
109.5803272222222
 30
0.0
 10
119.6114927777778
 20
109.5062438888889
 30
0.0
 10
119.0188261111111
 20
109.3404383333333
 30
0.0
 10
118.1404094444444
 20
108.9312161111111
 30
0.0
 10
117.2655205555556
 20
108.5219938888889
 30
0.0
 10
116.5705483333333
 20
108.1515772222222
 30
0.0
 10
116.5952427777778
 20
108.1021883333333
 30
0.0
 10
117.004465
 20
107.2237716666667
 30
0.0
 10
107.5888261111111
 20
104.8072438888889
 30
0.0
 10
107.5888261111111
 20
102.5071327777778
 30
0.0
 10
107.5888261111111
 20
99.52380870370371
 30
0.0
 10
107.5888261111111
 20
96.54048462962965
 30
0.0
 10
107.5888261111111
 20
93.55716055555555
 30
0.0
 10
107.5888261111111
 20
91.89910499999999
 30
0.0
 10
108.9293816666667
 20
90.55854944444445
 30
0.0
 10
110.5874372222222
 20
90.55854944444445
 30
0.0
 10
110.6438816666667
 20
90.55854944444445
 30
0.0
 10
110.6897427777778
 20
91.34171611111111
 30
0.0
 10
110.6897427777778
 20
92.30832722222222
 30
0.0
 10
110.6897427777778
 20
93.27493833333331
 30
0.0
 10
110.5874372222222
 20
93.8817161111111
 30
0.0
 10
110.5874372222222
 20
94.05810499999998
 30
0.0
 10
110.5874372222222
 20
95.2246235185185
 30
0.0
 10
110.5874372222222
 20
96.39114203703703
 30
0.0
 10
110.5874372222222
 20
97.55766055555554
 30
0.0
 10
111.5881501851852
 20
97.55766055555553
 30
0.0
 10
112.5888631481481
 20
97.55766055555553
 30
0.0
 10
113.5895761111111
 20
97.55766055555554
 30
0.0
 10
113.5895761111111
 20
96.39114203703703
 30
0.0
 10
113.5895761111111
 20
95.2246235185185
 30
0.0
 10
113.5895761111111
 20
94.05810499999998
 30
0.0
 10
113.5895761111111
 20
93.8817161111111
 30
0.0
 10
113.4872705555556
 20
93.27493833333331
 30
0.0
 10
113.4872705555556
 20
92.30832722222222
 30
0.0
 10
113.4872705555556
 20
91.34171611111111
 30
0.0
 10
113.5331316666667
 20
90.55854944444445
 30
0.0
 10
113.5895761111111
 20
90.55854944444445
 30
0.0
 10
115.2476316666666
 20
90.55854944444445
 30
0.0
 10
116.5881872222222
 20
91.89910499999999
 30
0.0
 10
116.5881872222222
 20
93.55716055555555
 30
0.0
 10
116.5881872222222
 20
99.9494938888889
 30
0.0
 10
126.3248538888889
 20
105.075355
 30
0.0
 10
127.1574094444444
 20
104.2392716666667
 30
0.0
 10
127.196215
 20
104.2004661111111
 30
0.0
 10
127.7818261111111
 20
104.7225772222222
 30
0.0
 10
128.4626872222222
 20
105.4069661111111
 30
0.0
 10
129.1470761111111
 20
106.0878272222222
 30
0.0
 10
129.5069094444444
 20
106.5887716666666
 30
0.0
 10
129.6303816666667
 20
106.7122438888889
 30
0.0
 10
130.2477427777778
 20
107.3331327777778
 30
0.0
 10
132.1068816666667
 20
109.1887438888889
 30
0.0
 10
132.1068816666667
 20
109.1887438888889
 30
0.0
 10
132.8136131481481
 20
108.4820124074074
 30
0.0
 10
133.5203446296296
 20
107.7752809259259
 30
0.0
 10
134.2270761111111
 20
107.0685494444444
 30
0.0
 10
134.2270761111111
 20
107.0685494444444
 30
0.0
 10
132.371465
 20
105.2129383333333
 30
0.0
 10
131.7505761111111
 20
104.5920494444444
 30
0.0
 10
131.6271038888889
 20
104.4685772222222
 30
0.0
 10
131.1296872222222
 20
104.1087438888889
 30
0.0
 10
130.4452983333333
 20
103.424355
 30
0.0
 10
129.7609094444445
 20
102.7399661111111
 30
0.0
 10
129.2352705555556
 20
102.1578827777778
 30
0.0
 10
129.2740761111111
 20
102.1190772222222
 30
0.0
 10
131.3942705555556
 20
99.995355
 30
0.0
 10
134.8656038888889
 20
94.3897161111111
 30
0.0
 10
141.7729927777778
 20
94.38618833333332
 30
0.0
 10
141.8259094444444
 20
94.38618833333332
 30
0.0
 10
141.8717705555555
 20
95.16935499999998
 30
0.0
 10
141.8717705555555
 20
96.13949388888886
 30
0.0
 10
141.8717705555555
 20
97.10257722222221
 30
0.0
 10
141.7729927777778
 20
97.709355
 30
0.0
 10
141.7729927777778
 20
97.88574388888888
 30
0.0
 10
141.7729927777778
 20
99.05343833333332
 30
0.0
 10
141.7729927777778
 20
100.2211327777778
 30
0.0
 10
141.7729927777778
 20
101.3888272222222
 30
0.0
 10
142.7725298148148
 20
101.3876512962963
 30
0.0
 10
143.7720668518518
 20
101.3864753703704
 30
0.0
 10
144.7716038888889
 20
101.3852994444444
 30
0.0
 10
144.7716038888889
 20
100.2187809259259
 30
0.0
 10
144.7716038888889
 20
99.0522624074074
 30
0.0
 10
144.7716038888889
 20
97.88574388888888
 30
0.0
 10
144.7716038888889
 20
97.709355
 30
0.0
 10
144.6728261111111
 20
97.10257722222221
 30
0.0
 10
144.6728261111111
 20
96.1359661111111
 30
0.0
 10
144.6728261111111
 20
95.16935499999998
 30
0.0
 10
144.7186872222222
 20
94.38618833333332
 30
0.0
 10
144.7716038888889
 20
94.38618833333332
 30
0.0
 10
147.1246316666667
 20
94.38618833333332
 30
0.0
 10
147.2339927777778
 20
95.44452166666666
 30
0.0
 10
150.2714094444444
 20
95.44452166666666
 30
0.0
 10
153.3088261111111
 20
95.44452166666666
 30
0.0
 10
153.4181872222222
 20
94.38618833333332
 30
0.0
 10
155.771215
 20
94.38618833333332
 30
0.0
 10
155.8241316666667
 20
94.38618833333332
 30
0.0
 10
155.8699927777778
 20
95.16935499999998
 30
0.0
 10
155.8699927777778
 20
96.1359661111111
 30
0.0
 10
155.8699927777778
 20
97.10257722222221
 30
0.0
 10
155.771215
 20
97.709355
 30
0.0
 10
155.771215
 20
97.88574388888888
 30
0.0
 10
155.771215
 20
99.0522624074074
 30
0.0
 10
155.771215
 20
100.2187809259259
 30
0.0
 10
155.771215
 20
101.3852994444444
 30
0.0
 10
156.770752037037
 20
101.3852994444444
 30
0.0
 10
157.7702890740741
 20
101.3852994444444
 30
0.0
 10
158.7698261111111
 20
101.3852994444444
 30
0.0
 10
158.7698261111111
 20
100.2187809259259
 30
0.0
 10
158.7698261111111
 20
99.0522624074074
 30
0.0
 10
158.7698261111111
 20
97.88574388888888
 30
0.0
 10
158.7698261111111
 20
97.709355
 30
0.0
 10
158.6710483333333
 20
97.10257722222221
 30
0.0
 10
158.6710483333333
 20
96.1359661111111
 30
0.0
 10
158.6710483333333
 20
95.16935499999998
 30
0.0
 10
158.7169094444444
 20
94.38618833333332
 30
0.0
 10
158.7698261111111
 20
94.38618833333332
 30
0.0
 10
165.677215
 20
94.38618833333332
 30
0.0
 10
169.1485483333333
 20
99.99182722222221
 30
0.0
 10
171.2687427777778
 20
102.1155494444444
 30
0.0
 10
171.3075483333333
 20
102.154355
 30
0.0
 10
170.7819094444444
 20
102.7364383333333
 30
0.0
 10
170.0975205555555
 20
103.4208272222222
 30
0.0
 10
169.4131316666667
 20
104.1052161111111
 30
0.0
 10
168.915715
 20
104.4650494444444
 30
0.0
 10
168.7922427777778
 20
104.5885216666667
 30
0.0
 10
168.1713538888889
 20
105.2094105555556
 30
0.0
 10
166.3157427777778
 20
107.0650216666667
 30
0.0
 10
166.3157427777778
 20
107.0650216666667
 30
0.0
 10
167.0248261111111
 20
107.7717531481481
 30
0.0
 10
167.7339094444444
 20
108.4784846296296
 30
0.0
 10
168.4429927777778
 20
109.1852161111111
 30
0.0
 10
168.4429927777778
 20
109.1852161111111
 30
0.0
 10
170.2950761111111
 20
107.329605
 30
0.0
 10
170.9124372222222
 20
106.7087161111111
 30
0.0
 10
171.0359094444444
 20
106.5852438888889
 30
0.0
 10
171.3957427777778
 20
106.0842994444444
 30
0.0
 10
172.0801316666667
 20
105.4034383333333
 30
0.0
 10
172.7609927777778
 20
104.7190494444444
 30
0.0
 10
173.3466038888889
 20
104.1969383333333
 30
0.0
 10
173.3854094444444
 20
104.2357438888889
 30
0.0
 10
174.217965
 20
105.0718272222222
 30
0.0
 10
183.9546316666666
 20
99.9459661111111
 30
0.0
 10
183.9546316666666
 20
93.55363277777776
 30
0.0
 10
183.9546316666666
 20
91.89557722222222
 30
0.0
 10
185.2951872222222
 20
90.55502166666665
 30
0.0
 10
186.9532427777777
 20
90.55502166666665
 30
0.0
 10
187.0096872222222
 20
90.55502166666665
 30
0.0
 10
187.0555483333333
 20
91.33818833333333
 30
0.0
 10
187.0555483333333
 20
92.30479944444443
 30
0.0
 10
187.0555483333333
 20
93.27141055555553
 30
0.0
 10
186.9532427777777
 20
93.87818833333333
 30
0.0
 10
186.9532427777777
 20
94.05457722222222
 30
0.0
 10
186.9532427777777
 20
95.22109574074074
 30
0.0
 10
186.9532427777777
 20
96.38761425925924
 30
0.0
 10
186.9532427777777
 20
97.55413277777775
 30
0.0
 10
187.9539557407407
 20
97.55413277777775
 30
0.0
 10
188.9546687037036
 20
97.55413277777775
 30
0.0
 10
189.9553816666666
 20
97.55413277777775
 30
0.0
 10
189.9553816666666
 20
96.38761425925924
 30
0.0
 10
189.9553816666666
 20
95.22109574074074
 30
0.0
 10
189.9553816666666
 20
94.05457722222222
 30
0.0
 10
189.9553816666666
 20
93.87818833333333
 30
0.0
 10
189.8530761111111
 20
93.27141055555553
 30
0.0
 10
189.8530761111111
 20
92.30479944444443
 30
0.0
 10
189.8530761111111
 20
91.33818833333333
 30
0.0
 10
189.8989372222222
 20
90.55502166666665
 30
0.0
 10
189.9553816666666
 20
90.55502166666665
 30
0.0
 10
191.6134372222222
 20
90.55502166666665
 30
0.0
 10
192.9539927777778
 20
91.89557722222222
 30
0.0
 10
192.9539927777778
 20
93.55363277777776
 30
0.0
 10
192.9539927777778
 20
96.53695685185183
 30
0.0
 10
192.9539927777778
 20
99.52028092592592
 30
0.0
 10
192.9539927777778
 20
102.503605
 30
0.0
 10
192.9539927777778
 20
104.8037161111111
 30
0.0
 10
183.5383538888889
 20
107.2202438888889
 30
0.0
 10
183.9475761111111
 20
108.0986605555556
 30
0.0
 10
183.9722705555556
 20
108.1480494444444
 30
0.0
 10
183.2808261111111
 20
108.5184661111111
 30
0.0
 10
182.409465
 20
108.9276883333333
 30
0.0
 10
181.5310483333333
 20
109.3369105555555
 30
0.0
 10
180.9383816666667
 20
109.5027161111111
 30
0.0
 10
180.7796316666666
 20
109.5767994444444
 30
0.0
 10
179.9858816666667
 20
109.9472161111111
 30
0.0
 10
177.6081594444444
 20
111.0584661111111
 30
0.0
 10
177.6081594444444
 20
111.0584661111111
 30
0.0
 10
177.7974835185185
 20
111.4653364814815
 30
0.0
 10
177.9868075925926
 20
111.8722068518518
 30
0.0
 10
178.1761316666666
 20
112.2790772222222
 30
0.0
  0
SPLINE
  5
199
330
1F
100
AcDbEntity
  8
DEFAULT
 62
     1
100
AcDbSpline
210
0.0
220
0.0
230
1.0
 70
     8
 71
     3
 72
   104
 73
   100
 74
     0
 42
0.000000001
 43
0.0000000001
 40
0.0
 40
0.0
 40
0.0
 40
0.0
 40
3.820471175130063
 40
3.820471175130063
 40
3.820471175130063
 40
4.820471175130063
 40
4.820471175130063
 40
4.820471175130063
 40
5.820471175130063
 40
5.820471175130063
 40
5.820471175130063
 40
6.820471175130063
 40
6.820471175130063
 40
6.820471175130063
 40
7.820471175130063
 40
7.820471175130063
 40
7.820471175130063
 40
8.820471175130063
 40
8.820471175130063
 40
8.820471175130063
 40
9.820471175130063
 40
9.820471175130063
 40
9.820471175130063
 40
19.74047117513008
 40
19.74047117513008
 40
19.74047117513008
 40
28.24047117513008
 40
28.24047117513008
 40
28.24047117513008
 40
38.1604711751301
 40
38.1604711751301
 40
38.1604711751301
 40
39.1604711751301
 40
39.1604711751301
 40
39.1604711751301
 40
40.1604711751301
 40
40.1604711751301
 40
40.1604711751301
 40
41.1604711751301
 40
41.1604711751301
 40
41.1604711751301
 40
42.1604711751301
 40
42.1604711751301
 40
42.1604711751301
 40
43.1604711751301
 40
43.1604711751301
 40
43.1604711751301
 40
44.1604711751301
 40
44.1604711751301
 40
44.1604711751301
 40
52.65989468499242
 40
52.65989468499242
 40
52.65989468499242
 40
53.65989468499242
 40
53.65989468499242
 40
53.65989468499242
 40
54.65989468499242
 40
54.65989468499242
 40
54.65989468499242
 40
55.65989468499242
 40
55.65989468499242
 40
55.65989468499242
 40
56.65989468499242
 40
56.65989468499242
 40
56.65989468499242
 40
57.65989468499242
 40
57.65989468499242
 40
57.65989468499242
 40
58.65989468499242
 40
58.65989468499242
 40
58.65989468499242
 40
68.57989468499244
 40
68.57989468499244
 40
68.57989468499244
 40
77.07990056734334
 40
77.07990056734334
 40
77.07990056734334
 40
86.98990056734337
 40
86.98990056734337
 40
86.98990056734337
 40
87.98990056734337
 40
87.98990056734337
 40
87.98990056734337
 40
88.98990056734337
 40
88.98990056734337
 40
88.98990056734337
 40
89.98990056734337
 40
89.98990056734337
 40
89.98990056734337
 40
90.98990056734337
 40
90.98990056734337
 40
90.98990056734337
 40
91.98990056734337
 40
91.98990056734337
 40
91.98990056734337
 40
101.9099005673434
 40
101.9099005673434
 40
101.9099005673434
 40
105.7399005673434
 40
105.7399005673434
 40
105.7399005673434
 40
105.7399005673434
 10
122.2467427777778
 20
112.5577716666666
 30
0.0
 10
122.0562427777778
 20
112.964642037037
 30
0.0
 10
121.8657427777778
 20
113.3715124074074
 30
0.0
 10
121.6752427777778
 20
113.7783827777777
 30
0.0
 10
121.6752427777778
 20
113.7783827777778
 30
0.0
 10
119.2939927777778
 20
112.6706605555555
 30
0.0
 10
118.5002427777778
 20
112.3002438888889
 30
0.0
 10
118.3450205555555
 20
112.2261605555555
 30
0.0
 10
117.8334927777778
 20
111.8804383333333
 30
0.0
 10
116.9586038888889
 20
111.4712161111111
 30
0.0
 10
116.0801872222222
 20
111.0619938888889
 30
0.0
 10
115.353465
 20
110.7727161111111
 30
0.0
 10
115.3287705555556
 20
110.822105
 30
0.0
 10
114.0622983333333
 20
113.5384938888889
 30
0.0
 10
119.3433816666667
 20
115.0483827777778
 30
0.0
 10
119.3433816666667
 20
123.7337716666667
 30
0.0
 10
119.3433816666667
 20
123.7902161111111
 30
0.0
 10
120.1265483333333
 20
123.8325494444444
 30
0.0
 10
121.0931594444445
 20
123.8325494444444
 30
0.0
 10
122.0597705555556
 20
123.8325494444444
 30
0.0
 10
122.6700761111111
 20
123.7337716666667
 30
0.0
 10
122.8429372222222
 20
123.7337716666667
 30
0.0
 10
124.0094557407407
 20
123.7337716666667
 30
0.0
 10
125.1759742592593
 20
123.7337716666667
 30
0.0
 10
126.3424927777778
 20
123.7337716666667
 30
0.0
 10
126.3424927777778
 20
124.7333087037037
 30
0.0
 10
126.3424927777778
 20
125.7328457407407
 30
0.0
 10
126.3424927777778
 20
126.7323827777778
 30
0.0
 10
125.1759742592593
 20
126.7323827777778
 30
0.0
 10
124.0094557407407
 20
126.7323827777778
 30
0.0
 10
122.8429372222222
 20
126.7323827777778
 30
0.0
 10
122.6700761111111
 20
126.7323827777778
 30
0.0
 10
122.0597705555556
 20
126.633605
 30
0.0
 10
121.0931594444445
 20
126.633605
 30
0.0
 10
120.1265483333333
 20
126.633605
 30
0.0
 10
119.3433816666667
 20
126.6794661111111
 30
0.0
 10
119.3433816666667
 20
126.7323827777778
 30
0.0
 10
119.3433816666667
 20
138.4163827777778
 30
0.0
 10
119.766715
 20
138.8397161111111
 30
0.0
 10
127.1609372222222
 20
146.2339383333333
 30
0.0
 10
127.1997427777778
 20
146.2727438888889
 30
0.0
 10
127.7853538888889
 20
145.7506327777778
 30
0.0
 10
128.4697427777778
 20
145.0662438888889
 30
0.0
 10
129.1506038888889
 20
144.381855
 30
0.0
 10
129.5104372222222
 20
143.8809105555555
 30
0.0
 10
129.6339094444444
 20
143.7574383333333
 30
0.0
 10
130.2547983333333
 20
143.1400772222222
 30
0.0
 10
132.1104094444444
 20
141.2844661111111
 30
0.0
 10
132.1104094444444
 20
141.2844661111111
 30
0.0
 10
132.8171409259259
 20
141.9911975925926
 30
0.0
 10
133.5238724074074
 20
142.6979290740741
 30
0.0
 10
134.2306038888889
 20
143.4046605555556
 30
0.0
 10
134.2306038888889
 20
143.4046605555556
 30
0.0
 10
132.3749927777778
 20
145.2602716666667
 30
0.0
 10
131.7576316666666
 20
145.8811605555555
 30
0.0
 10
131.6341594444444
 20
146.0046327777778
 30
0.0
 10
131.133215
 20
146.3644661111111
 30
0.0
 10
130.4488261111111
 20
147.0453272222222
 30
0.0
 10
129.7750205555555
 20
147.7191327777778
 30
0.0
 10
129.259965
 20
148.2976883333333
 30
0.0
 10
129.2811316666667
 20
148.3541327777778
 30
0.0
 10
136.0191872222222
 20
155.0921883333333
 30
0.0
 10
133.355715
 20
157.8332716666667
 30
0.0
 10
138.7708538888889
 20
157.8332716666667
 30
0.0
 10
138.8202427777778
 20
157.8297438888889
 30
0.0
 10
138.8661038888889
 20
157.0465772222222
 30
0.0
 10
138.8661038888889
 20
156.0799661111111
 30
0.0
 10
138.8661038888889
 20
155.1168827777778
 30
0.0
 10
138.7673261111111
 20
154.5030494444444
 30
0.0
 10
138.7673261111111
 20
154.3337161111111
 30
0.0
 10
138.7673261111111
 20
153.1671975925926
 30
0.0
 10
138.7673261111111
 20
152.000679074074
 30
0.0
 10
138.7673261111111
 20
150.8341605555555
 30
0.0
 10
139.7668631481481
 20
150.8329846296296
 30
0.0
 10
140.7664001851852
 20
150.8318087037037
 30
0.0
 10
141.7659372222222
 20
150.8306327777778
 30
0.0
 10
141.7659372222222
 20
151.9959753703704
 30
0.0
 10
141.7659372222222
 20
153.161317962963
 30
0.0
 10
141.7659372222222
 20
154.3266605555555
 30
0.0
 10
141.7624094444444
 20
154.4995216666667
 30
0.0
 10
141.6671594444445
 20
155.113355
 30
0.0
 10
141.6671594444445
 20
156.0799661111111
 30
0.0
 10
141.6706872222222
 20
157.0465772222222
 30
0.0
 10
141.7094927777778
 20
157.8297438888889
 30
0.0
 10
141.7659372222222
 20
157.8297438888889
 30
0.0
 10
143.7485483333333
 20
157.8262161111111
 30
0.0
 10
145.738215
 20
157.8297438888889
 30
0.0
 10
148.7756316666667
 20
157.8297438888889
 30
0.0
 10
148.8320761111111
 20
157.8297438888889
 30
0.0
 10
148.8744094444444
 20
157.0465772222222
 30
0.0
 10
148.8744094444444
 20
156.0799661111111
 30
0.0
 10
148.8744094444444
 20
155.113355
 30
0.0
 10
148.7756316666667
 20
154.5030494444444
 30
0.0
 10
148.7756316666667
 20
154.3301883333333
 30
0.0
 10
148.7756316666667
 20
153.1636698148148
 30
0.0
 10
148.7756316666667
 20
151.9971512962963
 30
0.0
 10
148.7756316666667
 20
150.8306327777778
 30
0.0
 10
149.2260112962963
 20
150.8306327777778
 30
0.0
 10
149.6763909259259
 20
150.8306327777778
 30
0.0
 10
150.1267705555555
 20
150.8306327777778
 30
0.0
  0
SPLINE
  5
19A
330
1F
100
AcDbEntity
  8
DEFAULT
 62
     1
100
AcDbSpline
210
0.0
220
0.0
230
1.0
 70
     8
 71
     3
 72
   104
 73
   100
 74
     0
 42
0.000000001
 43
0.0000000001
 40
0.0
 40
0.0
 40
0.0
 40
0.0
 40
3.829999999999984
 40
3.829999999999984
 40
3.829999999999984
 40
13.75
 40
13.75
 40
13.75
 40
14.75
 40
14.75
 40
14.75
 40
15.75
 40
15.75
 40
15.75
 40
16.75
 40
16.75
 40
16.75
 40
17.75
 40
17.75
 40
17.75
 40
18.75
 40
18.75
 40
18.75
 40
28.66000000000003
 40
28.66000000000003
 40
28.66000000000003
 40
37.16000588235093
 40
37.16000588235093
 40
37.16000588235093
 40
47.08000588235095
 40
47.08000588235095
 40
47.08000588235095
 40
48.08000588235095
 40
48.08000588235095
 40
48.08000588235095
 40
49.08000588235095
 40
49.08000588235095
 40
49.08000588235095
 40
50.08000588235095
 40
50.08000588235095
 40
50.08000588235095
 40
51.08000588235095
 40
51.08000588235095
 40
51.08000588235095
 40
52.08000588235095
 40
52.08000588235095
 40
52.08000588235095
 40
53.08000588235095
 40
53.08000588235095
 40
53.08000588235095
 40
61.57942939221324
 40
61.57942939221324
 40
61.57942939221324
 40
62.57942939221324
 40
62.57942939221324
 40
62.57942939221324
 40
63.57942939221324
 40
63.57942939221324
 40
63.57942939221324
 40
64.57942939221323
 40
64.57942939221323
 40
64.57942939221323
 40
65.57942939221323
 40
65.57942939221323
 40
65.57942939221323
 40
66.57942939221323
 40
66.57942939221323
 40
66.57942939221323
 40
67.57942939221323
 40
67.57942939221323
 40
67.57942939221323
 40
77.49942939221324
 40
77.49942939221324
 40
77.49942939221324
 40
86.00942939221324
 40
86.00942939221324
 40
86.00942939221324
 40
95.92942939221325
 40
95.92942939221325
 40
95.92942939221325
 40
96.92942939221325
 40
96.92942939221325
 40
96.92942939221325
 40
97.92942939221325
 40
97.92942939221325
 40
97.92942939221325
 40
98.92942939221325
 40
98.92942939221325
 40
98.92942939221325
 40
99.92942939221325
 40
99.92942939221325
 40
99.92942939221325
 40
100.9294293922133
 40
100.9294293922133
 40
100.9294293922133
 40
101.9294293922133
 40
101.9294293922133
 40
101.9294293922133
 40
105.7499005673433
 40
105.7499005673433
 40
105.7499005673433
 40
105.7499005673433
 10
150.4266316666667
 20
150.8306327777778
 30
0.0
 10
150.8770112962963
 20
150.8306327777778
 30
0.0
 10
151.3273909259259
 20
150.8306327777778
 30
0.0
 10
151.7777705555555
 20
150.8306327777778
 30
0.0
 10
151.7777705555555
 20
151.9971512962963
 30
0.0
 10
151.7777705555555
 20
153.1636698148148
 30
0.0
 10
151.7777705555555
 20
154.3301883333333
 30
0.0
 10
151.7777705555555
 20
154.5030494444444
 30
0.0
 10
151.675465
 20
155.113355
 30
0.0
 10
151.675465
 20
156.0799661111111
 30
0.0
 10
151.675465
 20
157.0465772222222
 30
0.0
 10
151.7213261111111
 20
157.8297438888889
 30
0.0
 10
151.7777705555555
 20
157.8297438888889
 30
0.0
 10
154.818715
 20
157.8262161111111
 30
0.0
 10
156.8013261111111
 20
157.8262161111111
 30
0.0
 10
158.7839372222222
 20
157.8262161111111
 30
0.0
 10
158.8368538888889
 20
157.8262161111111
 30
0.0
 10
158.882715
 20
157.0430494444444
 30
0.0
 10
158.882715
 20
156.0764383333333
 30
0.0
 10
158.882715
 20
155.1098272222222
 30
0.0
 10
158.7839372222222
 20
154.4995216666667
 30
0.0
 10
158.7839372222222
 20
154.3266605555555
 30
0.0
 10
158.7839372222222
 20
153.161317962963
 30
0.0
 10
158.7839372222222
 20
151.9959753703704
 30
0.0
 10
158.7839372222222
 20
150.8306327777778
 30
0.0
 10
159.7834742592593
 20
150.8294568518519
 30
0.0
 10
160.7830112962963
 20
150.8282809259259
 30
0.0
 10
161.7825483333333
 20
150.827105
 30
0.0
 10
161.7825483333333
 20
151.9936235185185
 30
0.0
 10
161.7825483333333
 20
153.160142037037
 30
0.0
 10
161.7825483333333
 20
154.3266605555555
 30
0.0
 10
161.7825483333333
 20
154.4995216666667
 30
0.0
 10
161.6837705555556
 20
155.1098272222222
 30
0.0
 10
161.6802427777777
 20
156.0764383333333
 30
0.0
 10
161.6837705555556
 20
157.0465772222222
 30
0.0
 10
161.7261038888889
 20
157.8262161111111
 30
0.0
 10
161.7825483333333
 20
157.8297438888889
 30
0.0
 10
167.1976872222222
 20
157.8297438888889
 30
0.0
 10
164.534215
 20
155.0921883333333
 30
0.0
 10
171.2757983333333
 20
148.350605
 30
0.0
 10
171.3146038888889
 20
148.3117994444444
 30
0.0
 10
170.7924927777778
 20
147.7261883333333
 30
0.0
 10
170.1081038888889
 20
147.0417994444444
 30
0.0
 10
169.423715
 20
146.3609383333333
 30
0.0
 10
168.9227705555556
 20
146.001105
 30
0.0
 10
168.7992983333333
 20
145.8776327777778
 30
0.0
 10
168.1819372222222
 20
145.2567438888889
 30
0.0
 10
166.3263261111111
 20
143.4011327777778
 30
0.0
 10
166.3263261111111
 20
143.4011327777778
 30
0.0
 10
167.0330575925926
 20
142.6944012962963
 30
0.0
 10
167.7397890740741
 20
141.9876698148148
 30
0.0
 10
168.4465205555555
 20
141.2809383333333
 30
0.0
 10
168.4465205555555
 20
141.2809383333333
 30
0.0
 10
170.3021316666667
 20
143.1365494444444
 30
0.0
 10
170.9230205555556
 20
143.7539105555555
 30
0.0
 10
171.0464927777778
 20
143.8773827777778
 30
0.0
 10
171.4063261111111
 20
144.3783272222222
 30
0.0
 10
172.0871872222222
 20
145.0627161111111
 30
0.0
 10
172.7715761111111
 20
145.747105
 30
0.0
 10
173.3571872222222
 20
146.2692161111111
 30
0.0
 10
173.3959927777778
 20
146.2304105555555
 30
0.0
 10
180.790215
 20
138.8361883333333
 30
0.0
 10
181.2100205555555
 20
138.4163827777778
 30
0.0
 10
181.2100205555555
 20
126.7323827777778
 30
0.0
 10
181.2100205555555
 20
126.6759383333333
 30
0.0
 10
180.4268538888889
 20
126.6300772222222
 30
0.0
 10
179.456715
 20
126.6300772222222
 30
0.0
 10
178.4901038888889
 20
126.6300772222222
 30
0.0
 10
177.8833261111111
 20
126.7323827777778
 30
0.0
 10
177.7069372222222
 20
126.7323827777778
 30
0.0
 10
176.5404187037037
 20
126.7323827777778
 30
0.0
 10
175.3739001851851
 20
126.7323827777778
 30
0.0
 10
174.2073816666666
 20
126.7323827777778
 30
0.0
 10
174.2073816666666
 20
125.7316698148148
 30
0.0
 10
174.2073816666666
 20
124.7309568518518
 30
0.0
 10
174.2073816666666
 20
123.7302438888889
 30
0.0
 10
175.3739001851851
 20
123.7302438888889
 30
0.0
 10
176.5404187037037
 20
123.7302438888889
 30
0.0
 10
177.7069372222222
 20
123.7302438888889
 30
0.0
 10
177.8833261111111
 20
123.7302438888889
 30
0.0
 10
178.4901038888889
 20
123.8325494444444
 30
0.0
 10
179.456715
 20
123.8325494444444
 30
0.0
 10
180.4268538888889
 20
123.8325494444444
 30
0.0
 10
181.2100205555555
 20
123.7866883333333
 30
0.0
 10
181.2100205555555
 20
123.7302438888889
 30
0.0
 10
181.2064927777778
 20
115.044855
 30
0.0
 10
186.4875761111111
 20
113.5349661111111
 30
0.0
 10
185.2211038888889
 20
110.8185772222222
 30
0.0
 10
185.1964094444444
 20
110.7691883333333
 30
0.0
 10
184.4696872222222
 20
111.0584661111111
 30
0.0
 10
183.5912705555556
 20
111.4676883333333
 30
0.0
 10
182.7163816666666
 20
111.8769105555555
 30
0.0
 10
182.2048538888889
 20
112.2226327777778
 30
0.0
 10
182.0496316666666
 20
112.2967161111111
 30
0.0
 10
181.2558816666667
 20
112.6671327777778
 30
0.0
 10
178.8746316666667
 20
113.774855
 30
0.0
 10
178.8746316666667
 20
113.774855
 30
0.0
 10
178.6841316666666
 20
113.3679846296296
 30
0.0
 10
178.4936316666666
 20
112.9611142592592
 30
0.0
 10
178.3031316666666
 20
112.5542438888889
 30
0.0
  0
SPLINE
  5
19B
330
1F
100
AcDbEntity
  8
DEFAULT
 62
   250
100
AcDbSpline
210
0.0
220
0.0
230
1.0
 70
     8
 71
     3
 72
    17
 73
    13
 74
     0
 42
0.000000001
 43
0.0000000001
 40
0.0
 40
0.0
 40
0.0
 40
0.0
 40
2.363
 40
2.363
 40
2.363
 40
3.363
 40
3.363
 40
3.363
 40
4.363
 40
4.363
 40
4.363
 40
5.363
 40
5.363
 40
5.363
 40
5.363
 10
114.4909586111111
 20
69.95025944444444
 30
0.0
 10
114.7688299074074
 20
69.95025944444444
 30
0.0
 10
115.0467012037037
 20
69.95025944444444
 30
0.0
 10
115.3245725
 20
69.95025944444444
 30
0.0
 10
115.5584641666667
 20
69.95025944444444
 30
0.0
 10
115.7560197222222
 20
70.05044833333332
 30
0.0
 10
115.7560197222222
 20
70.33760944444444
 30
0.0
 10
115.7560197222222
 20
70.53481222222221
 30
0.0
 10
115.6364280555555
 20
70.69073999999999
 30
0.0
 10
115.4924947222222
 20
70.74612611111111
 30
0.0
 10
115.4565113888889
 20
70.76341222222221
 30
0.0
 10
115.4173530555555
 20
70.76693999999999
 30
0.0
 10
115.3665530555555
 20
70.76693999999999
 30
0.0
  0
POLYLINE
  5
19C
330
1F
100
AcDbEntity
  8
DEFAULT
 62
   250
100
AcDb2dPolyline
 66
     1
 10
0.0
 20
0.0
 30
0.0
  0
VERTEX
  5
19D
330
19C
100
AcDbEntity
  8
DEFAULT
 62
   250
100
AcDbVertex
100
AcDb2dVertex
 10
114.4909586111111
 20
70.76679888888889
 30
0.0
  0
VERTEX
  5
19E
330
19C
100
AcDbEntity
  8
DEFAULT
 62
   250
100
AcDbVertex
100
AcDb2dVertex
 10
116.6196197222222
 20
70.76679888888889
 30
0.0
  0
SEQEND
  5
19F
330
19C
100
AcDbEntity
  8
DEFAULT
 62
   250
  0
SPLINE
  5
1A0
330
1F
100
AcDbEntity
  8
DEFAULT
 62
   250
100
AcDbSpline
210
0.0
220
0.0
230
1.0
 70
     8
 71
     3
 72
    17
 73
    13
 74
     0
 42
0.000000001
 43
0.0000000001
 40
0.0
 40
0.0
 40
0.0
 40
0.0
 40
2.363
 40
2.363
 40
2.363
 40
3.363
 40
3.363
 40
3.363
 40
4.363
 40
4.363
 40
4.363
 40
5.363
 40
5.363
 40
5.363
 40
5.363
 10
100.4892086111111
 20
34.78886305555555
 30
0.0
 10
100.7670799074074
 20
34.78886305555555
 30
0.0
 10
101.0449512037037
 20
34.78886305555555
 30
0.0
 10
101.3228225
 20
34.78886305555555
 30
0.0
 10
101.5567141666667
 20
34.78886305555555
 30
0.0
 10
101.7542697222222
 20
34.88905194444444
 30
0.0
 10
101.7542697222222
 20
35.17621305555555
 30
0.0
 10
101.7542697222222
 20
35.37341583333333
 30
0.0
 10
101.6346780555555
 20
35.52934361111111
 30
0.0
 10
101.4907447222222
 20
35.58437694444444
 30
0.0
 10
101.4547613888889
 20
35.60201583333333
 30
0.0
 10
101.4159558333333
 20
35.6055436111111
 30
0.0
 10
101.3648030555556
 20
35.6055436111111
 30
0.0
  0
POLYLINE
  5
1A1
330
1F
100
AcDbEntity
  8
DEFAULT
 62
   250
100
AcDb2dPolyline
 66
     1
 10
0.0
 20
0.0
 30
0.0
  0
VERTEX
  5
1A2
330
1A1
100
AcDbEntity
  8
DEFAULT
 62
   250
100
AcDbVertex
100
AcDb2dVertex
 10
100.4892086111111
 20
35.6054025
 30
0.0
  0
VERTEX
  5
1A3
330
1A1
100
AcDbEntity
  8
DEFAULT
 62
   250
100
AcDbVertex
100
AcDb2dVertex
 10
102.6178697222222
 20
35.6054025
 30
0.0
  0
SEQEND
  5
1A4
330
1A1
100
AcDbEntity
  8
DEFAULT
 62
   250
  0
SPLINE
  5
1A5
330
1F
100
AcDbEntity
  8
DEFAULT
 62
   250
100
AcDbSpline
210
0.0
220
0.0
230
1.0
 70
     8
 71
     3
 72
    29
 73
    25
 74
     0
 42
0.000000001
 43
0.0000000001
 40
0.0
 40
0.0
 40
0.0
 40
0.0
 40
1.0
 40
1.0
 40
1.0
 40
2.0
 40
2.0
 40
2.0
 40
3.0
 40
3.0
 40
3.0
 40
4.0
 40
4.0
 40
4.0
 40
5.0
 40
5.0
 40
5.0
 40
6.0
 40
6.0
 40
6.0
 40
7.0
 40
7.0
 40
7.0
 40
8.0
 40
8.0
 40
8.0
 40
8.0
 10
126.793625
 20
76.08210166666666
 30
0.0
 10
126.8712361111111
 20
76.19463777777776
 30
0.0
 10
127.1008944444444
 20
76.2845961111111
 30
0.0
 10
127.3164416666667
 20
76.2845961111111
 30
0.0
 10
127.6611055555556
 20
76.2845961111111
 30
0.0
 10
127.9084027777778
 20
76.03024333333333
 30
0.0
 10
127.9084027777778
 20
75.69581
 30
0.0
 10
127.9084027777778
 20
75.28658777777777
 30
0.0
 10
127.6007805555556
 20
75.05445999999999
 30
0.0
 10
127.2818694444444
 20
75.05445999999999
 30
0.0
 10
127.0405694444444
 20
75.05445999999999
 30
0.0
 10
126.8476
 20
75.16417388888888
 30
0.0
 10
126.787275
 20
75.26401
 30
0.0
 10
126.7925666666667
 20
75.36913777777777
 30
0.0
 10
126.793625
 20
76.41406555555555
 30
0.0
 10
126.793625
 20
76.41406555555555
 30
0.0
 10
126.793625
 20
76.74673499999999
 30
0.0
 10
126.8518333333333
 20
76.95064055555554
 30
0.0
 10
126.9756583333333
 20
77.07622944444444
 30
0.0
 10
127.0994833333333
 20
77.20852111111111
 30
0.0
 10
127.2790472222222
 20
77.25050166666666
 30
0.0
 10
127.4399138888889
 20
77.25050166666666
 30
0.0
 10
127.5930194444445
 20
77.25050166666666
 30
0.0
 10
127.762
 20
77.20852111111111
 30
0.0
 10
127.8646583333333
 20
77.13055722222221
 30
0.0
  0
SPLINE
  5
1A6
330
1F
100
AcDbEntity
  8
DEFAULT
 62
   250
100
AcDbSpline
210
0.0
220
0.0
230
1.0
 70
     8
 71
     3
 72
    11
 73
     7
 74
     0
 42
0.000000001
 43
0.0000000001
 40
0.0
 40
0.0
 40
0.0
 40
0.0
 40
4.112921346196632
 40
4.112921346196632
 40
4.112921346196632
 40
5.112921346196632
 40
5.112921346196632
 40
5.112921346196632
 40
5.112921346196632
 10
138.1583963888889
 20
67.5828736111111
 30
0.0
 10
138.0747880555555
 20
68.05924120370368
 30
0.0
 10
137.9911797222222
 20
68.53560879629627
 30
0.0
 10
137.9075713888889
 20
69.01197638888887
 30
0.0
 10
137.7999741666667
 20
69.62651527777777
 30
0.0
 10
138.0716130555556
 20
69.92672916666666
 30
0.0
 10
138.5270491666667
 20
69.79972916666665
 30
0.0
  0
POLYLINE
  5
1A7
330
1F
100
AcDbEntity
  8
DEFAULT
 62
   250
100
AcDb2dPolyline
 66
     1
 10
0.0
 20
0.0
 30
0.0
  0
VERTEX
  5
1A8
330
1A7
100
AcDbEntity
  8
DEFAULT
 62
   250
100
AcDbVertex
100
AcDb2dVertex
 10
137.5058633333334
 20
68.94166777777778
 30
0.0
  0
VERTEX
  5
1A9
330
1A7
100
AcDbEntity
  8
DEFAULT
 62
   250
100
AcDbVertex
100
AcDb2dVertex
 10
138.5095161111111
 20
69.11770388888888
 30
0.0
  0
SEQEND
  5
1AA
330
1A7
100
AcDbEntity
  8
DEFAULT
 62
   250
  0
SPLINE
  5
1AB
330
1F
100
AcDbEntity
  8
DEFAULT
 62
   250
100
AcDbSpline
210
0.0
220
0.0
230
1.0
 70
     8
 71
     3
 72
    23
 73
    19
 74
     0
 42
0.000000001
 43
0.0000000001
 40
0.0
 40
0.0
 40
0.0
 40
0.0
 40
1.0
 40
1.0
 40
1.0
 40
2.0
 40
2.0
 40
2.0
 40
3.0
 40
3.0
 40
3.0
 40
6.61203017706112
 40
6.61203017706112
 40
6.61203017706112
 40
7.61203017706112
 40
7.61203017706112
 40
7.61203017706112
 40
8.61203017706112
 40
8.61203017706112
 40
8.61203017706112
 40
8.61203017706112
 10
137.1383041666666
 20
35.09129944444445
 30
0.0
 10
137.3573791666667
 20
35.47018277777777
 30
0.0
 10
137.7531958333333
 20
35.63986888888888
 30
0.0
 10
138.1193791666666
 20
35.42820222222222
 30
0.0
 10
138.5293069444444
 20
35.19113555555555
 30
0.0
 10
138.4298236111111
 20
34.76744944444444
 30
0.0
 10
138.2961208333333
 20
34.53602722222222
 30
0.0
 10
138.2693097222222
 20
34.48946055555555
 30
0.0
 10
138.2590791666667
 20
34.47781888888888
 30
0.0
 10
138.2428513888889
 20
34.45594666666666
 30
0.0
 10
137.8746689814815
 20
34.66773092592592
 30
0.0
 10
137.5064865740741
 20
34.87951518518519
 30
0.0
 10
137.1383041666666
 20
35.09129944444445
 30
0.0
 10
136.9192291666667
 20
34.7124161111111
 30
0.0
 10
137.0031902777778
 20
34.32436055555555
 30
0.0
 10
137.3901875
 20
34.10069944444444
 30
0.0
 10
137.5898597222222
 20
33.9853411111111
 30
0.0
 10
137.7514319444444
 20
33.9472411111111
 30
0.0
 10
137.8530319444444
 20
33.93701055555555
 30
0.0
  0
SPLINE
  5
1AC
330
1F
100
AcDbEntity
  8
DEFAULT
 62
   250
100
AcDbSpline
210
0.0
220
0.0
230
1.0
 70
     8
 71
     3
 72
    20
 73
    16
 74
     0
 42
0.000000001
 43
0.0000000001
 40
0.0
 40
0.0
 40
0.0
 40
0.0
 40
1.00305286750449
 40
1.00305286750449
 40
1.00305286750449
 40
2.006105735008981
 40
2.006105735008981
 40
2.006105735008981
 40
3.009158602513471
 40
3.009158602513471
 40
3.009158602513471
 40
4.012211470017961
 40
4.012211470017961
 40
4.012211470017961
 40
5.015264337522452
 40
5.015264337522452
 40
5.015264337522452
 40
5.015264337522452
 10
123.0916808333333
 20
30.62728472222222
 30
0.0
 10
123.0916808333333
 20
30.62728472222222
 30
0.0
 10
122.0365225
 20
29.13115416666666
 30
0.0
 10
121.9850169444444
 20
29.0464875
 30
0.0
 10
121.8132141666666
 20
28.96781805555555
 30
0.0
 10
121.6692808333333
 20
28.98439861111111
 30
0.0
 10
121.5168808333333
 20
29.09129027777777
 30
0.0
 10
121.2819308333333
 20
29.25568472222222
 30
0.0
 10
121.1704530555555
 20
29.60105416666666
 30
0.0
 10
121.4233947222222
 20
29.96229861111111
 30
0.0
 10
121.6361197222222
 20
30.27097916666666
 30
0.0
 10
121.9670252777778
 20
30.35035416666666
 30
0.0
 10
122.2284336111111
 20
30.1672625
 30
0.0
 10
122.3981197222222
 20
30.04872916666666
 30
0.0
 10
122.4686752777777
 20
29.89033194444444
 30
0.0
 10
122.4616197222222
 20
29.72734861111111
 30
0.0
  0
SPLINE
  5
1AD
330
1F
100
AcDbEntity
  8
DEFAULT
 62
     1
100
AcDbSpline
210
0.0
220
0.0
230
1.0
 70
    11
 71
     3
 72
    20
 73
    16
 74
     0
 42
0.000000001
 43
0.0000000001
 40
1.0
 40
1.0
 40
1.0
 40
1.0
 40
2.0
 40
2.0
 40
2.0
 40
3.0
 40
3.0
 40
3.0
 40
4.0
 40
4.0
 40
4.0
 40
5.0
 40
5.0
 40
5.0
 40
6.0
 40
6.0
 40
6.0
 40
6.0
 10
131.586605
 20
41.52314388888888
 30
0.0
 10
129.9680605555555
 20
38.79123277777777
 30
0.0
 10
129.6262188888889
 20
39.29464666666666
 30
0.0
 10
127.1165577777778
 20
40.69834944444444
 30
0.0
 10
122.2189438888889
 20
43.43766888888889
 30
0.0
 10
121.7458688888889
 20
33.29001611111111
 30
0.0
 10
116.6782161111111
 20
37.46090777777778
 30
0.0
 10
113.1148077777778
 20
40.39425499999999
 30
0.0
 10
120.5174966666666
 20
38.76830222222222
 30
0.0
 10
123.5161077777778
 20
54.97667722222222
 30
0.0
 10
124.5963133333333
 20
60.8172661111111
 30
0.0
 10
128.4091355555555
 20
68.42103833333333
 30
0.0
 10
129.7602744444444
 20
64.93559388888889
 30
0.0
 10
131.60883
 20
60.1695661111111
 30
0.0
 10
135.1768244444444
 20
47.582455
 30
0.0
 10
131.586605
 20
41.52314388888888
 30
0.0
  0
SPLINE
  5
1AE
330
1F
100
AcDbEntity
  8
DEFAULT
 62
     1
100
AcDbSpline
210
0.0
220
0.0
230
1.0
 70
     8
 71
     3
 72
    98
 73
    94
 74
     0
 42
0.000000001
 43
0.0000000001
 40
0.0
 40
0.0
 40
0.0
 40
0.0
 40
3.820078533224102
 40
3.820078533224102
 40
3.820078533224102
 40
4.820078533224102
 40
4.820078533224102
 40
4.820078533224102
 40
5.820078533224102
 40
5.820078533224102
 40
5.820078533224102
 40
6.820078533224102
 40
6.820078533224102
 40
6.820078533224102
 40
7.820078533224102
 40
7.820078533224102
 40
7.820078533224102
 40
8.820078533224102
 40
8.820078533224102
 40
8.820078533224102
 40
9.820078533224102
 40
9.820078533224102
 40
9.820078533224102
 40
10.8200785332241
 40
10.8200785332241
 40
10.8200785332241
 40
19.33268682915785
 40
19.33268682915785
 40
19.33268682915785
 40
20.33268682915785
 40
20.33268682915785
 40
20.33268682915785
 40
21.33268682915785
 40
21.33268682915785
 40
21.33268682915785
 40
22.33268682915785
 40
22.33268682915785
 40
22.33268682915785
 40
23.33268682915785
 40
23.33268682915785
 40
23.33268682915785
 40
43.17966392895822
 40
43.17966392895822
 40
43.17966392895822
 40
44.17966392895822
 40
44.17966392895822
 40
44.17966392895822
 40
45.17966392895822
 40
45.17966392895822
 40
45.17966392895822
 40
46.17966392895822
 40
46.17966392895822
 40
46.17966392895822
 40
47.17966392895822
 40
47.17966392895822
 40
47.17966392895822
 40
48.17966392895822
 40
48.17966392895822
 40
48.17966392895822
 40
56.68761902992108
 40
56.68761902992108
 40
56.68761902992108
 40
57.68761902992108
 40
57.68761902992108
 40
57.68761902992108
 40
58.68761902992108
 40
58.68761902992108
 40
58.68761902992108
 40
59.68761902992108
 40
59.68761902992108
 40
59.68761902992108
 40
60.68761902992108
 40
60.68761902992108
 40
60.68761902992108
 40
61.68761902992108
 40
61.68761902992108
 40
61.68761902992108
 40
62.68761902992108
 40
62.68761902992108
 40
62.68761902992108
 40
63.68761902992108
 40
63.68761902992108
 40
63.68761902992108
 40
64.68761902992108
 40
64.68761902992108
 40
64.68761902992108
 40
65.68761902992108
 40
65.68761902992108
 40
65.68761902992108
 40
75.6076190299211
 40
75.6076190299211
 40
75.6076190299211
 40
79.43761902992108
 40
79.43761902992108
 40
79.43761902992108
 40
79.43761902992108
 10
120.64238
 20
27.71859666666665
 30
0.0
 10
121.0104448148148
 20
27.46106888888887
 30
0.0
 10
121.3785096296296
 20
27.20354111111109
 30
0.0
 10
121.7465744444444
 20
26.94601333333332
 30
0.0
 10
121.7465744444444
 20
26.94601333333333
 30
0.0
 10
120.2402133333333
 20
24.79406888888888
 30
0.0
 10
119.7392688888889
 20
24.07792999999999
 30
0.0
 10
119.6404911111111
 20
23.93681888888888
 30
0.0
 10
119.2065744444444
 20
23.49584666666666
 30
0.0
 10
118.6527133333333
 20
22.70209666666666
 30
0.0
 10
118.0953244444444
 20
21.91187444444444
 30
0.0
 10
117.6861022222222
 20
21.24512444444444
 30
0.0
 10
117.7319633333333
 20
21.21337444444444
 30
0.0
 10
122.0534911111111
 20
18.20418
 30
0.0
 10
127.4439355555555
 20
29.50717999999999
 30
0.0
 10
131.5537966666666
 20
27.13651333333333
 30
0.0
 10
131.6031855555555
 20
27.10829111111111
 30
0.0
 10
132.0335744444444
 20
27.76445777777777
 30
0.0
 10
132.51688
 20
28.60406888888888
 30
0.0
 10
133.0001855555555
 20
29.44015222222222
 30
0.0
 10
133.21538
 20
30.01517999999999
 30
0.0
 10
133.3035744444444
 20
30.16687444444444
 30
0.0
 10
133.7410188888889
 20
30.92534666666666
 30
0.0
 10
135.0533522222222
 20
33.20076333333333
 30
0.0
 10
135.0533522222222
 20
33.20076333333333
 30
0.0
 10
135.9200096296296
 20
32.69981888888888
 30
0.0
 10
136.786667037037
 20
32.19887444444444
 30
0.0
 10
137.6533244444444
 20
31.69792999999999
 30
0.0
 10
137.6533244444444
 20
31.69792999999999
 30
0.0
 10
136.3409911111111
 20
29.4260411111111
 30
0.0
 10
135.9035466666666
 20
28.66756888888889
 30
0.0
 10
135.8153522222222
 20
28.51587444444444
 30
0.0
 10
135.4237688888889
 20
28.03962444444444
 30
0.0
 10
134.9404633333333
 20
27.20354111111111
 30
0.0
 10
134.4571577777778
 20
26.36393
 30
0.0
 10
134.10438
 20
25.66543
 30
0.0
 10
134.1537688888889
 20
25.63720777777777
 30
0.0
 10
135.5895744444444
 20
24.80818
 30
0.0
 10
137.4204911111111
 20
25.29854111111111
 30
0.0
 10
138.2495188888889
 20
26.73434666666666
 30
0.0
 10
139.4160374074074
 20
28.75576333333333
 30
0.0
 10
140.5825559259259
 20
30.77718
 30
0.0
 10
141.7490744444444
 20
32.79859666666666
 30
0.0
 10
142.7227411111111
 20
34.48840222222222
 30
0.0
 10
141.6256022222222
 20
38.82756888888888
 30
0.0
 10
140.5002411111111
 20
41.37815222222221
 30
0.0
 10
138.5105744444444
 20
45.87959666666666
 30
0.0
 10
137.34288
 20
58.69601333333333
 30
0.0
 10
138.3447688888889
 20
58.87240222222221
 30
0.0
 10
138.3976855555555
 20
58.87945777777777
 30
0.0
 10
138.3059633333333
 20
59.65909666666666
 30
0.0
 10
138.1401577777778
 20
60.61159666666666
 30
0.0
 10
137.9708244444444
 20
61.56409666666666
 30
0.0
 10
137.7662133333333
 20
62.14617999999999
 30
0.0
 10
137.7379911111111
 20
62.3190411111111
 30
0.0
 10
137.5862966666666
 20
63.18334666666666
 30
0.0
 10
137.1276855555555
 20
65.76567999999999
 30
0.0
 10
137.1276855555555
 20
65.76567999999999
 30
0.0
 10
138.1131114814815
 20
65.93854111111109
 30
0.0
 10
139.0985374074074
 20
66.11140222222222
 30
0.0
 10
140.0839633333333
 20
66.28426333333333
 30
0.0
 10
140.0839633333333
 20
66.28426333333333
 30
0.0
 10
140.5390466666666
 20
63.70193
 30
0.0
 10
140.6907411111111
 20
62.83762444444444
 30
0.0
 10
140.7224911111111
 20
62.66476333333333
 30
0.0
 10
140.7295466666666
 20
62.05093
 30
0.0
 10
140.8953522222222
 20
61.09842999999999
 30
0.0
 10
141.0646855555555
 20
60.15298555555555
 30
0.0
 10
141.2410744444444
 20
59.39451333333332
 30
0.0
 10
141.3010466666667
 20
59.39451333333332
 30
0.0
 10
142.9344077777777
 20
59.68026333333332
 30
0.0
 10
144.0209633333333
 20
61.23248555555556
 30
0.0
 10
143.7316855555555
 20
62.86584666666666
 30
0.0
 10
143.4282966666667
 20
64.59093
 30
0.0
 10
142.8215188888889
 20
68.03756888888887
 30
0.0
 10
142.51813
 20
69.75912444444444
 30
0.0
 10
141.3081022222222
 20
76.65592999999998
 30
0.0
 10
132.8484911111111
 20
78.04234666666666
 30
0.0
 10
132.8484911111111
 20
82.85776333333332
 30
0.0
 10
132.8484911111111
 20
84.51581888888887
 30
0.0
 10
130.5095744444444
 20
85.85990222222222
 30
0.0
 10
128.8515188888888
 20
85.85990222222222
 30
0.0
 10
128.7950744444444
 20
85.85990222222222
 30
0.0
 10
128.7492133333333
 20
85.07673555555554
 30
0.0
 10
128.7492133333333
 20
84.11012444444444
 30
0.0
 10
128.7492133333333
 20
83.14351333333333
 30
0.0
 10
128.8515188888888
 20
82.53320777777776
 30
0.0
 10
128.8515188888888
 20
82.36034666666666
 30
0.0
 10
128.8515188888888
 20
81.19382814814814
 30
0.0
 10
128.8515188888888
 20
80.02730962962961
 30
0.0
 10
128.8515188888888
 20
78.8607911111111
 30
0.0
 10
128.4011392592592
 20
78.8607911111111
 30
0.0
 10
127.9507596296296
 20
78.8607911111111
 30
0.0
 10
127.50038
 20
78.8607911111111
 30
0.0
  0
SPLINE
  5
1AF
330
1F
100
AcDbEntity
  8
DEFAULT
 62
     1
100
AcDbSpline
210
0.0
220
0.0
230
1.0
 70
     8
 71
     3
 72
   101
 73
    97
 74
     0
 42
0.000000001
 43
0.0000000001
 40
0.0
 40
0.0
 40
0.0
 40
0.0
 40
3.834005738128203
 40
3.834005738128203
 40
3.834005738128203
 40
4.834005738128203
 40
4.834005738128203
 40
4.834005738128203
 40
5.834005738128203
 40
5.834005738128203
 40
5.834005738128203
 40
6.834005738128203
 40
6.834005738128203
 40
6.834005738128203
 40
7.834005738128203
 40
7.834005738128203
 40
7.834005738128203
 40
8.834005738128203
 40
8.834005738128203
 40
8.834005738128203
 40
9.834005738128203
 40
9.834005738128203
 40
9.834005738128203
 40
10.8340057381282
 40
10.8340057381282
 40
10.8340057381282
 40
11.8340057381282
 40
11.8340057381282
 40
11.8340057381282
 40
21.75400573812822
 40
21.75400573812822
 40
21.75400573812822
 40
30.26400573812821
 40
30.26400573812821
 40
30.26400573812821
 40
40.18400573812823
 40
40.18400573812823
 40
40.18400573812823
 40
41.18400573812823
 40
41.18400573812823
 40
41.18400573812823
 40
42.18400573812823
 40
42.18400573812823
 40
42.18400573812823
 40
43.18400573812823
 40
43.18400573812823
 40
43.18400573812823
 40
63.02400573812826
 40
63.02400573812826
 40
63.02400573812826
 40
64.02400573812827
 40
64.02400573812827
 40
64.02400573812827
 40
65.02400573812827
 40
65.02400573812827
 40
65.02400573812827
 40
66.02400573812827
 40
66.02400573812827
 40
66.02400573812827
 40
67.02400573812827
 40
67.02400573812827
 40
67.02400573812827
 40
76.94400573812828
 40
76.94400573812828
 40
76.94400573812828
 40
85.44400573812828
 40
85.44400573812828
 40
85.44400573812828
 40
95.3640057381283
 40
95.3640057381283
 40
95.3640057381283
 40
96.3640057381283
 40
96.3640057381283
 40
96.3640057381283
 40
97.3640057381283
 40
97.3640057381283
 40
97.3640057381283
 40
98.3640057381283
 40
98.3640057381283
 40
98.3640057381283
 40
99.3640057381283
 40
99.3640057381283
 40
99.3640057381283
 40
100.3640057381283
 40
100.3640057381283
 40
100.3640057381283
 40
101.3640057381283
 40
101.3640057381283
 40
101.3640057381283
 40
102.3640057381283
 40
102.3640057381283
 40
102.3640057381283
 40
112.2840057381283
 40
112.2840057381283
 40
112.2840057381283
 40
116.1140057381284
 40
116.1140057381284
 40
116.1140057381284
 40
116.1140057381284
 10
120.3954355555555
 20
27.89145777777777
 30
0.0
 10
120.0261948148148
 20
28.15016148148148
 30
0.0
 10
119.656954074074
 20
28.40886518518518
 30
0.0
 10
119.2877133333333
 20
28.66756888888889
 30
0.0
 10
119.2877133333333
 20
28.66756888888889
 30
0.0
 10
117.7813522222222
 20
26.51562444444444
 30
0.0
 10
117.2804077777778
 20
25.79948555555555
 30
0.0
 10
117.18163
 20
25.65837444444444
 30
0.0
 10
116.9135188888889
 20
25.10098555555555
 30
0.0
 10
116.3596577777778
 20
24.30723555555555
 30
0.0
 10
115.8057966666667
 20
23.51701333333333
 30
0.0
 10
115.3189633333333
 20
22.90318
 30
0.0
 10
115.2731022222222
 20
22.93493
 30
0.0
 10
110.4753244444444
 20
26.00762444444444
 30
0.0
 10
110.9833244444444
 20
25.08334666666666
 30
0.0
 10
109.2688244444444
 20
26.17343
 30
0.0
 10
107.0427966666666
 20
27.58806888888888
 30
0.0
 10
114.4087966666667
 20
30.69956888888888
 30
0.0
 10
94.85079666666664
 20
30.69956888888888
 30
0.0
 10
93.19274111111109
 20
30.69956888888888
 30
0.0
 10
91.84865777777776
 20
32.04012444444444
 30
0.0
 10
91.84865777777776
 20
33.70170777777777
 30
0.0
 10
91.84865777777776
 20
33.75462444444444
 30
0.0
 10
92.63182444444443
 20
33.80048555555555
 30
0.0
 10
93.59843555555554
 20
33.80048555555555
 30
0.0
 10
94.56504666666666
 20
33.80048555555555
 30
0.0
 10
95.1753522222222
 20
33.70170777777777
 30
0.0
 10
95.34821333333332
 20
33.69818
 30
0.0
 10
96.51473185185183
 20
33.69818
 30
0.0
 10
97.68125037037036
 20
33.69818
 30
0.0
 10
98.84776888888888
 20
33.69818
 30
0.0
 10
98.84776888888888
 20
34.69889296296297
 30
0.0
 10
98.84776888888888
 20
35.69960592592593
 30
0.0
 10
98.84776888888888
 20
36.70031888888889
 30
0.0
 10
97.68125037037036
 20
36.70031888888889
 30
0.0
 10
96.51473185185183
 20
36.70031888888889
 30
0.0
 10
95.34821333333332
 20
36.70031888888889
 30
0.0
 10
95.1753522222222
 20
36.70031888888889
 30
0.0
 10
94.56504666666666
 20
36.6015411111111
 30
0.0
 10
93.59843555555554
 20
36.6015411111111
 30
0.0
 10
92.63182444444443
 20
36.6015411111111
 30
0.0
 10
91.84865777777776
 20
36.64387444444444
 30
0.0
 10
91.84865777777776
 20
36.70031888888889
 30
0.0
 10
91.84865777777776
 20
38.35837444444444
 30
0.0
 10
93.19274111111109
 20
41.19823555555555
 30
0.0
 10
94.85079666666664
 20
41.19823555555555
 30
0.0
 10
97.18383370370368
 20
41.19823555555555
 30
0.0
 10
99.51687074074073
 20
41.19823555555555
 30
0.0
 10
101.8499077777778
 20
41.19823555555555
 30
0.0
 10
118.6315466666667
 20
41.19823555555555
 30
0.0
 10
122.8507688888889
 20
64.35809666666667
 30
0.0
 10
108.8490188888889
 20
64.35809666666667
 30
0.0
 10
107.1909633333333
 20
64.35809666666667
 30
0.0
 10
105.8504077777777
 20
67.20148555555555
 30
0.0
 10
105.8504077777777
 20
68.8595411111111
 30
0.0
 10
105.8504077777777
 20
68.91598555555555
 30
0.0
 10
106.6335744444444
 20
68.95831888888888
 30
0.0
 10
107.6001855555555
 20
68.95831888888888
 30
0.0
 10
108.5667966666666
 20
68.95831888888888
 30
0.0
 10
109.1735744444444
 20
68.8595411111111
 30
0.0
 10
109.3499633333333
 20
68.8595411111111
 30
0.0
 10
110.5164818518518
 20
68.8595411111111
 30
0.0
 10
111.6830003703704
 20
68.8595411111111
 30
0.0
 10
112.8495188888889
 20
68.8595411111111
 30
0.0
 10
112.8495188888889
 20
69.85907814814814
 30
0.0
 10
112.8495188888889
 20
70.85861518518519
 30
0.0
 10
112.8495188888889
 20
71.85815222222222
 30
0.0
 10
111.6830003703704
 20
71.85815222222222
 30
0.0
 10
110.5164818518518
 20
71.85815222222222
 30
0.0
 10
109.3499633333333
 20
71.85815222222222
 30
0.0
 10
109.1735744444444
 20
71.85815222222222
 30
0.0
 10
108.5667966666666
 20
71.75937444444443
 30
0.0
 10
107.6001855555555
 20
71.75937444444443
 30
0.0
 10
106.6335744444444
 20
71.75937444444443
 30
0.0
 10
105.8504077777777
 20
71.80523555555554
 30
0.0
 10
105.8504077777777
 20
71.85815222222222
 30
0.0
 10
105.8504077777777
 20
73.51620777777778
 30
0.0
 10
107.1909633333333
 20
75.85865222222222
 30
0.0
 10
108.8490188888889
 20
75.85865222222222
 30
0.0
 10
116.5889633333333
 20
75.85865222222222
 30
0.0
 10
121.8524077777778
 20
78.43745777777777
 30
0.0
 10
121.8524077777778
 20
82.85776333333332
 30
0.0
 10
121.8524077777778
 20
84.51581888888887
 30
0.0
 10
124.1913244444444
 20
85.85990222222222
 30
0.0
 10
125.84938
 20
85.85990222222222
 30
0.0
 10
125.9058244444444
 20
85.85990222222222
 30
0.0
 10
125.9516855555555
 20
85.07673555555554
 30
0.0
 10
125.9516855555555
 20
84.11012444444444
 30
0.0
 10
125.9516855555555
 20
83.14351333333333
 30
0.0
 10
125.84938
 20
82.53320777777776
 30
0.0
 10
125.84938
 20
82.36034666666666
 30
0.0
 10
125.84938
 20
81.19382814814814
 30
0.0
 10
125.84938
 20
80.02730962962961
 30
0.0
 10
125.84938
 20
78.8607911111111
 30
0.0
 10
126.2997596296296
 20
78.8607911111111
 30
0.0
 10
126.7501392592592
 20
78.8607911111111
 30
0.0
 10
127.2005188888889
 20
78.8607911111111
 30
0.0
  0
SPLINE
  5
1B0
330
1F
100
AcDbEntity
  8
DEFAULT
 62
   250
100
AcDbSpline
210
0.0
220
0.0
230
1.0
 70
     8
 71
     3
 72
    17
 73
    13
 74
     0
 42
0.000000001
 43
0.0000000001
 40
0.0
 40
0.0
 40
0.0
 40
0.0
 40
2.363000000000056
 40
2.363000000000056
 40
2.363000000000056
 40
3.363000000000056
 40
3.363000000000056
 40
3.363000000000056
 40
4.363000000000056
 40
4.363000000000056
 40
4.363000000000056
 40
5.363000000000056
 40
5.363000000000056
 40
5.363000000000056
 40
5.363000000000056
 10
186.0469919444444
 20
70.76669305555555
 30
0.0
 10
185.7691206481481
 20
70.76669305555555
 30
0.0
 10
185.4912493518518
 20
70.76669305555555
 30
0.0
 10
185.2133780555555
 20
70.76669305555555
 30
0.0
 10
184.9794863888889
 20
70.76669305555555
 30
0.0
 10
184.7819308333333
 20
70.66650416666667
 30
0.0
 10
184.7819308333333
 20
70.37934305555555
 30
0.0
 10
184.7819308333333
 20
70.18214027777776
 30
0.0
 10
184.9015225
 20
70.0262125
 30
0.0
 10
185.0454558333333
 20
69.97117916666666
 30
0.0
 10
185.0814391666667
 20
69.95389305555555
 30
0.0
 10
185.1205975
 20
69.9500125
 30
0.0
 10
185.1713975
 20
69.9500125
 30
0.0
  0
POLYLINE
  5
1B1
330
1F
100
AcDbEntity
  8
DEFAULT
 62
   250
100
AcDb2dPolyline
 66
     1
 10
0.0
 20
0.0
 30
0.0
  0
VERTEX
  5
1B2
330
1B1
100
AcDbEntity
  8
DEFAULT
 62
   250
100
AcDbVertex
100
AcDb2dVertex
 10
186.0469919444444
 20
69.9501536111111
 30
0.0
  0
VERTEX
  5
1B3
330
1B1
100
AcDbEntity
  8
DEFAULT
 62
   250
100
AcDbVertex
100
AcDb2dVertex
 10
183.9183308333333
 20
69.9501536111111
 30
0.0
  0
SEQEND
  5
1B4
330
1B1
100
AcDbEntity
  8
DEFAULT
 62
   250
  0
SPLINE
  5
1B5
330
1F
100
AcDbEntity
  8
DEFAULT
 62
   250
100
AcDbSpline
210
0.0
220
0.0
230
1.0
 70
     8
 71
     3
 72
    17
 73
    13
 74
     0
 42
0.000000001
 43
0.0000000001
 40
0.0
 40
0.0
 40
0.0
 40
0.0
 40
2.363000000000056
 40
2.363000000000056
 40
2.363000000000056
 40
3.363000000000056
 40
3.363000000000056
 40
3.363000000000056
 40
4.363000000000056
 40
4.363000000000056
 40
4.363000000000056
 40
5.363000000000056
 40
5.363000000000056
 40
5.363000000000056
 40
5.363000000000056
 10
200.0487419444444
 20
35.60529666666666
 30
0.0
 10
199.7708706481481
 20
35.60529666666666
 30
0.0
 10
199.4929993518518
 20
35.60529666666666
 30
0.0
 10
199.2151280555555
 20
35.60529666666666
 30
0.0
 10
198.9812363888889
 20
35.60529666666666
 30
0.0
 10
198.7836808333333
 20
35.50510777777777
 30
0.0
 10
198.7836808333333
 20
35.21794666666666
 30
0.0
 10
198.7836808333333
 20
35.02074388888889
 30
0.0
 10
198.9032725
 20
34.8648161111111
 30
0.0
 10
199.0472058333333
 20
34.80943
 30
0.0
 10
199.0831891666667
 20
34.79214388888888
 30
0.0
 10
199.1223475
 20
34.78861611111111
 30
0.0
 10
199.1731475
 20
34.78861611111111
 30
0.0
  0
POLYLINE
  5
1B6
330
1F
100
AcDbEntity
  8
DEFAULT
 62
   250
100
AcDb2dPolyline
 66
     1
 10
0.0
 20
0.0
 30
0.0
  0
VERTEX
  5
1B7
330
1B6
100
AcDbEntity
  8
DEFAULT
 62
   250
100
AcDbVertex
100
AcDb2dVertex
 10
200.0487419444444
 20
34.78875722222222
 30
0.0
  0
VERTEX
  5
1B8
330
1B6
100
AcDbEntity
  8
DEFAULT
 62
   250
100
AcDbVertex
100
AcDb2dVertex
 10
197.9200808333333
 20
34.78875722222222
 30
0.0
  0
SEQEND
  5
1B9
330
1B6
100
AcDbEntity
  8
DEFAULT
 62
   250
  0
SPLINE
  5
1BA
330
1F
100
AcDbEntity
  8
DEFAULT
 62
   250
100
AcDbSpline
210
0.0
220
0.0
230
1.0
 70
     8
 71
     3
 72
    29
 73
    25
 74
     0
 42
0.000000001
 43
0.0000000001
 40
0.0
 40
0.0
 40
0.0
 40
0.0
 40
1.0
 40
1.0
 40
1.0
 40
2.0
 40
2.0
 40
2.0
 40
3.0
 40
3.0
 40
3.0
 40
4.0
 40
4.0
 40
4.0
 40
5.0
 40
5.0
 40
5.0
 40
6.0
 40
6.0
 40
6.0
 40
7.0
 40
7.0
 40
7.0
 40
8.0
 40
8.0
 40
8.0
 40
8.0
 10
172.6337105555555
 20
76.08206638888888
 30
0.0
 10
172.7113216666667
 20
76.19460249999999
 30
0.0
 10
172.94098
 20
76.2849136111111
 30
0.0
 10
173.1565272222222
 20
76.2849136111111
 30
0.0
 10
173.5011911111111
 20
76.2849136111111
 30
0.0
 10
173.7484883333333
 20
76.03020805555555
 30
0.0
 10
173.7484883333333
 20
75.69577472222221
 30
0.0
 10
173.7484883333333
 20
75.28655249999998
 30
0.0
 10
173.4408661111111
 20
75.05442472222221
 30
0.0
 10
173.121955
 20
75.05442472222221
 30
0.0
 10
172.880655
 20
75.05442472222221
 30
0.0
 10
172.6876855555555
 20
75.1641386111111
 30
0.0
 10
172.6273605555556
 20
75.26397472222222
 30
0.0
 10
172.6326522222222
 20
75.3691025
 30
0.0
 10
172.6337105555555
 20
76.41403027777777
 30
0.0
 10
172.6337105555555
 20
76.41403027777777
 30
0.0
 10
172.6337105555555
 20
76.7466997222222
 30
0.0
 10
172.6919188888889
 20
76.95060527777777
 30
0.0
 10
172.8157438888889
 20
77.07654694444443
 30
0.0
 10
172.9395688888889
 20
77.20848583333333
 30
0.0
 10
173.1191327777777
 20
77.25046638888888
 30
0.0
 10
173.2799994444444
 20
77.25046638888888
 30
0.0
 10
173.433105
 20
77.25046638888888
 30
0.0
 10
173.6020855555555
 20
77.20848583333333
 30
0.0
 10
173.7047438888889
 20
77.13052194444444
 30
0.0
  0
SPLINE
  5
1BB
330
1F
100
AcDbEntity
  8
DEFAULT
 62
   250
100
AcDbSpline
210
0.0
220
0.0
230
1.0
 70
     8
 71
     3
 72
    11
 73
     7
 74
     0
 42
0.000000001
 43
0.0000000001
 40
0.0
 40
0.0
 40
0.0
 40
0.0
 40
4.112921346196632
 40
4.112921346196632
 40
4.112921346196632
 40
5.112921346196632
 40
5.112921346196632
 40
5.112921346196632
 40
5.112921346196632
 10
162.0450502777778
 20
67.64154055555555
 30
0.0
 10
162.1286586111111
 20
68.11790814814815
 30
0.0
 10
162.2122669444445
 20
68.59427574074074
 30
0.0
 10
162.2958752777778
 20
69.07064333333332
 30
0.0
 10
162.4034725
 20
69.68482944444445
 30
0.0
 10
162.7615419444444
 20
69.87497666666665
 30
0.0
 10
163.1464225
 20
69.60051555555555
 30
0.0
  0
POLYLINE
  5
1BC
330
1F
100
AcDbEntity
  8
DEFAULT
 62
   250
100
AcDb2dPolyline
 66
     1
 10
0.0
 20
0.0
 30
0.0
  0
VERTEX
  5
1BD
330
1BC
100
AcDbEntity
  8
DEFAULT
 62
   250
100
AcDbVertex
100
AcDb2dVertex
 10
161.8939555555556
 20
69.14126944444446
 30
0.0
  0
VERTEX
  5
1BE
330
1BC
100
AcDbEntity
  8
DEFAULT
 62
   250
100
AcDbVertex
100
AcDb2dVertex
 10
162.8976083333334
 20
68.96523333333336
 30
0.0
  0
SEQEND
  5
1BF
330
1BC
100
AcDbEntity
  8
DEFAULT
 62
   250
  0
SPLINE
  5
1C0
330
1F
100
AcDbEntity
  8
DEFAULT
 62
   250
100
AcDbSpline
210
0.0
220
0.0
230
1.0
 70
     8
 71
     3
 72
    23
 73
    19
 74
     0
 42
0.000000001
 43
0.0000000001
 40
0.0
 40
0.0
 40
0.0
 40
0.0
 40
1.0
 40
1.0
 40
1.0
 40
2.0
 40
2.0
 40
2.0
 40
3.0
 40
3.0
 40
3.0
 40
6.61247449817985
 40
6.61247449817985
 40
6.61247449817985
 40
7.61247449817985
 40
7.61247449817985
 40
7.61247449817985
 40
8.61247449817985
 40
8.61247449817985
 40
8.61247449817985
 40
8.61247449817985
 10
162.2882905555556
 20
34.44913805555555
 30
0.0
 10
162.0695683333333
 20
34.82802138888889
 30
0.0
 10
162.1200155555555
 20
35.25558805555556
 30
0.0
 10
162.4861988888889
 20
35.46725472222221
 30
0.0
 10
162.8964794444444
 20
35.70432138888889
 30
0.0
 10
163.2139794444444
 20
35.40657694444444
 30
0.0
 10
163.3473294444444
 20
35.17515472222222
 30
0.0
 10
163.3744933333333
 20
35.12858805555555
 30
0.0
 10
163.3794322222222
 20
35.11377138888889
 30
0.0
 10
163.3903683333333
 20
35.08907694444444
 30
0.0
 10
163.0230090740741
 20
34.87576398148147
 30
0.0
 10
162.6556498148148
 20
34.66245101851851
 30
0.0
 10
162.2882905555556
 20
34.44913805555555
 30
0.0
 10
162.5073655555555
 20
34.06990194444444
 30
0.0
 10
162.8858961111111
 20
33.94925194444444
 30
0.0
 10
163.2725405555555
 20
34.17256027777777
 30
0.0
 10
163.4722127777778
 20
34.28827138888889
 30
0.0
 10
163.5858072222222
 20
34.40927416666666
 30
0.0
 10
163.6454266666667
 20
34.49217694444444
 30
0.0
  0
SPLINE
  5
1C1
330
1F
100
AcDbEntity
  8
DEFAULT
 62
   250
100
AcDbSpline
210
0.0
220
0.0
230
1.0
 70
     8
 71
     3
 72
    20
 73
    16
 74
     0
 42
0.000000001
 43
0.0000000001
 40
0.0
 40
0.0
 40
0.0
 40
0.0
 40
1.003
 40
1.003
 40
1.003
 40
2.006
 40
2.006
 40
2.006
 40
3.009
 40
3.009
 40
3.009
 40
4.012
 40
4.012
 40
4.012
 40
5.015000000000001
 40
5.015000000000001
 40
5.015000000000001
 40
5.015000000000001
 10
178.25339
 20
31.19239944444444
 30
0.0
 10
178.25339
 20
31.19239944444444
 30
0.0
 10
179.2986705555555
 20
29.68921333333333
 30
0.0
 10
179.3600538888889
 20
29.61160222222222
 30
0.0
 10
179.3755761111111
 20
29.42321888888889
 30
0.0
 10
179.310665
 20
29.29374944444444
 30
0.0
 10
179.158265
 20
29.18721055555555
 30
0.0
 10
178.923315
 20
29.0228161111111
 30
0.0
 10
178.5606594444444
 20
29.03586888888888
 30
0.0
 10
178.3077177777778
 20
29.39746611111111
 30
0.0
 10
178.0904066666666
 20
29.70261888888889
 30
0.0
 10
178.1292122222222
 20
30.04093277777778
 30
0.0
 10
178.3902677777778
 20
30.22367166666666
 30
0.0
 10
178.5599538888889
 20
30.34255777777777
 30
0.0
 10
178.732815
 20
30.354905
 30
0.0
 10
178.8834511111111
 20
30.29246333333333
 30
0.0
  0
SPLINE
  5
1C2
330
1F
100
AcDbEntity
  8
DEFAULT
 62
     1
100
AcDbSpline
210
0.0
220
0.0
230
1.0
 70
    11
 71
     3
 72
    20
 73
    16
 74
     0
 42
0.000000001
 43
0.0000000001
 40
1.0
 40
1.0
 40
1.0
 40
1.0
 40
2.0
 40
2.0
 40
2.0
 40
3.0
 40
3.0
 40
3.0
 40
4.0
 40
4.0
 40
4.0
 40
5.0
 40
5.0
 40
5.0
 40
6.0
 40
6.0
 40
6.0
 40
6.0
 10
170.7779230555555
 20
64.9355586111111
 30
0.0
 10
172.1290619444444
 20
68.42100305555556
 30
0.0
 10
175.9415313888889
 20
60.81723083333333
 30
0.0
 10
177.0220897222222
 20
54.97664194444445
 30
0.0
 10
180.0203480555555
 20
38.76826694444445
 30
0.0
 10
187.4233897222222
 20
40.39421972222222
 30
0.0
 10
183.8596286111111
 20
37.4608725
 30
0.0
 10
178.7919758333333
 20
33.28998083333334
 30
0.0
 10
178.3189008333333
 20
43.43763361111111
 30
0.0
 10
173.4216397222222
 20
40.69831416666666
 30
0.0
 10
170.9116258333333
 20
39.29461138888889
 30
0.0
 10
170.5697841666667
 20
38.7911975
 30
0.0
 10
168.9512397222222
 20
41.52310861111111
 30
0.0
 10
165.3613730555555
 20
47.58241972222222
 30
0.0
 10
168.9293675
 20
60.16953083333333
 30
0.0
 10
170.7779230555555
 20
64.9355586111111
 30
0.0
  0
SPLINE
  5
1C3
330
1F
100
AcDbEntity
  8
DEFAULT
 62
     1
100
AcDbSpline
210
0.0
220
0.0
230
1.0
 70
     8
 71
     3
 72
   101
 73
    97
 74
     0
 42
0.000000001
 43
0.0000000001
 40
0.0
 40
0.0
 40
0.0
 40
0.0
 40
3.829999999999984
 40
3.829999999999984
 40
3.829999999999984
 40
13.74999999999997
 40
13.74999999999997
 40
13.74999999999997
 40
14.74999999999997
 40
14.74999999999997
 40
14.74999999999997
 40
15.74999999999997
 40
15.74999999999997
 40
15.74999999999997
 40
16.74999999999997
 40
16.74999999999997
 40
16.74999999999997
 40
17.74999999999997
 40
17.74999999999997
 40
17.74999999999997
 40
18.74999999999997
 40
18.74999999999997
 40
18.74999999999997
 40
19.74999999999997
 40
19.74999999999997
 40
19.74999999999997
 40
20.74999999999997
 40
20.74999999999997
 40
20.74999999999997
 40
30.66999999999993
 40
30.66999999999993
 40
30.66999999999993
 40
39.16999999999993
 40
39.16999999999993
 40
39.16999999999993
 40
49.08999999999989
 40
49.08999999999989
 40
49.08999999999989
 40
50.08999999999989
 40
50.08999999999989
 40
50.08999999999989
 40
51.08999999999989
 40
51.08999999999989
 40
51.08999999999989
 40
52.08999999999989
 40
52.08999999999989
 40
52.08999999999989
 40
53.08999999999989
 40
53.08999999999989
 40
53.08999999999989
 40
72.92999999999992
 40
72.92999999999992
 40
72.92999999999992
 40
73.92999999999992
 40
73.92999999999992
 40
73.92999999999992
 40
74.92999999999992
 40
74.92999999999992
 40
74.92999999999992
 40
75.92999999999992
 40
75.92999999999992
 40
75.92999999999992
 40
85.85
 40
85.85
 40
85.85
 40
94.36
 40
94.36
 40
94.36
 40
104.2800000000001
 40
104.2800000000001
 40
104.2800000000001
 40
105.2800000000001
 40
105.2800000000001
 40
105.2800000000001
 40
106.2800000000001
 40
106.2800000000001
 40
106.2800000000001
 40
107.2800000000001
 40
107.2800000000001
 40
107.2800000000001
 40
108.2800000000001
 40
108.2800000000001
 40
108.2800000000001
 40
109.2800000000001
 40
109.2800000000001
 40
109.2800000000001
 40
110.2800000000001
 40
110.2800000000001
 40
110.2800000000001
 40
111.2800000000001
 40
111.2800000000001
 40
111.2800000000001
 40
112.2800000000001
 40
112.2800000000001
 40
112.2800000000001
 40
116.1140057381283
 40
116.1140057381283
 40
116.1140057381283
 40
116.1140057381283
 10
173.3383841666667
 20
78.86075583333333
 30
0.0
 10
173.7887637962963
 20
78.86075583333333
 30
0.0
 10
174.2391434259259
 20
78.86075583333333
 30
0.0
 10
174.6895230555556
 20
78.86075583333333
 30
0.0
 10
174.6895230555556
 20
80.02727435185183
 30
0.0
 10
174.6895230555556
 20
81.19379287037036
 30
0.0
 10
174.6895230555556
 20
82.36031138888887
 30
0.0
 10
174.6895230555556
 20
82.53317249999999
 30
0.0
 10
174.5872175
 20
83.14347805555555
 30
0.0
 10
174.5872175
 20
84.11008916666667
 30
0.0
 10
174.5872175
 20
85.07670027777777
 30
0.0
 10
174.6330786111111
 20
85.85986694444445
 30
0.0
 10
174.6895230555556
 20
85.85986694444445
 30
0.0
 10
176.3475786111111
 20
85.85986694444445
 30
0.0
 10
178.6864952777778
 20
84.5157836111111
 30
0.0
 10
178.6864952777778
 20
82.85772805555555
 30
0.0
 10
178.6864952777778
 20
78.4374225
 30
0.0
 10
183.9499397222222
 20
75.85861694444445
 30
0.0
 10
191.6898841666666
 20
75.85861694444445
 30
0.0
 10
193.3479397222222
 20
75.85861694444445
 30
0.0
 10
194.6884952777777
 20
73.5161725
 30
0.0
 10
194.6884952777777
 20
71.85811694444445
 30
0.0
 10
194.6884952777777
 20
71.80520027777777
 30
0.0
 10
193.9053286111111
 20
71.75933916666666
 30
0.0
 10
192.9387175
 20
71.75933916666666
 30
0.0
 10
191.9721063888889
 20
71.75933916666666
 30
0.0
 10
191.3653286111111
 20
71.85811694444445
 30
0.0
 10
191.1889397222222
 20
71.85811694444445
 30
0.0
 10
190.0224212037037
 20
71.85811694444445
 30
0.0
 10
188.8559026851852
 20
71.85811694444445
 30
0.0
 10
187.6893841666667
 20
71.85811694444445
 30
0.0
 10
187.6893841666667
 20
70.8585799074074
 30
0.0
 10
187.6893841666667
 20
69.85904287037036
 30
0.0
 10
187.6893841666667
 20
68.85950583333333
 30
0.0
 10
188.8559026851852
 20
68.85950583333333
 30
0.0
 10
190.0224212037037
 20
68.85950583333333
 30
0.0
 10
191.1889397222222
 20
68.85950583333333
 30
0.0
 10
191.3653286111111
 20
68.85950583333333
 30
0.0
 10
191.9721063888889
 20
68.95828361111111
 30
0.0
 10
192.9387175
 20
68.95828361111111
 30
0.0
 10
193.9053286111111
 20
68.95828361111111
 30
0.0
 10
194.6884952777777
 20
68.91595027777778
 30
0.0
 10
194.6884952777777
 20
68.85950583333333
 30
0.0
 10
194.6884952777777
 20
67.20145027777777
 30
0.0
 10
193.3479397222222
 20
64.35806138888888
 30
0.0
 10
191.6898841666666
 20
64.35806138888888
 30
0.0
 10
177.6881341666667
 20
64.35806138888888
 30
0.0
 10
181.9073563888889
 20
41.19820027777778
 30
0.0
 10
198.6889952777778
 20
41.19820027777778
 30
0.0
 10
201.0220323148148
 20
41.19820027777778
 30
0.0
 10
203.3550693518519
 20
41.19820027777778
 30
0.0
 10
205.6881063888889
 20
41.19820027777778
 30
0.0
 10
207.3461619444444
 20
41.19820027777778
 30
0.0
 10
208.6902452777778
 20
38.35833916666667
 30
0.0
 10
208.6902452777778
 20
36.70028361111111
 30
0.0
 10
208.6902452777778
 20
36.64383916666667
 30
0.0
 10
207.9070786111111
 20
36.60150583333333
 30
0.0
 10
206.9404675
 20
36.60150583333333
 30
0.0
 10
205.9738563888889
 20
36.60150583333333
 30
0.0
 10
205.3635508333333
 20
36.70028361111111
 30
0.0
 10
205.1906897222222
 20
36.70028361111111
 30
0.0
 10
204.0241712037037
 20
36.70028361111111
 30
0.0
 10
202.8576526851852
 20
36.70028361111111
 30
0.0
 10
201.6911341666666
 20
36.70028361111111
 30
0.0
 10
201.6911341666666
 20
35.69957064814815
 30
0.0
 10
201.6911341666666
 20
34.69885768518518
 30
0.0
 10
201.6911341666666
 20
33.69814472222222
 30
0.0
 10
202.8576526851852
 20
33.69814472222222
 30
0.0
 10
204.0241712037037
 20
33.69814472222222
 30
0.0
 10
205.1906897222222
 20
33.69814472222222
 30
0.0
 10
205.3635508333333
 20
33.7016725
 30
0.0
 10
205.9738563888889
 20
33.80045027777778
 30
0.0
 10
206.9404675
 20
33.80045027777778
 30
0.0
 10
207.9070786111111
 20
33.80045027777778
 30
0.0
 10
208.6902452777778
 20
33.75458916666667
 30
0.0
 10
208.6902452777778
 20
33.7016725
 30
0.0
 10
208.6902452777778
 20
32.04008916666667
 30
0.0
 10
207.3461619444444
 20
30.69953361111111
 30
0.0
 10
205.6881063888889
 20
30.69953361111111
 30
0.0
 10
186.1301063888889
 20
30.69953361111111
 30
0.0
 10
193.4961063888888
 20
27.58803361111111
 30
0.0
 10
191.2665508333333
 20
26.17339472222223
 30
0.0
 10
189.5555786111111
 20
25.08331138888889
 30
0.0
 10
190.0635786111111
 20
26.00758916666667
 30
0.0
 10
185.2658008333333
 20
22.93489472222223
 30
0.0
 10
185.2199397222222
 20
22.90314472222222
 30
0.0
 10
184.7331063888889
 20
23.51697805555556
 30
0.0
 10
184.1792452777778
 20
24.30720027777778
 30
0.0
 10
183.6253841666667
 20
25.10095027777778
 30
0.0
 10
183.3572730555555
 20
25.65833916666667
 30
0.0
 10
183.2584952777778
 20
25.79945027777778
 30
0.0
 10
182.7575508333333
 20
26.51558916666667
 30
0.0
 10
181.2511897222222
 20
28.66753361111111
 30
0.0
 10
181.2511897222222
 20
28.66753361111111
 30
0.0
 10
180.8819489814815
 20
28.40882990740741
 30
0.0
 10
180.5127082407407
 20
28.15012620370371
 30
0.0
 10
180.1434675
 20
27.8914225
 30
0.0
  0
SPLINE
  5
1C4
330
1F
100
AcDbEntity
  8
DEFAULT
 62
     1
100
AcDbSpline
210
0.0
220
0.0
230
1.0
 70
     8
 71
     3
 72
    98
 73
    94
 74
     0
 42
0.000000001
 43
0.0000000001
 40
0.0
 40
0.0
 40
0.0
 40
0.0
 40
3.829999999999984
 40
3.829999999999984
 40
3.829999999999984
 40
13.74999999999997
 40
13.74999999999997
 40
13.74999999999997
 40
14.74999999999997
 40
14.74999999999997
 40
14.74999999999997
 40
15.74999999999997
 40
15.74999999999997
 40
15.74999999999997
 40
16.74999999999997
 40
16.74999999999997
 40
16.74999999999997
 40
17.74999999999997
 40
17.74999999999997
 40
17.74999999999997
 40
18.74999999999997
 40
18.74999999999997
 40
18.74999999999997
 40
19.74999999999997
 40
19.74999999999997
 40
19.74999999999997
 40
20.74999999999997
 40
20.74999999999997
 40
20.74999999999997
 40
21.74999999999997
 40
21.74999999999997
 40
21.74999999999997
 40
22.74999999999997
 40
22.74999999999997
 40
22.74999999999997
 40
31.25795510096283
 40
31.25795510096283
 40
31.25795510096283
 40
32.25795510096283
 40
32.25795510096283
 40
32.25795510096283
 40
33.25795510096283
 40
33.25795510096283
 40
33.25795510096283
 40
34.25795510096283
 40
34.25795510096283
 40
34.25795510096283
 40
35.25795510096283
 40
35.25795510096283
 40
35.25795510096283
 40
36.25795510096283
 40
36.25795510096283
 40
36.25795510096283
 40
56.1049322007632
 40
56.1049322007632
 40
56.1049322007632
 40
57.1049322007632
 40
57.1049322007632
 40
57.1049322007632
 40
58.1049322007632
 40
58.1049322007632
 40
58.1049322007632
 40
59.1049322007632
 40
59.1049322007632
 40
59.1049322007632
 40
60.1049322007632
 40
60.1049322007632
 40
60.1049322007632
 40
68.61754049669695
 40
68.61754049669695
 40
68.61754049669695
 40
69.61754049669695
 40
69.61754049669695
 40
69.61754049669695
 40
70.61754049669695
 40
70.61754049669695
 40
70.61754049669695
 40
71.61754049669695
 40
71.61754049669695
 40
71.61754049669695
 40
72.61754049669695
 40
72.61754049669695
 40
72.61754049669695
 40
73.61754049669695
 40
73.61754049669695
 40
73.61754049669695
 40
74.61754049669695
 40
74.61754049669695
 40
74.61754049669695
 40
75.61754049669695
 40
75.61754049669695
 40
75.61754049669695
 40
79.45154623482513
 40
79.45154623482513
 40
79.45154623482513
 40
79.45154623482513
 10
173.0385230555555
 20
78.86075583333333
 30
0.0
 10
172.5881434259259
 20
78.86075583333333
 30
0.0
 10
172.1377637962963
 20
78.86075583333333
 30
0.0
 10
171.6873841666666
 20
78.86075583333333
 30
0.0
 10
171.6873841666666
 20
80.02727435185183
 30
0.0
 10
171.6873841666666
 20
81.19379287037036
 30
0.0
 10
171.6873841666666
 20
82.36031138888887
 30
0.0
 10
171.6873841666666
 20
82.53317249999999
 30
0.0
 10
171.7896897222222
 20
83.14347805555555
 30
0.0
 10
171.7896897222222
 20
84.11008916666667
 30
0.0
 10
171.7896897222222
 20
85.07670027777777
 30
0.0
 10
171.7438286111111
 20
85.85986694444445
 30
0.0
 10
171.6873841666666
 20
85.85986694444445
 30
0.0
 10
170.0293286111111
 20
85.85986694444445
 30
0.0
 10
167.6904119444444
 20
84.5157836111111
 30
0.0
 10
167.6904119444444
 20
82.85772805555555
 30
0.0
 10
167.6904119444444
 20
78.04231138888889
 30
0.0
 10
159.2308008333333
 20
76.65589472222221
 30
0.0
 10
158.0207730555555
 20
69.75908916666666
 30
0.0
 10
157.7173841666666
 20
68.0375336111111
 30
0.0
 10
157.1106063888889
 20
64.59089472222223
 30
0.0
 10
156.8072175
 20
62.86581138888889
 30
0.0
 10
156.5179397222222
 20
61.23245027777778
 30
0.0
 10
157.6044952777778
 20
59.68022805555555
 30
0.0
 10
159.2378563888889
 20
59.39447805555555
 30
0.0
 10
159.2978286111111
 20
59.39447805555555
 30
0.0
 10
159.4742175
 20
60.15295027777778
 30
0.0
 10
159.6435508333333
 20
61.09839472222222
 30
0.0
 10
159.8093563888889
 20
62.05089472222222
 30
0.0
 10
159.8164119444444
 20
62.66472805555556
 30
0.0
 10
159.8481619444444
 20
62.83758916666666
 30
0.0
 10
159.9998563888889
 20
63.70189472222222
 30
0.0
 10
160.4549397222222
 20
66.28422805555554
 30
0.0
 10
160.4549397222222
 20
66.28422805555554
 30
0.0
 10
161.4403656481481
 20
66.11136694444444
 30
0.0
 10
162.4257915740741
 20
65.93850583333332
 30
0.0
 10
163.4112175
 20
65.76564472222222
 30
0.0
 10
163.4112175
 20
65.76564472222222
 30
0.0
 10
162.9526063888889
 20
63.18331138888889
 30
0.0
 10
162.8009119444444
 20
62.31900583333334
 30
0.0
 10
162.7726897222222
 20
62.14614472222222
 30
0.0
 10
162.5680786111111
 20
61.56406138888889
 30
0.0
 10
162.3987452777777
 20
60.61156138888889
 30
0.0
 10
162.2329397222222
 20
59.65906138888889
 30
0.0
 10
162.1412175
 20
58.8794225
 30
0.0
 10
162.1941341666667
 20
58.87236694444444
 30
0.0
 10
163.1960230555555
 20
58.69597805555556
 30
0.0
 10
162.0283286111111
 20
45.87956138888889
 30
0.0
 10
160.0386619444444
 20
41.37811694444444
 30
0.0
 10
158.9133008333333
 20
38.82753361111111
 30
0.0
 10
157.8161619444444
 20
34.48836694444444
 30
0.0
 10
158.7898286111111
 20
32.79856138888889
 30
0.0
 10
159.9563471296296
 20
30.77714472222222
 30
0.0
 10
161.1228656481482
 20
28.75572805555556
 30
0.0
 10
162.2893841666667
 20
26.73431138888889
 30
0.0
 10
163.1184119444444
 20
25.29850583333333
 30
0.0
 10
164.9493286111111
 20
24.80814472222222
 30
0.0
 10
166.3851341666667
 20
25.6371725
 30
0.0
 10
166.4345230555556
 20
25.66539472222223
 30
0.0
 10
166.0817452777778
 20
26.36389472222222
 30
0.0
 10
165.5984397222222
 20
27.20350583333333
 30
0.0
 10
165.1151341666666
 20
28.03958916666667
 30
0.0
 10
164.7235508333333
 20
28.51583916666667
 30
0.0
 10
164.6353563888889
 20
28.66753361111111
 30
0.0
 10
164.1979119444444
 20
29.42600583333333
 30
0.0
 10
162.8855786111111
 20
31.69789472222222
 30
0.0
 10
162.8855786111111
 20
31.69789472222222
 30
0.0
 10
163.7522360185185
 20
32.19883916666667
 30
0.0
 10
164.6188934259259
 20
32.69978361111111
 30
0.0
 10
165.4855508333333
 20
33.20072805555555
 30
0.0
 10
165.4855508333333
 20
33.20072805555555
 30
0.0
 10
166.7978841666666
 20
30.92531138888889
 30
0.0
 10
167.2353286111111
 20
30.16683916666667
 30
0.0
 10
167.3235230555555
 20
30.01514472222222
 30
0.0
 10
167.5387175
 20
29.44011694444444
 30
0.0
 10
168.0220230555555
 20
28.60403361111111
 30
0.0
 10
168.5053286111111
 20
27.7644225
 30
0.0
 10
168.9357175
 20
27.10825583333334
 30
0.0
 10
168.9851063888889
 20
27.13647805555556
 30
0.0
 10
173.0949675
 20
29.50714472222222
 30
0.0
 10
178.4854119444444
 20
18.20414472222222
 30
0.0
 10
182.8069397222222
 20
21.21333916666667
 30
0.0
 10
182.8528008333333
 20
21.24508916666667
 30
0.0
 10
182.4400508333333
 20
21.91183916666667
 30
0.0
 10
181.8861897222222
 20
22.70206138888889
 30
0.0
 10
181.3323286111111
 20
23.49581138888889
 30
0.0
 10
180.8984119444444
 20
23.93678361111111
 30
0.0
 10
180.7996341666666
 20
24.07789472222223
 30
0.0
 10
180.2986897222222
 20
24.79403361111111
 30
0.0
 10
178.7923286111111
 20
26.94597805555556
 30
0.0
 10
178.7923286111111
 20
26.94597805555556
 30
0.0
 10
179.1615693518519
 20
27.20468175925926
 30
0.0
 10
179.5308100925926
 20
27.46338546296296
 30
0.0
 10
179.9000508333333
 20
27.72208916666667
 30
0.0
  0
SPLINE
  5
1C5
330
1F
100
AcDbEntity
  8
DEFAULT
 62
   250
100
AcDbSpline
210
0.0
220
0.0
230
1.0
 70
     8
 71
     3
 72
    20
 73
    16
 74
     0
 42
0.000000001
 43
0.0000000001
 40
0.0
 40
0.0
 40
0.0
 40
0.0
 40
1.002999999999997
 40
1.002999999999997
 40
1.002999999999997
 40
2.005999999999994
 40
2.005999999999994
 40
2.005999999999994
 40
3.008999999999992
 40
3.008999999999992
 40
3.008999999999992
 40
4.011999999999989
 40
4.011999999999989
 40
4.011999999999989
 40
5.014999999999986
 40
5.014999999999986
 40
5.014999999999986
 40
5.014999999999986
 10
100.2356672222222
 20
283.6669530555555
 30
0.0
 10
100.3231561111111
 20
283.8045363888888
 30
0.0
 10
100.4720283333333
 20
283.8937891666666
 30
0.0
 10
100.6791088888889
 20
283.8937891666666
 30
0.0
 10
100.99802
 20
283.8937891666666
 30
0.0
 10
101.223445
 20
283.6387308333333
 30
0.0
 10
101.2209755555556
 20
283.2644336111111
 30
0.0
 10
101.2209755555556
 20
282.823108611111
 30
0.0
 10
100.931345
 20
282.604033611111
 30
0.0
 10
100.6445366666667
 20
282.604033611111
 30
0.0
 10
100.4586227777778
 20
282.604033611111
 30
0.0
 10
100.33127
 20
282.6728252777777
 30
0.0
 10
100.2356672222222
 20
282.8361613888889
 30
0.0
 10
100.2416644444444
 20
282.9349391666666
 30
0.0
 10
100.2356672222222
 20
284.7658558333333
 30
0.0
 10
100.2356672222222
 20
284.7658558333333
 30
0.0
  0
POLYLINE
  5
1C6
330
1F
100
AcDbEntity
  8
DEFAULT
 62
   250
100
AcDb2dPolyline
 66
     1
 10
0.0
 20
0.0
 30
0.0
  0
VERTEX
  5
1C7
330
1C6
100
AcDbEntity
  8
DEFAULT
 62
   250
100
AcDbVertex
100
AcDb2dVertex
 10
108.4949358333333
 20
276.9837191666667
 30
0.0
  0
VERTEX
  5
1C8
330
1C6
100
AcDbEntity
  8
DEFAULT
 62
   250
100
AcDbVertex
100
AcDb2dVertex
 10
106.9801080555555
 20
276.9837191666667
 30
0.0
  0
VERTEX
  5
1C9
330
1C6
100
AcDbEntity
  8
DEFAULT
 62
   250
100
AcDbVertex
100
AcDb2dVertex
 10
108.4949358333333
 20
278.8876608333333
 30
0.0
  0
VERTEX
  5
1CA
330
1C6
100
AcDbEntity
  8
DEFAULT
 62
   250
100
AcDbVertex
100
AcDb2dVertex
 10
106.9635275
 20
278.8876608333333
 30
0.0
  0
SEQEND
  5
1CB
330
1C6
100
AcDbEntity
  8
DEFAULT
 62
   250
  0
SPLINE
  5
1CC
330
1F
100
AcDbEntity
  8
DEFAULT
 62
     1
100
AcDbSpline
210
0.0
220
0.0
230
1.0
 70
     8
 71
     3
 72
    44
 73
    40
 74
     0
 42
0.000000001
 43
0.0000000001
 40
0.0
 40
0.0
 40
0.0
 40
0.0
 40
1.0
 40
1.0
 40
1.0
 40
2.0
 40
2.0
 40
2.0
 40
3.0
 40
3.0
 40
3.0
 40
4.0
 40
4.0
 40
4.0
 40
5.0
 40
5.0
 40
5.0
 40
14.91999999999996
 40
14.91999999999996
 40
14.91999999999996
 40
23.42999999999995
 40
23.42999999999995
 40
23.42999999999995
 40
33.34999999999991
 40
33.34999999999991
 40
33.34999999999991
 40
34.34999999999991
 40
34.34999999999991
 40
34.34999999999991
 40
35.34999999999991
 40
35.34999999999991
 40
35.34999999999991
 40
36.34999999999991
 40
36.34999999999991
 40
36.34999999999991
 40
37.34999999999991
 40
37.34999999999991
 40
37.34999999999991
 40
38.34999999999991
 40
38.34999999999991
 40
38.34999999999991
 40
38.34999999999991
 10
94.77501999999998
 20
287.3594780555555
 30
0.0
 10
95.12427
 20
283.5106725
 30
0.0
 10
89.88904777777776
 20
278.2966169444444
 30
0.0
 10
91.70232555555555
 20
274.6806447222222
 30
0.0
 10
92.49960333333333
 20
273.0896169444444
 30
0.0
 10
92.32674222222221
 20
271.1916725
 30
0.0
 10
95.94624222222221
 20
271.1916725
 30
0.0
 10
99.22707555555554
 20
271.1916725
 30
0.0
 10
96.73646444444444
 20
273.9750891666666
 30
0.0
 10
99.22707555555554
 20
273.9750891666666
 30
0.0
 10
99.28351999999998
 20
273.9750891666666
 30
0.0
 10
99.3293811111111
 20
274.7582558333333
 30
0.0
 10
99.3293811111111
 20
275.7283947222222
 30
0.0
 10
99.3293811111111
 20
276.6950058333333
 30
0.0
 10
99.22707555555554
 20
277.3017836111111
 30
0.0
 10
99.22707555555554
 20
277.4781725
 30
0.0
 10
99.22707555555554
 20
278.6446910185185
 30
0.0
 10
99.22707555555554
 20
279.811209537037
 30
0.0
 10
99.22707555555554
 20
280.9777280555555
 30
0.0
 10
100.2277885185185
 20
280.9777280555555
 30
0.0
 10
101.2285014814815
 20
280.9777280555555
 30
0.0
 10
102.2292144444444
 20
280.9777280555555
 30
0.0
 10
102.2292144444444
 20
279.811209537037
 30
0.0
 10
102.2292144444444
 20
278.6446910185185
 30
0.0
 10
102.2292144444444
 20
277.4781725
 30
0.0
 10
102.2292144444444
 20
277.3017836111111
 30
0.0
 10
102.1269088888889
 20
276.6950058333333
 30
0.0
 10
102.1269088888889
 20
275.7283947222222
 30
0.0
 10
102.1269088888889
 20
274.7582558333333
 30
0.0
 10
102.17277
 20
273.9750891666666
 30
0.0
 10
102.2292144444444
 20
273.9750891666666
 30
0.0
 10
104.7833255555555
 20
273.9750891666666
 30
0.0
 10
105.03027
 20
273.0613947222222
 30
0.0
 10
108.26877
 20
273.0613947222222
 30
0.0
 10
111.50727
 20
273.0613947222222
 30
0.0
 10
114.5023533333333
 20
273.8692558333333
 30
0.0
 10
113.8814644444444
 20
275.9259502777778
 30
0.0
 10
113.2676311111111
 20
277.9473669444445
 30
0.0
 10
114.2836311111111
 20
283.6553113888889
 30
0.0
 10
114.3118533333333
 20
286.9784780555555
 30
0.0
  0
SPLINE
  5
1CD
330
1F
100
AcDbEntity
  8
DEFAULT
 62
     1
100
AcDbSpline
210
0.0
220
0.0
230
1.0
 70
     8
 71
     3
 72
    35
 73
    31
 74
     0
 42
0.000000001
 43
0.0000000001
 40
0.0
 40
0.0
 40
0.0
 40
0.0
 40
1.0
 40
1.0
 40
1.0
 40
2.0
 40
2.0
 40
2.0
 40
3.0
 40
3.0
 40
3.0
 40
4.0
 40
4.0
 40
4.0
 40
13.92000000000007
 40
13.92000000000007
 40
13.92000000000007
 40
22.42000000000007
 40
22.42000000000007
 40
22.42000000000007
 40
32.34000000000015
 40
32.34000000000015
 40
32.34000000000015
 40
33.34000000000015
 40
33.34000000000015
 40
33.34000000000015
 40
34.34000000000015
 40
34.34000000000015
 40
34.34000000000015
 40
35.34000000000015
 40
35.34000000000015
 40
35.34000000000015
 40
35.34000000000015
 10
94.74327
 20
287.6593391666666
 30
0.0
 10
94.32699222222222
 20
291.2682558333333
 30
0.0
 10
96.74704777777778
 20
287.7087280555555
 30
0.0
 10
100.9239366666666
 20
289.0598669444444
 30
0.0
 10
105.15727
 20
290.4286447222222
 30
0.0
 10
104.5328533333333
 20
287.9768391666666
 30
0.0
 10
106.2297144444444
 20
287.9768391666666
 30
0.0
 10
106.2861588888889
 20
287.9768391666666
 30
0.0
 10
106.3284922222222
 20
287.1936724999999
 30
0.0
 10
106.3284922222222
 20
286.2270613888888
 30
0.0
 10
106.3284922222222
 20
285.2604502777777
 30
0.0
 10
106.2297144444444
 20
284.6501447222222
 30
0.0
 10
106.2297144444444
 20
284.4772836111111
 30
0.0
 10
106.2297144444444
 20
283.3107650925926
 30
0.0
 10
106.2297144444444
 20
282.144246574074
 30
0.0
 10
106.2297144444444
 20
280.9777280555555
 30
0.0
 10
107.2292514814815
 20
280.9777280555555
 30
0.0
 10
108.2287885185185
 20
280.9777280555555
 30
0.0
 10
109.2283255555555
 20
280.9777280555555
 30
0.0
 10
109.2283255555555
 20
282.144246574074
 30
0.0
 10
109.2283255555555
 20
283.3107650925926
 30
0.0
 10
109.2283255555555
 20
284.4772836111111
 30
0.0
 10
109.2283255555555
 20
284.6501447222222
 30
0.0
 10
109.1295477777778
 20
285.2604502777777
 30
0.0
 10
109.1295477777778
 20
286.2270613888888
 30
0.0
 10
109.1295477777778
 20
287.1936724999999
 30
0.0
 10
109.1754088888889
 20
287.9768391666666
 30
0.0
 10
109.2283255555555
 20
287.9768391666666
 30
0.0
 10
111.3732144444444
 20
287.9768391666666
 30
0.0
 10
114.2271866666667
 20
290.3545613888888
 30
0.0
 10
114.3118533333333
 20
287.2783391666666
 30
0.0
  0
SPLINE
  5
1CE
330
1F
100
AcDbEntity
  8
DEFAULT
 62
   250
100
AcDbSpline
210
0.0
220
0.0
230
1.0
 70
     8
 71
     3
 72
    20
 73
    16
 74
     0
 42
0.000000001
 43
0.0000000001
 40
0.0
 40
0.0
 40
0.0
 40
0.0
 40
1.002999999999997
 40
1.002999999999997
 40
1.002999999999997
 40
2.005999999999994
 40
2.005999999999994
 40
2.005999999999994
 40
3.008999999999992
 40
3.008999999999992
 40
3.008999999999992
 40
4.011999999999989
 40
4.011999999999989
 40
4.011999999999989
 40
5.014999999999986
 40
5.014999999999986
 40
5.014999999999986
 40
5.014999999999986
 10
199.3147172222222
 20
283.6669530555555
 30
0.0
 10
199.4022061111111
 20
283.8045363888888
 30
0.0
 10
199.5510783333333
 20
283.8937891666666
 30
0.0
 10
199.7581588888888
 20
283.8937891666666
 30
0.0
 10
200.0770699999999
 20
283.8937891666666
 30
0.0
 10
200.3024949999999
 20
283.6387308333333
 30
0.0
 10
200.3000255555555
 20
283.2644336111111
 30
0.0
 10
200.3000255555555
 20
282.823108611111
 30
0.0
 10
200.010395
 20
282.604033611111
 30
0.0
 10
199.7235866666666
 20
282.604033611111
 30
0.0
 10
199.5376727777777
 20
282.604033611111
 30
0.0
 10
199.41032
 20
282.6728252777777
 30
0.0
 10
199.3147172222222
 20
282.8361613888889
 30
0.0
 10
199.3207144444444
 20
282.9349391666666
 30
0.0
 10
199.3147172222222
 20
284.7658558333333
 30
0.0
 10
199.3147172222222
 20
284.7658558333333
 30
0.0
  0
POLYLINE
  5
1CF
330
1F
100
AcDbEntity
  8
DEFAULT
 62
   250
100
AcDb2dPolyline
 66
     1
 10
0.0
 20
0.0
 30
0.0
  0
VERTEX
  5
1D0
330
1CF
100
AcDbEntity
  8
DEFAULT
 62
   250
100
AcDbVertex
100
AcDb2dVertex
 10
193.5754461111111
 20
276.9837191666667
 30
0.0
  0
VERTEX
  5
1D1
330
1CF
100
AcDbEntity
  8
DEFAULT
 62
   250
100
AcDbVertex
100
AcDb2dVertex
 10
192.0606183333333
 20
276.9837191666667
 30
0.0
  0
VERTEX
  5
1D2
330
1CF
100
AcDbEntity
  8
DEFAULT
 62
   250
100
AcDbVertex
100
AcDb2dVertex
 10
193.5754461111111
 20
278.8876608333333
 30
0.0
  0
VERTEX
  5
1D3
330
1CF
100
AcDbEntity
  8
DEFAULT
 62
   250
100
AcDbVertex
100
AcDb2dVertex
 10
192.0440377777778
 20
278.8876608333333
 30
0.0
  0
SEQEND
  5
1D4
330
1CF
100
AcDbEntity
  8
DEFAULT
 62
   250
  0
SPLINE
  5
1D5
330
1F
100
AcDbEntity
  8
DEFAULT
 62
     1
100
AcDbSpline
210
0.0
220
0.0
230
1.0
 70
     8
 71
     3
 72
    44
 73
    40
 74
     0
 42
0.000000001
 43
0.0000000001
 40
0.0
 40
0.0
 40
0.0
 40
0.0
 40
1.0
 40
1.0
 40
1.0
 40
2.0
 40
2.0
 40
2.0
 40
3.0
 40
3.0
 40
3.0
 40
4.0
 40
4.0
 40
4.0
 40
5.0
 40
5.0
 40
5.0
 40
14.91999999999996
 40
14.91999999999996
 40
14.91999999999996
 40
23.42999999999995
 40
23.42999999999995
 40
23.42999999999995
 40
33.34999999999991
 40
33.34999999999991
 40
33.34999999999991
 40
34.34999999999991
 40
34.34999999999991
 40
34.34999999999991
 40
35.34999999999991
 40
35.34999999999991
 40
35.34999999999991
 40
36.34999999999991
 40
36.34999999999991
 40
36.34999999999991
 40
37.34999999999991
 40
37.34999999999991
 40
37.34999999999991
 40
38.34999999999991
 40
38.34999999999991
 40
38.34999999999991
 40
38.34999999999991
 10
186.2269791666667
 20
286.9784780555555
 30
0.0
 10
186.2552013888889
 20
283.6553113888889
 30
0.0
 10
187.2712013888889
 20
277.9473669444444
 30
0.0
 10
186.6573680555556
 20
275.9259502777778
 30
0.0
 10
186.0364791666667
 20
273.8692558333333
 30
0.0
 10
189.0315625
 20
273.0613947222222
 30
0.0
 10
192.2700625
 20
273.0613947222222
 30
0.0
 10
195.5085625
 20
273.0613947222222
 30
0.0
 10
195.7519791666667
 20
273.9750891666666
 30
0.0
 10
198.3060902777778
 20
273.9750891666666
 30
0.0
 10
198.3625347222222
 20
273.9750891666666
 30
0.0
 10
198.4083958333333
 20
274.7582558333333
 30
0.0
 10
198.4083958333333
 20
275.7283947222222
 30
0.0
 10
198.4083958333333
 20
276.6950058333333
 30
0.0
 10
198.3060902777778
 20
277.3017836111111
 30
0.0
 10
198.3060902777778
 20
277.4781725
 30
0.0
 10
198.3060902777778
 20
278.6446910185185
 30
0.0
 10
198.3060902777778
 20
279.811209537037
 30
0.0
 10
198.3060902777778
 20
280.9777280555555
 30
0.0
 10
199.3068032407407
 20
280.9777280555555
 30
0.0
 10
200.3075162037037
 20
280.9777280555555
 30
0.0
 10
201.3082291666667
 20
280.9777280555555
 30
0.0
 10
201.3082291666667
 20
279.811209537037
 30
0.0
 10
201.3082291666667
 20
278.6446910185185
 30
0.0
 10
201.3082291666667
 20
277.4781725
 30
0.0
 10
201.3082291666667
 20
277.3017836111111
 30
0.0
 10
201.2059236111111
 20
276.6950058333333
 30
0.0
 10
201.2059236111111
 20
275.7283947222222
 30
0.0
 10
201.2059236111111
 20
274.7582558333333
 30
0.0
 10
201.2517847222222
 20
273.9750891666666
 30
0.0
 10
201.3082291666667
 20
273.9750891666666
 30
0.0
 10
203.7988402777777
 20
273.9750891666666
 30
0.0
 10
201.3082291666667
 20
271.1916725
 30
0.0
 10
204.5890625
 20
271.1916725
 30
0.0
 10
208.2085625
 20
271.1916725
 30
0.0
 10
208.0357013888889
 20
273.0896169444444
 30
0.0
 10
208.8329791666667
 20
274.6806447222222
 30
0.0
 10
210.6462569444444
 20
278.2966169444444
 30
0.0
 10
205.4180902777778
 20
283.5071447222222
 30
0.0
 10
205.7638125
 20
287.3559502777778
 30
0.0
  0
SPLINE
  5
1D6
330
1F
100
AcDbEntity
  8
DEFAULT
 62
     1
100
AcDbSpline
210
0.0
220
0.0
230
1.0
 70
     8
 71
     3
 72
    35
 73
    31
 74
     0
 42
0.000000001
 43
0.0000000001
 40
0.0
 40
0.0
 40
0.0
 40
0.0
 40
1.0
 40
1.0
 40
1.0
 40
2.0
 40
2.0
 40
2.0
 40
3.0
 40
3.0
 40
3.0
 40
12.91999999999996
 40
12.91999999999996
 40
12.91999999999996
 40
21.41999999999996
 40
21.41999999999996
 40
21.41999999999996
 40
31.33999999999992
 40
31.33999999999992
 40
31.33999999999992
 40
32.33999999999992
 40
32.33999999999992
 40
32.33999999999992
 40
33.33999999999992
 40
33.33999999999992
 40
33.33999999999992
 40
34.33999999999992
 40
34.33999999999992
 40
34.33999999999992
 40
35.33999999999992
 40
35.33999999999992
 40
35.33999999999992
 40
35.33999999999992
 10
186.2269791666667
 20
287.2783391666666
 30
0.0
 10
186.3116458333333
 20
290.3545613888889
 30
0.0
 10
189.1656180555556
 20
287.9768391666667
 30
0.0
 10
191.3105069444444
 20
287.9768391666667
 30
0.0
 10
191.3634236111111
 20
287.9768391666667
 30
0.0
 10
191.4092847222223
 20
287.1936725
 30
0.0
 10
191.4092847222223
 20
286.2270613888888
 30
0.0
 10
191.4092847222223
 20
285.2604502777777
 30
0.0
 10
191.3105069444444
 20
284.6501447222222
 30
0.0
 10
191.3105069444444
 20
284.4772836111111
 30
0.0
 10
191.3105069444444
 20
283.3107650925926
 30
0.0
 10
191.3105069444444
 20
282.1442465740741
 30
0.0
 10
191.3105069444444
 20
280.9777280555555
 30
0.0
 10
192.3100439814815
 20
280.9777280555555
 30
0.0
 10
193.3095810185185
 20
280.9777280555555
 30
0.0
 10
194.3091180555555
 20
280.9777280555555
 30
0.0
 10
194.3091180555556
 20
282.1442465740741
 30
0.0
 10
194.3091180555556
 20
283.3107650925926
 30
0.0
 10
194.3091180555555
 20
284.4772836111111
 30
0.0
 10
194.3091180555555
 20
284.6501447222222
 30
0.0
 10
194.2103402777778
 20
285.2604502777777
 30
0.0
 10
194.2103402777778
 20
286.2270613888888
 30
0.0
 10
194.2103402777778
 20
287.1936725
 30
0.0
 10
194.2526736111111
 20
287.9768391666667
 30
0.0
 10
194.3091180555555
 20
287.9768391666667
 30
0.0
 10
196.0059791666667
 20
287.9768391666667
 30
0.0
 10
195.3780347222223
 20
290.4286447222222
 30
0.0
 10
199.6113680555556
 20
289.0598669444444
 30
0.0
 10
203.7882569444444
 20
287.7087280555555
 30
0.0
 10
206.2118402777778
 20
291.2682558333333
 30
0.0
 10
205.7955625
 20
287.6593391666667
 30
0.0
  0
SPLINE
  5
1D7
330
1F
100
AcDbEntity
  8
DEFAULT
 62
   250
100
AcDbSpline
210
0.0
220
0.0
230
1.0
 70
     8
 71
     3
 72
    23
 73
    19
 74
     0
 42
0.000000001
 43
0.0000000001
 40
0.0
 40
0.0
 40
0.0
 40
0.0
 40
1.0
 40
1.0
 40
1.0
 40
2.0
 40
2.0
 40
2.0
 40
3.0
 40
3.0
 40
3.0
 40
4.0
 40
4.0
 40
4.0
 40
5.0
 40
5.0
 40
5.0
 40
6.0
 40
6.0
 40
6.0
 40
6.0
 10
119.4615269444444
 20
264.6497966666666
 30
0.0
 10
119.3366436111111
 20
264.6497966666666
 30
0.0
 10
119.2121130555555
 20
264.9034438888889
 30
0.0
 10
119.2121130555555
 20
265.0865355555555
 30
0.0
 10
119.2121130555555
 20
265.4685938888888
 30
0.0
 10
119.4124908333333
 20
265.5585522222222
 30
0.0
 10
119.7031797222222
 20
265.5585522222222
 30
0.0
 10
119.7031797222222
 20
265.5585522222222
 30
0.0
 10
120.2965519444444
 20
265.5440883333333
 30
0.0
 10
120.3953297222222
 20
265.56208
 30
0.0
 10
120.5424380555556
 20
265.56208
 30
0.0
 10
120.6267519444444
 20
265.1881355555555
 30
0.0
 10
120.6267519444444
 20
265.0202133333333
 30
0.0
 10
120.6267519444444
 20
264.7820883333333
 30
0.0
 10
120.4588297222222
 20
264.6600272222222
 30
0.0
 10
120.2884380555555
 20
264.6600272222222
 30
0.0
 10
120.0037463888889
 20
264.6600272222222
 30
0.0
 10
119.7486880555555
 20
264.7612744444444
 30
0.0
 10
119.8502880555555
 20
265.5585522222222
 30
0.0
  0
POLYLINE
  5
1D8
330
1F
100
AcDbEntity
  8
DEFAULT
 62
   250
100
AcDb2dPolyline
 66
     1
 10
0.0
 20
0.0
 30
0.0
  0
VERTEX
  5
1D9
330
1D8
100
AcDbEntity
  8
DEFAULT
 62
   250
100
AcDbVertex
100
AcDb2dVertex
 10
110.1538027777778
 20
255.6095486111111
 30
0.0
  0
VERTEX
  5
1DA
330
1D8
100
AcDbEntity
  8
DEFAULT
 62
   250
100
AcDbVertex
100
AcDb2dVertex
 10
108.638975
 20
255.6095486111111
 30
0.0
  0
VERTEX
  5
1DB
330
1D8
100
AcDbEntity
  8
DEFAULT
 62
   250
100
AcDbVertex
100
AcDb2dVertex
 10
110.1538027777778
 20
257.5134902777777
 30
0.0
  0
VERTEX
  5
1DC
330
1D8
100
AcDbEntity
  8
DEFAULT
 62
   250
100
AcDbVertex
100
AcDb2dVertex
 10
108.6223944444444
 20
257.5134902777777
 30
0.0
  0
SEQEND
  5
1DD
330
1D8
100
AcDbEntity
  8
DEFAULT
 62
   250
  0
SPLINE
  5
1DE
330
1F
100
AcDbEntity
  8
DEFAULT
 62
     1
100
AcDbSpline
210
0.0
220
0.0
230
1.0
 70
     8
 71
     3
 72
    44
 73
    40
 74
     0
 42
0.000000001
 43
0.0000000001
 40
0.0
 40
0.0
 40
0.0
 40
0.0
 40
3.830000000000041
 40
3.830000000000041
 40
3.830000000000041
 40
13.75000000000006
 40
13.75000000000006
 40
13.75000000000006
 40
14.75000000000006
 40
14.75000000000006
 40
14.75000000000006
 40
15.75000000000006
 40
15.75000000000006
 40
15.75000000000006
 40
16.75000000000006
 40
16.75000000000006
 40
16.75000000000006
 40
17.75000000000006
 40
17.75000000000006
 40
17.75000000000006
 40
18.75000000000006
 40
18.75000000000006
 40
18.75000000000006
 40
19.75000000000006
 40
19.75000000000006
 40
19.75000000000006
 40
20.75000000000006
 40
20.75000000000006
 40
20.75000000000006
 40
21.75000000000006
 40
21.75000000000006
 40
21.75000000000006
 40
22.75000000000006
 40
22.75000000000006
 40
22.75000000000006
 40
32.67000000000002
 40
32.67000000000002
 40
32.67000000000002
 40
36.49000000000001
 40
36.49000000000001
 40
36.49000000000001
 40
36.49000000000001
 10
122.6262258333333
 20
264.9550199999999
 30
0.0
 10
122.6262258333333
 20
264.5046403703703
 30
0.0
 10
122.6262258333333
 20
264.0542607407407
 30
0.0
 10
122.6262258333333
 20
263.603881111111
 30
0.0
 10
123.7927443518519
 20
263.603881111111
 30
0.0
 10
124.9592628703704
 20
263.603881111111
 30
0.0
 10
126.1257813888889
 20
263.603881111111
 30
0.0
 10
126.2986425
 20
263.603881111111
 30
0.0
 10
126.9089480555555
 20
263.7061866666667
 30
0.0
 10
127.8755591666666
 20
263.7061866666667
 30
0.0
 10
128.8421702777778
 20
263.7061866666667
 30
0.0
 10
129.6253369444444
 20
263.6603255555555
 30
0.0
 10
129.6253369444444
 20
263.603881111111
 30
0.0
 10
129.6253369444444
 20
260.70052
 30
0.0
 10
128.5881702777777
 20
259.7550755555555
 30
0.0
 10
123.5434480555556
 20
260.41477
 30
0.0
 10
118.5022536111111
 20
261.0709366666666
 30
0.0
 10
117.3204480555555
 20
258.0229366666666
 30
0.0
 10
115.0168091666667
 20
254.6609644444444
 30
0.0
 10
112.7131702777778
 20
251.2989922222222
 30
0.0
 10
110.6458925
 20
252.66777
 30
0.0
 10
107.0334480555556
 20
250.6146033333333
 30
0.0
 10
103.4245313888889
 20
248.5579088888888
 30
0.0
 10
103.9219480555555
 20
259.7021588888888
 30
0.0
 10
102.9870869444444
 20
264.2459366666666
 30
0.0
 10
102.0522258333333
 20
268.7897144444444
 30
0.0
 10
105.2131147222222
 20
266.6060199999999
 30
0.0
 10
107.8906980555555
 20
266.6060199999999
 30
0.0
 10
107.9436147222222
 20
266.6060199999999
 30
0.0
 10
107.9894758333333
 20
265.8228533333333
 30
0.0
 10
107.9894758333333
 20
264.8562422222222
 30
0.0
 10
107.9894758333333
 20
263.8861033333333
 30
0.0
 10
107.8906980555555
 20
263.2793255555555
 30
0.0
 10
107.8906980555555
 20
263.1029366666666
 30
0.0
 10
107.8906980555555
 20
261.9364181481481
 30
0.0
 10
107.8906980555555
 20
260.7698996296296
 30
0.0
 10
107.8906980555555
 20
259.6033811111111
 30
0.0
 10
108.3399017592592
 20
259.6033811111111
 30
0.0
 10
108.789105462963
 20
259.6033811111111
 30
0.0
 10
109.2383091666667
 20
259.6033811111111
 30
0.0
  0
SPLINE
  5
1DF
330
1F
100
AcDbEntity
  8
DEFAULT
 62
     1
100
AcDbSpline
210
0.0
220
0.0
230
1.0
 70
     8
 71
     3
 72
    35
 73
    31
 74
     0
 42
0.000000001
 43
0.0000000001
 40
0.0
 40
0.0
 40
0.0
 40
0.0
 40
3.830000000000041
 40
3.830000000000041
 40
3.830000000000041
 40
13.75000000000006
 40
13.75000000000006
 40
13.75000000000006
 40
14.75000000000006
 40
14.75000000000006
 40
14.75000000000006
 40
15.75000000000006
 40
15.75000000000006
 40
15.75000000000006
 40
16.75000000000006
 40
16.75000000000006
 40
16.75000000000006
 40
17.75000000000006
 40
17.75000000000006
 40
17.75000000000006
 40
18.75000000000006
 40
18.75000000000006
 40
18.75000000000006
 40
19.75000000000006
 40
19.75000000000006
 40
19.75000000000006
 40
29.68000000000001
 40
29.68000000000001
 40
29.68000000000001
 40
33.51000000000005
 40
33.51000000000005
 40
33.51000000000005
 40
33.51000000000005
 10
122.6262258333333
 20
265.2548811111111
 30
0.0
 10
122.6262258333333
 20
265.7052607407408
 30
0.0
 10
122.6262258333333
 20
266.1556403703703
 30
0.0
 10
122.6262258333333
 20
266.60602
 30
0.0
 10
123.7927443518519
 20
266.60602
 30
0.0
 10
124.9592628703704
 20
266.60602
 30
0.0
 10
126.1257813888889
 20
266.60602
 30
0.0
 10
126.2986425
 20
266.60602
 30
0.0
 10
126.9089480555555
 20
266.5037144444444
 30
0.0
 10
127.8755591666666
 20
266.5037144444444
 30
0.0
 10
128.8421702777778
 20
266.5037144444444
 30
0.0
 10
129.6253369444444
 20
266.5495755555555
 30
0.0
 10
129.6253369444444
 20
266.60602
 30
0.0
 10
129.6253369444444
 20
270.9063811111111
 30
0.0
 10
126.9971425
 20
268.5251311111111
 30
0.0
 10
121.8853925
 20
269.7457422222222
 30
0.0
 10
112.6708369444444
 20
271.9470755555556
 30
0.0
 10
119.1055036111111
 20
266.60602
 30
0.0
 10
110.8893091666667
 20
266.60602
 30
0.0
 10
110.8328647222222
 20
266.60602
 30
0.0
 10
110.7905313888889
 20
265.8228533333333
 30
0.0
 10
110.7905313888889
 20
264.8562422222222
 30
0.0
 10
110.7905313888889
 20
263.8861033333333
 30
0.0
 10
110.8893091666667
 20
263.2793255555555
 30
0.0
 10
110.8893091666667
 20
263.1064644444444
 30
0.0
 10
110.8893091666667
 20
261.93877
 30
0.0
 10
110.8893091666667
 20
260.7710755555556
 30
0.0
 10
110.8893091666667
 20
259.6033811111111
 30
0.0
 10
110.438929537037
 20
259.6033811111111
 30
0.0
 10
109.9885499074074
 20
259.6033811111111
 30
0.0
 10
109.5381702777778
 20
259.6033811111111
 30
0.0
  0
SPLINE
  5
1E0
330
1F
100
AcDbEntity
  8
DEFAULT
 62
   250
100
AcDbSpline
210
0.0
220
0.0
230
1.0
 70
     8
 71
     3
 72
    23
 73
    19
 74
     0
 42
0.000000001
 43
0.0000000001
 40
0.0
 40
0.0
 40
0.0
 40
0.0
 40
1.0
 40
1.0
 40
1.0
 40
2.0
 40
2.0
 40
2.0
 40
3.0
 40
3.0
 40
3.0
 40
4.0
 40
4.0
 40
4.0
 40
5.0
 40
5.0
 40
5.0
 40
6.0
 40
6.0
 40
6.0
 40
6.0
 10
180.6089225
 20
265.5616919444444
 30
0.0
 10
180.7338058333333
 20
265.5616919444444
 30
0.0
 10
180.8583363888889
 20
265.3080447222222
 30
0.0
 10
180.8583363888889
 20
265.1249530555555
 30
0.0
 10
180.8583363888889
 20
264.7428947222222
 30
0.0
 10
180.6579586111111
 20
264.6529363888889
 30
0.0
 10
180.3672697222222
 20
264.6529363888889
 30
0.0
 10
180.3672697222222
 20
264.6529363888889
 30
0.0
 10
179.7738975
 20
264.6674002777777
 30
0.0
 10
179.6751197222222
 20
264.6494086111111
 30
0.0
 10
179.5280113888889
 20
264.6494086111111
 30
0.0
 10
179.4436975
 20
265.0233530555555
 30
0.0
 10
179.4436975
 20
265.1912752777778
 30
0.0
 10
179.4436975
 20
265.4294002777777
 30
0.0
 10
179.6116197222222
 20
265.5514613888889
 30
0.0
 10
179.7820113888889
 20
265.5514613888889
 30
0.0
 10
180.0667030555556
 20
265.5514613888889
 30
0.0
 10
180.3217613888889
 20
265.4502141666666
 30
0.0
 10
180.2201613888889
 20
264.6529363888889
 30
0.0
  0
POLYLINE
  5
1E1
330
1F
100
AcDbEntity
  8
DEFAULT
 62
   250
100
AcDb2dPolyline
 66
     1
 10
0.0
 20
0.0
 30
0.0
  0
VERTEX
  5
1E2
330
1E1
100
AcDbEntity
  8
DEFAULT
 62
   250
100
AcDbVertex
100
AcDb2dVertex
 10
191.4464675
 20
255.6092311111111
 30
0.0
  0
VERTEX
  5
1E3
330
1E1
100
AcDbEntity
  8
DEFAULT
 62
   250
100
AcDbVertex
100
AcDb2dVertex
 10
189.9316397222222
 20
255.6092311111111
 30
0.0
  0
VERTEX
  5
1E4
330
1E1
100
AcDbEntity
  8
DEFAULT
 62
   250
100
AcDbVertex
100
AcDb2dVertex
 10
191.4464675
 20
257.5131727777778
 30
0.0
  0
VERTEX
  5
1E5
330
1E1
100
AcDbEntity
  8
DEFAULT
 62
   250
100
AcDbVertex
100
AcDb2dVertex
 10
189.9150591666667
 20
257.5131727777778
 30
0.0
  0
SEQEND
  5
1E6
330
1E1
100
AcDbEntity
  8
DEFAULT
 62
   250
  0
SPLINE
  5
1E7
330
1F
100
AcDbEntity
  8
DEFAULT
 62
     1
100
AcDbSpline
210
0.0
220
0.0
230
1.0
 70
     8
 71
     3
 72
    35
 73
    31
 74
     0
 42
0.000000001
 43
0.0000000001
 40
0.0
 40
0.0
 40
0.0
 40
0.0
 40
3.830000000000041
 40
3.830000000000041
 40
3.830000000000041
 40
13.75999999999999
 40
13.75999999999999
 40
13.75999999999999
 40
14.75999999999999
 40
14.75999999999999
 40
14.75999999999999
 40
15.75999999999999
 40
15.75999999999999
 40
15.75999999999999
 40
16.75999999999999
 40
16.75999999999999
 40
16.75999999999999
 40
17.75999999999999
 40
17.75999999999999
 40
17.75999999999999
 40
18.75999999999999
 40
18.75999999999999
 40
18.75999999999999
 40
19.75999999999999
 40
19.75999999999999
 40
19.75999999999999
 40
29.67999999999995
 40
29.67999999999995
 40
29.67999999999995
 40
33.50999999999999
 40
33.50999999999999
 40
33.50999999999999
 40
33.50999999999999
 10
190.5323144444444
 20
259.6034163888888
 30
0.0
 10
190.0819348148148
 20
259.6034163888888
 30
0.0
 10
189.6315551851851
 20
259.6034163888888
 30
0.0
 10
189.1811755555555
 20
259.6034163888888
 30
0.0
 10
189.1811755555555
 20
260.7711108333332
 30
0.0
 10
189.1811755555555
 20
261.9388052777777
 30
0.0
 10
189.1811755555555
 20
263.1064997222222
 30
0.0
 10
189.1811755555555
 20
263.2793608333333
 30
0.0
 10
189.2799533333333
 20
263.8861386111111
 30
0.0
 10
189.2799533333333
 20
264.8562775
 30
0.0
 10
189.2799533333333
 20
265.8228886111111
 30
0.0
 10
189.23762
 20
266.6060552777777
 30
0.0
 10
189.1811755555555
 20
266.6060552777777
 30
0.0
 10
180.9649811111111
 20
266.6060552777777
 30
0.0
 10
187.3996477777777
 20
271.9471108333333
 30
0.0
 10
178.1850922222222
 20
269.7457775
 30
0.0
 10
173.0733422222222
 20
268.5251663888889
 30
0.0
 10
170.4451477777777
 20
270.9064163888888
 30
0.0
 10
170.4451477777777
 20
266.6060552777777
 30
0.0
 10
170.4451477777777
 20
266.5496108333333
 30
0.0
 10
171.2283144444444
 20
266.5037497222222
 30
0.0
 10
172.1949255555555
 20
266.5037497222222
 30
0.0
 10
173.1615366666666
 20
266.5037497222222
 30
0.0
 10
173.7718422222222
 20
266.6060552777777
 30
0.0
 10
173.9447033333333
 20
266.6060552777777
 30
0.0
 10
175.1112218518518
 20
266.6060552777777
 30
0.0
 10
176.2777403703703
 20
266.6060552777777
 30
0.0
 10
177.4442588888889
 20
266.6060552777777
 30
0.0
 10
177.4442588888889
 20
266.1556756481481
 30
0.0
 10
177.4442588888889
 20
265.7052960185185
 30
0.0
 10
177.4442588888889
 20
265.2549163888888
 30
0.0
  0
SPLINE
  5
1E8
330
1F
100
AcDbEntity
  8
DEFAULT
 62
     1
100
AcDbSpline
210
0.0
220
0.0
230
1.0
 70
     8
 71
     3
 72
    44
 73
    40
 74
     0
 42
0.000000001
 43
0.0000000001
 40
0.0
 40
0.0
 40
0.0
 40
0.0
 40
3.82000000000005
 40
3.82000000000005
 40
3.82000000000005
 40
13.74000000000001
 40
13.74000000000001
 40
13.74000000000001
 40
14.74000000000001
 40
14.74000000000001
 40
14.74000000000001
 40
15.74000000000001
 40
15.74000000000001
 40
15.74000000000001
 40
16.74000000000001
 40
16.74000000000001
 40
16.74000000000001
 40
17.74000000000001
 40
17.74000000000001
 40
17.74000000000001
 40
18.74000000000001
 40
18.74000000000001
 40
18.74000000000001
 40
19.74000000000001
 40
19.74000000000001
 40
19.74000000000001
 40
20.74000000000001
 40
20.74000000000001
 40
20.74000000000001
 40
21.74000000000001
 40
21.74000000000001
 40
21.74000000000001
 40
22.74000000000001
 40
22.74000000000001
 40
22.74000000000001
 40
32.66000000000003
 40
32.66000000000003
 40
32.66000000000003
 40
36.48999999999995
 40
36.48999999999995
 40
36.48999999999995
 40
36.48999999999995
 10
190.8321755555555
 20
259.6034163888888
 30
0.0
 10
191.2813792592592
 20
259.6034163888888
 30
0.0
 10
191.730582962963
 20
259.6034163888888
 30
0.0
 10
192.1797866666667
 20
259.6034163888888
 30
0.0
 10
192.1797866666667
 20
260.7699349074074
 30
0.0
 10
192.1797866666667
 20
261.9364534259259
 30
0.0
 10
192.1797866666667
 20
263.1029719444444
 30
0.0
 10
192.1797866666667
 20
263.2793608333333
 30
0.0
 10
192.0810088888888
 20
263.8861386111111
 30
0.0
 10
192.0810088888888
 20
264.8562775
 30
0.0
 10
192.0810088888888
 20
265.8228886111111
 30
0.0
 10
192.12687
 20
266.6060552777777
 30
0.0
 10
192.1797866666667
 20
266.6060552777777
 30
0.0
 10
194.85737
 20
266.6060552777777
 30
0.0
 10
198.0182588888889
 20
268.7897497222222
 30
0.0
 10
197.0833977777778
 20
264.2459719444444
 30
0.0
 10
196.1485366666667
 20
259.7021941666666
 30
0.0
 10
196.6459533333333
 20
248.5579441666667
 30
0.0
 10
193.0370366666666
 20
250.6146386111111
 30
0.0
 10
189.4245922222222
 20
252.6678052777777
 30
0.0
 10
187.3573144444444
 20
251.2990275
 30
0.0
 10
185.0536755555555
 20
254.6609997222222
 30
0.0
 10
182.7500366666667
 20
258.0229719444444
 30
0.0
 10
181.5682311111111
 20
261.0709719444444
 30
0.0
 10
176.5270366666666
 20
260.4148052777777
 30
0.0
 10
171.4823144444444
 20
259.7551108333333
 30
0.0
 10
170.4451477777777
 20
260.7005552777778
 30
0.0
 10
170.4451477777777
 20
263.6039163888889
 30
0.0
 10
170.4451477777777
 20
263.6603608333333
 30
0.0
 10
171.2283144444444
 20
263.7062219444444
 30
0.0
 10
172.1949255555556
 20
263.7062219444444
 30
0.0
 10
173.1615366666666
 20
263.7062219444444
 30
0.0
 10
173.7718422222222
 20
263.6039163888889
 30
0.0
 10
173.9447033333333
 20
263.6039163888889
 30
0.0
 10
175.1112218518518
 20
263.6039163888889
 30
0.0
 10
176.2777403703703
 20
263.6039163888889
 30
0.0
 10
177.4442588888889
 20
263.6039163888889
 30
0.0
 10
177.4442588888889
 20
264.0542960185185
 30
0.0
 10
177.4442588888889
 20
264.5046756481481
 30
0.0
 10
177.4442588888889
 20
264.9550552777777
 30
0.0
  0
POLYLINE
  5
1E9
330
1F
100
AcDbEntity
  8
DEFAULT
 62
   250
100
AcDb2dPolyline
 66
     1
 10
0.0
 20
0.0
 30
0.0
  0
VERTEX
  5
1EA
330
1E9
100
AcDbEntity
  8
DEFAULT
 62
   250
100
AcDbVertex
100
AcDb2dVertex
 10
231.5562425
 20
212.9040347222222
 30
0.0
  0
VERTEX
  5
1EB
330
1E9
100
AcDbEntity
  8
DEFAULT
 62
   250
100
AcDbVertex
100
AcDb2dVertex
 10
232.7197036111111
 20
213.6762652777778
 30
0.0
  0
SEQEND
  5
1EC
330
1E9
100
AcDbEntity
  8
DEFAULT
 62
   250
  0
POLYLINE
  5
1ED
330
1F
100
AcDbEntity
  8
DEFAULT
 62
   250
100
AcDb2dPolyline
 66
     1
 10
0.0
 20
0.0
 30
0.0
  0
VERTEX
  5
1EE
330
1ED
100
AcDbEntity
  8
DEFAULT
 62
   250
100
AcDbVertex
100
AcDb2dVertex
 10
232.7196683333333
 20
212.0961736111111
 30
0.0
  0
VERTEX
  5
1EF
330
1ED
100
AcDbEntity
  8
DEFAULT
 62
   250
100
AcDbVertex
100
AcDb2dVertex
 10
231.5593822222222
 20
212.9040347222221
 30
0.0
  0
VERTEX
  5
1F0
330
1ED
100
AcDbEntity
  8
DEFAULT
 62
   250
100
AcDbVertex
100
AcDb2dVertex
 10
230.6986044444444
 20
212.9040347222222
 30
0.0
  0
SEQEND
  5
1F1
330
1ED
100
AcDbEntity
  8
DEFAULT
 62
   250
  0
SPLINE
  5
1F2
330
1F
100
AcDbEntity
  8
DEFAULT
 62
   250
100
AcDbSpline
210
0.0
220
0.0
230
1.0
 70
     8
 71
     3
 72
    17
 73
    13
 74
     0
 42
0.000000001
 43
0.0000000001
 40
0.0
 40
0.0
 40
0.0
 40
0.0
 40
6.000044166504297
 40
6.000044166504297
 40
6.000044166504297
 40
7.000044166504297
 40
7.000044166504297
 40
7.000044166504297
 40
8.000044166504296
 40
8.000044166504296
 40
8.000044166504296
 40
13.99979124450685
 40
13.99979124450685
 40
13.99979124450685
 40
13.99979124450685
 10
240.3878930555556
 20
214.3380411111111
 30
0.0
 10
240.178225462963
 20
215.0117290740741
 30
0.0
 10
239.9685578703703
 20
215.685417037037
 30
0.0
 10
239.7588902777777
 20
216.359105
 30
0.0
 10
239.6925680555555
 20
216.1068688888889
 30
0.0
 10
239.1686930555555
 20
214.3380411111111
 30
0.0
 10
239.1686930555555
 20
214.3380411111111
 30
0.0
 10
239.1686930555555
 20
214.3380411111111
 30
0.0
 10
238.6451708333333
 20
216.1068688888889
 30
0.0
 10
238.5784958333333
 20
216.359105
 30
0.0
 10
238.3689458333333
 20
215.685417037037
 30
0.0
 10
238.1593958333333
 20
215.0117290740741
 30
0.0
 10
237.9498458333333
 20
214.3380411111111
 30
0.0
  0
SPLINE
  5
1F3
330
1F
100
AcDbEntity
  8
DEFAULT
 62
     1
100
AcDbSpline
210
0.0
220
0.0
230
1.0
 70
     8
 71
     3
 72
    44
 73
    40
 74
     0
 42
0.000000001
 43
0.0000000001
 40
0.0
 40
0.0
 40
0.0
 40
0.0
 40
3.82000000000005
 40
3.82000000000005
 40
3.82000000000005
 40
13.74000000000001
 40
13.74000000000001
 40
13.74000000000001
 40
14.74000000000001
 40
14.74000000000001
 40
14.74000000000001
 40
15.74000000000001
 40
15.74000000000001
 40
15.74000000000001
 40
16.74000000000001
 40
16.74000000000001
 40
16.74000000000001
 40
17.74000000000001
 40
17.74000000000001
 40
17.74000000000001
 40
18.74000000000001
 40
18.74000000000001
 40
18.74000000000001
 40
19.74000000000001
 40
19.74000000000001
 40
19.74000000000001
 40
20.74000000000001
 40
20.74000000000001
 40
20.74000000000001
 40
21.74000000000001
 40
21.74000000000001
 40
21.74000000000001
 40
22.74000000000001
 40
22.74000000000001
 40
22.74000000000001
 40
32.66000000000008
 40
32.66000000000008
 40
32.66000000000008
 40
36.49000000000001
 40
36.49000000000001
 40
36.49000000000001
 40
36.49000000000001
 10
228.6677686111111
 20
212.7349483333333
 30
0.0
 10
228.6677686111111
 20
212.2857446296296
 30
0.0
 10
228.6677686111111
 20
211.8365409259259
 30
0.0
 10
228.6677686111111
 20
211.3873372222222
 30
0.0
 10
227.5012500925926
 20
211.3873372222222
 30
0.0
 10
226.334731574074
 20
211.3873372222222
 30
0.0
 10
225.1682130555556
 20
211.3873372222222
 30
0.0
 10
224.9953519444444
 20
211.3873372222222
 30
0.0
 10
224.3850463888889
 20
211.486115
 30
0.0
 10
223.4184352777777
 20
211.486115
 30
0.0
 10
222.4518241666666
 20
211.486115
 30
0.0
 10
221.6686575
 20
211.4402538888889
 30
0.0
 10
221.6686575
 20
211.3873372222222
 30
0.0
 10
221.6686575
 20
209.7257538888889
 30
0.0
 10
223.0127408333333
 20
208.3851983333333
 30
0.0
 10
224.6707963888888
 20
208.3851983333333
 30
0.0
 10
227.2637130555555
 20
208.3851983333333
 30
0.0
 10
231.1548519444444
 20
208.184115
 30
0.0
 10
239.1629075
 20
208.184115
 30
0.0
 10
243.2939352777778
 20
208.184115
 30
0.0
 10
246.7229352777777
 20
210.4454205555555
 30
0.0
 10
248.9136852777777
 20
213.6733372222222
 30
0.0
 10
250.1942686111111
 20
215.5606983333333
 30
0.0
 10
250.0743241666666
 20
216.7636705555555
 30
0.0
 10
250.0743241666666
 20
219.7658094444444
 30
0.0
 10
250.0743241666666
 20
226.8636983333333
 30
0.0
 10
247.0298519444444
 20
227.0647816666666
 30
0.0
 10
240.6692686111111
 20
227.0647816666666
 30
0.0
 10
240.6163519444444
 20
227.0647816666666
 30
0.0
 10
240.5669630555555
 20
224.6059205555555
 30
0.0
 10
240.5669630555555
 20
223.6393094444444
 30
0.0
 10
240.5669630555555
 20
222.6726983333333
 30
0.0
 10
240.6692686111111
 20
222.0659205555556
 30
0.0
 10
240.6692686111111
 20
221.8895316666666
 30
0.0
 10
240.6692686111111
 20
220.7230131481481
 30
0.0
 10
240.6692686111111
 20
219.5564946296296
 30
0.0
 10
240.6692686111111
 20
218.3899761111111
 30
0.0
 10
240.2188889814815
 20
218.3899761111111
 30
0.0
 10
239.7685093518518
 20
218.3899761111111
 30
0.0
 10
239.3181297222222
 20
218.3899761111111
 30
0.0
  0
SPLINE
  5
1F4
330
1F
100
AcDbEntity
  8
DEFAULT
 62
     1
100
AcDbSpline
210
0.0
220
0.0
230
1.0
 70
     8
 71
     3
 72
    35
 73
    31
 74
     0
 42
0.000000001
 43
0.0000000001
 40
0.0
 40
0.0
 40
0.0
 40
0.0
 40
3.830000000000041
 40
3.830000000000041
 40
3.830000000000041
 40
13.75
 40
13.75
 40
13.75
 40
14.75
 40
14.75
 40
14.75
 40
15.75
 40
15.75
 40
15.75
 40
16.75
 40
16.75
 40
16.75
 40
17.75
 40
17.75
 40
17.75
 40
18.75
 40
18.75
 40
18.75
 40
19.75
 40
19.75
 40
19.75
 40
29.67000000000007
 40
29.67000000000007
 40
29.67000000000007
 40
33.49000000000012
 40
33.49000000000012
 40
33.49000000000012
 40
33.49000000000012
 10
228.6677686111111
 20
213.0348094444444
 30
0.0
 10
228.6677686111111
 20
213.485189074074
 30
0.0
 10
228.6677686111111
 20
213.9355687037037
 30
0.0
 10
228.6677686111111
 20
214.3859483333333
 30
0.0
 10
227.5012500925926
 20
214.3859483333333
 30
0.0
 10
226.334731574074
 20
214.3859483333333
 30
0.0
 10
225.1682130555556
 20
214.3859483333333
 30
0.0
 10
224.9953519444444
 20
214.3859483333333
 30
0.0
 10
224.3850463888889
 20
214.2871705555555
 30
0.0
 10
223.4184352777777
 20
214.2871705555555
 30
0.0
 10
222.4518241666666
 20
214.2871705555555
 30
0.0
 10
221.6686575
 20
214.3295038888889
 30
0.0
 10
221.6686575
 20
214.3859483333333
 30
0.0
 10
221.6686575
 20
216.0440038888889
 30
0.0
 10
223.0127408333333
 20
217.3845594444444
 30
0.0
 10
224.6707963888888
 20
217.3845594444444
 30
0.0
 10
233.5219908333333
 20
217.3845594444444
 30
0.0
 10
221.3194075
 20
227.0612538888889
 30
0.0
 10
237.6706575
 20
227.0612538888889
 30
0.0
 10
237.7271019444444
 20
226.9871705555555
 30
0.0
 10
237.7659075
 20
224.5918094444444
 30
0.0
 10
237.7659075
 20
223.6393094444444
 30
0.0
 10
237.7694352777777
 20
222.6726983333333
 30
0.0
 10
237.6706575
 20
222.0659205555556
 30
0.0
 10
237.6706575
 20
221.8895316666666
 30
0.0
 10
237.6706575
 20
220.7230131481481
 30
0.0
 10
237.6706575
 20
219.5564946296296
 30
0.0
 10
237.6706575
 20
218.3899761111111
 30
0.0
 10
238.1198612037037
 20
218.3899761111111
 30
0.0
 10
238.5690649074074
 20
218.3899761111111
 30
0.0
 10
239.0182686111111
 20
218.3899761111111
 30
0.0
  0
POLYLINE
  5
1F5
330
1F
100
AcDbEntity
  8
DEFAULT
 62
   250
100
AcDb2dPolyline
 66
     1
 10
0.0
 20
0.0
 30
0.0
  0
VERTEX
  5
1F6
330
1F5
100
AcDbEntity
  8
DEFAULT
 62
   250
100
AcDbVertex
100
AcDb2dVertex
 10
225.0427299999999
 20
241.4178983333334
 30
0.0
  0
VERTEX
  5
1F7
330
1F5
100
AcDbEntity
  8
DEFAULT
 62
   250
100
AcDbVertex
100
AcDb2dVertex
 10
223.8792688888888
 20
240.6456677777778
 30
0.0
  0
SEQEND
  5
1F8
330
1F5
100
AcDbEntity
  8
DEFAULT
 62
   250
  0
POLYLINE
  5
1F9
330
1F
100
AcDbEntity
  8
DEFAULT
 62
   250
100
AcDb2dPolyline
 66
     1
 10
0.0
 20
0.0
 30
0.0
  0
VERTEX
  5
1FA
330
1F9
100
AcDbEntity
  8
DEFAULT
 62
   250
100
AcDbVertex
100
AcDb2dVertex
 10
223.8793747222222
 20
242.2257594444444
 30
0.0
  0
VERTEX
  5
1FB
330
1F9
100
AcDbEntity
  8
DEFAULT
 62
   250
100
AcDbVertex
100
AcDb2dVertex
 10
225.0396608333333
 20
241.4178983333333
 30
0.0
  0
VERTEX
  5
1FC
330
1F9
100
AcDbEntity
  8
DEFAULT
 62
   250
100
AcDbVertex
100
AcDb2dVertex
 10
225.9004386111111
 20
241.4178983333333
 30
0.0
  0
SEQEND
  5
1FD
330
1F9
100
AcDbEntity
  8
DEFAULT
 62
   250
  0
SPLINE
  5
1FE
330
1F
100
AcDbEntity
  8
DEFAULT
 62
   250
100
AcDbSpline
210
0.0
220
0.0
230
1.0
 70
     8
 71
     3
 72
    17
 73
    13
 74
     0
 42
0.000000001
 43
0.0000000001
 40
0.0
 40
0.0
 40
0.0
 40
0.0
 40
6.000044166504011
 40
6.000044166504011
 40
6.000044166504011
 40
7.000044166504011
 40
7.000044166504011
 40
7.000044166504011
 40
8.000044166504011
 40
8.000044166504011
 40
8.000044166504011
 40
13.99979124450657
 40
13.99979124450657
 40
13.99979124450657
 40
13.99979124450657
 10
216.21115
 20
239.9838919444445
 30
0.0
 10
216.4208175925926
 20
239.3102039814815
 30
0.0
 10
216.6304851851852
 20
238.6365160185186
 30
0.0
 10
216.8401527777777
 20
237.9628280555556
 30
0.0
 10
216.906475
 20
238.2150641666667
 30
0.0
 10
217.43035
 20
239.9838919444445
 30
0.0
 10
217.43035
 20
239.9838919444445
 30
0.0
 10
217.43035
 20
239.9838919444445
 30
0.0
 10
217.9538722222222
 20
238.2150641666667
 30
0.0
 10
218.0205472222222
 20
237.9628280555555
 30
0.0
 10
218.2300972222222
 20
238.6365160185185
 30
0.0
 10
218.4396472222222
 20
239.3102039814815
 30
0.0
 10
218.6491972222222
 20
239.9838919444445
 30
0.0
  0
SPLINE
  5
1FF
330
1F
100
AcDbEntity
  8
DEFAULT
 62
     1
100
AcDbSpline
210
0.0
220
0.0
230
1.0
 70
     8
 71
     3
 72
    35
 73
    31
 74
     0
 42
0.000000001
 43
0.0000000001
 40
0.0
 40
0.0
 40
0.0
 40
0.0
 40
3.82000000000005
 40
3.82000000000005
 40
3.82000000000005
 40
13.74000000000001
 40
13.74000000000001
 40
13.74000000000001
 40
14.74000000000001
 40
14.74000000000001
 40
14.74000000000001
 40
15.74000000000001
 40
15.74000000000001
 40
15.74000000000001
 40
16.74000000000001
 40
16.74000000000001
 40
16.74000000000001
 40
17.74000000000001
 40
17.74000000000001
 40
17.74000000000001
 40
18.74000000000001
 40
18.74000000000001
 40
18.74000000000001
 40
19.74000000000001
 40
19.74000000000001
 40
19.74000000000001
 40
29.66000000000008
 40
29.66000000000008
 40
29.66000000000008
 40
33.48000000000013
 40
33.48000000000013
 40
33.48000000000013
 40
33.48000000000013
 10
227.9312744444445
 20
241.2846188888889
 30
0.0
 10
227.9312744444445
 20
240.8354151851852
 30
0.0
 10
227.9312744444445
 20
240.3862114814815
 30
0.0
 10
227.9312744444445
 20
239.9370077777777
 30
0.0
 10
229.0977929629629
 20
239.9370077777777
 30
0.0
 10
230.2643114814815
 20
239.9370077777777
 30
0.0
 10
231.43083
 20
239.9370077777778
 30
0.0
 10
231.6036911111111
 20
239.9370077777778
 30
0.0
 10
232.2139966666667
 20
240.0357855555555
 30
0.0
 10
233.1806077777778
 20
240.0357855555555
 30
0.0
 10
234.1472188888889
 20
240.0357855555555
 30
0.0
 10
234.9303855555556
 20
239.9934522222222
 30
0.0
 10
234.9303855555556
 20
239.9370077777778
 30
0.0
 10
234.9303855555556
 20
238.2789522222222
 30
0.0
 10
233.5863022222222
 20
236.9383966666666
 30
0.0
 10
231.9282466666667
 20
236.9383966666666
 30
0.0
 10
223.0770522222222
 20
236.9383966666666
 30
0.0
 10
235.2796355555556
 20
227.2617022222222
 30
0.0
 10
218.9283855555556
 20
227.2617022222222
 30
0.0
 10
218.8719411111111
 20
227.3357855555556
 30
0.0
 10
218.8331355555556
 20
229.7311466666667
 30
0.0
 10
218.8331355555556
 20
230.6836466666667
 30
0.0
 10
218.8296077777778
 20
231.6502577777778
 30
0.0
 10
218.9283855555556
 20
232.2570355555555
 30
0.0
 10
218.9283855555556
 20
232.4334244444444
 30
0.0
 10
218.9283855555556
 20
233.599942962963
 30
0.0
 10
218.9283855555556
 20
234.7664614814815
 30
0.0
 10
218.9283855555556
 20
235.93298
 30
0.0
 10
218.4791818518518
 20
235.93298
 30
0.0
 10
218.0299781481482
 20
235.93298
 30
0.0
 10
217.5807744444444
 20
235.93298
 30
0.0
  0
SPLINE
  5
200
330
1F
100
AcDbEntity
  8
DEFAULT
 62
     1
100
AcDbSpline
210
0.0
220
0.0
230
1.0
 70
     8
 71
     3
 72
    44
 73
    40
 74
     0
 42
0.000000001
 43
0.0000000001
 40
0.0
 40
0.0
 40
0.0
 40
0.0
 40
3.830000000000041
 40
3.830000000000041
 40
3.830000000000041
 40
13.75
 40
13.75
 40
13.75
 40
14.75
 40
14.75
 40
14.75
 40
15.75
 40
15.75
 40
15.75
 40
16.75
 40
16.75
 40
16.75
 40
17.75
 40
17.75
 40
17.75
 40
18.75
 40
18.75
 40
18.75
 40
19.75
 40
19.75
 40
19.75
 40
20.75
 40
20.75
 40
20.75
 40
21.75
 40
21.75
 40
21.75
 40
22.75
 40
22.75
 40
22.75
 40
32.66999999999996
 40
32.66999999999996
 40
32.66999999999996
 40
36.5
 40
36.5
 40
36.5
 40
36.5
 10
217.2809133333333
 20
235.93298
 30
0.0
 10
216.8305337037037
 20
235.93298
 30
0.0
 10
216.3801540740741
 20
235.93298
 30
0.0
 10
215.9297744444444
 20
235.93298
 30
0.0
 10
215.9297744444444
 20
234.7664614814814
 30
0.0
 10
215.9297744444444
 20
233.5999429629629
 30
0.0
 10
215.9297744444444
 20
232.4334244444444
 30
0.0
 10
215.9297744444444
 20
232.2570355555555
 30
0.0
 10
216.03208
 20
231.6502577777777
 30
0.0
 10
216.03208
 20
230.6836466666666
 30
0.0
 10
216.03208
 20
229.7170355555555
 30
0.0
 10
215.9826911111111
 20
227.2581744444444
 30
0.0
 10
215.9297744444444
 20
227.2581744444444
 30
0.0
 10
209.5691911111111
 20
227.2581744444444
 30
0.0
 10
206.5247188888889
 20
227.4592577777777
 30
0.0
 10
206.5247188888889
 20
234.5571466666666
 30
0.0
 10
206.5247188888889
 20
237.5592855555555
 30
0.0
 10
206.4047744444444
 20
238.7622577777777
 30
0.0
 10
207.6853577777777
 20
240.6496188888889
 30
0.0
 10
209.8761077777777
 20
243.8775355555555
 30
0.0
 10
213.3051077777778
 20
246.138841111111
 30
0.0
 10
217.4361355555556
 20
246.138841111111
 30
0.0
 10
225.4441911111111
 20
246.138841111111
 30
0.0
 10
229.33533
 20
245.9377577777777
 30
0.0
 10
231.9282466666666
 20
245.9377577777777
 30
0.0
 10
233.5863022222222
 20
245.9377577777777
 30
0.0
 10
234.9303855555555
 20
244.5972022222222
 30
0.0
 10
234.9303855555555
 20
242.9356188888889
 30
0.0
 10
234.9303855555555
 20
242.8827022222222
 30
0.0
 10
234.1472188888889
 20
242.8368411111111
 30
0.0
 10
233.1806077777778
 20
242.8368411111111
 30
0.0
 10
232.2139966666667
 20
242.8368411111111
 30
0.0
 10
231.6036911111111
 20
242.9356188888889
 30
0.0
 10
231.43083
 20
242.9356188888889
 30
0.0
 10
230.2643114814815
 20
242.9356188888889
 30
0.0
 10
229.0977929629629
 20
242.9356188888889
 30
0.0
 10
227.9312744444445
 20
242.9356188888889
 30
0.0
 10
227.9312744444445
 20
242.4852392592592
 30
0.0
 10
227.9312744444445
 20
242.0348596296296
 30
0.0
 10
227.9312744444445
 20
241.58448
 30
0.0
  0
SPLINE
  5
201
330
1F
100
AcDbEntity
  8
DEFAULT
 62
   250
100
AcDbSpline
210
0.0
220
0.0
230
1.0
 70
     8
 71
     3
 72
    17
 73
    13
 74
     0
 42
0.000000001
 43
0.0000000001
 40
0.0
 40
0.0
 40
0.0
 40
0.0
 40
5.999089347559357
 40
5.999089347559357
 40
5.999089347559357
 40
6.999089347559357
 40
6.999089347559357
 40
6.999089347559357
 40
7.999089347559357
 40
7.999089347559357
 40
7.999089347559357
 40
13.99788155932998
 40
13.99788155932998
 40
13.99788155932998
 40
13.99788155932998
 10
203.1946377777778
 20
181.8054388888889
 30
0.0
 10
203.4043053703704
 20
181.1318685185185
 30
0.0
 10
203.6139729629629
 20
180.4582981481481
 30
0.0
 10
203.8236405555556
 20
179.7847277777778
 30
0.0
 10
203.8899627777778
 20
180.0366111111111
 30
0.0
 10
204.4138377777778
 20
181.8054388888889
 30
0.0
 10
204.4138377777778
 20
181.8054388888889
 30
0.0
 10
204.4138377777778
 20
181.8054388888889
 30
0.0
 10
204.93736
 20
180.0366111111111
 30
0.0
 10
205.004035
 20
179.7847277777778
 30
0.0
 10
205.213585
 20
180.4582981481481
 30
0.0
 10
205.423135
 20
181.1318685185185
 30
0.0
 10
205.632685
 20
181.8054388888889
 30
0.0
  0
SPLINE
  5
202
330
1F
100
AcDbEntity
  8
DEFAULT
 62
   250
100
AcDbSpline
210
0.0
220
0.0
230
1.0
 70
     8
 71
     3
 72
    17
 73
    13
 74
     0
 42
0.000000001
 43
0.0000000001
 40
0.0
 40
0.0
 40
0.0
 40
0.0
 40
6.000044166504046
 40
6.000044166504046
 40
6.000044166504046
 40
7.000044166504046
 40
7.000044166504046
 40
7.000044166504046
 40
8.000044166504047
 40
8.000044166504047
 40
8.000044166504047
 40
13.9997912445066
 40
13.9997912445066
 40
13.9997912445066
 40
13.9997912445066
 10
205.632685
 20
197.8527355555555
 30
0.0
 10
205.4230174074074
 20
198.5264235185185
 30
0.0
 10
205.2133498148148
 20
199.2001114814815
 30
0.0
 10
205.0036822222222
 20
199.8737994444444
 30
0.0
 10
204.93736
 20
199.6215633333333
 30
0.0
 10
204.413485
 20
197.8527355555555
 30
0.0
 10
204.413485
 20
197.8527355555555
 30
0.0
 10
204.413485
 20
197.8527355555555
 30
0.0
 10
203.8899627777778
 20
199.6215633333333
 30
0.0
 10
203.8232877777778
 20
199.8737994444444
 30
0.0
 10
203.6137377777777
 20
199.2001114814815
 30
0.0
 10
203.4041877777778
 20
198.5264235185185
 30
0.0
 10
203.1946377777778
 20
197.8527355555555
 30
0.0
  0
SPLINE
  5
203
330
1F
100
AcDbEntity
  8
DEFAULT
 62
   250
100
AcDbSpline
210
0.0
220
0.0
230
1.0
 70
     8
 71
     3
 72
    11
 73
     7
 74
     0
 42
0.000000001
 43
0.0000000001
 40
0.0
 40
0.0
 40
0.0
 40
0.0
 40
1.019798989873238
 40
1.019798989873238
 40
1.019798989873238
 40
2.019798989873237
 40
2.019798989873237
 40
2.019798989873237
 40
2.019798989873237
 10
211.7975119444444
 20
181.5285436111111
 30
0.0
 10
211.7975119444444
 20
181.5285436111111
 30
0.0
 10
213.3465591666666
 20
180.7668963888889
 30
0.0
 10
213.5765702777778
 20
180.6356630555556
 30
0.0
 10
213.4456897222222
 20
180.8610880555555
 30
0.0
 10
212.7175563888889
 20
182.4464713888889
 30
0.0
 10
212.7175563888889
 20
182.4464713888889
 30
0.0
  0
SPLINE
  5
204
330
1F
100
AcDbEntity
  8
DEFAULT
 62
   250
100
AcDbSpline
210
0.0
220
0.0
230
1.0
 70
     8
 71
     3
 72
    11
 73
     7
 74
     0
 42
0.000000001
 43
0.0000000001
 40
0.0
 40
0.0
 40
0.0
 40
0.0
 40
1.019798989873238
 40
1.019798989873238
 40
1.019798989873238
 40
2.019798989873237
 40
2.019798989873237
 40
2.019798989873237
 40
2.019798989873237
 10
197.0276941666666
 20
198.1279375
 30
0.0
 10
197.0276941666666
 20
198.1279375
 30
0.0
 10
195.4786469444444
 20
198.8899374999999
 30
0.0
 10
195.2486358333333
 20
199.0208180555555
 30
0.0
 10
195.3795163888888
 20
198.7953930555555
 30
0.0
 10
196.1076497222222
 20
197.2100097222222
 30
0.0
 10
196.1076497222222
 20
197.2100097222222
 30
0.0
  0
SPLINE
  5
205
330
1F
100
AcDbEntity
  8
DEFAULT
 62
   250
100
AcDbSpline
210
0.0
220
0.0
230
1.0
 70
     8
 71
     3
 72
    11
 73
     7
 74
     0
 42
0.000000001
 43
0.0000000001
 40
0.0
 40
0.0
 40
0.0
 40
0.0
 40
1.019798989873238
 40
1.019798989873238
 40
1.019798989873238
 40
2.019798989873237
 40
2.019798989873237
 40
2.019798989873237
 40
2.019798989873237
 10
196.1128708333333
 20
182.4434022222222
 30
0.0
 10
196.1128708333333
 20
182.4434022222222
 30
0.0
 10
195.3512236111111
 20
180.894355
 30
0.0
 10
195.2199902777778
 20
180.6643438888889
 30
0.0
 10
195.4454152777777
 20
180.7952244444444
 30
0.0
 10
197.0307986111111
 20
181.5233577777778
 30
0.0
 10
197.0307986111111
 20
181.5233577777778
 30
0.0
  0
SPLINE
  5
206
330
1F
100
AcDbEntity
  8
DEFAULT
 62
   250
100
AcDbSpline
210
0.0
220
0.0
230
1.0
 70
     8
 71
     3
 72
    11
 73
     7
 74
     0
 42
0.000000001
 43
0.0000000001
 40
0.0
 40
0.0
 40
0.0
 40
0.0
 40
1.019798989873238
 40
1.019798989873238
 40
1.019798989873238
 40
2.019798989873237
 40
2.019798989873237
 40
2.019798989873237
 40
2.019798989873237
 10
212.7122647222222
 20
197.21322
 30
0.0
 10
212.7122647222222
 20
197.21322
 30
0.0
 10
213.4742647222222
 20
198.7622672222222
 30
0.0
 10
213.6051452777777
 20
198.9922783333333
 30
0.0
 10
213.3797202777778
 20
198.8613977777778
 30
0.0
 10
211.7943369444444
 20
198.1332644444444
 30
0.0
 10
211.7943369444444
 20
198.1332644444444
 30
0.0
  0
SPLINE
  5
207
330
1F
100
AcDbEntity
  8
DEFAULT
 62
   250
100
AcDbSpline
210
0.0
220
0.0
230
1.0
 70
     8
 71
     3
 72
    11
 73
     7
 74
     0
 42
0.000000001
 43
0.0000000001
 40
0.0
 40
0.0
 40
0.0
 40
0.0
 40
1.019999999999982
 40
1.019999999999982
 40
1.019999999999982
 40
2.019999999999982
 40
2.019999999999982
 40
2.019999999999982
 40
2.019999999999982
 10
193.3219047222222
 20
190.4751997222222
 30
0.0
 10
193.3219047222222
 20
190.4751997222222
 30
0.0
 10
191.6878380555555
 20
189.9185163888889
 30
0.0
 10
191.4324269444444
 20
189.8486663888889
 30
0.0
 10
191.6843102777777
 20
189.7816386111111
 30
0.0
 10
193.3204936111111
 20
189.1755663888889
 30
0.0
 10
193.3204936111111
 20
189.1755663888889
 30
0.0
  0
SPLINE
  5
208
330
1F
100
AcDbEntity
  8
DEFAULT
 62
   250
100
AcDbSpline
210
0.0
220
0.0
230
1.0
 70
     8
 71
     3
 72
    11
 73
     7
 74
     0
 42
0.000000001
 43
0.0000000001
 40
0.0
 40
0.0
 40
0.0
 40
0.0
 40
1.019999999999982
 40
1.019999999999982
 40
1.019999999999982
 40
2.019999999999982
 40
2.019999999999982
 40
2.019999999999982
 40
2.019999999999982
 10
215.5033013888889
 20
189.1814930555556
 30
0.0
 10
215.5033013888889
 20
189.1814930555556
 30
0.0
 10
217.1373680555555
 20
189.7381763888889
 30
0.0
 10
217.3927791666666
 20
189.8080263888889
 30
0.0
 10
217.1408958333333
 20
189.8750541666667
 30
0.0
 10
215.5047125
 20
190.4811263888889
 30
0.0
 10
215.5047125
 20
190.4811263888889
 30
0.0
  0
SPLINE
  5
209
330
1F
100
AcDbEntity
  8
DEFAULT
 62
     1
100
AcDbSpline
210
0.0
220
0.0
230
1.0
 70
    11
 71
     3
 72
    29
 73
    25
 74
     0
 42
0.000000001
 43
0.0000000001
 40
1.0
 40
1.0
 40
1.0
 40
1.0
 40
2.0
 40
2.0
 40
2.0
 40
3.0
 40
3.0
 40
3.0
 40
4.0
 40
4.0
 40
4.0
 40
5.0
 40
5.0
 40
5.0
 40
6.0
 40
6.0
 40
6.0
 40
7.0
 40
7.0
 40
7.0
 40
8.0
 40
8.0
 40
8.0
 40
9.0
 40
9.0
 40
9.0
 40
9.0
 10
207.0391394444444
 20
184.0524216666666
 30
0.0
 10
206.8698061111111
 20
185.5090411111111
 30
0.0
 10
207.3107783333333
 20
187.0686716666666
 30
0.0
 10
204.410945
 20
187.0686716666666
 30
0.0
 10
201.5111116666666
 20
187.0686716666666
 30
0.0
 10
201.9591394444444
 20
185.5090411111111
 30
0.0
 10
201.7862783333333
 20
184.0524216666666
 30
0.0
 10
201.4793616666666
 20
181.3889494444444
 30
0.0
 10
196.0995005555555
 20
184.1758938888889
 30
0.0
 10
196.1453616666667
 20
189.8273938888888
 30
0.0
 10
196.0995005555555
 20
195.4788938888888
 30
0.0
 10
201.4793616666666
 20
198.2658383333333
 30
0.0
 10
201.7862783333333
 20
195.6023661111111
 30
0.0
 10
201.9591394444444
 20
194.1418661111111
 30
0.0
 10
201.5146394444444
 20
192.5857633333333
 30
0.0
 10
204.4144727777777
 20
192.5857633333333
 30
0.0
 10
207.3143061111111
 20
192.5857633333333
 30
0.0
 10
206.8698061111111
 20
194.1418661111111
 30
0.0
 10
207.0391394444444
 20
195.6023661111111
 30
0.0
 10
207.3495838888889
 20
198.2658383333333
 30
0.0
 10
212.729445
 20
195.4788938888888
 30
0.0
 10
212.6835838888889
 20
189.8273938888888
 30
0.0
 10
212.729445
 20
184.1758938888889
 30
0.0
 10
207.3495838888889
 20
181.3889494444444
 30
0.0
 10
207.0391394444444
 20
184.0524216666666
 30
0.0
  0
SPLINE
  5
20A
330
1F
100
AcDbEntity
  8
DEFAULT
 62
     1
100
AcDbSpline
210
0.0
220
0.0
230
1.0
 70
     8
 71
     3
 72
   104
 73
   100
 74
     0
 42
0.000000001
 43
0.0000000001
 40
0.0
 40
0.0
 40
0.0
 40
0.0
 40
3.829999999999927
 40
3.829999999999927
 40
3.829999999999927
 40
22.25999999999993
 40
22.25999999999993
 40
22.25999999999993
 40
23.25999999999993
 40
23.25999999999993
 40
23.25999999999993
 40
24.25999999999993
 40
24.25999999999993
 40
24.25999999999993
 40
25.25999999999993
 40
25.25999999999993
 40
25.25999999999993
 40
26.25999999999993
 40
26.25999999999993
 40
26.25999999999993
 40
27.25999999999993
 40
27.25999999999993
 40
27.25999999999993
 40
28.25999999999993
 40
28.25999999999993
 40
28.25999999999993
 40
36.7664975166045
 40
36.7664975166045
 40
36.7664975166045
 40
37.7664975166045
 40
37.7664975166045
 40
37.7664975166045
 40
38.7664975166045
 40
38.7664975166045
 40
38.7664975166045
 40
39.7664975166045
 40
39.7664975166045
 40
39.7664975166045
 40
40.7664975166045
 40
40.7664975166045
 40
40.7664975166045
 40
41.7664975166045
 40
41.7664975166045
 40
41.7664975166045
 40
42.7664975166045
 40
42.7664975166045
 40
42.7664975166045
 40
52.69649751660457
 40
52.69649751660457
 40
52.69649751660457
 40
61.19650339895547
 40
61.19650339895547
 40
61.19650339895547
 40
62.19650339895547
 40
62.19650339895547
 40
62.19650339895547
 40
63.19650339895547
 40
63.19650339895547
 40
63.19650339895547
 40
64.19650339895547
 40
64.19650339895547
 40
64.19650339895547
 40
65.19650339895547
 40
65.19650339895547
 40
65.19650339895547
 40
66.19650339895547
 40
66.19650339895547
 40
66.19650339895547
 40
67.19650339895547
 40
67.19650339895547
 40
67.19650339895547
 40
68.19650339895547
 40
68.19650339895547
 40
68.19650339895547
 40
76.70300091556004
 40
76.70300091556004
 40
76.70300091556004
 40
77.70300091556004
 40
77.70300091556004
 40
77.70300091556004
 40
78.70300091556004
 40
78.70300091556004
 40
78.70300091556004
 40
79.70300091556004
 40
79.70300091556004
 40
79.70300091556004
 40
80.70300091556004
 40
80.70300091556004
 40
80.70300091556004
 40
81.70300091556004
 40
81.70300091556004
 40
81.70300091556004
 40
82.70300091556004
 40
82.70300091556004
 40
82.70300091556004
 40
83.70300091556004
 40
83.70300091556004
 40
83.70300091556004
 40
87.53300091555997
 40
87.53300091555997
 40
87.53300091555997
 40
87.53300091555997
 10
204.563345
 20
177.7525161111111
 30
0.0
 10
205.0137246296296
 20
177.7525161111111
 30
0.0
 10
205.4641042592592
 20
177.7525161111111
 30
0.0
 10
205.9144838888888
 20
177.7525161111111
 30
0.0
 10
205.9144838888888
 20
175.5852846296296
 30
0.0
 10
205.9144838888888
 20
173.4180531481481
 30
0.0
 10
205.9144838888888
 20
171.2508216666666
 30
0.0
 10
205.9144838888888
 20
171.0779605555555
 30
0.0
 10
205.8157061111111
 20
170.467655
 30
0.0
 10
205.8121783333333
 20
169.5010438888889
 30
0.0
 10
205.8121783333333
 20
168.5379605555555
 30
0.0
 10
205.8580394444444
 20
167.7547938888889
 30
0.0
 10
205.9109561111111
 20
167.7512661111111
 30
0.0
 10
207.9112061111111
 20
167.7512661111111
 30
0.0
 10
217.549095
 20
171.7447105555555
 30
0.0
 10
218.9637338888888
 20
173.1593494444444
 30
0.0
 10
219.0025394444444
 20
173.198155
 30
0.0
 10
218.4839561111111
 20
173.7802383333333
 30
0.0
 10
217.7960394444444
 20
174.468155
 30
0.0
 10
217.1151783333333
 20
175.1490161111111
 30
0.0
 10
216.6142338888889
 20
175.5123772222222
 30
0.0
 10
216.4907616666666
 20
175.6323216666667
 30
0.0
 10
215.8698727777777
 20
176.2496827777778
 30
0.0
 10
214.0142616666666
 20
178.1088216666666
 30
0.0
 10
214.0142616666666
 20
178.1088216666666
 30
0.0
 10
214.7221690740741
 20
178.8155531481481
 30
0.0
 10
215.4300764814814
 20
179.5222846296296
 30
0.0
 10
216.1379838888888
 20
180.2290161111111
 30
0.0
 10
216.1379838888888
 20
180.2290161111111
 30
0.0
 10
217.9935949999999
 20
178.373405
 30
0.0
 10
218.6074283333333
 20
177.7525161111111
 30
0.0
 10
218.7344283333333
 20
177.6290438888889
 30
0.0
 10
219.0942616666666
 20
177.1280994444444
 30
0.0
 10
219.7751227777778
 20
176.4472383333333
 30
0.0
 10
220.4630394444444
 20
175.7593216666666
 30
0.0
 10
221.0486505555556
 20
175.2407383333333
 30
0.0
 10
221.0839283333333
 20
175.2795438888889
 30
0.0
 10
222.4985672222222
 20
176.6941827777777
 30
0.0
 10
226.4920116666666
 20
186.3320716666666
 30
0.0
 10
226.4884838888889
 20
188.3287938888888
 30
0.0
 10
226.4884838888889
 20
188.3852383333333
 30
0.0
 10
225.7053172222222
 20
188.4310994444444
 30
0.0
 10
224.7422338888888
 20
188.4275716666667
 30
0.0
 10
223.7756227777777
 20
188.4275716666667
 30
0.0
 10
223.168845
 20
188.3287938888888
 30
0.0
 10
222.9924561111111
 20
188.3287938888888
 30
0.0
 10
221.8247616666666
 20
188.3287938888888
 30
0.0
 10
220.6570672222222
 20
188.3287938888888
 30
0.0
 10
219.4893727777777
 20
188.3287938888888
 30
0.0
 10
219.4905487037037
 20
189.3283309259259
 30
0.0
 10
219.4917246296296
 20
190.3278679629629
 30
0.0
 10
219.4929005555555
 20
191.327405
 30
0.0
 10
219.4929005555555
 20
191.327405
 30
0.0
 10
222.1140394444444
 20
191.3309327777777
 30
0.0
 10
222.9889283333333
 20
191.3309327777777
 30
0.0
 10
223.1653172222222
 20
191.3309327777777
 30
0.0
 10
223.772095
 20
191.2286272222222
 30
0.0
 10
224.7422338888888
 20
191.2321549999999
 30
0.0
 10
225.708845
 20
191.2286272222222
 30
0.0
 10
226.4920116666666
 20
191.2744883333333
 30
0.0
 10
226.4920116666666
 20
191.327405
 30
0.0
 10
226.4920116666666
 20
193.3311827777778
 30
0.0
 10
222.502095
 20
202.9655438888888
 30
0.0
 10
221.0874561111111
 20
204.3801827777777
 30
0.0
 10
221.0451227777778
 20
204.4189883333333
 30
0.0
 10
220.4630394444444
 20
203.8968772222222
 30
0.0
 10
219.7786505555555
 20
203.2160161111111
 30
0.0
 10
219.0907338888888
 20
202.5280994444444
 30
0.0
 10
218.7344283333333
 20
202.027155
 30
0.0
 10
218.6074283333333
 20
201.9072105555555
 30
0.0
 10
217.9900672222222
 20
201.2863216666666
 30
0.0
 10
216.1379838888888
 20
199.4307105555555
 30
0.0
 10
216.1379838888888
 20
199.4307105555555
 30
0.0
 10
215.4300764814814
 20
200.137442037037
 30
0.0
 10
214.7221690740741
 20
200.8441735185185
 30
0.0
 10
214.0142616666666
 20
201.550905
 30
0.0
 10
214.0142616666666
 20
201.550905
 30
0.0
 10
215.8734005555555
 20
203.4065161111111
 30
0.0
 10
216.4907616666666
 20
204.027405
 30
0.0
 10
216.6142338888889
 20
204.1508772222222
 30
0.0
 10
217.1151783333333
 20
204.5107105555555
 30
0.0
 10
217.7960394444444
 20
205.1950994444444
 30
0.0
 10
218.4804283333333
 20
205.8759605555555
 30
0.0
 10
219.0025394444444
 20
206.4615716666667
 30
0.0
 10
218.9637338888888
 20
206.5003772222222
 30
0.0
 10
217.5526227777777
 20
207.9185438888889
 30
0.0
 10
207.9147338888889
 20
211.9049327777778
 30
0.0
 10
205.9144838888888
 20
211.9049327777778
 30
0.0
 10
205.8615672222222
 20
211.9049327777778
 30
0.0
 10
205.8121783333333
 20
211.1252938888888
 30
0.0
 10
205.8121783333333
 20
210.1586827777778
 30
0.0
 10
205.8121783333333
 20
209.1885438888889
 30
0.0
 10
205.9144838888888
 20
208.5782383333333
 30
0.0
 10
205.9109561111111
 20
208.408905
 30
0.0
 10
205.9144838888888
 20
207.5304883333333
 30
0.0
 10
205.9144838888888
 20
201.9036827777777
 30
0.0
 10
205.9144838888888
 20
201.9036827777777
 30
0.0
 10
205.4641042592592
 20
201.9036827777777
 30
0.0
 10
205.0137246296296
 20
201.9036827777777
 30
0.0
 10
204.563345
 20
201.9036827777777
 30
0.0
  0
SPLINE
  5
20B
330
1F
100
AcDbEntity
  8
DEFAULT
 62
     1
100
AcDbSpline
210
0.0
220
0.0
230
1.0
 70
     8
 71
     3
 72
   104
 73
   100
 74
     0
 42
0.000000001
 43
0.0000000001
 40
0.0
 40
0.0
 40
0.0
 40
0.0
 40
3.830000000000041
 40
3.830000000000041
 40
3.830000000000041
 40
22.25000000000006
 40
22.25000000000006
 40
22.25000000000006
 40
23.25000000000006
 40
23.25000000000006
 40
23.25000000000006
 40
24.25000000000006
 40
24.25000000000006
 40
24.25000000000006
 40
25.25000000000006
 40
25.25000000000006
 40
25.25000000000006
 40
26.25000000000006
 40
26.25000000000006
 40
26.25000000000006
 40
27.25000000000006
 40
27.25000000000006
 40
27.25000000000006
 40
28.25000000000006
 40
28.25000000000006
 40
28.25000000000006
 40
36.74235538587504
 40
36.74235538587504
 40
36.74235538587504
 40
37.74235538587504
 40
37.74235538587504
 40
37.74235538587504
 40
38.74235538587504
 40
38.74235538587504
 40
38.74235538587504
 40
39.74235538587504
 40
39.74235538587504
 40
39.74235538587504
 40
40.74235538587504
 40
40.74235538587504
 40
40.74235538587504
 40
41.74235538587504
 40
41.74235538587504
 40
41.74235538587504
 40
42.74235538587504
 40
42.74235538587504
 40
42.74235538587504
 40
43.74235538587504
 40
43.74235538587504
 40
43.74235538587504
 40
52.25235538587503
 40
52.25235538587503
 40
52.25235538587503
 40
53.25235538587503
 40
53.25235538587503
 40
53.25235538587503
 40
54.25235538587503
 40
54.25235538587503
 40
54.25235538587503
 40
55.25235538587503
 40
55.25235538587503
 40
55.25235538587503
 40
56.25235538587503
 40
56.25235538587503
 40
56.25235538587503
 40
57.25235538587503
 40
57.25235538587503
 40
57.25235538587503
 40
58.25235538587503
 40
58.25235538587503
 40
58.25235538587503
 40
59.25235538587503
 40
59.25235538587503
 40
59.25235538587503
 40
67.7588529024796
 40
67.7588529024796
 40
67.7588529024796
 40
68.7588529024796
 40
68.7588529024796
 40
68.7588529024796
 40
69.7588529024796
 40
69.7588529024796
 40
69.7588529024796
 40
70.7588529024796
 40
70.7588529024796
 40
70.7588529024796
 40
71.7588529024796
 40
71.7588529024796
 40
71.7588529024796
 40
72.7588529024796
 40
72.7588529024796
 40
72.7588529024796
 40
73.7588529024796
 40
73.7588529024796
 40
73.7588529024796
 40
74.7588529024796
 40
74.7588529024796
 40
74.7588529024796
 40
78.58885290247964
 40
78.58885290247964
 40
78.58885290247964
 40
78.58885290247964
 10
204.2634838888889
 20
177.7489883333333
 30
0.0
 10
203.8131042592592
 20
177.7489883333333
 30
0.0
 10
203.3627246296296
 20
177.7489883333333
 30
0.0
 10
202.912345
 20
177.7489883333333
 30
0.0
 10
202.912345
 20
175.5829327777777
 30
0.0
 10
202.912345
 20
173.4168772222222
 30
0.0
 10
202.912345
 20
171.2508216666666
 30
0.0
 10
202.912345
 20
171.0779605555555
 30
0.0
 10
203.0146505555555
 20
170.4711827777778
 30
0.0
 10
203.0146505555555
 20
169.5045716666666
 30
0.0
 10
203.0146505555555
 20
168.5344327777777
 30
0.0
 10
202.9687894444444
 20
167.7512661111111
 30
0.0
 10
202.9158727777777
 20
167.7512661111111
 30
0.0
 10
200.9156227777777
 20
167.7512661111111
 30
0.0
 10
191.2777338888889
 20
171.7447105555555
 30
0.0
 10
189.863095
 20
173.1558216666666
 30
0.0
 10
189.8242894444444
 20
173.198155
 30
0.0
 10
190.3464005555555
 20
173.7837661111111
 30
0.0
 10
191.0307894444444
 20
174.4646272222222
 30
0.0
 10
191.7151783333333
 20
175.1490161111111
 30
0.0
 10
192.212595
 20
175.5088494444444
 30
0.0
 10
192.339595
 20
175.6323216666667
 30
0.0
 10
192.9569561111111
 20
176.2496827777778
 30
0.0
 10
194.8125672222222
 20
178.1088216666666
 30
0.0
 10
194.8125672222222
 20
178.1088216666666
 30
0.0
 10
194.1058357407407
 20
178.8143772222222
 30
0.0
 10
193.3991042592592
 20
179.5199327777777
 30
0.0
 10
192.6923727777778
 20
180.2254883333333
 30
0.0
 10
192.6923727777778
 20
180.2254883333333
 30
0.0
 10
190.8367616666667
 20
178.373405
 30
0.0
 10
190.2194005555556
 20
177.7560438888889
 30
0.0
 10
190.0924005555555
 20
177.6325716666666
 30
0.0
 10
189.7325672222222
 20
177.1316272222222
 30
0.0
 10
189.0481783333333
 20
176.4472383333333
 30
0.0
 10
188.3673172222222
 20
175.7628494444444
 30
0.0
 10
187.7817061111111
 20
175.2407383333333
 30
0.0
 10
187.7429005555555
 20
175.2795438888889
 30
0.0
 10
186.3282616666666
 20
176.6941827777777
 30
0.0
 10
182.338345
 20
186.3285438888889
 30
0.0
 10
182.338345
 20
188.3287938888888
 30
0.0
 10
182.338345
 20
188.3852383333333
 30
0.0
 10
183.1215116666667
 20
188.4310994444444
 30
0.0
 10
184.084595
 20
188.4310994444444
 30
0.0
 10
185.0512061111111
 20
188.4310994444444
 30
0.0
 10
185.6615116666666
 20
188.3287938888888
 30
0.0
 10
185.8379005555555
 20
188.3323216666666
 30
0.0
 10
186.7127894444444
 20
188.3323216666666
 30
0.0
 10
189.3374561111111
 20
188.3287938888888
 30
0.0
 10
189.3374561111111
 20
188.3287938888888
 30
0.0
 10
189.3374561111111
 20
189.3295068518518
 30
0.0
 10
189.3374561111111
 20
190.3302198148147
 30
0.0
 10
189.3374561111111
 20
191.3309327777777
 30
0.0
 10
189.3374561111111
 20
191.3309327777777
 30
0.0
 10
186.7127894444444
 20
191.327405
 30
0.0
 10
185.8379005555555
 20
191.327405
 30
0.0
 10
185.6615116666666
 20
191.327405
 30
0.0
 10
185.0547338888888
 20
191.2286272222222
 30
0.0
 10
184.0881227777777
 20
191.2286272222222
 30
0.0
 10
183.1215116666667
 20
191.2321549999999
 30
0.0
 10
182.3348172222222
 20
191.2709605555555
 30
0.0
 10
182.3348172222222
 20
191.3309327777777
 30
0.0
 10
182.3348172222222
 20
193.3311827777778
 30
0.0
 10
186.3282616666666
 20
202.9655438888888
 30
0.0
 10
187.7429005555555
 20
204.3801827777777
 30
0.0
 10
187.7817061111111
 20
204.4189883333333
 30
0.0
 10
188.3673172222222
 20
203.8968772222222
 30
0.0
 10
189.0517061111111
 20
203.2124883333333
 30
0.0
 10
189.736095
 20
202.5280994444444
 30
0.0
 10
190.0924005555555
 20
202.027155
 30
0.0
 10
190.2158727777777
 20
201.9072105555555
 30
0.0
 10
190.8367616666667
 20
201.2827938888888
 30
0.0
 10
192.6923727777778
 20
199.4307105555555
 30
0.0
 10
192.6923727777778
 20
199.4307105555555
 30
0.0
 10
193.4002801851852
 20
200.137442037037
 30
0.0
 10
194.1081875925926
 20
200.8441735185185
 30
0.0
 10
194.816095
 20
201.550905
 30
0.0
 10
194.816095
 20
201.550905
 30
0.0
 10
192.9569561111111
 20
203.4065161111111
 30
0.0
 10
192.339595
 20
204.027405
 30
0.0
 10
192.212595
 20
204.1508772222222
 30
0.0
 10
191.7151783333333
 20
204.5071827777777
 30
0.0
 10
191.0307894444444
 20
205.1915716666666
 30
0.0
 10
190.3464005555555
 20
205.8759605555555
 30
0.0
 10
189.8242894444444
 20
206.4615716666667
 30
0.0
 10
189.863095
 20
206.5003772222222
 30
0.0
 10
191.2777338888889
 20
207.9150161111111
 30
0.0
 10
200.9156227777777
 20
211.9084605555555
 30
0.0
 10
202.9158727777777
 20
211.9084605555555
 30
0.0
 10
202.9687894444444
 20
211.9084605555555
 30
0.0
 10
203.0146505555555
 20
211.1252938888888
 30
0.0
 10
203.0146505555555
 20
210.155155
 30
0.0
 10
203.0146505555555
 20
209.1885438888889
 30
0.0
 10
202.9158727777777
 20
208.5817661111111
 30
0.0
 10
202.9158727777777
 20
208.4053772222222
 30
0.0
 10
202.912345
 20
207.5304883333333
 30
0.0
 10
202.912345
 20
201.9036827777777
 30
0.0
 10
202.912345
 20
201.9036827777777
 30
0.0
 10
203.3627246296296
 20
201.9036827777777
 30
0.0
 10
203.8131042592592
 20
201.9036827777777
 30
0.0
 10
204.2634838888889
 20
201.9036827777777
 30
0.0
  0
SPLINE
  5
20C
330
1F
100
AcDbEntity
  8
DEFAULT
 62
   250
100
AcDbSpline
210
0.0
220
0.0
230
1.0
 70
     8
 71
     3
 72
    17
 73
    13
 74
     0
 42
0.000000001
 43
0.0000000001
 40
0.0
 40
0.0
 40
0.0
 40
0.0
 40
6.000044166504209
 40
6.000044166504209
 40
6.000044166504209
 40
7.000044166504209
 40
7.000044166504209
 40
7.000044166504209
 40
8.00004416650421
 40
8.00004416650421
 40
8.00004416650421
 40
13.99979124450673
 40
13.99979124450673
 40
13.99979124450673
 40
13.99979124450673
 10
94.90727638888889
 20
181.8076261111111
 30
0.0
 10
95.11694398148148
 20
181.1339381481481
 30
0.0
 10
95.32661157407408
 20
180.4602501851851
 30
0.0
 10
95.53627916666666
 20
179.7865622222222
 30
0.0
 10
95.60260138888889
 20
180.0387983333333
 30
0.0
 10
96.12647638888889
 20
181.8076261111111
 30
0.0
 10
96.12647638888889
 20
181.8076261111111
 30
0.0
 10
96.12647638888889
 20
181.8076261111111
 30
0.0
 10
96.6499986111111
 20
180.0387983333333
 30
0.0
 10
96.7166736111111
 20
179.7865622222222
 30
0.0
 10
96.9262236111111
 20
180.4602501851851
 30
0.0
 10
97.1357736111111
 20
181.1339381481481
 30
0.0
 10
97.34532361111111
 20
181.8076261111111
 30
0.0
  0
SPLINE
  5
20D
330
1F
100
AcDbEntity
  8
DEFAULT
 62
   250
100
AcDbSpline
210
0.0
220
0.0
230
1.0
 70
     8
 71
     3
 72
    17
 73
    13
 74
     0
 42
0.000000001
 43
0.0000000001
 40
0.0
 40
0.0
 40
0.0
 40
0.0
 40
5.999089347559303
 40
5.999089347559303
 40
5.999089347559303
 40
6.999089347559303
 40
6.999089347559303
 40
6.999089347559303
 40
7.999089347559303
 40
7.999089347559303
 40
7.999089347559303
 40
13.99788155932988
 40
13.99788155932988
 40
13.99788155932988
 40
13.99788155932988
 10
97.34532361111108
 20
197.8549227777778
 30
0.0
 10
97.13565601851849
 20
198.5284931481482
 30
0.0
 10
96.92598842592588
 20
199.2020635185185
 30
0.0
 10
96.7163208333333
 20
199.8756338888889
 30
0.0
 10
96.6499986111111
 20
199.6237505555555
 30
0.0
 10
96.1261236111111
 20
197.8549227777778
 30
0.0
 10
96.1261236111111
 20
197.8549227777778
 30
0.0
 10
96.1261236111111
 20
197.8549227777778
 30
0.0
 10
95.60260138888889
 20
199.6237505555555
 30
0.0
 10
95.53592638888888
 20
199.8756338888889
 30
0.0
 10
95.32637638888889
 20
199.2020635185185
 30
0.0
 10
95.1168263888889
 20
198.5284931481482
 30
0.0
 10
94.90727638888889
 20
197.8549227777778
 30
0.0
  0
SPLINE
  5
20E
330
1F
100
AcDbEntity
  8
DEFAULT
 62
   250
100
AcDbSpline
210
0.0
220
0.0
230
1.0
 70
     8
 71
     3
 72
    11
 73
     7
 74
     0
 42
0.000000001
 43
0.0000000001
 40
0.0
 40
0.0
 40
0.0
 40
0.0
 40
1.019798989873238
 40
1.019798989873238
 40
1.019798989873238
 40
2.019798989873237
 40
2.019798989873237
 40
2.019798989873237
 40
2.019798989873237
 10
103.5101505555556
 20
181.5307308333333
 30
0.0
 10
103.5101505555556
 20
181.5307308333333
 30
0.0
 10
105.0591977777778
 20
180.7690836111111
 30
0.0
 10
105.2892088888889
 20
180.6378502777778
 30
0.0
 10
105.1583283333333
 20
180.8632752777777
 30
0.0
 10
104.430195
 20
182.4486586111111
 30
0.0
 10
104.430195
 20
182.4486586111111
 30
0.0
  0
SPLINE
  5
20F
330
1F
100
AcDbEntity
  8
DEFAULT
 62
   250
100
AcDbSpline
210
0.0
220
0.0
230
1.0
 70
     8
 71
     3
 72
    11
 73
     7
 74
     0
 42
0.000000001
 43
0.0000000001
 40
0.0
 40
0.0
 40
0.0
 40
0.0
 40
1.019798989873238
 40
1.019798989873238
 40
1.019798989873238
 40
2.019798989873237
 40
2.019798989873237
 40
2.019798989873237
 40
2.019798989873237
 10
88.74033277777778
 20
198.1301247222222
 30
0.0
 10
88.74033277777778
 20
198.1301247222222
 30
0.0
 10
87.19128555555555
 20
198.8921247222222
 30
0.0
 10
86.96127444444444
 20
199.0230052777777
 30
0.0
 10
87.09215499999999
 20
198.7975802777778
 30
0.0
 10
87.82028833333332
 20
197.2121969444444
 30
0.0
 10
87.82028833333332
 20
197.2121969444444
 30
0.0
  0
SPLINE
  5
210
330
1F
100
AcDbEntity
  8
DEFAULT
 62
   250
100
AcDbSpline
210
0.0
220
0.0
230
1.0
 70
     8
 71
     3
 72
    11
 73
     7
 74
     0
 42
0.000000001
 43
0.0000000001
 40
0.0
 40
0.0
 40
0.0
 40
0.0
 40
1.019798989873217
 40
1.019798989873217
 40
1.019798989873217
 40
2.019798989873217
 40
2.019798989873217
 40
2.019798989873217
 40
2.019798989873217
 10
87.82550944444444
 20
182.4455894444444
 30
0.0
 10
87.82550944444444
 20
182.4455894444444
 30
0.0
 10
87.06350944444443
 20
180.8965422222222
 30
0.0
 10
86.93262888888887
 20
180.6665311111111
 30
0.0
 10
87.15805388888887
 20
180.7974116666666
 30
0.0
 10
88.74343722222221
 20
181.525545
 30
0.0
 10
88.74343722222221
 20
181.525545
 30
0.0
  0
SPLINE
  5
211
330
1F
100
AcDbEntity
  8
DEFAULT
 62
   250
100
AcDbSpline
210
0.0
220
0.0
230
1.0
 70
     8
 71
     3
 72
    11
 73
     7
 74
     0
 42
0.000000001
 43
0.0000000001
 40
0.0
 40
0.0
 40
0.0
 40
0.0
 40
1.019798989873238
 40
1.019798989873238
 40
1.019798989873238
 40
2.019798989873237
 40
2.019798989873237
 40
2.019798989873237
 40
2.019798989873237
 10
104.4249033333333
 20
197.2154072222222
 30
0.0
 10
104.4249033333333
 20
197.2154072222222
 30
0.0
 10
105.1869033333333
 20
198.7644544444444
 30
0.0
 10
105.3177838888889
 20
198.9944655555555
 30
0.0
 10
105.0923588888889
 20
198.863585
 30
0.0
 10
103.5069755555556
 20
198.1354516666666
 30
0.0
 10
103.5069755555556
 20
198.1354516666666
 30
0.0
  0
SPLINE
  5
212
330
1F
100
AcDbEntity
  8
DEFAULT
 62
   250
100
AcDbSpline
210
0.0
220
0.0
230
1.0
 70
     8
 71
     3
 72
    11
 73
     7
 74
     0
 42
0.000000001
 43
0.0000000001
 40
0.0
 40
0.0
 40
0.0
 40
0.0
 40
1.019000000000005
 40
1.019000000000005
 40
1.019000000000005
 40
2.019000000000005
 40
2.019000000000005
 40
2.019000000000005
 40
2.019000000000005
 10
85.03454333333333
 20
190.4773869444444
 30
0.0
 10
85.03454333333333
 20
190.4773869444444
 30
0.0
 10
83.40047666666666
 20
189.9207036111111
 30
0.0
 10
83.14506555555555
 20
189.8508536111111
 30
0.0
 10
83.39694888888889
 20
189.7838258333333
 30
0.0
 10
85.03313222222222
 20
189.1777536111111
 30
0.0
 10
85.03313222222222
 20
189.1777536111111
 30
0.0
  0
SPLINE
  5
213
330
1F
100
AcDbEntity
  8
DEFAULT
 62
   250
100
AcDbSpline
210
0.0
220
0.0
230
1.0
 70
     8
 71
     3
 72
    11
 73
     7
 74
     0
 42
0.000000001
 43
0.0000000001
 40
0.0
 40
0.0
 40
0.0
 40
0.0
 40
1.019999999999982
 40
1.019999999999982
 40
1.019999999999982
 40
2.019999999999982
 40
2.019999999999982
 40
2.019999999999982
 40
2.019999999999982
 10
107.21594
 20
189.1836802777777
 30
0.0
 10
107.21594
 20
189.1836802777777
 30
0.0
 10
108.8500066666667
 20
189.7400108333333
 30
0.0
 10
109.1054177777778
 20
189.8102136111111
 30
0.0
 10
108.8535344444444
 20
189.8772413888889
 30
0.0
 10
107.2173511111111
 20
190.4833136111111
 30
0.0
 10
107.2173511111111
 20
190.4833136111111
 30
0.0
  0
SPLINE
  5
214
330
1F
100
AcDbEntity
  8
DEFAULT
 62
     1
100
AcDbSpline
210
0.0
220
0.0
230
1.0
 70
    11
 71
     3
 72
    29
 73
    25
 74
     0
 42
0.000000001
 43
0.0000000001
 40
1.0
 40
1.0
 40
1.0
 40
1.0
 40
2.0
 40
2.0
 40
2.0
 40
3.0
 40
3.0
 40
3.0
 40
4.0
 40
4.0
 40
4.0
 40
5.0
 40
5.0
 40
5.0
 40
6.0
 40
6.0
 40
6.0
 40
7.0
 40
7.0
 40
7.0
 40
8.0
 40
8.0
 40
8.0
 40
9.0
 40
9.0
 40
9.0
 40
9.0
 10
98.75181333333333
 20
184.0546088888889
 30
0.0
 10
98.58247999999999
 20
185.5115811111111
 30
0.0
 10
99.0234522222222
 20
187.0708588888889
 30
0.0
 10
96.12361888888888
 20
187.0708588888889
 30
0.0
 10
93.22378555555554
 20
187.0708588888889
 30
0.0
 10
93.67181333333333
 20
185.5115811111111
 30
0.0
 10
93.49895222222221
 20
184.0546088888889
 30
0.0
 10
93.19203555555555
 20
181.3911366666667
 30
0.0
 10
87.81217444444444
 20
184.1780811111111
 30
0.0
 10
87.85803555555555
 20
189.8295811111111
 30
0.0
 10
87.81217444444444
 20
195.4810811111111
 30
0.0
 10
93.19203555555555
 20
198.2680255555555
 30
0.0
 10
93.49895222222221
 20
195.6045533333333
 30
0.0
 10
93.67181333333333
 20
194.1440533333333
 30
0.0
 10
93.22731333333331
 20
192.5883033333333
 30
0.0
 10
96.12714666666666
 20
192.5883033333333
 30
0.0
 10
99.02697999999998
 20
192.5883033333333
 30
0.0
 10
98.58247999999999
 20
194.1440533333333
 30
0.0
 10
98.75181333333333
 20
195.6045533333333
 30
0.0
 10
99.06225777777777
 20
198.2680255555555
 30
0.0
 10
104.4421188888889
 20
195.4810811111111
 30
0.0
 10
104.3962577777778
 20
189.8295811111111
 30
0.0
 10
104.4421188888889
 20
184.1780811111111
 30
0.0
 10
99.06225777777777
 20
181.3911366666667
 30
0.0
 10
98.75181333333333
 20
184.0546088888889
 30
0.0
  0
SPLINE
  5
215
330
1F
100
AcDbEntity
  8
DEFAULT
 62
     1
100
AcDbSpline
210
0.0
220
0.0
230
1.0
 70
     8
 71
     3
 72
   104
 73
   100
 74
     0
 42
0.000000001
 43
0.0000000001
 40
0.0
 40
0.0
 40
0.0
 40
0.0
 40
3.829999999999984
 40
3.829999999999984
 40
3.829999999999984
 40
22.25999999999999
 40
22.25999999999999
 40
22.25999999999999
 40
23.25999999999999
 40
23.25999999999999
 40
23.25999999999999
 40
24.25999999999999
 40
24.25999999999999
 40
24.25999999999999
 40
25.25999999999999
 40
25.25999999999999
 40
25.25999999999999
 40
26.25999999999999
 40
26.25999999999999
 40
26.25999999999999
 40
27.25999999999999
 40
27.25999999999999
 40
27.25999999999999
 40
28.25999999999999
 40
28.25999999999999
 40
28.25999999999999
 40
36.7664975166046
 40
36.7664975166046
 40
36.7664975166046
 40
37.7664975166046
 40
37.7664975166046
 40
37.7664975166046
 40
38.7664975166046
 40
38.7664975166046
 40
38.7664975166046
 40
39.7664975166046
 40
39.7664975166046
 40
39.7664975166046
 40
40.7664975166046
 40
40.7664975166046
 40
40.7664975166046
 40
41.7664975166046
 40
41.7664975166046
 40
41.7664975166046
 40
42.7664975166046
 40
42.7664975166046
 40
42.7664975166046
 40
52.69649751660455
 40
52.69649751660455
 40
52.69649751660455
 40
61.19650339895546
 40
61.19650339895546
 40
61.19650339895546
 40
62.19650339895546
 40
62.19650339895546
 40
62.19650339895546
 40
63.19650339895546
 40
63.19650339895546
 40
63.19650339895546
 40
64.19650339895546
 40
64.19650339895546
 40
64.19650339895546
 40
65.19650339895546
 40
65.19650339895546
 40
65.19650339895546
 40
66.19650339895546
 40
66.19650339895546
 40
66.19650339895546
 40
67.19650339895546
 40
67.19650339895546
 40
67.19650339895546
 40
68.19650339895546
 40
68.19650339895546
 40
68.19650339895546
 40
76.70300091556007
 40
76.70300091556007
 40
76.70300091556007
 40
77.70300091556007
 40
77.70300091556007
 40
77.70300091556007
 40
78.70300091556007
 40
78.70300091556007
 40
78.70300091556007
 40
79.70300091556007
 40
79.70300091556007
 40
79.70300091556007
 40
80.70300091556007
 40
80.70300091556007
 40
80.70300091556007
 40
81.70300091556007
 40
81.70300091556007
 40
81.70300091556007
 40
82.70300091556007
 40
82.70300091556007
 40
82.70300091556007
 40
83.70300091556007
 40
83.70300091556007
 40
83.70300091556007
 40
87.53300091556005
 40
87.53300091556005
 40
87.53300091556005
 40
87.53300091556005
 10
96.27531333333333
 20
177.7547033333333
 30
0.0
 10
96.72569296296295
 20
177.7547033333333
 30
0.0
 10
97.17607259259258
 20
177.7547033333333
 30
0.0
 10
97.62645222222221
 20
177.7547033333333
 30
0.0
 10
97.62645222222221
 20
175.5874718518518
 30
0.0
 10
97.62645222222221
 20
173.4202403703704
 30
0.0
 10
97.62645222222221
 20
171.2530088888889
 30
0.0
 10
97.62645222222221
 20
171.0801477777778
 30
0.0
 10
97.52767444444443
 20
170.4698422222222
 30
0.0
 10
97.52414666666665
 20
169.5032311111111
 30
0.0
 10
97.52414666666665
 20
168.5401477777777
 30
0.0
 10
97.57000777777776
 20
167.7569811111111
 30
0.0
 10
97.62292444444444
 20
167.7534533333333
 30
0.0
 10
99.62317444444443
 20
167.7534533333333
 30
0.0
 10
109.2610633333333
 20
171.7468977777778
 30
0.0
 10
110.6757022222222
 20
173.1615366666666
 30
0.0
 10
110.7145077777778
 20
173.2003422222222
 30
0.0
 10
110.1959244444444
 20
173.7824255555555
 30
0.0
 10
109.5080077777778
 20
174.4703422222222
 30
0.0
 10
108.8271466666667
 20
175.1512033333333
 30
0.0
 10
108.3262022222222
 20
175.5145644444444
 30
0.0
 10
108.20273
 20
175.6345088888889
 30
0.0
 10
107.5818411111111
 20
176.25187
 30
0.0
 10
105.72623
 20
178.1110088888889
 30
0.0
 10
105.72623
 20
178.1110088888889
 30
0.0
 10
106.4341374074074
 20
178.8177403703704
 30
0.0
 10
107.1420448148148
 20
179.5244718518519
 30
0.0
 10
107.8499522222222
 20
180.2312033333333
 30
0.0
 10
107.8499522222222
 20
180.2312033333333
 30
0.0
 10
109.7055633333333
 20
178.3755922222222
 30
0.0
 10
110.3193966666667
 20
177.7547033333333
 30
0.0
 10
110.4463966666666
 20
177.6312311111111
 30
0.0
 10
110.80623
 20
177.1302866666666
 30
0.0
 10
111.4870911111111
 20
176.4494255555555
 30
0.0
 10
112.1750077777778
 20
175.7615088888889
 30
0.0
 10
112.7606188888889
 20
175.2429255555555
 30
0.0
 10
112.7958966666667
 20
175.2817311111111
 30
0.0
 10
114.2105355555555
 20
176.69637
 30
0.0
 10
118.20398
 20
186.3342588888889
 30
0.0
 10
118.2004522222222
 20
188.3309811111111
 30
0.0
 10
118.2004522222222
 20
188.3874255555556
 30
0.0
 10
117.4172855555556
 20
188.4332866666667
 30
0.0
 10
116.4542022222222
 20
188.4297588888889
 30
0.0
 10
115.4875911111111
 20
188.4297588888889
 30
0.0
 10
114.8808133333333
 20
188.3309811111111
 30
0.0
 10
114.7044244444444
 20
188.3309811111111
 30
0.0
 10
113.53673
 20
188.3309811111111
 30
0.0
 10
112.3690355555556
 20
188.3309811111111
 30
0.0
 10
111.2013411111111
 20
188.3309811111111
 30
0.0
 10
111.202517037037
 20
189.3305181481481
 30
0.0
 10
111.203692962963
 20
190.3300551851852
 30
0.0
 10
111.2048688888889
 20
191.3295922222222
 30
0.0
 10
111.2048688888889
 20
191.3295922222222
 30
0.0
 10
113.8260077777778
 20
191.33312
 30
0.0
 10
114.7008966666667
 20
191.33312
 30
0.0
 10
114.8772855555555
 20
191.33312
 30
0.0
 10
115.4840633333333
 20
191.2308144444444
 30
0.0
 10
116.4542022222222
 20
191.2343422222222
 30
0.0
 10
117.4208133333333
 20
191.2308144444444
 30
0.0
 10
118.20398
 20
191.2766755555555
 30
0.0
 10
118.20398
 20
191.3295922222222
 30
0.0
 10
118.20398
 20
193.33337
 30
0.0
 10
114.2140633333333
 20
202.9677311111111
 30
0.0
 10
112.7994244444444
 20
204.38237
 30
0.0
 10
112.7570911111111
 20
204.4211755555555
 30
0.0
 10
112.1750077777778
 20
203.8990644444445
 30
0.0
 10
111.4906188888889
 20
203.2182033333333
 30
0.0
 10
110.8027022222222
 20
202.5302866666666
 30
0.0
 10
110.4463966666666
 20
202.0293422222222
 30
0.0
 10
110.3193966666667
 20
201.9093977777777
 30
0.0
 10
109.7020355555556
 20
201.2885088888889
 30
0.0
 10
107.8499522222222
 20
199.4328977777778
 30
0.0
 10
107.8499522222222
 20
199.4328977777778
 30
0.0
 10
107.1420448148148
 20
200.1396292592592
 30
0.0
 10
106.4341374074074
 20
200.8463607407407
 30
0.0
 10
105.72623
 20
201.5530922222222
 30
0.0
 10
105.72623
 20
201.5530922222222
 30
0.0
 10
107.5853688888889
 20
203.4087033333333
 30
0.0
 10
108.20273
 20
204.0295922222222
 30
0.0
 10
108.3262022222222
 20
204.1530644444444
 30
0.0
 10
108.8271466666667
 20
204.5128977777777
 30
0.0
 10
109.5080077777778
 20
205.1972866666667
 30
0.0
 10
110.1923966666667
 20
205.8781477777777
 30
0.0
 10
110.7145077777778
 20
206.4637588888889
 30
0.0
 10
110.6757022222222
 20
206.5025644444444
 30
0.0
 10
109.2645911111111
 20
207.9207311111111
 30
0.0
 10
99.62670222222222
 20
211.90712
 30
0.0
 10
97.62645222222221
 20
211.90712
 30
0.0
 10
97.57353555555554
 20
211.90712
 30
0.0
 10
97.52414666666665
 20
211.1274811111111
 30
0.0
 10
97.52414666666665
 20
210.16087
 30
0.0
 10
97.52414666666665
 20
209.1907311111111
 30
0.0
 10
97.62645222222221
 20
208.5804255555556
 30
0.0
 10
97.62292444444444
 20
208.4110922222222
 30
0.0
 10
97.62645222222221
 20
207.5326755555556
 30
0.0
 10
97.62645222222221
 20
201.90587
 30
0.0
 10
97.62645222222221
 20
201.90587
 30
0.0
 10
97.17607259259258
 20
201.90587
 30
0.0
 10
96.72569296296297
 20
201.90587
 30
0.0
 10
96.27531333333333
 20
201.90587
 30
0.0
  0
SPLINE
  5
216
330
1F
100
AcDbEntity
  8
DEFAULT
 62
     1
100
AcDbSpline
210
0.0
220
0.0
230
1.0
 70
     8
 71
     3
 72
   104
 73
   100
 74
     0
 42
0.000000001
 43
0.0000000001
 40
0.0
 40
0.0
 40
0.0
 40
0.0
 40
3.829999999999984
 40
3.829999999999984
 40
3.829999999999984
 40
22.25
 40
22.25
 40
22.25
 40
23.25
 40
23.25
 40
23.25
 40
24.25
 40
24.25
 40
24.25
 40
25.25
 40
25.25
 40
25.25
 40
26.25
 40
26.25
 40
26.25
 40
27.25
 40
27.25
 40
27.25
 40
28.25
 40
28.25
 40
28.25
 40
36.74235538587501
 40
36.74235538587501
 40
36.74235538587501
 40
37.74235538587501
 40
37.74235538587501
 40
37.74235538587501
 40
38.74235538587501
 40
38.74235538587501
 40
38.74235538587501
 40
39.74235538587501
 40
39.74235538587501
 40
39.74235538587501
 40
40.74235538587501
 40
40.74235538587501
 40
40.74235538587501
 40
41.74235538587501
 40
41.74235538587501
 40
41.74235538587501
 40
42.74235538587501
 40
42.74235538587501
 40
42.74235538587501
 40
43.74235538587501
 40
43.74235538587501
 40
43.74235538587501
 40
52.252355385875
 40
52.252355385875
 40
52.252355385875
 40
53.252355385875
 40
53.252355385875
 40
53.252355385875
 40
54.252355385875
 40
54.252355385875
 40
54.252355385875
 40
55.252355385875
 40
55.252355385875
 40
55.252355385875
 40
56.252355385875
 40
56.252355385875
 40
56.252355385875
 40
57.252355385875
 40
57.252355385875
 40
57.252355385875
 40
58.252355385875
 40
58.252355385875
 40
58.252355385875
 40
59.252355385875
 40
59.252355385875
 40
59.252355385875
 40
67.75885290247959
 40
67.75885290247959
 40
67.75885290247959
 40
68.75885290247959
 40
68.75885290247959
 40
68.75885290247959
 40
69.75885290247959
 40
69.75885290247959
 40
69.75885290247959
 40
70.75885290247959
 40
70.75885290247959
 40
70.75885290247959
 40
71.75885290247959
 40
71.75885290247959
 40
71.75885290247959
 40
72.75885290247959
 40
72.75885290247959
 40
72.75885290247959
 40
73.75885290247959
 40
73.75885290247959
 40
73.75885290247959
 40
74.75885290247959
 40
74.75885290247959
 40
74.75885290247959
 40
78.58885290247957
 40
78.58885290247957
 40
78.58885290247957
 40
78.58885290247957
 10
95.97545222222222
 20
177.7511755555555
 30
0.0
 10
95.5250725925926
 20
177.7511755555555
 30
0.0
 10
95.07469296296297
 20
177.7511755555555
 30
0.0
 10
94.62431333333332
 20
177.7511755555555
 30
0.0
 10
94.62431333333332
 20
175.58512
 30
0.0
 10
94.62431333333332
 20
173.4190644444444
 30
0.0
 10
94.62431333333333
 20
171.2530088888889
 30
0.0
 10
94.62431333333333
 20
171.0801477777778
 30
0.0
 10
94.72661888888886
 20
170.47337
 30
0.0
 10
94.72661888888886
 20
169.5067588888889
 30
0.0
 10
94.72661888888886
 20
168.53662
 30
0.0
 10
94.68075777777776
 20
167.7534533333333
 30
0.0
 10
94.62784111111111
 20
167.7534533333333
 30
0.0
 10
92.6275911111111
 20
167.7534533333333
 30
0.0
 10
82.9897022222222
 20
171.7468977777778
 30
0.0
 10
81.57506333333333
 20
173.1580088888889
 30
0.0
 10
81.53625777777776
 20
173.2003422222222
 30
0.0
 10
82.05836888888888
 20
173.7859533333333
 30
0.0
 10
82.74275777777777
 20
174.4668144444444
 30
0.0
 10
83.42714666666666
 20
175.1512033333333
 30
0.0
 10
83.92456333333332
 20
175.5110366666667
 30
0.0
 10
84.05156333333332
 20
175.6345088888889
 30
0.0
 10
84.66892444444443
 20
176.25187
 30
0.0
 10
86.52453555555554
 20
178.1110088888889
 30
0.0
 10
86.52453555555554
 20
178.1110088888889
 30
0.0
 10
85.81780407407406
 20
178.8165644444444
 30
0.0
 10
85.11107259259258
 20
179.52212
 30
0.0
 10
84.4043411111111
 20
180.2276755555555
 30
0.0
 10
84.4043411111111
 20
180.2276755555555
 30
0.0
 10
82.54872999999999
 20
178.3755922222222
 30
0.0
 10
81.93136888888888
 20
177.7582311111111
 30
0.0
 10
81.80436888888887
 20
177.6347588888889
 30
0.0
 10
81.44453555555555
 20
177.1338144444444
 30
0.0
 10
80.76014666666666
 20
176.4494255555555
 30
0.0
 10
80.07928555555554
 20
175.7650366666666
 30
0.0
 10
79.49367444444444
 20
175.2429255555555
 30
0.0
 10
79.45486888888888
 20
175.2817311111111
 30
0.0
 10
78.04023
 20
176.69637
 30
0.0
 10
74.05031333333332
 20
186.3307311111111
 30
0.0
 10
74.05031333333332
 20
188.3309811111111
 30
0.0
 10
74.05031333333332
 20
188.3874255555556
 30
0.0
 10
74.83348
 20
188.4332866666667
 30
0.0
 10
75.79656333333332
 20
188.4332866666667
 30
0.0
 10
76.76317444444443
 20
188.4332866666667
 30
0.0
 10
77.37348
 20
188.3309811111111
 30
0.0
 10
77.54986888888888
 20
188.3345088888888
 30
0.0
 10
78.42475777777777
 20
188.3345088888888
 30
0.0
 10
81.04942444444444
 20
188.3309811111111
 30
0.0
 10
81.04942444444444
 20
188.3309811111111
 30
0.0
 10
81.04942444444444
 20
189.331694074074
 30
0.0
 10
81.04942444444444
 20
190.332407037037
 30
0.0
 10
81.04942444444444
 20
191.33312
 30
0.0
 10
81.04942444444444
 20
191.33312
 30
0.0
 10
78.42475777777777
 20
191.3295922222222
 30
0.0
 10
77.54986888888888
 20
191.3295922222222
 30
0.0
 10
77.37348
 20
191.3295922222222
 30
0.0
 10
76.76670222222222
 20
191.2308144444444
 30
0.0
 10
75.8000911111111
 20
191.2308144444444
 30
0.0
 10
74.83348
 20
191.2343422222222
 30
0.0
 10
74.04678555555554
 20
191.2731477777778
 30
0.0
 10
74.04678555555554
 20
191.33312
 30
0.0
 10
74.04678555555554
 20
193.33337
 30
0.0
 10
78.04023
 20
202.9677311111111
 30
0.0
 10
79.45486888888888
 20
204.38237
 30
0.0
 10
79.49367444444444
 20
204.4211755555555
 30
0.0
 10
80.07928555555554
 20
203.8990644444445
 30
0.0
 10
80.76367444444443
 20
203.2146755555555
 30
0.0
 10
81.44806333333332
 20
202.5302866666666
 30
0.0
 10
81.80436888888887
 20
202.0293422222222
 30
0.0
 10
81.9278411111111
 20
201.9093977777777
 30
0.0
 10
82.54872999999999
 20
201.2849811111111
 30
0.0
 10
84.4043411111111
 20
199.4328977777778
 30
0.0
 10
84.4043411111111
 20
199.4328977777778
 30
0.0
 10
85.11224851851851
 20
200.1396292592592
 30
0.0
 10
85.82015592592592
 20
200.8463607407407
 30
0.0
 10
86.52806333333332
 20
201.5530922222222
 30
0.0
 10
86.52806333333332
 20
201.5530922222222
 30
0.0
 10
84.66892444444443
 20
203.4087033333333
 30
0.0
 10
84.05156333333332
 20
204.0295922222222
 30
0.0
 10
83.92456333333332
 20
204.1530644444444
 30
0.0
 10
83.42714666666666
 20
204.50937
 30
0.0
 10
82.74275777777777
 20
205.1937588888889
 30
0.0
 10
82.05836888888888
 20
205.8781477777777
 30
0.0
 10
81.53625777777776
 20
206.4637588888889
 30
0.0
 10
81.57506333333333
 20
206.5025644444444
 30
0.0
 10
82.9897022222222
 20
207.9172033333333
 30
0.0
 10
92.6275911111111
 20
211.9106477777778
 30
0.0
 10
94.62784111111111
 20
211.9106477777778
 30
0.0
 10
94.68075777777776
 20
211.9106477777778
 30
0.0
 10
94.72661888888886
 20
211.1274811111111
 30
0.0
 10
94.72661888888886
 20
210.1573422222222
 30
0.0
 10
94.72661888888886
 20
209.1907311111111
 30
0.0
 10
94.62784111111111
 20
208.5839533333333
 30
0.0
 10
94.62784111111111
 20
208.4075644444444
 30
0.0
 10
94.62431333333333
 20
207.5326755555556
 30
0.0
 10
94.62431333333333
 20
201.90587
 30
0.0
 10
94.62431333333333
 20
201.90587
 30
0.0
 10
95.07469296296297
 20
201.90587
 30
0.0
 10
95.5250725925926
 20
201.90587
 30
0.0
 10
95.97545222222222
 20
201.90587
 30
0.0
  0
SPLINE
  5
217
330
1F
100
AcDbEntity
  8
DEFAULT
 62
   250
100
AcDbSpline
210
0.0
220
0.0
230
1.0
 70
     8
 71
     3
 72
    11
 73
     7
 74
     0
 42
0.000000001
 43
0.0000000001
 40
0.0
 40
0.0
 40
0.0
 40
0.0
 40
1.020000000000039
 40
1.020000000000039
 40
1.020000000000039
 40
2.020000000000039
 40
2.020000000000039
 40
2.020000000000039
 40
2.020000000000039
 10
255.3361458333333
 20
165.2540227777777
 30
0.0
 10
255.3361458333333
 20
165.2540227777777
 30
0.0
 10
253.7027847222222
 20
164.6955755555555
 30
0.0
 10
253.4477263888889
 20
164.62502
 30
0.0
 10
253.6996097222222
 20
164.5586977777778
 30
0.0
 10
255.3361458333333
 20
163.9543894444444
 30
0.0
 10
255.3361458333333
 20
163.9543894444444
 30
0.0
  0
SPLINE
  5
218
330
1F
100
AcDbEntity
  8
DEFAULT
 62
     1
100
AcDbSpline
210
0.0
220
0.0
230
1.0
 70
     8
 71
     3
 72
    23
 73
    19
 74
     0
 42
0.000000001
 43
0.0000000001
 40
0.0
 40
0.0
 40
0.0
 40
0.0
 40
3.819999999999993
 40
3.819999999999993
 40
3.819999999999993
 40
13.73999999999995
 40
13.73999999999995
 40
13.73999999999995
 40
14.73999999999995
 40
14.73999999999995
 40
14.73999999999995
 40
15.73999999999995
 40
15.73999999999995
 40
15.73999999999995
 40
16.73999999999995
 40
16.73999999999995
 40
16.73999999999995
 40
17.73999999999995
 40
17.73999999999995
 40
17.73999999999995
 40
17.73999999999995
 10
251.3492983333333
 20
164.7540308333333
 30
0.0
 10
251.3492983333333
 20
165.203234537037
 30
0.0
 10
251.3492983333333
 20
165.6524382407407
 30
0.0
 10
251.3492983333333
 20
166.1016419444444
 30
0.0
 10
250.1827798148148
 20
166.1016419444444
 30
0.0
 10
249.0162612962963
 20
166.1016419444444
 30
0.0
 10
247.8497427777778
 20
166.1016419444444
 30
0.0
 10
247.6733538888889
 20
166.1016419444444
 30
0.0
 10
247.0665761111111
 20
166.0028641666667
 30
0.0
 10
246.099965
 20
166.0028641666667
 30
0.0
 10
245.1333538888889
 20
166.0028641666667
 30
0.0
 10
244.3466594444444
 20
166.0487252777778
 30
0.0
 10
244.3466594444444
 20
166.1016419444444
 30
0.0
 10
244.3466594444444
 20
172.4622252777778
 30
0.0
 10
244.5018816666667
 20
175.8171419444444
 30
0.0
 10
249.8394094444444
 20
175.5102252777777
 30
0.0
 10
253.8575483333333
 20
175.2773919444444
 30
0.0
 10
258.4683538888889
 20
169.9716141666667
 30
0.0
 10
258.5530205555555
 20
164.7540308333333
 30
0.0
  0
SPLINE
  5
219
330
1F
100
AcDbEntity
  8
DEFAULT
 62
     1
100
AcDbSpline
210
0.0
220
0.0
230
1.0
 70
     8
 71
     3
 72
    23
 73
    19
 74
     0
 42
0.000000001
 43
0.0000000001
 40
0.0
 40
0.0
 40
0.0
 40
0.0
 40
1.0
 40
1.0
 40
1.0
 40
2.0
 40
2.0
 40
2.0
 40
3.0
 40
3.0
 40
3.0
 40
4.0
 40
4.0
 40
4.0
 40
13.92000000000007
 40
13.92000000000007
 40
13.92000000000007
 40
17.75000000000006
 40
17.75000000000006
 40
17.75000000000006
 40
17.75000000000006
 10
258.5530205555555
 20
164.4541697222222
 30
0.0
 10
258.4683538888889
 20
159.2330586111111
 30
0.0
 10
253.8575483333333
 20
153.9237530555556
 30
0.0
 10
249.8394094444444
 20
153.6944475
 30
0.0
 10
244.5018816666666
 20
153.3875308333333
 30
0.0
 10
244.3466594444444
 20
156.7389197222222
 30
0.0
 10
244.3466594444444
 20
163.1030308333333
 30
0.0
 10
244.3466594444444
 20
163.1594752777778
 30
0.0
 10
245.1333538888889
 20
163.2018086111111
 30
0.0
 10
246.099965
 20
163.2018086111111
 30
0.0
 10
247.0665761111111
 20
163.2018086111111
 30
0.0
 10
247.6733538888889
 20
163.1030308333333
 30
0.0
 10
247.8497427777777
 20
163.1030308333333
 30
0.0
 10
249.0162612962963
 20
163.1030308333333
 30
0.0
 10
250.1827798148148
 20
163.1030308333333
 30
0.0
 10
251.3492983333333
 20
163.1030308333333
 30
0.0
 10
251.3492983333333
 20
163.5534104629629
 30
0.0
 10
251.3492983333333
 20
164.0037900925926
 30
0.0
 10
251.3492983333333
 20
164.4541697222222
 30
0.0
  0
SPLINE
  5
21A
330
1F
100
AcDbEntity
  8
DEFAULT
 62
   250
100
AcDbSpline
210
0.0
220
0.0
230
1.0
 70
     8
 71
     3
 72
    11
 73
     7
 74
     0
 42
0.000000001
 43
0.0000000001
 40
0.0
 40
0.0
 40
0.0
 40
0.0
 40
1.020000000000039
 40
1.020000000000039
 40
1.020000000000039
 40
2.020000000000039
 40
2.020000000000039
 40
2.020000000000039
 40
2.020000000000039
 10
272.0305427777777
 20
165.2540227777777
 30
0.0
 10
272.0305427777777
 20
165.2540227777777
 30
0.0
 10
270.3971816666667
 20
164.6955755555555
 30
0.0
 10
270.1421233333333
 20
164.62502
 30
0.0
 10
270.3940066666666
 20
164.5586977777778
 30
0.0
 10
272.0305427777777
 20
163.9543894444444
 30
0.0
 10
272.0305427777777
 20
163.9543894444444
 30
0.0
  0
SPLINE
  5
21B
330
1F
100
AcDbEntity
  8
DEFAULT
 62
     1
100
AcDbSpline
210
0.0
220
0.0
230
1.0
 70
     8
 71
     3
 72
    23
 73
    19
 74
     0
 42
0.000000001
 43
0.0000000001
 40
0.0
 40
0.0
 40
0.0
 40
0.0
 40
3.819999999999993
 40
3.819999999999993
 40
3.819999999999993
 40
13.73999999999995
 40
13.73999999999995
 40
13.73999999999995
 40
14.73999999999995
 40
14.73999999999995
 40
14.73999999999995
 40
15.73999999999995
 40
15.73999999999995
 40
15.73999999999995
 40
16.73999999999995
 40
16.73999999999995
 40
16.73999999999995
 40
17.73999999999995
 40
17.73999999999995
 40
17.73999999999995
 40
17.73999999999995
 10
268.0427427777777
 20
164.7540308333333
 30
0.0
 10
268.0427427777777
 20
165.203234537037
 30
0.0
 10
268.0427427777777
 20
165.6524382407407
 30
0.0
 10
268.0427427777777
 20
166.1016419444444
 30
0.0
 10
266.8762242592592
 20
166.1016419444444
 30
0.0
 10
265.7097057407407
 20
166.1016419444444
 30
0.0
 10
264.5431872222222
 20
166.1016419444444
 30
0.0
 10
264.3667983333333
 20
166.1016419444444
 30
0.0
 10
263.7600205555555
 20
166.0028641666667
 30
0.0
 10
262.7934094444444
 20
166.0028641666667
 30
0.0
 10
261.8267983333333
 20
166.0028641666667
 30
0.0
 10
261.0401038888888
 20
166.0487252777778
 30
0.0
 10
261.0401038888888
 20
166.1016419444444
 30
0.0
 10
261.0401038888888
 20
172.4622252777778
 30
0.0
 10
261.1953261111111
 20
175.8171419444444
 30
0.0
 10
266.5328538888889
 20
175.5102252777777
 30
0.0
 10
270.5509927777778
 20
175.2773919444444
 30
0.0
 10
275.1617983333333
 20
169.9716141666667
 30
0.0
 10
275.2464649999999
 20
164.7540308333333
 30
0.0
  0
SPLINE
  5
21C
330
1F
100
AcDbEntity
  8
DEFAULT
 62
     1
100
AcDbSpline
210
0.0
220
0.0
230
1.0
 70
     8
 71
     3
 72
    23
 73
    19
 74
     0
 42
0.000000001
 43
0.0000000001
 40
0.0
 40
0.0
 40
0.0
 40
0.0
 40
1.0
 40
1.0
 40
1.0
 40
2.0
 40
2.0
 40
2.0
 40
3.0
 40
3.0
 40
3.0
 40
4.0
 40
4.0
 40
4.0
 40
13.92000000000007
 40
13.92000000000007
 40
13.92000000000007
 40
17.75000000000006
 40
17.75000000000006
 40
17.75000000000006
 40
17.75000000000006
 10
275.2464649999999
 20
164.4541697222222
 30
0.0
 10
275.1617983333333
 20
159.2330586111111
 30
0.0
 10
270.5509927777778
 20
153.9237530555556
 30
0.0
 10
266.5328538888888
 20
153.6944475
 30
0.0
 10
261.1988538888888
 20
153.3875308333333
 30
0.0
 10
261.0401038888888
 20
156.7389197222222
 30
0.0
 10
261.0401038888888
 20
163.1030308333333
 30
0.0
 10
261.0401038888888
 20
163.1594752777778
 30
0.0
 10
261.8267983333333
 20
163.2018086111111
 30
0.0
 10
262.7934094444444
 20
163.2018086111111
 30
0.0
 10
263.7600205555555
 20
163.2018086111111
 30
0.0
 10
264.3667983333333
 20
163.1030308333333
 30
0.0
 10
264.5431872222222
 20
163.1030308333333
 30
0.0
 10
265.7097057407407
 20
163.1030308333333
 30
0.0
 10
266.8762242592592
 20
163.1030308333333
 30
0.0
 10
268.0427427777777
 20
163.1030308333333
 30
0.0
 10
268.0427427777777
 20
163.5534104629629
 30
0.0
 10
268.0427427777777
 20
164.0037900925926
 30
0.0
 10
268.0427427777777
 20
164.4541697222222
 30
0.0
  0
SPLINE
  5
21D
330
1F
100
AcDbEntity
  8
DEFAULT
 62
   250
100
AcDbSpline
210
0.0
220
0.0
230
1.0
 70
     8
 71
     3
 72
    11
 73
     7
 74
     0
 42
0.000000001
 43
0.0000000001
 40
0.0
 40
0.0
 40
0.0
 40
0.0
 40
1.020000000000039
 40
1.020000000000039
 40
1.020000000000039
 40
2.020000000000039
 40
2.020000000000039
 40
2.020000000000039
 40
2.020000000000039
 10
288.7249044444444
 20
165.2540227777777
 30
0.0
 10
288.7249044444444
 20
165.2540227777777
 30
0.0
 10
287.0915433333333
 20
164.6955755555555
 30
0.0
 10
286.8361322222222
 20
164.62502
 30
0.0
 10
287.0883683333333
 20
164.5586977777778
 30
0.0
 10
288.7249044444444
 20
163.9543894444444
 30
0.0
 10
288.7249044444444
 20
163.9543894444444
 30
0.0
  0
SPLINE
  5
21E
330
1F
100
AcDbEntity
  8
DEFAULT
 62
     1
100
AcDbSpline
210
0.0
220
0.0
230
1.0
 70
     8
 71
     3
 72
    23
 73
    19
 74
     0
 42
0.000000001
 43
0.0000000001
 40
0.0
 40
0.0
 40
0.0
 40
0.0
 40
3.819999999999993
 40
3.819999999999993
 40
3.819999999999993
 40
13.73999999999995
 40
13.73999999999995
 40
13.73999999999995
 40
14.73999999999995
 40
14.73999999999995
 40
14.73999999999995
 40
15.73999999999995
 40
15.73999999999995
 40
15.73999999999995
 40
16.73999999999995
 40
16.73999999999995
 40
16.73999999999995
 40
17.73999999999995
 40
17.73999999999995
 40
17.73999999999995
 40
17.73999999999995
 10
284.739715
 20
164.7540308333333
 30
0.0
 10
284.739715
 20
165.203234537037
 30
0.0
 10
284.739715
 20
165.6524382407407
 30
0.0
 10
284.739715
 20
166.1016419444444
 30
0.0
 10
283.5731964814815
 20
166.1016419444444
 30
0.0
 10
282.406677962963
 20
166.1016419444444
 30
0.0
 10
281.2401594444444
 20
166.1016419444444
 30
0.0
 10
281.0637705555555
 20
166.1016419444444
 30
0.0
 10
280.4569927777778
 20
166.0028641666667
 30
0.0
 10
279.4903816666667
 20
166.0028641666667
 30
0.0
 10
278.5237705555555
 20
166.0028641666667
 30
0.0
 10
277.7370761111111
 20
166.0487252777778
 30
0.0
 10
277.7370761111111
 20
166.1016419444444
 30
0.0
 10
277.7370761111111
 20
172.4622252777778
 30
0.0
 10
277.8922983333333
 20
175.8171419444444
 30
0.0
 10
283.2298261111111
 20
175.5102252777777
 30
0.0
 10
287.247965
 20
175.2773919444444
 30
0.0
 10
291.8587705555555
 20
169.9716141666667
 30
0.0
 10
291.9434372222222
 20
164.7540308333333
 30
0.0
  0
SPLINE
  5
21F
330
1F
100
AcDbEntity
  8
DEFAULT
 62
     1
100
AcDbSpline
210
0.0
220
0.0
230
1.0
 70
     8
 71
     3
 72
    23
 73
    19
 74
     0
 42
0.000000001
 43
0.0000000001
 40
0.0
 40
0.0
 40
0.0
 40
0.0
 40
1.0
 40
1.0
 40
1.0
 40
2.0
 40
2.0
 40
2.0
 40
3.0
 40
3.0
 40
3.0
 40
4.0
 40
4.0
 40
4.0
 40
13.92000000000007
 40
13.92000000000007
 40
13.92000000000007
 40
17.75000000000006
 40
17.75000000000006
 40
17.75000000000006
 40
17.75000000000006
 10
291.9434372222222
 20
164.4541697222222
 30
0.0
 10
291.8587705555555
 20
159.2330586111111
 30
0.0
 10
287.247965
 20
153.9237530555556
 30
0.0
 10
283.229826111111
 20
153.6944475
 30
0.0
 10
277.8922983333333
 20
153.3875308333333
 30
0.0
 10
277.7370761111111
 20
156.7389197222222
 30
0.0
 10
277.7370761111111
 20
163.1030308333333
 30
0.0
 10
277.7370761111111
 20
163.1594752777778
 30
0.0
 10
278.5237705555555
 20
163.2018086111111
 30
0.0
 10
279.4903816666667
 20
163.2018086111111
 30
0.0
 10
280.4569927777778
 20
163.2018086111111
 30
0.0
 10
281.0637705555555
 20
163.1030308333333
 30
0.0
 10
281.2401594444444
 20
163.1030308333333
 30
0.0
 10
282.406677962963
 20
163.1030308333333
 30
0.0
 10
283.5731964814815
 20
163.1030308333333
 30
0.0
 10
284.739715
 20
163.1030308333333
 30
0.0
 10
284.739715
 20
163.5534104629629
 30
0.0
 10
284.739715
 20
164.0037900925926
 30
0.0
 10
284.739715
 20
164.4541697222222
 30
0.0
  0
SPLINE
  5
220
330
1F
100
AcDbEntity
  8
DEFAULT
 62
   250
100
AcDbSpline
210
0.0
220
0.0
230
1.0
 70
     8
 71
     3
 72
    11
 73
     7
 74
     0
 42
0.000000001
 43
0.0000000001
 40
0.0
 40
0.0
 40
0.0
 40
0.0
 40
1.019999999999982
 40
1.019999999999982
 40
1.019999999999982
 40
2.019999999999982
 40
2.019999999999982
 40
2.019999999999982
 40
2.019999999999982
 10
280.9539508333333
 20
190.0745852777777
 30
0.0
 10
280.9539508333333
 20
190.0745852777777
 30
0.0
 10
282.5873119444444
 20
190.6330325
 30
0.0
 10
282.8423702777777
 20
190.7035880555555
 30
0.0
 10
282.5904869444444
 20
190.7699102777777
 30
0.0
 10
280.9539508333333
 20
191.3742186111111
 30
0.0
 10
280.9539508333333
 20
191.3742186111111
 30
0.0
  0
SPLINE
  5
221
330
1F
100
AcDbEntity
  8
DEFAULT
 62
     1
100
AcDbSpline
210
0.0
220
0.0
230
1.0
 70
     8
 71
     3
 72
    23
 73
    19
 74
     0
 42
0.000000001
 43
0.0000000001
 40
0.0
 40
0.0
 40
0.0
 40
0.0
 40
3.82000000000005
 40
3.82000000000005
 40
3.82000000000005
 40
13.74000000000001
 40
13.74000000000001
 40
13.74000000000001
 40
14.74000000000001
 40
14.74000000000001
 40
14.74000000000001
 40
15.74000000000001
 40
15.74000000000001
 40
15.74000000000001
 40
16.74000000000001
 40
16.74000000000001
 40
16.74000000000001
 40
17.74000000000001
 40
17.74000000000001
 40
17.74000000000001
 40
17.74000000000001
 10
284.9407983333333
 20
190.5745772222222
 30
0.0
 10
284.9407983333333
 20
190.1253735185185
 30
0.0
 10
284.9407983333333
 20
189.6761698148148
 30
0.0
 10
284.9407983333333
 20
189.2269661111111
 30
0.0
 10
286.1073168518519
 20
189.2269661111111
 30
0.0
 10
287.2738353703704
 20
189.2269661111111
 30
0.0
 10
288.4403538888889
 20
189.2269661111111
 30
0.0
 10
288.6167427777777
 20
189.2269661111111
 30
0.0
 10
289.2235205555555
 20
189.3257438888889
 30
0.0
 10
290.1901316666666
 20
189.3257438888889
 30
0.0
 10
291.1567427777778
 20
189.3257438888889
 30
0.0
 10
291.9434372222222
 20
189.2798827777778
 30
0.0
 10
291.9434372222222
 20
189.2269661111111
 30
0.0
 10
291.9434372222222
 20
182.8663827777778
 30
0.0
 10
291.7882149999999
 20
179.5114661111111
 30
0.0
 10
286.4506872222222
 20
179.8183827777778
 30
0.0
 10
282.4325483333333
 20
180.0512161111111
 30
0.0
 10
277.8217427777778
 20
185.3569938888889
 30
0.0
 10
277.7370761111111
 20
190.5745772222222
 30
0.0
  0
SPLINE
  5
222
330
1F
100
AcDbEntity
  8
DEFAULT
 62
     1
100
AcDbSpline
210
0.0
220
0.0
230
1.0
 70
     8
 71
     3
 72
    23
 73
    19
 74
     0
 42
0.000000001
 43
0.0000000001
 40
0.0
 40
0.0
 40
0.0
 40
0.0
 40
1.0
 40
1.0
 40
1.0
 40
2.0
 40
2.0
 40
2.0
 40
3.0
 40
3.0
 40
3.0
 40
4.0
 40
4.0
 40
4.0
 40
13.92000000000007
 40
13.92000000000007
 40
13.92000000000007
 40
17.75000000000011
 40
17.75000000000011
 40
17.75000000000011
 40
17.75000000000011
 10
277.7370761111111
 20
190.8744383333333
 30
0.0
 10
277.8217427777778
 20
196.0955494444444
 30
0.0
 10
282.4325483333333
 20
201.404855
 30
0.0
 10
286.4506872222222
 20
201.6341605555556
 30
0.0
 10
291.788215
 20
201.9410772222222
 30
0.0
 10
291.9434372222222
 20
198.5896883333333
 30
0.0
 10
291.9434372222222
 20
192.2255772222222
 30
0.0
 10
291.9434372222222
 20
192.1691327777778
 30
0.0
 10
291.1567427777778
 20
192.1267994444444
 30
0.0
 10
290.1901316666666
 20
192.1267994444444
 30
0.0
 10
289.2235205555555
 20
192.1267994444444
 30
0.0
 10
288.6167427777777
 20
192.2255772222222
 30
0.0
 10
288.4403538888889
 20
192.2255772222222
 30
0.0
 10
287.2738353703704
 20
192.2255772222222
 30
0.0
 10
286.1073168518519
 20
192.2255772222222
 30
0.0
 10
284.9407983333333
 20
192.2255772222222
 30
0.0
 10
284.9407983333333
 20
191.7751975925926
 30
0.0
 10
284.9407983333333
 20
191.324817962963
 30
0.0
 10
284.9407983333333
 20
190.8744383333333
 30
0.0
  0
SPLINE
  5
223
330
1F
100
AcDbEntity
  8
DEFAULT
 62
   250
100
AcDbSpline
210
0.0
220
0.0
230
1.0
 70
     8
 71
     3
 72
    11
 73
     7
 74
     0
 42
0.000000001
 43
0.0000000001
 40
0.0
 40
0.0
 40
0.0
 40
0.0
 40
1.019999999999982
 40
1.019999999999982
 40
1.019999999999982
 40
2.019999999999982
 40
2.019999999999982
 40
2.019999999999982
 40
2.019999999999982
 10
264.2595538888888
 20
190.0745852777777
 30
0.0
 10
264.2595538888888
 20
190.0745852777777
 30
0.0
 10
265.892915
 20
190.6330325
 30
0.0
 10
266.1479733333333
 20
190.7035880555555
 30
0.0
 10
265.89609
 20
190.7699102777777
 30
0.0
 10
264.2595538888888
 20
191.3742186111111
 30
0.0
 10
264.2595538888888
 20
191.3742186111111
 30
0.0
  0
SPLINE
  5
224
330
1F
100
AcDbEntity
  8
DEFAULT
 62
     1
100
AcDbSpline
210
0.0
220
0.0
230
1.0
 70
     8
 71
     3
 72
    23
 73
    19
 74
     0
 42
0.000000001
 43
0.0000000001
 40
0.0
 40
0.0
 40
0.0
 40
0.0
 40
3.82000000000005
 40
3.82000000000005
 40
3.82000000000005
 40
13.74000000000001
 40
13.74000000000001
 40
13.74000000000001
 40
14.74000000000001
 40
14.74000000000001
 40
14.74000000000001
 40
15.74000000000001
 40
15.74000000000001
 40
15.74000000000001
 40
16.74000000000001
 40
16.74000000000001
 40
16.74000000000001
 40
17.74000000000001
 40
17.74000000000001
 40
17.74000000000001
 40
17.74000000000001
 10
268.2473538888889
 20
190.5745772222222
 30
0.0
 10
268.2473538888889
 20
190.1253735185185
 30
0.0
 10
268.2473538888889
 20
189.6761698148148
 30
0.0
 10
268.2473538888889
 20
189.2269661111111
 30
0.0
 10
269.4138724074074
 20
189.2269661111111
 30
0.0
 10
270.5803909259259
 20
189.2269661111111
 30
0.0
 10
271.7469094444444
 20
189.2269661111111
 30
0.0
 10
271.9232983333333
 20
189.2269661111111
 30
0.0
 10
272.5300761111111
 20
189.3257438888889
 30
0.0
 10
273.4966872222222
 20
189.3257438888889
 30
0.0
 10
274.4632983333333
 20
189.3257438888889
 30
0.0
 10
275.2499927777778
 20
189.2798827777778
 30
0.0
 10
275.2499927777778
 20
189.2269661111111
 30
0.0
 10
275.2499927777778
 20
182.8663827777778
 30
0.0
 10
275.0947705555556
 20
179.5114661111111
 30
0.0
 10
269.7572427777778
 20
179.8183827777778
 30
0.0
 10
265.7391038888888
 20
180.0512161111111
 30
0.0
 10
261.1282983333334
 20
185.3569938888889
 30
0.0
 10
261.0436316666667
 20
190.5745772222222
 30
0.0
  0
SPLINE
  5
225
330
1F
100
AcDbEntity
  8
DEFAULT
 62
     1
100
AcDbSpline
210
0.0
220
0.0
230
1.0
 70
     8
 71
     3
 72
    23
 73
    19
 74
     0
 42
0.000000001
 43
0.0000000001
 40
0.0
 40
0.0
 40
0.0
 40
0.0
 40
1.0
 40
1.0
 40
1.0
 40
2.0
 40
2.0
 40
2.0
 40
3.0
 40
3.0
 40
3.0
 40
4.0
 40
4.0
 40
4.0
 40
13.92000000000007
 40
13.92000000000007
 40
13.92000000000007
 40
17.75000000000011
 40
17.75000000000011
 40
17.75000000000011
 40
17.75000000000011
 10
261.0436316666666
 20
190.8744383333333
 30
0.0
 10
261.1282983333333
 20
196.0955494444444
 30
0.0
 10
265.7391038888888
 20
201.404855
 30
0.0
 10
269.7572427777778
 20
201.6341605555556
 30
0.0
 10
275.0912427777778
 20
201.9410772222222
 30
0.0
 10
275.2499927777777
 20
198.5896883333333
 30
0.0
 10
275.2499927777777
 20
192.2255772222222
 30
0.0
 10
275.2499927777777
 20
192.1691327777778
 30
0.0
 10
274.4632983333333
 20
192.1267994444444
 30
0.0
 10
273.4966872222222
 20
192.1267994444444
 30
0.0
 10
272.5300761111111
 20
192.1267994444444
 30
0.0
 10
271.9232983333333
 20
192.2255772222222
 30
0.0
 10
271.7469094444444
 20
192.2255772222222
 30
0.0
 10
270.5803909259259
 20
192.2255772222222
 30
0.0
 10
269.4138724074074
 20
192.2255772222222
 30
0.0
 10
268.2473538888888
 20
192.2255772222222
 30
0.0
 10
268.2473538888888
 20
191.7751975925926
 30
0.0
 10
268.2473538888888
 20
191.324817962963
 30
0.0
 10
268.2473538888888
 20
190.8744383333333
 30
0.0
  0
SPLINE
  5
226
330
1F
100
AcDbEntity
  8
DEFAULT
 62
   250
100
AcDbSpline
210
0.0
220
0.0
230
1.0
 70
     8
 71
     3
 72
    11
 73
     7
 74
     0
 42
0.000000001
 43
0.0000000001
 40
0.0
 40
0.0
 40
0.0
 40
0.0
 40
1.019999999999982
 40
1.019999999999982
 40
1.019999999999982
 40
2.019999999999982
 40
2.019999999999982
 40
2.019999999999982
 40
2.019999999999982
 10
247.5651922222222
 20
190.0745852777777
 30
0.0
 10
247.5651922222222
 20
190.0745852777777
 30
0.0
 10
249.1985533333333
 20
190.6330325
 30
0.0
 10
249.4539644444444
 20
190.7035880555555
 30
0.0
 10
249.2017283333333
 20
190.7699102777777
 30
0.0
 10
247.5651922222222
 20
191.3742186111111
 30
0.0
 10
247.5651922222222
 20
191.3742186111111
 30
0.0
  0
SPLINE
  5
227
330
1F
100
AcDbEntity
  8
DEFAULT
 62
     1
100
AcDbSpline
210
0.0
220
0.0
230
1.0
 70
     8
 71
     3
 72
    23
 73
    19
 74
     0
 42
0.000000001
 43
0.0000000001
 40
0.0
 40
0.0
 40
0.0
 40
0.0
 40
3.82000000000005
 40
3.82000000000005
 40
3.82000000000005
 40
13.74000000000001
 40
13.74000000000001
 40
13.74000000000001
 40
14.74000000000001
 40
14.74000000000001
 40
14.74000000000001
 40
15.74000000000001
 40
15.74000000000001
 40
15.74000000000001
 40
16.74000000000001
 40
16.74000000000001
 40
16.74000000000001
 40
17.74000000000001
 40
17.74000000000001
 40
17.74000000000001
 40
17.74000000000001
 10
251.5503816666667
 20
190.5745772222222
 30
0.0
 10
251.5503816666667
 20
190.1253735185185
 30
0.0
 10
251.5503816666667
 20
189.6761698148148
 30
0.0
 10
251.5503816666667
 20
189.2269661111111
 30
0.0
 10
252.7169001851852
 20
189.2269661111111
 30
0.0
 10
253.8834187037037
 20
189.2269661111111
 30
0.0
 10
255.0499372222222
 20
189.2269661111111
 30
0.0
 10
255.2263261111111
 20
189.2269661111111
 30
0.0
 10
255.8331038888889
 20
189.3257438888889
 30
0.0
 10
256.799715
 20
189.3257438888889
 30
0.0
 10
257.7663261111111
 20
189.3257438888889
 30
0.0
 10
258.5530205555555
 20
189.2798827777778
 30
0.0
 10
258.5530205555555
 20
189.2269661111111
 30
0.0
 10
258.5530205555555
 20
182.8663827777778
 30
0.0
 10
258.3977983333333
 20
179.5114661111111
 30
0.0
 10
253.0602705555555
 20
179.8183827777778
 30
0.0
 10
249.0421316666666
 20
180.0512161111111
 30
0.0
 10
244.4313261111111
 20
185.3569938888889
 30
0.0
 10
244.3466594444444
 20
190.5745772222222
 30
0.0
  0
SPLINE
  5
228
330
1F
100
AcDbEntity
  8
DEFAULT
 62
     1
100
AcDbSpline
210
0.0
220
0.0
230
1.0
 70
     8
 71
     3
 72
    23
 73
    19
 74
     0
 42
0.000000001
 43
0.0000000001
 40
0.0
 40
0.0
 40
0.0
 40
0.0
 40
1.0
 40
1.0
 40
1.0
 40
2.0
 40
2.0
 40
2.0
 40
3.0
 40
3.0
 40
3.0
 40
4.0
 40
4.0
 40
4.0
 40
13.92000000000007
 40
13.92000000000007
 40
13.92000000000007
 40
17.75000000000011
 40
17.75000000000011
 40
17.75000000000011
 40
17.75000000000011
 10
244.3466594444444
 20
190.8744383333333
 30
0.0
 10
244.4313261111111
 20
196.0955494444444
 30
0.0
 10
249.0421316666666
 20
201.404855
 30
0.0
 10
253.0602705555555
 20
201.6341605555556
 30
0.0
 10
258.3977983333334
 20
201.9410772222222
 30
0.0
 10
258.5530205555555
 20
198.5896883333333
 30
0.0
 10
258.5530205555555
 20
192.2255772222222
 30
0.0
 10
258.5530205555555
 20
192.1691327777778
 30
0.0
 10
257.7663261111111
 20
192.1267994444444
 30
0.0
 10
256.799715
 20
192.1267994444444
 30
0.0
 10
255.8331038888889
 20
192.1267994444444
 30
0.0
 10
255.2263261111111
 20
192.2255772222222
 30
0.0
 10
255.0499372222222
 20
192.2255772222222
 30
0.0
 10
253.8834187037037
 20
192.2255772222222
 30
0.0
 10
252.7169001851852
 20
192.2255772222222
 30
0.0
 10
251.5503816666667
 20
192.2255772222222
 30
0.0
 10
251.5503816666667
 20
191.7751975925926
 30
0.0
 10
251.5503816666667
 20
191.324817962963
 30
0.0
 10
251.5503816666667
 20
190.8744383333333
 30
0.0
  0
SPLINE
  5
229
330
1F
100
AcDbEntity
  8
DEFAULT
 62
   250
100
AcDbSpline
210
0.0
220
0.0
230
1.0
 70
     8
 71
     3
 72
    17
 73
    13
 74
     0
 42
0.000000001
 43
0.0000000001
 40
0.0
 40
0.0
 40
0.0
 40
0.0
 40
3.340000000000032
 40
3.340000000000032
 40
3.340000000000032
 40
4.340000000000032
 40
4.340000000000032
 40
4.340000000000032
 40
5.340000000000032
 40
5.340000000000032
 40
5.340000000000032
 40
8.714000000000055
 40
8.714000000000055
 40
8.714000000000055
 40
8.714000000000055
 10
254.3821641666667
 20
248.1165133333333
 30
0.0
 10
253.9894049074074
 20
248.1165133333333
 30
0.0
 10
253.5966456481482
 20
248.1165133333333
 30
0.0
 10
253.2038863888889
 20
248.1165133333333
 30
0.0
 10
252.5829975
 20
248.1165133333333
 30
0.0
 10
252.3282919444444
 20
248.4431855555555
 30
0.0
 10
252.3282919444444
 20
248.8809827777778
 30
0.0
 10
252.3282919444444
 20
249.2947911111111
 30
0.0
 10
252.5653586111111
 20
249.6066466666667
 30
0.0
 10
253.1918919444444
 20
249.6066466666667
 30
0.0
 10
253.5886493518518
 20
249.6066466666667
 30
0.0
 10
253.9854067592592
 20
249.6066466666667
 30
0.0
 10
254.3821641666667
 20
249.6066466666667
 30
0.0
  0
SPLINE
  5
22A
330
1F
100
AcDbEntity
  8
DEFAULT
 62
   250
100
AcDbSpline
210
0.0
220
0.0
230
1.0
 70
     8
 71
     3
 72
    26
 73
    22
 74
     0
 42
0.000000001
 43
0.0000000001
 40
0.0
 40
0.0
 40
0.0
 40
0.0
 40
1.0
 40
1.0
 40
1.0
 40
2.0
 40
2.0
 40
2.0
 40
3.0
 40
3.0
 40
3.0
 40
4.0
 40
4.0
 40
4.0
 40
5.0
 40
5.0
 40
5.0
 40
6.0
 40
6.0
 40
6.0
 40
7.0
 40
7.0
 40
7.0
 40
7.0
 10
277.5348638888889
 20
239.1948338888889
 30
0.0
 10
277.2985027777777
 20
239.04067
 30
0.0
 10
276.5350916666666
 20
239.2488088888889
 30
0.0
 10
276.3181333333333
 20
239.1292172222222
 30
0.0
 10
276.278975
 20
239.1080505555555
 30
0.0
 10
276.7643972222222
 20
238.7348116666666
 30
0.0
 10
276.7382916666666
 20
238.7058838888889
 30
0.0
 10
276.4038583333333
 20
238.3615727777778
 30
0.0
 10
275.8658722222222
 20
238.2938394444444
 30
0.0
 10
275.3829194444444
 20
238.72952
 30
0.0
 10
274.9020833333333
 20
239.1634366666666
 30
0.0
 10
274.8576333333333
 20
239.7363477777778
 30
0.0
 10
275.2231111111111
 20
240.1413366666666
 30
0.0
 10
275.5907055555555
 20
240.548795
 30
0.0
 10
276.1456249999999
 20
240.5286866666666
 30
0.0
 10
276.5887138888888
 20
240.1289894444444
 30
0.0
 10
276.9739472222222
 20
239.7815033333333
 30
0.0
 10
277.0388583333333
 20
239.2999616666666
 30
0.0
 10
276.9481944444444
 20
239.0741838888889
 30
0.0
 10
276.8571777777777
 20
238.8484061111111
 30
0.0
 10
276.7633388888888
 20
238.7281088888889
 30
0.0
 10
276.7633388888888
 20
238.7281088888889
 30
0.0
  0
SPLINE
  5
22B
330
1F
100
AcDbEntity
  8
DEFAULT
 62
   250
100
AcDbSpline
210
0.0
220
0.0
230
1.0
 70
     8
 71
     3
 72
    26
 73
    22
 74
     0
 42
0.000000001
 43
0.0000000001
 40
0.0
 40
0.0
 40
0.0
 40
0.0
 40
1.0
 40
1.0
 40
1.0
 40
2.0
 40
2.0
 40
2.0
 40
3.0
 40
3.0
 40
3.0
 40
4.0
 40
4.0
 40
4.0
 40
5.0
 40
5.0
 40
5.0
 40
6.0
 40
6.0
 40
6.0
 40
7.0
 40
7.0
 40
7.0
 40
7.0
 10
276.5130783333333
 20
247.7848669444444
 30
0.0
 10
276.3518588888888
 20
247.5530919444444
 30
0.0
 10
275.56587
 20
247.4599586111111
 30
0.0
 10
275.4099422222222
 20
247.2680475
 30
0.0
 10
275.3813672222222
 20
247.2334752777778
 30
0.0
 10
275.9715644444444
 20
247.0694336111111
 30
0.0
 10
275.9581588888889
 20
247.0327447222222
 30
0.0
 10
275.7768311111111
 20
246.5882447222222
 30
0.0
 10
275.3037561111111
 20
246.3236613888888
 30
0.0
 10
274.692745
 20
246.5466169444444
 30
0.0
 10
274.0842033333333
 20
246.7681613888889
 30
0.0
 10
273.8280866666666
 20
247.2828641666666
 30
0.0
 10
274.0150588888889
 20
247.7954502777777
 30
0.0
 10
274.2030894444444
 20
248.3112113888888
 30
0.0
 10
274.7252005555555
 20
248.5006530555555
 30
0.0
 10
275.2857644444444
 20
248.2960419444444
 30
0.0
 10
275.7733033333333
 20
248.1182419444444
 30
0.0
 10
276.0138977777777
 20
247.6963197222222
 30
0.0
 10
276.0142505555555
 20
247.4529030555555
 30
0.0
 10
276.0149561111111
 20
247.2098391666667
 30
0.0
 10
275.9729755555555
 20
247.0627308333333
 30
0.0
 10
275.9729755555555
 20
247.0627308333333
 30
0.0
  0
SPLINE
  5
22C
330
1F
100
AcDbEntity
  8
DEFAULT
 62
   250
100
AcDbSpline
210
0.0
220
0.0
230
1.0
 70
     8
 71
     3
 72
    26
 73
    22
 74
     0
 42
0.000000001
 43
0.0000000001
 40
0.0
 40
0.0
 40
0.0
 40
0.0
 40
1.0
 40
1.0
 40
1.0
 40
2.0
 40
2.0
 40
2.0
 40
3.0
 40
3.0
 40
3.0
 40
4.0
 40
4.0
 40
4.0
 40
5.0
 40
5.0
 40
5.0
 40
6.0
 40
6.0
 40
6.0
 40
7.0
 40
7.0
 40
7.0
 40
7.0
 10
272.2228066666667
 20
255.7186980555555
 30
0.0
 10
272.15084
 20
255.4460008333333
 30
0.0
 10
271.4442261111111
 20
255.0889897222222
 30
0.0
 10
271.36344
 20
254.8550980555555
 30
0.0
 10
271.3482705555555
 20
254.8131175
 30
0.0
 10
271.9589288888889
 20
254.8610952777777
 30
0.0
 10
271.9589288888889
 20
254.8219369444444
 30
0.0
 10
271.9409372222222
 20
254.3425119444444
 30
0.0
 10
271.5871011111111
 20
253.9318786111111
 30
0.0
 10
270.9365788888889
 20
253.9318786111111
 30
0.0
 10
270.2888788888889
 20
253.9318786111111
 30
0.0
 10
269.8722483333333
 20
254.3273425
 30
0.0
 10
269.8722483333333
 20
254.8730897222222
 30
0.0
 10
269.8722483333333
 20
255.4220119444444
 30
0.0
 10
270.2976983333333
 20
255.7786702777777
 30
0.0
 10
270.8945983333333
 20
255.7786702777777
 30
0.0
 10
271.4135344444445
 20
255.7786702777777
 30
0.0
 10
271.7839511111111
 20
255.4643452777777
 30
0.0
 10
271.8679122222222
 20
255.2360980555555
 30
0.0
 10
271.9518733333333
 20
255.0074980555555
 30
0.0
 10
271.9624566666666
 20
254.8550980555555
 30
0.0
 10
271.9624566666666
 20
254.8550980555555
 30
0.0
  0
SPLINE
  5
22D
330
1F
100
AcDbEntity
  8
DEFAULT
 62
     1
100
AcDbSpline
210
0.0
220
0.0
230
1.0
 70
     8
 71
     3
 72
    65
 73
    61
 74
     0
 42
0.000000001
 43
0.0000000001
 40
0.0
 40
0.0
 40
0.0
 40
0.0
 40
3.830000000000041
 40
3.830000000000041
 40
3.830000000000041
 40
13.75
 40
13.75
 40
13.75
 40
14.75
 40
14.75
 40
14.75
 40
15.75
 40
15.75
 40
15.75
 40
16.75
 40
16.75
 40
16.75
 40
17.75
 40
17.75
 40
17.75
 40
18.75
 40
18.75
 40
18.75
 40
19.75
 40
19.75
 40
19.75
 40
20.75
 40
20.75
 40
20.75
 40
21.75
 40
21.75
 40
21.75
 40
22.75
 40
22.75
 40
22.75
 40
31.26072264851823
 40
31.26072264851823
 40
31.26072264851823
 40
32.26072264851823
 40
32.26072264851823
 40
32.26072264851823
 40
33.26072264851823
 40
33.26072264851823
 40
33.26072264851823
 40
34.26072264851823
 40
34.26072264851823
 40
34.26072264851823
 40
35.26072264851823
 40
35.26072264851823
 40
35.26072264851823
 40
36.26072264851823
 40
36.26072264851823
 40
36.26072264851823
 40
37.26072264851823
 40
37.26072264851823
 40
37.26072264851823
 40
38.26072264851823
 40
38.26072264851823
 40
38.26072264851823
 40
42.08226683902557
 40
42.08226683902557
 40
42.08226683902557
 40
42.08226683902557
 10
250.31319
 20
248.7118258333333
 30
0.0
 10
250.31319
 20
248.2614462037037
 30
0.0
 10
250.31319
 20
247.8110665740741
 30
0.0
 10
250.31319
 20
247.3606869444444
 30
0.0
 10
249.1466714814815
 20
247.3606869444444
 30
0.0
 10
247.980152962963
 20
247.3606869444444
 30
0.0
 10
246.8136344444445
 20
247.3606869444444
 30
0.0
 10
246.6372455555556
 20
247.3606869444444
 30
0.0
 10
246.0304677777778
 20
247.4594647222222
 30
0.0
 10
245.0638566666667
 20
247.4594647222222
 30
0.0
 10
244.0972455555556
 20
247.4594647222222
 30
0.0
 10
243.3140788888889
 20
247.4136036111111
 30
0.0
 10
243.3140788888889
 20
247.3606869444444
 30
0.0
 10
243.3140788888889
 20
245.7026313888889
 30
0.0
 10
244.6546344444444
 20
244.3585480555555
 30
0.0
 10
246.31269
 20
244.3585480555555
 30
0.0
 10
254.9098844444444
 20
244.3585480555555
 30
0.0
 10
251.6996066666667
 20
237.5146591666667
 30
0.0
 10
270.0546344444444
 20
237.5146591666667
 30
0.0
 10
272.5205511111111
 20
237.5146591666667
 30
0.0
 10
273.8646344444444
 20
234.3502425
 30
0.0
 10
278.2143844444444
 20
228.2648258333333
 30
0.0
 10
279.6643011111111
 20
226.2398813888888
 30
0.0
 10
281.5340233333333
 20
230.3850202777778
 30
0.0
 10
282.53944
 20
231.5033258333333
 30
0.0
 10
282.5747177777778
 20
231.5421313888889
 30
0.0
 10
282.0243844444444
 20
232.0995202777777
 30
0.0
 10
281.30119
 20
232.7451036111111
 30
0.0
 10
280.5850511111111
 20
233.3942147222222
 30
0.0
 10
280.0664677777778
 20
233.7293536111111
 30
0.0
 10
279.93594
 20
233.8457702777778
 30
0.0
 10
279.2903566666666
 20
234.4313813888889
 30
0.0
 10
277.3394955555556
 20
236.1882147222222
 30
0.0
 10
277.3394955555556
 20
236.1882147222222
 30
0.0
 10
278.0097733333333
 20
236.9313999074074
 30
0.0
 10
278.6800511111111
 20
237.6745850925926
 30
0.0
 10
279.3503288888889
 20
238.4177702777778
 30
0.0
 10
279.3503288888889
 20
238.4177702777778
 30
0.0
 10
281.2976622222222
 20
236.6609369444444
 30
0.0
 10
281.9467733333333
 20
236.0753258333333
 30
0.0
 10
282.0773011111111
 20
235.9589091666667
 30
0.0
 10
282.4583011111111
 20
235.4756036111111
 30
0.0
 10
283.1814955555556
 20
234.8264925
 30
0.0
 10
283.8976344444445
 20
234.1773813888888
 30
0.0
 10
284.50794
 20
233.6905480555555
 30
0.0
 10
284.5467455555555
 20
233.7293536111111
 30
0.0
 10
286.5575788888889
 20
235.9553813888889
 30
0.0
 10
283.0015788888888
 20
239.7054091666667
 30
0.0
 10
284.03169
 20
242.5205758333333
 30
0.0
 10
284.0528566666666
 20
242.5734925
 30
0.0
 10
283.3296622222222
 20
242.8839369444444
 30
0.0
 10
282.4230233333333
 20
243.2155480555555
 30
0.0
 10
281.5128566666666
 20
243.5506869444444
 30
0.0
 10
280.9096066666667
 20
243.6635758333333
 30
0.0
 10
280.7438011111111
 20
243.7235480555555
 30
0.0
 10
279.9218288888889
 20
244.0234091666667
 30
0.0
 10
277.4559122222222
 20
244.9265202777778
 30
0.0
 10
277.4559122222222
 20
244.9265202777778
 30
0.0
 10
277.6099585185185
 20
245.3486776851852
 30
0.0
 10
277.7640048148148
 20
245.7708350925926
 30
0.0
 10
277.9180511111111
 20
246.1929925
 30
0.0
  0
SPLINE
  5
22E
330
1F
100
AcDbEntity
  8
DEFAULT
 62
     1
100
AcDbSpline
210
0.0
220
0.0
230
1.0
 70
     8
 71
     3
 72
    68
 73
    64
 74
     0
 42
0.000000001
 43
0.0000000001
 40
0.0
 40
0.0
 40
0.0
 40
0.0
 40
3.82000000000005
 40
3.82000000000005
 40
3.82000000000005
 40
13.74000000000001
 40
13.74000000000001
 40
13.74000000000001
 40
14.74000000000001
 40
14.74000000000001
 40
14.74000000000001
 40
15.74000000000001
 40
15.74000000000001
 40
15.74000000000001
 40
16.74000000000001
 40
16.74000000000001
 40
16.74000000000001
 40
17.74000000000001
 40
17.74000000000001
 40
17.74000000000001
 40
18.74000000000001
 40
18.74000000000001
 40
18.74000000000001
 40
19.74000000000001
 40
19.74000000000001
 40
19.74000000000001
 40
20.74000000000001
 40
20.74000000000001
 40
20.74000000000001
 40
21.74000000000001
 40
21.74000000000001
 40
21.74000000000001
 40
22.74000000000001
 40
22.74000000000001
 40
22.74000000000001
 40
32.66000000000008
 40
32.66000000000008
 40
32.66000000000008
 40
41.17000000000019
 40
41.17000000000019
 40
41.17000000000019
 40
51.09000000000026
 40
51.09000000000026
 40
51.09000000000026
 40
52.09000000000026
 40
52.09000000000026
 40
52.09000000000026
 40
53.09000000000026
 40
53.09000000000026
 40
53.09000000000026
 40
54.09000000000026
 40
54.09000000000026
 40
54.09000000000026
 40
55.09000000000026
 40
55.09000000000026
 40
55.09000000000026
 40
56.09000000000026
 40
56.09000000000026
 40
56.09000000000026
 40
57.09000000000026
 40
57.09000000000026
 40
57.09000000000026
 40
60.9115441905076
 40
60.9115441905076
 40
60.9115441905076
 40
60.9115441905076
 10
250.31319
 20
249.0116869444444
 30
0.0
 10
250.31319
 20
249.4608906481482
 30
0.0
 10
250.31319
 20
249.9100943518519
 30
0.0
 10
250.31319
 20
250.3592980555556
 30
0.0
 10
249.1466714814815
 20
250.3592980555556
 30
0.0
 10
247.980152962963
 20
250.3592980555556
 30
0.0
 10
246.8136344444445
 20
250.3592980555556
 30
0.0
 10
246.6372455555556
 20
250.3592980555556
 30
0.0
 10
246.0304677777778
 20
250.2605202777777
 30
0.0
 10
245.0638566666667
 20
250.2605202777777
 30
0.0
 10
244.0972455555556
 20
250.2605202777777
 30
0.0
 10
243.3140788888889
 20
250.3028536111111
 30
0.0
 10
243.3140788888889
 20
250.3592980555556
 30
0.0
 10
243.3140788888889
 20
252.0173536111111
 30
0.0
 10
244.6546344444444
 20
253.3579091666667
 30
0.0
 10
246.31269
 20
253.3579091666667
 30
0.0
 10
251.2163011111111
 20
253.3579091666667
 30
0.0
 10
255.0545233333333
 20
257.9193258333333
 30
0.0
 10
259.4395511111111
 20
255.6262702777778
 30
0.0
 10
264.3255233333333
 20
253.0756869444444
 30
0.0
 10
260.6213566666667
 20
256.6457980555555
 30
0.0
 10
267.0560233333333
 20
260.2688258333333
 30
0.0
 10
271.14119
 20
262.5689369444444
 30
0.0
 10
272.1042733333333
 20
262.5971591666666
 30
0.0
 10
274.91944
 20
261.0519925
 30
0.0
 10
278.2249677777777
 20
259.2387147222222
 30
0.0
 10
281.0895233333333
 20
259.3551313888889
 30
0.0
 10
281.0895233333333
 20
256.3565202777778
 30
0.0
 10
281.0895233333333
 20
256.3000758333333
 30
0.0
 10
280.3063566666667
 20
256.2542147222222
 30
0.0
 10
279.3397455555555
 20
256.2542147222222
 30
0.0
 10
278.3731344444444
 20
256.2542147222222
 30
0.0
 10
277.7628288888889
 20
256.3565202777778
 30
0.0
 10
277.5899677777778
 20
256.3565202777778
 30
0.0
 10
276.4234492592593
 20
256.3565202777778
 30
0.0
 10
275.2569307407408
 20
256.3565202777778
 30
0.0
 10
274.0904122222222
 20
256.3565202777778
 30
0.0
 10
274.0904122222222
 20
255.3558073148148
 30
0.0
 10
274.0904122222222
 20
254.3550943518518
 30
0.0
 10
274.0904122222222
 20
253.3543813888889
 30
0.0
 10
275.2569307407408
 20
253.3543813888889
 30
0.0
 10
276.4234492592593
 20
253.3543813888889
 30
0.0
 10
277.5899677777778
 20
253.3543813888889
 30
0.0
 10
277.7628288888889
 20
253.3543813888889
 30
0.0
 10
278.3731344444444
 20
253.4566869444444
 30
0.0
 10
279.3397455555555
 20
253.4566869444444
 30
0.0
 10
280.3063566666667
 20
253.4566869444444
 30
0.0
 10
281.0895233333333
 20
253.4108258333333
 30
0.0
 10
281.0895233333333
 20
253.3543813888889
 30
0.0
 10
281.0895233333333
 20
250.1864369444444
 30
0.0
 10
286.0883844444444
 20
248.1614925
 30
0.0
 10
285.0618011111111
 20
245.3427980555556
 30
0.0
 10
285.0441622222222
 20
245.2898813888889
 30
0.0
 10
284.2927455555555
 20
245.5156591666667
 30
0.0
 10
283.3825788888889
 20
245.8472702777778
 30
0.0
 10
282.47594
 20
246.1824091666667
 30
0.0
 10
281.93619
 20
246.4822702777778
 30
0.0
 10
281.7739122222222
 20
246.5422425
 30
0.0
 10
280.95194
 20
246.8385758333333
 30
0.0
 10
278.4824955555555
 20
247.7416869444444
 30
0.0
 10
278.4824955555555
 20
247.7416869444444
 30
0.0
 10
278.3284492592592
 20
247.319529537037
 30
0.0
 10
278.1744029629629
 20
246.8973721296296
 30
0.0
 10
278.0203566666667
 20
246.4752147222222
 30
0.0
  0
POLYLINE
  5
22F
330
1F
100
AcDbEntity
  8
DEFAULT
 62
   250
100
AcDb2dPolyline
 66
     1
 10
0.0
 20
0.0
 30
0.0
  0
VERTEX
  5
230
330
22F
100
AcDbEntity
  8
DEFAULT
 62
   250
100
AcDbVertex
100
AcDb2dVertex
 10
81.06180694444444
 20
266.9722738888889
 30
0.0
  0
VERTEX
  5
231
330
22F
100
AcDbEntity
  8
DEFAULT
 62
   250
100
AcDbVertex
100
AcDb2dVertex
 10
79.56567638888889
 20
266.9722738888889
 30
0.0
  0
SEQEND
  5
232
330
22F
100
AcDbEntity
  8
DEFAULT
 62
   250
  0
POLYLINE
  5
233
330
1F
100
AcDbEntity
  8
DEFAULT
 62
   250
100
AcDb2dPolyline
 66
     1
 10
0.0
 20
0.0
 30
0.0
  0
VERTEX
  5
234
330
233
100
AcDbEntity
  8
DEFAULT
 62
   250
100
AcDbVertex
100
AcDb2dVertex
 10
80.31381222222221
 20
266.9722738888889
 30
0.0
  0
VERTEX
  5
235
330
233
100
AcDbEntity
  8
DEFAULT
 62
   250
100
AcDbVertex
100
AcDb2dVertex
 10
80.31381222222221
 20
268.9933377777778
 30
0.0
  0
SEQEND
  5
236
330
233
100
AcDbEntity
  8
DEFAULT
 62
   250
  0
SPLINE
  5
237
330
1F
100
AcDbEntity
  8
DEFAULT
 62
   250
100
AcDbSpline
210
0.0
220
0.0
230
1.0
 70
     8
 71
     3
 72
    23
 73
    19
 74
     0
 42
0.000000001
 43
0.0000000001
 40
0.0
 40
0.0
 40
0.0
 40
0.0
 40
1.0
 40
1.0
 40
1.0
 40
2.0
 40
2.0
 40
2.0
 40
3.0
 40
3.0
 40
3.0
 40
4.0
 40
4.0
 40
4.0
 40
5.0
 40
5.0
 40
5.0
 40
6.0
 40
6.0
 40
6.0
 40
6.0
 10
84.69919277777777
 20
261.2405874999999
 30
0.0
 10
84.59618166666665
 20
261.1827319444444
 30
0.0
 10
84.46953444444443
 20
261.0691375
 30
0.0
 10
84.37710666666665
 20
260.9093291666666
 30
0.0
 10
84.18096222222222
 20
260.5706625
 30
0.0
 10
84.27056777777777
 20
260.2446958333333
 30
0.0
 10
84.52492055555554
 20
260.0975875
 30
0.0
 10
84.71365666666665
 20
259.9882263888889
 30
0.0
 10
84.96977333333332
 20
260.1378041666666
 30
0.0
 10
85.10947333333333
 20
260.3791041666667
 30
0.0
 10
85.32466777777776
 20
260.7509319444444
 30
0.0
 10
85.57196499999999
 20
260.8094930555555
 30
0.0
 10
85.80620944444443
 20
260.6736736111111
 30
0.0
 10
86.08313999999999
 20
260.5135124999999
 30
0.0
 10
86.15404833333332
 20
260.1850763888889
 30
0.0
 10
85.93744277777776
 20
259.8104263888889
 30
0.0
 10
85.83760666666666
 20
259.6379180555555
 30
0.0
 10
85.70284555555554
 20
259.5028041666666
 30
0.0
 10
85.5733761111111
 20
259.4297791666666
 30
0.0
  0
SPLINE
  5
238
330
1F
100
AcDbEntity
  8
DEFAULT
 62
     1
100
AcDbSpline
210
0.0
220
0.0
230
1.0
 70
     8
 71
     3
 72
    38
 73
    34
 74
     0
 42
0.000000001
 43
0.0000000001
 40
0.0
 40
0.0
 40
0.0
 40
0.0
 40
3.819999999999993
 40
3.819999999999993
 40
3.819999999999993
 40
13.73999999999995
 40
13.73999999999995
 40
13.73999999999995
 40
14.73999999999995
 40
14.73999999999995
 40
14.73999999999995
 40
15.73999999999995
 40
15.73999999999995
 40
15.73999999999995
 40
16.73999999999995
 40
16.73999999999995
 40
16.73999999999995
 40
17.73999999999995
 40
17.73999999999995
 40
17.73999999999995
 40
18.73999999999995
 40
18.73999999999995
 40
18.73999999999995
 40
19.73999999999995
 40
19.73999999999995
 40
19.73999999999995
 40
20.73999999999995
 40
20.73999999999995
 40
20.73999999999995
 40
21.73999999999995
 40
21.73999999999995
 40
21.73999999999995
 40
25.5665519727294
 40
25.5665519727294
 40
25.5665519727294
 40
25.5665519727294
 10
80.46504805555554
 20
271.0234327777778
 30
0.0
 10
80.91425175925924
 20
271.0234327777778
 30
0.0
 10
81.36345546296296
 20
271.0234327777778
 30
0.0
 10
81.81265916666666
 20
271.0234327777778
 30
0.0
 10
81.81265916666666
 20
272.1899512962963
 30
0.0
 10
81.81265916666666
 20
273.3564698148148
 30
0.0
 10
81.81265916666666
 20
274.5229883333333
 30
0.0
 10
81.81265916666666
 20
274.6958494444444
 30
0.0
 10
81.71388138888888
 20
275.306155
 30
0.0
 10
81.71388138888888
 20
276.2727661111111
 30
0.0
 10
81.71388138888888
 20
277.2393772222222
 30
0.0
 10
81.75621472222221
 20
278.0225438888889
 30
0.0
 10
81.81265916666666
 20
278.0225438888889
 30
0.0
 10
83.47071472222221
 20
278.0225438888889
 30
0.0
 10
84.81127027777777
 20
276.6819883333333
 30
0.0
 10
84.81127027777777
 20
275.0239327777778
 30
0.0
 10
84.81127027777777
 20
267.1217105555556
 30
0.0
 10
87.44299249999999
 20
264.2324605555555
 30
0.0
 10
93.50371472222221
 20
260.7293772222222
 30
0.0
 10
94.93952027777777
 20
259.9003494444444
 30
0.0
 10
95.42988138888889
 20
258.065905
 30
0.0
 10
94.6008536111111
 20
256.6300994444445
 30
0.0
 10
94.57263138888888
 20
256.5842383333333
 30
0.0
 10
93.87060361111111
 20
256.9370161111111
 30
0.0
 10
93.03452027777777
 20
257.4203216666667
 30
0.0
 10
92.19843694444444
 20
257.9036272222222
 30
0.0
 10
91.72218694444445
 20
258.2952105555555
 30
0.0
 10
91.5704925
 20
258.383405
 30
0.0
 10
90.81202027777776
 20
258.8208494444444
 30
0.0
 10
88.54013138888888
 20
260.1331827777777
 30
0.0
 10
88.54013138888888
 20
260.1331827777777
 30
0.0
 10
88.31435361111112
 20
259.7439512962963
 30
0.0
 10
88.08857583333332
 20
259.3547198148148
 30
0.0
 10
87.86279805555554
 20
258.9654883333333
 30
0.0
  0
SPLINE
  5
239
330
1F
100
AcDbEntity
  8
DEFAULT
 62
     1
100
AcDbSpline
210
0.0
220
0.0
230
1.0
 70
     8
 71
     3
 72
    47
 73
    43
 74
     0
 42
0.000000001
 43
0.0000000001
 40
0.0
 40
0.0
 40
0.0
 40
0.0
 40
3.830000000000013
 40
3.830000000000013
 40
3.830000000000013
 40
13.74999999999997
 40
13.74999999999997
 40
13.74999999999997
 40
14.74999999999997
 40
14.74999999999997
 40
14.74999999999997
 40
15.74999999999997
 40
15.74999999999997
 40
15.74999999999997
 40
16.74999999999997
 40
16.74999999999997
 40
16.74999999999997
 40
36.59999999999999
 40
36.59999999999999
 40
36.59999999999999
 40
37.59999999999999
 40
37.59999999999999
 40
37.59999999999999
 40
38.59999999999999
 40
38.59999999999999
 40
38.59999999999999
 40
39.59999999999999
 40
39.59999999999999
 40
39.59999999999999
 40
40.59999999999999
 40
40.59999999999999
 40
40.59999999999999
 40
41.59999999999999
 40
41.59999999999999
 40
41.59999999999999
 40
42.59999999999999
 40
42.59999999999999
 40
42.59999999999999
 40
43.59999999999999
 40
43.59999999999999
 40
43.59999999999999
 40
47.43520534000467
 40
47.43520534000467
 40
47.43520534000467
 40
47.43520534000467
 10
80.16518694444444
 20
271.0234327777778
 30
0.0
 10
79.71480731481482
 20
271.0234327777778
 30
0.0
 10
79.26442768518518
 20
271.0234327777778
 30
0.0
 10
78.81404805555555
 20
271.0234327777778
 30
0.0
 10
78.81404805555555
 20
272.1899512962963
 30
0.0
 10
78.81404805555555
 20
273.3564698148148
 30
0.0
 10
78.81404805555555
 20
274.5229883333333
 30
0.0
 10
78.81404805555555
 20
274.6958494444444
 30
0.0
 10
78.91282583333333
 20
275.306155
 30
0.0
 10
78.91282583333333
 20
276.2727661111111
 30
0.0
 10
78.91282583333333
 20
277.2393772222222
 30
0.0
 10
78.86696472222222
 20
278.0225438888889
 30
0.0
 10
78.81404805555555
 20
278.0225438888889
 30
0.0
 10
77.1559925
 20
278.0225438888889
 30
0.0
 10
75.81190916666667
 20
276.6819883333333
 30
0.0
 10
75.81190916666667
 20
275.0239327777778
 30
0.0
 10
75.81190916666667
 20
272.6897198148148
 30
0.0
 10
75.81190916666667
 20
270.3555068518518
 30
0.0
 10
75.81190916666667
 20
268.0212938888889
 30
0.0
 10
75.81190916666667
 20
261.6395438888889
 30
0.0
 10
71.08115916666667
 20
263.6433216666667
 30
0.0
 10
74.08682583333334
 20
255.8575161111111
 30
0.0
 10
76.82438138888888
 20
248.7596272222222
 30
0.0
 10
78.81404805555555
 20
258.827905
 30
0.0
 10
82.93802027777778
 20
256.4395994444444
 30
0.0
 10
84.45496472222221
 20
255.5647105555555
 30
0.0
 10
87.48532583333333
 20
253.811405
 30
0.0
 10
88.99874249999999
 20
252.9365161111111
 30
0.0
 10
90.43454805555554
 20
252.1074883333333
 30
0.0
 10
92.26899249999998
 20
252.5978494444444
 30
0.0
 10
93.09802027777776
 20
254.033655
 30
0.0
 10
93.12624249999999
 20
254.0830438888889
 30
0.0
 10
92.47007583333334
 20
254.5134327777778
 30
0.0
 10
91.6339925
 20
254.9967383333333
 30
0.0
 10
90.7943813888889
 20
255.4800438888889
 30
0.0
 10
90.2193536111111
 20
255.6987661111111
 30
0.0
 10
90.06765916666666
 20
255.7869605555555
 30
0.0
 10
89.30918694444443
 20
256.224405
 30
0.0
 10
87.03729805555555
 20
257.5367383333333
 30
0.0
 10
87.03729805555555
 20
257.5367383333333
 30
0.0
 10
87.26307583333333
 20
257.9271457407407
 30
0.0
 10
87.48885361111111
 20
258.3175531481481
 30
0.0
 10
87.71463138888889
 20
258.7079605555555
 30
0.0
  0
POLYLINE
  5
23A
330
1F
100
AcDbEntity
  8
DEFAULT
 62
   250
100
AcDb2dPolyline
 66
     1
 10
0.0
 20
0.0
 30
0.0
  0
VERTEX
  5
23B
330
23A
100
AcDbEntity
  8
DEFAULT
 62
   250
100
AcDbVertex
100
AcDb2dVertex
 10
220.9759430555555
 20
266.9722738888889
 30
0.0
  0
VERTEX
  5
23C
330
23A
100
AcDbEntity
  8
DEFAULT
 62
   250
100
AcDbVertex
100
AcDb2dVertex
 10
219.4798125
 20
266.9722738888889
 30
0.0
  0
SEQEND
  5
23D
330
23A
100
AcDbEntity
  8
DEFAULT
 62
   250
  0
POLYLINE
  5
23E
330
1F
100
AcDbEntity
  8
DEFAULT
 62
   250
100
AcDb2dPolyline
 66
     1
 10
0.0
 20
0.0
 30
0.0
  0
VERTEX
  5
23F
330
23E
100
AcDbEntity
  8
DEFAULT
 62
   250
100
AcDbVertex
100
AcDb2dVertex
 10
220.2279483333333
 20
266.9722738888889
 30
0.0
  0
VERTEX
  5
240
330
23E
100
AcDbEntity
  8
DEFAULT
 62
   250
100
AcDbVertex
100
AcDb2dVertex
 10
220.2279483333333
 20
268.9933377777778
 30
0.0
  0
SEQEND
  5
241
330
23E
100
AcDbEntity
  8
DEFAULT
 62
   250
  0
SPLINE
  5
242
330
1F
100
AcDbEntity
  8
DEFAULT
 62
   250
100
AcDbSpline
210
0.0
220
0.0
230
1.0
 70
     8
 71
     3
 72
    23
 73
    19
 74
     0
 42
0.000000001
 43
0.0000000001
 40
0.0
 40
0.0
 40
0.0
 40
0.0
 40
1.0
 40
1.0
 40
1.0
 40
2.0
 40
2.0
 40
2.0
 40
3.0
 40
3.0
 40
3.0
 40
4.0
 40
4.0
 40
4.0
 40
5.0
 40
5.0
 40
5.0
 40
6.0
 40
6.0
 40
6.0
 40
6.0
 10
216.3546247222222
 20
259.6613425
 30
0.0
 10
216.3733219444444
 20
259.7781119444444
 30
0.0
 10
216.3634441666666
 20
259.9477980555556
 30
0.0
 10
216.2957108333333
 20
260.1196008333333
 30
0.0
 10
216.1524830555555
 20
260.4840202777777
 30
0.0
 10
215.8416858333333
 20
260.6163119444444
 30
0.0
 10
215.5682830555555
 20
260.5090675
 30
0.0
 10
215.3654358333333
 20
260.4293397222222
 30
0.0
 10
215.3231025
 20
260.1358286111111
 30
0.0
 10
215.4250552777777
 20
259.8765369444444
 30
0.0
 10
215.5820413888888
 20
259.4764869444444
 30
0.0
 10
215.4740913888889
 20
259.2464758333333
 30
0.0
 10
215.2218552777777
 20
259.1473452777778
 30
0.0
 10
214.9241108333333
 20
259.0305758333333
 30
0.0
 10
214.6231913888888
 20
259.1790952777778
 30
0.0
 10
214.4647941666666
 20
259.5819675
 30
0.0
 10
214.3917691666666
 20
259.7675286111111
 30
0.0
 10
214.3698969444444
 20
259.9573230555555
 30
0.0
 10
214.3931802777778
 20
260.1037258333333
 30
0.0
  0
SPLINE
  5
243
330
1F
100
AcDbEntity
  8
DEFAULT
 62
     1
100
AcDbSpline
210
0.0
220
0.0
230
1.0
 70
     8
 71
     3
 72
    47
 73
    43
 74
     0
 42
0.000000001
 43
0.0000000001
 40
0.0
 40
0.0
 40
0.0
 40
0.0
 40
3.83520534000465
 40
3.83520534000465
 40
3.83520534000465
 40
4.83520534000465
 40
4.83520534000465
 40
4.83520534000465
 40
5.83520534000465
 40
5.83520534000465
 40
5.83520534000465
 40
6.83520534000465
 40
6.83520534000465
 40
6.83520534000465
 40
7.83520534000465
 40
7.83520534000465
 40
7.83520534000465
 40
8.835205340004649
 40
8.835205340004649
 40
8.835205340004649
 40
9.835205340004649
 40
9.835205340004649
 40
9.835205340004649
 40
10.83520534000465
 40
10.83520534000465
 40
10.83520534000465
 40
30.68520534000467
 40
30.68520534000467
 40
30.68520534000467
 40
31.68520534000467
 40
31.68520534000467
 40
31.68520534000467
 40
32.68520534000467
 40
32.68520534000467
 40
32.68520534000467
 40
33.68520534000467
 40
33.68520534000467
 40
33.68520534000467
 40
43.60520534000474
 40
43.60520534000474
 40
43.60520534000474
 40
47.42520534000479
 40
47.42520534000479
 40
47.42520534000479
 40
47.42520534000479
 10
212.8246597222222
 20
258.7079605555556
 30
0.0
 10
213.0504375
 20
258.3175531481482
 30
0.0
 10
213.2762152777778
 20
257.9271457407407
 30
0.0
 10
213.5019930555555
 20
257.5367383333333
 30
0.0
 10
213.5019930555555
 20
257.5367383333333
 30
0.0
 10
211.2301041666667
 20
256.224405
 30
0.0
 10
210.4716319444445
 20
255.7869605555556
 30
0.0
 10
210.3199375
 20
255.6987661111111
 30
0.0
 10
209.7449097222222
 20
255.4800438888889
 30
0.0
 10
208.9052986111111
 20
254.9967383333333
 30
0.0
 10
208.0692152777778
 20
254.5134327777778
 30
0.0
 10
207.4130486111111
 20
254.0830438888889
 30
0.0
 10
207.4412708333333
 20
254.033655
 30
0.0
 10
208.2702986111111
 20
252.5978494444444
 30
0.0
 10
210.1047430555555
 20
252.1074883333333
 30
0.0
 10
211.5405486111111
 20
252.9365161111111
 30
0.0
 10
213.0574930555555
 20
253.811405
 30
0.0
 10
216.0878541666667
 20
255.5647105555556
 30
0.0
 10
217.6012708333333
 20
256.4395994444445
 30
0.0
 10
221.7287708333333
 20
258.827905
 30
0.0
 10
223.7149097222222
 20
248.7596272222222
 30
0.0
 10
226.4524652777778
 20
255.8575161111111
 30
0.0
 10
229.4581319444444
 20
263.6433216666667
 30
0.0
 10
224.7273819444444
 20
261.6395438888889
 30
0.0
 10
224.7273819444444
 20
268.0212938888889
 30
0.0
 10
224.7273819444444
 20
270.3555068518518
 30
0.0
 10
224.7273819444444
 20
272.6897198148148
 30
0.0
 10
224.7273819444444
 20
275.0239327777778
 30
0.0
 10
224.7273819444444
 20
276.6819883333333
 30
0.0
 10
223.3832986111111
 20
278.0225438888889
 30
0.0
 10
221.7252430555556
 20
278.0225438888889
 30
0.0
 10
221.6723263888889
 20
278.0225438888889
 30
0.0
 10
221.6264652777778
 20
277.2393772222222
 30
0.0
 10
221.6264652777778
 20
276.2727661111111
 30
0.0
 10
221.6264652777778
 20
275.306155
 30
0.0
 10
221.7252430555556
 20
274.6958494444444
 30
0.0
 10
221.7252430555556
 20
274.5229883333333
 30
0.0
 10
221.7252430555556
 20
273.3564698148148
 30
0.0
 10
221.7252430555556
 20
272.1899512962963
 30
0.0
 10
221.7252430555556
 20
271.0234327777778
 30
0.0
 10
221.2760393518518
 20
271.0234327777778
 30
0.0
 10
220.8268356481481
 20
271.0234327777778
 30
0.0
 10
220.3776319444444
 20
271.0234327777778
 30
0.0
  0
SPLINE
  5
244
330
1F
100
AcDbEntity
  8
DEFAULT
 62
     1
100
AcDbSpline
210
0.0
220
0.0
230
1.0
 70
     8
 71
     3
 72
    38
 73
    34
 74
     0
 42
0.000000001
 43
0.0000000001
 40
0.0
 40
0.0
 40
0.0
 40
0.0
 40
3.826551972729584
 40
3.826551972729584
 40
3.826551972729584
 40
4.826551972729584
 40
4.826551972729584
 40
4.826551972729584
 40
5.826551972729584
 40
5.826551972729584
 40
5.826551972729584
 40
6.826551972729584
 40
6.826551972729584
 40
6.826551972729584
 40
7.826551972729584
 40
7.826551972729584
 40
7.826551972729584
 40
8.826551972729584
 40
8.826551972729584
 40
8.826551972729584
 40
9.826551972729584
 40
9.826551972729584
 40
9.826551972729584
 40
10.82655197272958
 40
10.82655197272958
 40
10.82655197272958
 40
11.82655197272958
 40
11.82655197272958
 40
11.82655197272958
 40
21.74655197272966
 40
21.74655197272966
 40
21.74655197272966
 40
25.5765519727297
 40
25.5765519727297
 40
25.5765519727297
 40
25.5765519727297
 10
212.6764930555556
 20
258.9654883333333
 30
0.0
 10
212.4507152777778
 20
259.3547198148148
 30
0.0
 10
212.2249375
 20
259.7439512962963
 30
0.0
 10
211.9991597222222
 20
260.1331827777778
 30
0.0
 10
211.9991597222222
 20
260.1331827777777
 30
0.0
 10
209.7272708333333
 20
258.8208494444444
 30
0.0
 10
208.9687986111111
 20
258.383405
 30
0.0
 10
208.8171041666666
 20
258.2952105555555
 30
0.0
 10
208.3408541666666
 20
257.9036272222222
 30
0.0
 10
207.5047708333333
 20
257.4203216666666
 30
0.0
 10
206.6686875
 20
256.9370161111111
 30
0.0
 10
205.9666597222222
 20
256.5842383333333
 30
0.0
 10
205.9384375
 20
256.6300994444444
 30
0.0
 10
205.1094097222222
 20
258.065905
 30
0.0
 10
205.5997708333333
 20
259.9003494444444
 30
0.0
 10
207.0355763888888
 20
260.7293772222222
 30
0.0
 10
213.0998263888889
 20
264.2324605555555
 30
0.0
 10
215.7280208333333
 20
267.1217105555555
 30
0.0
 10
215.7280208333333
 20
275.0239327777777
 30
0.0
 10
215.7280208333333
 20
276.6819883333333
 30
0.0
 10
217.0685763888889
 20
278.0225438888888
 30
0.0
 10
218.7266319444444
 20
278.0225438888888
 30
0.0
 10
218.7830763888888
 20
278.0225438888888
 30
0.0
 10
218.8254097222222
 20
277.2393772222222
 30
0.0
 10
218.8254097222222
 20
276.272766111111
 30
0.0
 10
218.8254097222222
 20
275.306155
 30
0.0
 10
218.7266319444444
 20
274.6958494444444
 30
0.0
 10
218.7266319444444
 20
274.5229883333333
 30
0.0
 10
218.7266319444444
 20
273.3564698148147
 30
0.0
 10
218.7266319444444
 20
272.1899512962962
 30
0.0
 10
218.7266319444444
 20
271.0234327777777
 30
0.0
 10
219.177011574074
 20
271.0234327777777
 30
0.0
 10
219.6273912037037
 20
271.0234327777777
 30
0.0
 10
220.0777708333333
 20
271.0234327777777
 30
0.0
  0
SPLINE
  5
245
330
1F
100
AcDbEntity
  8
DEFAULT
 62
   250
100
AcDbSpline
210
0.0
220
0.0
230
1.0
 70
     8
 71
     3
 72
    20
 73
    16
 74
     0
 42
0.000000001
 43
0.0000000001
 40
0.0
 40
0.0
 40
0.0
 40
0.0
 40
5.652023531444288
 40
5.652023531444288
 40
5.652023531444288
 40
6.652023531444288
 40
6.652023531444288
 40
6.652023531444288
 40
7.652023531444288
 40
7.652023531444288
 40
7.652023531444288
 40
8.65202353144429
 40
8.65202353144429
 40
8.65202353144429
 40
9.65202353144429
 40
9.65202353144429
 40
9.65202353144429
 40
9.65202353144429
 10
17.32414055555555
 20
222.1508694444444
 30
0.0
 10
17.96631370370369
 20
221.979537037037
 30
0.0
 10
18.60848685185184
 20
221.8082046296296
 30
0.0
 10
19.25065999999999
 20
221.6368722222222
 30
0.0
 10
19.24289888888888
 20
221.5024638888889
 30
0.0
 10
19.20867944444444
 20
221.3161972222222
 30
0.0
 10
19.16211277777778
 20
221.1422777777778
 30
0.0
 10
19.09049888888888
 20
220.8731083333333
 30
0.0
 10
18.99454333333333
 20
220.7122416666667
 30
0.0
 10
18.85202111111111
 20
220.6201666666666
 30
0.0
 10
18.73877944444444
 20
220.5446722222222
 30
0.0
 10
18.59096555555555
 20
220.5252694444445
 30
0.0
 10
18.44032944444444
 20
220.5654861111111
 30
0.0
 10
18.18244888888889
 20
220.6342777777778
 30
0.0
 10
17.94749888888889
 20
220.8889833333333
 30
0.0
 10
18.04486555555555
 20
221.2541083333333
 30
0.0
  0
SPLINE
  5
246
330
1F
100
AcDbEntity
  8
DEFAULT
 62
   250
100
AcDbSpline
210
0.0
220
0.0
230
1.0
 70
     8
 71
     3
 72
    14
 73
    10
 74
     0
 42
0.000000001
 43
0.0000000001
 40
0.0
 40
0.0
 40
0.0
 40
0.0
 40
1.0
 40
1.0
 40
1.0
 40
2.0
 40
2.0
 40
2.0
 40
3.656964091342959
 40
3.656964091342959
 40
3.656964091342959
 40
3.656964091342959
 10
16.99027166666666
 20
220.8993902777778
 30
0.0
 10
17.05659388888889
 20
220.9269069444444
 30
0.0
 10
17.24003833333333
 20
220.9357263888889
 30
0.0
 10
17.502505
 20
220.9470152777778
 30
0.0
 10
17.86621888888889
 20
220.9621847222222
 30
0.0
 10
17.98651611111111
 20
221.0464986111111
 30
0.0
 10
18.07576888888889
 20
221.3453013888889
 30
0.0
 10
18.12598092592593
 20
221.5335671296296
 30
0.0
 10
18.17619296296296
 20
221.7218328703704
 30
0.0
 10
18.226405
 20
221.9100986111111
 30
0.0
  0
SPLINE
  5
247
330
1F
100
AcDbEntity
  8
DEFAULT
 62
   250
100
AcDbSpline
210
0.0
220
0.0
230
1.0
 70
     8
 71
     3
 72
    26
 73
    22
 74
     0
 42
0.000000001
 43
0.0000000001
 40
0.0
 40
0.0
 40
0.0
 40
0.0
 40
1.0
 40
1.0
 40
1.0
 40
2.0
 40
2.0
 40
2.0
 40
3.0
 40
3.0
 40
3.0
 40
4.0
 40
4.0
 40
4.0
 40
5.0
 40
5.0
 40
5.0
 40
6.0
 40
6.0
 40
6.0
 40
7.0
 40
7.0
 40
7.0
 40
7.0
 10
56.09593527777778
 20
256.0831527777777
 30
0.0
 10
56.13086027777777
 20
256.3632583333333
 30
0.0
 10
56.78385194444444
 20
256.8105805555555
 30
0.0
 10
56.83288805555555
 20
257.0532916666666
 30
0.0
 10
56.84206027777778
 20
257.0970361111111
 30
0.0
 10
56.24339638888889
 20
256.9682722222222
 30
0.0
 10
56.23810472222222
 20
257.006725
 30
0.0
 10
56.1922436111111
 20
257.4847388888888
 30
0.0
 10
56.48822416666666
 20
257.9387638888888
 30
0.0
 10
57.13310194444444
 20
258.0251944444444
 30
0.0
 10
57.77480472222221
 20
258.1116249999999
 30
0.0
 10
58.24047138888888
 20
257.7747222222222
 30
0.0
 10
58.31314361111111
 20
257.2339138888888
 30
0.0
 10
58.3861686111111
 20
256.6899305555555
 30
0.0
 10
58.01187138888889
 20
256.2796499999999
 30
0.0
 10
57.42026305555555
 20
256.200275
 30
0.0
 10
56.90626583333333
 20
256.1314833333333
 30
0.0
 10
56.49704361111111
 20
256.3935972222222
 30
0.0
 10
56.38344916666667
 20
256.6087916666667
 30
0.0
 10
56.26985472222221
 20
256.8239861111111
 30
0.0
 10
56.23881027777777
 20
256.9735638888889
 30
0.0
 10
56.23881027777777
 20
256.9735638888889
 30
0.0
  0
SPLINE
  5
248
330
1F
100
AcDbEntity
  8
DEFAULT
 62
   250
100
AcDbSpline
210
0.0
220
0.0
230
1.0
 70
     8
 71
     3
 72
    26
 73
    22
 74
     0
 42
0.000000001
 43
0.0000000001
 40
0.0
 40
0.0
 40
0.0
 40
0.0
 40
1.0
 40
1.0
 40
1.0
 40
2.0
 40
2.0
 40
2.0
 40
3.0
 40
3.0
 40
3.0
 40
4.0
 40
4.0
 40
4.0
 40
5.0
 40
5.0
 40
5.0
 40
6.0
 40
6.0
 40
6.0
 40
7.0
 40
7.0
 40
7.0
 40
7.0
 10
40.69224638888888
 20
245.5633547222222
 30
0.0
 10
40.75539361111111
 20
245.8385213888889
 30
0.0
 10
41.45001305555555
 20
246.2181102777778
 30
0.0
 10
41.52303805555555
 20
246.4544713888889
 30
0.0
 10
41.53679638888889
 20
246.4968047222222
 30
0.0
 10
40.92825472222222
 20
246.4290713888888
 30
0.0
 10
40.92684361111111
 20
246.4682297222222
 30
0.0
 10
40.92931305555555
 20
246.9480075
 30
0.0
 10
41.26939083333333
 20
247.3699297222222
 30
0.0
 10
41.91991305555555
 20
247.3910963888889
 30
0.0
 10
42.56726027777778
 20
247.4122630555555
 30
0.0
 10
42.99623805555555
 20
247.0302047222222
 30
0.0
 10
43.01422972222222
 20
246.4848102777777
 30
0.0
 10
43.03186861111111
 20
245.9362408333333
 30
0.0
 10
42.61806027777778
 20
245.5658241666666
 30
0.0
 10
42.02186583333333
 20
245.5464213888889
 30
0.0
 10
41.5032825
 20
245.5298408333333
 30
0.0
 10
41.1222825
 20
245.8318186111111
 30
0.0
 10
41.03126583333333
 20
246.0572436111111
 30
0.0
 10
40.94024916666667
 20
246.2826686111111
 30
0.0
 10
40.92437416666667
 20
246.4350686111111
 30
0.0
 10
40.92437416666667
 20
246.4350686111111
 30
0.0
  0
SPLINE
  5
249
330
1F
100
AcDbEntity
  8
DEFAULT
 62
   250
100
AcDbSpline
210
0.0
220
0.0
230
1.0
 70
     8
 71
     3
 72
    26
 73
    22
 74
     0
 42
0.000000001
 43
0.0000000001
 40
0.0
 40
0.0
 40
0.0
 40
0.0
 40
1.0
 40
1.0
 40
1.0
 40
2.0
 40
2.0
 40
2.0
 40
3.0
 40
3.0
 40
3.0
 40
4.0
 40
4.0
 40
4.0
 40
5.0
 40
5.0
 40
5.0
 40
6.0
 40
6.0
 40
6.0
 40
7.0
 40
7.0
 40
7.0
 40
7.0
 10
28.07596055555555
 20
233.6203805555555
 30
0.0
 10
28.14263555555555
 20
233.8944888888889
 30
0.0
 10
28.84184111111111
 20
234.2652583333333
 30
0.0
 10
28.91804111111111
 20
234.5009138888888
 30
0.0
 10
28.93215222222222
 20
234.5432472222222
 30
0.0
 10
28.32255222222222
 20
234.4829222222222
 30
0.0
 10
28.32184666666667
 20
234.5220805555555
 30
0.0
 10
28.33031333333333
 20
235.0022111111111
 30
0.0
 10
28.67568277777778
 20
235.4195472222222
 30
0.0
 10
29.326205
 20
235.4326
 30
0.0
 10
29.973905
 20
235.4456527777778
 30
0.0
 10
30.39829666666667
 20
235.0583027777778
 30
0.0
 10
30.40923277777778
 20
234.5125555555555
 30
0.0
 10
30.42016888888889
 20
233.9639861111111
 30
0.0
 10
30.00177444444445
 20
233.5988611111111
 30
0.0
 10
29.40522722222222
 20
233.5868666666666
 30
0.0
 10
28.88629111111111
 20
233.5766361111111
 30
0.0
 10
28.50952444444444
 20
233.8832
 30
0.0
 10
28.42097722222222
 20
234.1100361111111
 30
0.0
 10
28.33278277777778
 20
234.3368722222222
 30
0.0
 10
28.31867166666667
 20
234.4889194444444
 30
0.0
 10
28.31867166666667
 20
234.4889194444444
 30
0.0
  0
SPLINE
  5
24A
330
1F
100
AcDbEntity
  8
DEFAULT
 62
     1
100
AcDbSpline
210
0.0
220
0.0
230
1.0
 70
     8
 71
     3
 72
    80
 73
    76
 74
     0
 42
0.000000001
 43
0.0000000001
 40
0.0
 40
0.0
 40
0.0
 40
0.0
 40
3.824160038492077
 40
3.824160038492077
 40
3.824160038492077
 40
4.824160038492076
 40
4.824160038492076
 40
4.824160038492076
 40
5.824160038492076
 40
5.824160038492076
 40
5.824160038492076
 40
6.824160038492076
 40
6.824160038492076
 40
6.824160038492076
 40
7.824160038492076
 40
7.824160038492076
 40
7.824160038492076
 40
8.824160038492076
 40
8.824160038492076
 40
8.824160038492076
 40
9.824160038492076
 40
9.824160038492076
 40
9.824160038492076
 40
10.82416003849208
 40
10.82416003849208
 40
10.82416003849208
 40
19.32877055279548
 40
19.32877055279548
 40
19.32877055279548
 40
20.32877055279548
 40
20.32877055279548
 40
20.32877055279548
 40
21.32877055279548
 40
21.32877055279548
 40
21.32877055279548
 40
22.32877055279548
 40
22.32877055279548
 40
22.32877055279548
 40
23.32877055279548
 40
23.32877055279548
 40
23.32877055279548
 40
24.32877055279548
 40
24.32877055279548
 40
24.32877055279548
 40
25.32877055279548
 40
25.32877055279548
 40
25.32877055279548
 40
26.32877055279548
 40
26.32877055279548
 40
26.32877055279548
 40
34.83047038282947
 40
34.83047038282947
 40
34.83047038282947
 40
35.83047038282947
 40
35.83047038282947
 40
35.83047038282947
 40
36.83047038282947
 40
36.83047038282947
 40
36.83047038282947
 40
37.83047038282947
 40
37.83047038282947
 40
37.83047038282947
 40
38.83047038282947
 40
38.83047038282947
 40
38.83047038282947
 40
39.83047038282947
 40
39.83047038282947
 40
39.83047038282947
 40
40.83047038282947
 40
40.83047038282947
 40
40.83047038282947
 40
41.83047038282947
 40
41.83047038282947
 40
41.83047038282947
 40
45.65805447726819
 40
45.65805447726819
 40
45.65805447726819
 40
45.65805447726819
 10
54.15138888888888
 20
256.5408819444444
 30
0.0
 10
54.2113611111111
 20
256.0952060185185
 30
0.0
 10
54.27133333333332
 20
255.6495300925926
 30
0.0
 10
54.33130555555555
 20
255.2038541666667
 30
0.0
 10
54.33130555555555
 20
255.2038541666666
 30
0.0
 10
51.72780555555555
 20
254.8581319444444
 30
0.0
 10
50.85997222222221
 20
254.7417152777777
 30
0.0
 10
50.68711111111111
 20
254.7170208333333
 30
0.0
 10
50.06975
 20
254.7346597222222
 30
0.0
 10
49.11372222222221
 20
254.6076597222222
 30
0.0
 10
48.15769444444444
 20
254.4806597222222
 30
0.0
 10
47.39216666666666
 20
254.3324930555555
 30
0.0
 10
47.39216666666666
 20
254.2795763888889
 30
0.0
 10
47.78727777777777
 20
251.3056597222222
 30
0.0
 10
31.59830555555555
 20
252.5580208333333
 30
0.0
 10
31.75352777777777
 20
247.6473541666666
 30
0.0
 10
31.75705555555556
 20
247.5944375
 30
0.0
 10
32.54022222222222
 20
247.5732708333333
 30
0.0
 10
33.50683333333333
 20
247.6014930555555
 30
0.0
 10
34.47344444444444
 20
247.6332430555555
 30
0.0
 10
35.07669444444444
 20
247.7567152777778
 30
0.0
 10
35.25308333333333
 20
247.7567152777778
 30
0.0
 10
36.12797222222222
 20
247.7814097222222
 30
0.0
 10
38.74911111111111
 20
247.8660763888888
 30
0.0
 10
38.74911111111111
 20
247.8660763888888
 30
0.0
 10
38.78203703703704
 20
246.8665393518518
 30
0.0
 10
38.81496296296296
 20
245.8670023148148
 30
0.0
 10
38.84788888888889
 20
244.8674652777777
 30
0.0
 10
38.84788888888889
 20
244.8674652777777
 30
0.0
 10
36.21969444444444
 20
244.7863263888889
 30
0.0
 10
35.34833333333333
 20
244.7581041666666
 30
0.0
 10
35.17194444444444
 20
244.7510486111111
 30
0.0
 10
34.56163888888889
 20
244.8357152777778
 30
0.0
 10
33.59502777777777
 20
244.8039652777778
 30
0.0
 10
32.63194444444444
 20
244.7722152777777
 30
0.0
 10
31.85936111111111
 20
244.7087152777778
 30
0.0
 10
31.84877777777778
 20
244.6487430555555
 30
0.0
 10
31.94402777777777
 20
241.6501319444444
 30
0.0
 10
19.02530555555555
 20
240.3624930555555
 30
0.0
 10
19.16288888888888
 20
235.8116597222222
 30
0.0
 10
19.16288888888888
 20
235.7552152777778
 30
0.0
 10
19.94958333333333
 20
235.7269930555555
 30
0.0
 10
20.91266666666667
 20
235.7481597222222
 30
0.0
 10
21.88280555555555
 20
235.7622708333333
 30
0.0
 10
22.48605555555555
 20
235.8751597222222
 30
0.0
 10
22.66244444444444
 20
235.8786875
 30
0.0
 10
23.53733333333333
 20
235.8963263888889
 30
0.0
 10
26.162
 20
235.9457152777778
 30
0.0
 10
26.162
 20
235.9457152777778
 30
0.0
 10
26.18199074074073
 20
234.9461782407407
 30
0.0
 10
26.20198148148148
 20
233.9466412037037
 30
0.0
 10
26.22197222222222
 20
232.9471041666666
 30
0.0
 10
26.22197222222222
 20
232.9471041666666
 30
0.0
 10
23.59730555555555
 20
232.8977152777778
 30
0.0
 10
22.71888888888889
 20
232.8836041666666
 30
0.0
 10
22.54602777777777
 20
232.8765486111111
 30
0.0
 10
21.93572222222222
 20
232.9682708333333
 30
0.0
 10
20.97263888888889
 20
232.9471041666666
 30
0.0
 10
20.0025
 20
232.9294652777778
 30
0.0
 10
19.22638888888889
 20
232.8659652777777
 30
0.0
 10
19.21933333333333
 20
232.8095208333333
 30
0.0
 10
19.08175
 20
231.2149652777778
 30
0.0
 10
9.60261111111111
 20
228.2022430555555
 30
0.0
 10
8.826500000000003
 20
225.3024097222222
 30
0.0
 10
8.826500000000003
 20
225.2494930555555
 30
0.0
 10
9.567333333333334
 20
225.0025486111111
 30
0.0
 10
10.49161111111111
 20
224.7556041666666
 30
0.0
 10
11.42647222222222
 20
224.5051319444444
 30
0.0
 10
12.04030555555555
 20
224.4451597222222
 30
0.0
 10
12.20963888888889
 20
224.4028263888889
 30
0.0
 10
13.05277777777778
 20
224.1735208333333
 30
0.0
 10
15.58925
 20
223.4961875
 30
0.0
 10
15.58925
 20
223.4961875
 30
0.0
 10
15.47400925925926
 20
223.0610949074074
 30
0.0
 10
15.35876851851852
 20
222.6260023148148
 30
0.0
 10
15.24352777777777
 20
222.1909097222222
 30
0.0
  0
SPLINE
  5
24B
330
1F
100
AcDbEntity
  8
DEFAULT
 62
     1
100
AcDbSpline
210
0.0
220
0.0
230
1.0
 70
     8
 71
     3
 72
    53
 73
    49
 74
     0
 42
0.000000001
 43
0.0000000001
 40
0.0
 40
0.0
 40
0.0
 40
0.0
 40
3.830156654759744
 40
3.830156654759744
 40
3.830156654759744
 40
4.830156654759744
 40
4.830156654759744
 40
4.830156654759744
 40
5.830156654759744
 40
5.830156654759744
 40
5.830156654759744
 40
6.830156654759744
 40
6.830156654759744
 40
6.830156654759744
 40
7.830156654759744
 40
7.830156654759744
 40
7.830156654759744
 40
8.830156654759744
 40
8.830156654759744
 40
8.830156654759744
 40
9.830156654759744
 40
9.830156654759744
 40
9.830156654759744
 40
10.83015665475974
 40
10.83015665475974
 40
10.83015665475974
 40
11.83015665475974
 40
11.83015665475974
 40
11.83015665475974
 40
12.83015665475974
 40
12.83015665475974
 40
12.83015665475974
 40
13.83015665475974
 40
13.83015665475974
 40
13.83015665475974
 40
14.83015665475974
 40
14.83015665475974
 40
14.83015665475974
 40
15.83015665475974
 40
15.83015665475974
 40
15.83015665475974
 40
16.83015665475974
 40
16.83015665475974
 40
16.83015665475974
 40
17.83015665475974
 40
17.83015665475974
 40
17.83015665475974
 40
21.65431669325194
 40
21.65431669325194
 40
21.65431669325194
 40
21.65431669325194
 10
15.16591666666666
 20
221.9016319444444
 30
0.0
 10
15.04949999999999
 20
221.4665393518518
 30
0.0
 10
14.93308333333333
 20
221.0314467592592
 30
0.0
 10
14.81666666666666
 20
220.5963541666666
 30
0.0
 10
14.81666666666666
 20
220.5963541666667
 30
0.0
 10
12.28019444444444
 20
221.2772152777778
 30
0.0
 10
11.43352777777778
 20
221.5029930555555
 30
0.0
 10
11.26419444444444
 20
221.5488541666667
 30
0.0
 10
10.70327777777778
 20
221.7993263888889
 30
0.0
 10
9.768416666666667
 20
222.0533263888889
 30
0.0
 10
8.837083333333332
 20
222.3002708333333
 30
0.0
 10
8.068027777777777
 20
222.4625486111111
 30
0.0
 10
8.053916666666666
 20
222.4061041666666
 30
0.0
 10
7.66586111111111
 20
220.9561875
 30
0.0
 10
5.880805555555556
 20
217.0015486111111
 30
0.0
 10
8.339666666666666
 20
216.5958541666667
 30
0.0
 10
15.71625
 20
215.3681875
 30
0.0
 10
18.90536111111111
 20
214.0805486111111
 30
0.0
 10
20.64808333333333
 20
215.8267986111111
 30
0.0
 10
33.63030555555556
 20
228.8054930555556
 30
0.0
 10
36.19852777777778
 20
221.6934930555555
 30
0.0
 10
42.27688888888888
 20
227.7753819444444
 30
0.0
 10
45.95988888888888
 20
231.4583819444445
 30
0.0
 10
33.95133333333333
 20
229.4757708333333
 30
0.0
 10
44.82747222222221
 20
238.8843541666667
 30
0.0
 10
54.01733333333333
 20
246.8359652777778
 30
0.0
 10
58.08838888888888
 20
249.6899375
 30
0.0
 10
61.57736111111111
 20
250.5330763888889
 30
0.0
 10
63.53175
 20
251.0057986111111
 30
0.0
 10
68.87280555555556
 20
252.0641319444444
 30
0.0
 10
67.52519444444444
 20
255.0556875
 30
0.0
 10
65.87066666666666
 20
258.7351597222222
 30
0.0
 10
65.77188888888888
 20
264.5383541666666
 30
0.0
 10
61.29161111111111
 20
263.8433819444444
 30
0.0
 10
43.14119444444444
 20
261.0423263888889
 30
0.0
 10
46.59841666666667
 20
260.2274097222222
 30
0.0
 10
46.99705555555555
 20
257.2499652777778
 30
0.0
 10
47.00058333333332
 20
257.2005763888889
 30
0.0
 10
47.78374999999999
 20
257.2534930555556
 30
0.0
 10
48.74330555555556
 20
257.3840208333334
 30
0.0
 10
49.69933333333333
 20
257.5145486111111
 30
0.0
 10
50.28847222222223
 20
257.6874097222222
 30
0.0
 10
50.46486111111111
 20
257.7121041666667
 30
0.0
 10
51.33269444444444
 20
257.8285208333334
 30
0.0
 10
53.93266666666666
 20
258.1777708333333
 30
0.0
 10
53.93266666666666
 20
258.1777708333333
 30
0.0
 10
53.99263888888888
 20
257.7320949074074
 30
0.0
 10
54.05261111111111
 20
257.2864189814815
 30
0.0
 10
54.11258333333333
 20
256.8407430555555
 30
0.0
  0
SPLINE
  5
24C
330
1F
100
AcDbEntity
  8
DEFAULT
 62
   250
100
AcDbSpline
210
0.0
220
0.0
230
1.0
 70
     8
 71
     3
 72
    26
 73
    22
 74
     0
 42
0.000000001
 43
0.0000000001
 40
0.0
 40
0.0
 40
0.0
 40
0.0
 40
1.0
 40
1.0
 40
1.0
 40
2.0
 40
2.0
 40
2.0
 40
3.0
 40
3.0
 40
3.0
 40
4.0
 40
4.0
 40
4.0
 40
5.0
 40
5.0
 40
5.0
 40
6.0
 40
6.0
 40
6.0
 40
7.0
 40
7.0
 40
7.0
 40
7.0
 10
63.08065305555554
 20
278.7005827777778
 30
0.0
 10
63.15261972222221
 20
278.97328
 30
0.0
 10
63.8592336111111
 20
279.3302911111111
 30
0.0
 10
63.94001972222222
 20
279.5641827777777
 30
0.0
 10
63.95518916666666
 20
279.6061633333333
 30
0.0
 10
63.34453083333332
 20
279.5581855555556
 30
0.0
 10
63.34453083333332
 20
279.5973438888889
 30
0.0
 10
63.36252249999999
 20
280.0767688888888
 30
0.0
 10
63.7163586111111
 20
280.4874022222222
 30
0.0
 10
64.36688083333331
 20
280.4874022222222
 30
0.0
 10
65.01458083333333
 20
280.4874022222222
 30
0.0
 10
65.43121138888888
 20
280.0919383333333
 30
0.0
 10
65.43121138888888
 20
279.5461911111111
 30
0.0
 10
65.43121138888888
 20
278.9972688888889
 30
0.0
 10
65.0054086111111
 20
278.6406105555556
 30
0.0
 10
64.40886138888888
 20
278.6406105555556
 30
0.0
 10
63.88992527777777
 20
278.6406105555556
 30
0.0
 10
63.51915583333332
 20
278.9549355555555
 30
0.0
 10
63.43554749999999
 20
279.1831827777777
 30
0.0
 10
63.35158638888888
 20
279.4117827777777
 30
0.0
 10
63.34100305555555
 20
279.5641827777777
 30
0.0
 10
63.34100305555555
 20
279.5641827777777
 30
0.0
  0
SPLINE
  5
24D
330
1F
100
AcDbEntity
  8
DEFAULT
 62
     1
100
AcDbSpline
210
0.0
220
0.0
230
1.0
 70
     8
 71
     3
 72
    29
 73
    25
 74
     0
 42
0.000000001
 43
0.0000000001
 40
0.0
 40
0.0
 40
0.0
 40
0.0
 40
3.830000000000041
 40
3.830000000000041
 40
3.830000000000041
 40
13.75000000000003
 40
13.75000000000003
 40
13.75000000000003
 40
14.75000000000003
 40
14.75000000000003
 40
14.75000000000003
 40
15.75000000000003
 40
15.75000000000003
 40
15.75000000000003
 40
16.75000000000003
 40
16.75000000000003
 40
16.75000000000003
 40
17.75000000000003
 40
17.75000000000003
 40
17.75000000000003
 40
18.75000000000003
 40
18.75000000000003
 40
18.75000000000003
 40
19.75000000000003
 40
19.75000000000003
 40
19.75000000000003
 40
19.75000000000003
 10
61.21315333333332
 20
279.4143227777778
 30
0.0
 10
61.21315333333333
 20
278.9639431481481
 30
0.0
 10
61.21315333333333
 20
278.5135635185185
 30
0.0
 10
61.21315333333333
 20
278.0631838888889
 30
0.0
 10
60.04663481481481
 20
278.0631838888889
 30
0.0
 10
58.88011629629629
 20
278.0631838888889
 30
0.0
 10
57.71359777777777
 20
278.0631838888889
 30
0.0
 10
57.53720888888888
 20
278.0631838888889
 30
0.0
 10
56.9304311111111
 20
278.1619616666667
 30
0.0
 10
55.96381999999999
 20
278.1619616666667
 30
0.0
 10
54.99720888888888
 20
278.1619616666667
 30
0.0
 10
54.21404222222221
 20
278.1196283333333
 30
0.0
 10
54.21404222222221
 20
278.0631838888889
 30
0.0
 10
54.21404222222221
 20
275.3714894444444
 30
0.0
 10
50.94026444444443
 20
273.3571283333333
 30
0.0
 10
54.09409777777777
 20
271.6144061111111
 30
0.0
 10
57.2479311111111
 20
269.8716838888889
 30
0.0
 10
55.67101444444443
 20
266.4709061111111
 30
0.0
 10
59.70679222222221
 20
266.9683227777778
 30
0.0
 10
63.73904222222221
 20
267.4657394444444
 30
0.0
 10
64.05654222222222
 20
270.5384338888889
 30
0.0
 10
65.77457
 20
274.0238783333334
 30
0.0
 10
67.46437555555555
 20
277.4458227777778
 30
0.0
 10
71.2179311111111
 20
276.7861283333333
 30
0.0
 10
71.35198666666666
 20
279.4143227777778
 30
0.0
  0
SPLINE
  5
24E
330
1F
100
AcDbEntity
  8
DEFAULT
 62
     1
100
AcDbSpline
210
0.0
220
0.0
230
1.0
 70
     8
 71
     3
 72
    29
 73
    25
 74
     0
 42
0.000000001
 43
0.0000000001
 40
0.0
 40
0.0
 40
0.0
 40
0.0
 40
3.82000000000005
 40
3.82000000000005
 40
3.82000000000005
 40
13.74000000000004
 40
13.74000000000004
 40
13.74000000000004
 40
14.74000000000004
 40
14.74000000000004
 40
14.74000000000004
 40
15.74000000000004
 40
15.74000000000004
 40
15.74000000000004
 40
16.74000000000004
 40
16.74000000000004
 40
16.74000000000004
 40
17.74000000000004
 40
17.74000000000004
 40
17.74000000000004
 40
18.74000000000004
 40
18.74000000000004
 40
18.74000000000004
 40
19.74000000000004
 40
19.74000000000004
 40
19.74000000000004
 40
19.74000000000004
 10
61.21315333333332
 20
279.7141838888888
 30
0.0
 10
61.21315333333333
 20
280.1633875925925
 30
0.0
 10
61.21315333333333
 20
280.6125912962963
 30
0.0
 10
61.21315333333333
 20
281.061795
 30
0.0
 10
60.04663481481481
 20
281.061795
 30
0.0
 10
58.88011629629629
 20
281.061795
 30
0.0
 10
57.71359777777777
 20
281.061795
 30
0.0
 10
57.53720888888888
 20
281.061795
 30
0.0
 10
56.9304311111111
 20
280.9630172222222
 30
0.0
 10
55.96381999999999
 20
280.9630172222222
 30
0.0
 10
54.99720888888888
 20
280.9630172222222
 30
0.0
 10
54.21404222222221
 20
281.0088783333333
 30
0.0
 10
54.21404222222221
 20
281.061795
 30
0.0
 10
54.21404222222221
 20
283.7534894444444
 30
0.0
 10
50.94026444444443
 20
285.7678505555555
 30
0.0
 10
54.09409777777777
 20
287.5105727777777
 30
0.0
 10
57.2479311111111
 20
289.2532949999999
 30
0.0
 10
55.67101444444443
 20
292.6576005555555
 30
0.0
 10
59.70679222222221
 20
292.156656111111
 30
0.0
 10
63.73904222222221
 20
291.6592394444444
 30
0.0
 10
64.05654222222222
 20
288.5900727777777
 30
0.0
 10
65.77457
 20
285.1011005555555
 30
0.0
 10
67.46437555555555
 20
281.6791561111111
 30
0.0
 10
71.21440333333332
 20
282.3388505555556
 30
0.0
 10
71.35198666666666
 20
279.7141838888888
 30
0.0
  0
SPLINE
  5
24F
330
1F
100
AcDbEntity
  8
DEFAULT
 62
   250
100
AcDbSpline
210
0.0
220
0.0
230
1.0
 70
     8
 71
     3
 72
    26
 73
    22
 74
     0
 42
0.000000001
 43
0.0000000001
 40
0.0
 40
0.0
 40
0.0
 40
0.0
 40
1.0
 40
1.0
 40
1.0
 40
2.0
 40
2.0
 40
2.0
 40
3.0
 40
3.0
 40
3.0
 40
4.0
 40
4.0
 40
4.0
 40
5.0
 40
5.0
 40
5.0
 40
6.0
 40
6.0
 40
6.0
 40
7.0
 40
7.0
 40
7.0
 40
7.0
 10
44.44449666666666
 20
278.7005827777778
 30
0.0
 10
44.51646333333333
 20
278.97328
 30
0.0
 10
45.22307722222222
 20
279.3302911111111
 30
0.0
 10
45.30386333333333
 20
279.5641827777777
 30
0.0
 10
45.31903277777778
 20
279.6061633333333
 30
0.0
 10
44.70837444444444
 20
279.5581855555556
 30
0.0
 10
44.70837444444444
 20
279.5973438888889
 30
0.0
 10
44.7263661111111
 20
280.0767688888888
 30
0.0
 10
45.08020222222222
 20
280.4874022222222
 30
0.0
 10
45.73072444444443
 20
280.4874022222222
 30
0.0
 10
46.37842444444444
 20
280.4874022222222
 30
0.0
 10
46.795055
 20
280.0919383333333
 30
0.0
 10
46.795055
 20
279.5461911111111
 30
0.0
 10
46.795055
 20
278.9972688888889
 30
0.0
 10
46.36925222222222
 20
278.6406105555556
 30
0.0
 10
45.77270499999999
 20
278.6406105555556
 30
0.0
 10
45.25376888888889
 20
278.6406105555556
 30
0.0
 10
44.88299944444444
 20
278.9549355555555
 30
0.0
 10
44.79939111111111
 20
279.1831827777777
 30
0.0
 10
44.71578277777778
 20
279.4117827777777
 30
0.0
 10
44.70484666666666
 20
279.5641827777777
 30
0.0
 10
44.70484666666666
 20
279.5641827777777
 30
0.0
  0
SPLINE
  5
250
330
1F
100
AcDbEntity
  8
DEFAULT
 62
     1
100
AcDbSpline
210
0.0
220
0.0
230
1.0
 70
     8
 71
     3
 72
    29
 73
    25
 74
     0
 42
0.000000001
 43
0.0000000001
 40
0.0
 40
0.0
 40
0.0
 40
0.0
 40
3.830000000000041
 40
3.830000000000041
 40
3.830000000000041
 40
13.75000000000004
 40
13.75000000000004
 40
13.75000000000004
 40
14.75000000000004
 40
14.75000000000004
 40
14.75000000000004
 40
15.75000000000004
 40
15.75000000000004
 40
15.75000000000004
 40
16.75000000000004
 40
16.75000000000004
 40
16.75000000000004
 40
17.75000000000004
 40
17.75000000000004
 40
17.75000000000004
 40
18.75000000000004
 40
18.75000000000004
 40
18.75000000000004
 40
19.75000000000004
 40
19.75000000000004
 40
19.75000000000004
 40
19.75000000000004
 10
42.57943111111111
 20
279.4143227777778
 30
0.0
 10
42.57943111111111
 20
278.9639431481481
 30
0.0
 10
42.57943111111111
 20
278.5135635185185
 30
0.0
 10
42.57943111111111
 20
278.0631838888889
 30
0.0
 10
41.41291259259258
 20
278.0631838888889
 30
0.0
 10
40.24639407407407
 20
278.0631838888889
 30
0.0
 10
39.07987555555555
 20
278.0631838888889
 30
0.0
 10
38.90348666666666
 20
278.0631838888889
 30
0.0
 10
38.29670888888889
 20
278.1619616666667
 30
0.0
 10
37.33009777777777
 20
278.1619616666667
 30
0.0
 10
36.36348666666666
 20
278.1619616666667
 30
0.0
 10
35.58031999999999
 20
278.1196283333333
 30
0.0
 10
35.58031999999999
 20
278.0631838888889
 30
0.0
 10
35.58031999999999
 20
275.3714894444444
 30
0.0
 10
32.30654222222221
 20
273.3571283333333
 30
0.0
 10
35.46037555555555
 20
271.6144061111111
 30
0.0
 10
38.61420888888888
 20
269.8716838888889
 30
0.0
 10
37.03729222222221
 20
266.4709061111111
 30
0.0
 10
41.07306999999999
 20
266.9683227777778
 30
0.0
 10
45.10531999999999
 20
267.4657394444444
 30
0.0
 10
45.42281999999999
 20
270.5384338888889
 30
0.0
 10
47.14084777777777
 20
274.0238783333334
 30
0.0
 10
48.83065333333332
 20
277.4458227777778
 30
0.0
 10
52.58420888888887
 20
276.7861283333333
 30
0.0
 10
52.71826444444444
 20
279.4143227777778
 30
0.0
  0
SPLINE
  5
251
330
1F
100
AcDbEntity
  8
DEFAULT
 62
     1
100
AcDbSpline
210
0.0
220
0.0
230
1.0
 70
     8
 71
     3
 72
    29
 73
    25
 74
     0
 42
0.000000001
 43
0.0000000001
 40
0.0
 40
0.0
 40
0.0
 40
0.0
 40
3.82000000000005
 40
3.82000000000005
 40
3.82000000000005
 40
13.74000000000005
 40
13.74000000000005
 40
13.74000000000005
 40
14.74000000000005
 40
14.74000000000005
 40
14.74000000000005
 40
15.74000000000005
 40
15.74000000000005
 40
15.74000000000005
 40
16.74000000000005
 40
16.74000000000005
 40
16.74000000000005
 40
17.74000000000005
 40
17.74000000000005
 40
17.74000000000005
 40
18.74000000000005
 40
18.74000000000005
 40
18.74000000000005
 40
19.74000000000005
 40
19.74000000000005
 40
19.74000000000005
 40
19.74000000000005
 10
42.57943111111111
 20
279.7141838888888
 30
0.0
 10
42.57943111111111
 20
280.1633875925925
 30
0.0
 10
42.57943111111111
 20
280.6125912962963
 30
0.0
 10
42.57943111111111
 20
281.061795
 30
0.0
 10
41.41291259259258
 20
281.061795
 30
0.0
 10
40.24639407407407
 20
281.061795
 30
0.0
 10
39.07987555555555
 20
281.061795
 30
0.0
 10
38.90348666666666
 20
281.061795
 30
0.0
 10
38.29670888888889
 20
280.9630172222222
 30
0.0
 10
37.33009777777777
 20
280.9630172222222
 30
0.0
 10
36.36348666666666
 20
280.9630172222222
 30
0.0
 10
35.58031999999999
 20
281.0088783333333
 30
0.0
 10
35.58031999999999
 20
281.061795
 30
0.0
 10
35.58031999999999
 20
283.7534894444444
 30
0.0
 10
32.30654222222221
 20
285.7678505555555
 30
0.0
 10
35.46037555555555
 20
287.5105727777777
 30
0.0
 10
38.61420888888888
 20
289.2532949999999
 30
0.0
 10
37.03729222222221
 20
292.6576005555555
 30
0.0
 10
41.07306999999999
 20
292.156656111111
 30
0.0
 10
45.10531999999999
 20
291.6592394444444
 30
0.0
 10
45.42281999999999
 20
288.5900727777777
 30
0.0
 10
47.14084777777777
 20
285.1011005555555
 30
0.0
 10
48.83065333333332
 20
281.6791561111111
 30
0.0
 10
52.5806811111111
 20
282.3388505555556
 30
0.0
 10
52.71826444444444
 20
279.7141838888888
 30
0.0
  0
SPLINE
  5
252
330
1F
100
AcDbEntity
  8
DEFAULT
 62
   250
100
AcDbSpline
210
0.0
220
0.0
230
1.0
 70
     8
 71
     3
 72
    26
 73
    22
 74
     0
 42
0.000000001
 43
0.0000000001
 40
0.0
 40
0.0
 40
0.0
 40
0.0
 40
1.0
 40
1.0
 40
1.0
 40
2.0
 40
2.0
 40
2.0
 40
3.0
 40
3.0
 40
3.0
 40
4.0
 40
4.0
 40
4.0
 40
5.0
 40
5.0
 40
5.0
 40
6.0
 40
6.0
 40
6.0
 40
7.0
 40
7.0
 40
7.0
 40
7.0
 10
25.808305
 20
278.7005827777778
 30
0.0
 10
25.88027166666666
 20
278.97328
 30
0.0
 10
26.58688555555555
 20
279.3302911111111
 30
0.0
 10
26.66767166666666
 20
279.5641827777777
 30
0.0
 10
26.68284111111111
 20
279.6061633333333
 30
0.0
 10
26.07218277777778
 20
279.5581855555556
 30
0.0
 10
26.07218277777778
 20
279.5973438888889
 30
0.0
 10
26.09017444444444
 20
280.0767688888888
 30
0.0
 10
26.44401055555555
 20
280.4874022222222
 30
0.0
 10
27.09453277777778
 20
280.4874022222222
 30
0.0
 10
27.74223277777777
 20
280.4874022222222
 30
0.0
 10
28.15886333333333
 20
280.0919383333333
 30
0.0
 10
28.15886333333333
 20
279.5461911111111
 30
0.0
 10
28.15886333333333
 20
278.9972688888889
 30
0.0
 10
27.73306055555555
 20
278.6406105555556
 30
0.0
 10
27.13651333333333
 20
278.6406105555556
 30
0.0
 10
26.61757722222222
 20
278.6406105555556
 30
0.0
 10
26.24680777777777
 20
278.9549355555555
 30
0.0
 10
26.16319944444444
 20
279.1831827777777
 30
0.0
 10
26.07959111111111
 20
279.4117827777777
 30
0.0
 10
26.068655
 20
279.5641827777777
 30
0.0
 10
26.068655
 20
279.5641827777777
 30
0.0
  0
SPLINE
  5
253
330
1F
100
AcDbEntity
  8
DEFAULT
 62
     1
100
AcDbSpline
210
0.0
220
0.0
230
1.0
 70
     8
 71
     3
 72
    29
 73
    25
 74
     0
 42
0.000000001
 43
0.0000000001
 40
0.0
 40
0.0
 40
0.0
 40
0.0
 40
3.830000000000041
 40
3.830000000000041
 40
3.830000000000041
 40
13.75000000000004
 40
13.75000000000004
 40
13.75000000000004
 40
14.75000000000004
 40
14.75000000000004
 40
14.75000000000004
 40
15.75000000000004
 40
15.75000000000004
 40
15.75000000000004
 40
16.75000000000004
 40
16.75000000000004
 40
16.75000000000004
 40
17.75000000000004
 40
17.75000000000004
 40
17.75000000000004
 40
18.75000000000004
 40
18.75000000000004
 40
18.75000000000004
 40
19.75000000000004
 40
19.75000000000004
 40
19.75000000000004
 40
19.75000000000004
 10
23.94218111111111
 20
279.4143227777778
 30
0.0
 10
23.94218111111111
 20
278.9639431481481
 30
0.0
 10
23.94218111111111
 20
278.5135635185185
 30
0.0
 10
23.94218111111111
 20
278.0631838888889
 30
0.0
 10
22.77566259259259
 20
278.0631838888889
 30
0.0
 10
21.60914407407407
 20
278.0631838888889
 30
0.0
 10
20.44262555555555
 20
278.0631838888889
 30
0.0
 10
20.26623666666666
 20
278.0631838888889
 30
0.0
 10
19.65945888888889
 20
278.1619616666667
 30
0.0
 10
18.69284777777778
 20
278.1619616666667
 30
0.0
 10
17.72623666666666
 20
278.1619616666667
 30
0.0
 10
16.94307
 20
278.1196283333333
 30
0.0
 10
16.94307
 20
278.0631838888889
 30
0.0
 10
16.94307
 20
275.3714894444444
 30
0.0
 10
13.66929222222222
 20
273.3571283333333
 30
0.0
 10
16.82312555555555
 20
271.6144061111111
 30
0.0
 10
19.97695888888888
 20
269.8716838888889
 30
0.0
 10
18.40004222222222
 20
266.4709061111111
 30
0.0
 10
22.43582
 20
266.9683227777778
 30
0.0
 10
26.46806999999999
 20
267.4657394444444
 30
0.0
 10
26.78557
 20
270.5384338888889
 30
0.0
 10
28.50359777777777
 20
274.0238783333334
 30
0.0
 10
30.19340333333333
 20
277.4458227777778
 30
0.0
 10
33.94695888888889
 20
276.7861283333333
 30
0.0
 10
34.08101444444443
 20
279.4143227777778
 30
0.0
  0
SPLINE
  5
254
330
1F
100
AcDbEntity
  8
DEFAULT
 62
     1
100
AcDbSpline
210
0.0
220
0.0
230
1.0
 70
     8
 71
     3
 72
    29
 73
    25
 74
     0
 42
0.000000001
 43
0.0000000001
 40
0.0
 40
0.0
 40
0.0
 40
0.0
 40
3.82000000000005
 40
3.82000000000005
 40
3.82000000000005
 40
13.74000000000005
 40
13.74000000000005
 40
13.74000000000005
 40
14.74000000000005
 40
14.74000000000005
 40
14.74000000000005
 40
15.74000000000005
 40
15.74000000000005
 40
15.74000000000005
 40
16.74000000000005
 40
16.74000000000005
 40
16.74000000000005
 40
17.74000000000005
 40
17.74000000000005
 40
17.74000000000005
 40
18.74000000000005
 40
18.74000000000005
 40
18.74000000000005
 40
19.74000000000005
 40
19.74000000000005
 40
19.74000000000005
 40
19.74000000000005
 10
23.94218111111111
 20
279.7141838888888
 30
0.0
 10
23.94218111111111
 20
280.1633875925925
 30
0.0
 10
23.94218111111111
 20
280.6125912962963
 30
0.0
 10
23.94218111111111
 20
281.061795
 30
0.0
 10
22.77566259259259
 20
281.061795
 30
0.0
 10
21.60914407407407
 20
281.061795
 30
0.0
 10
20.44262555555555
 20
281.061795
 30
0.0
 10
20.26623666666666
 20
281.061795
 30
0.0
 10
19.65945888888889
 20
280.9630172222222
 30
0.0
 10
18.69284777777778
 20
280.9630172222222
 30
0.0
 10
17.72623666666666
 20
280.9630172222222
 30
0.0
 10
16.94307
 20
281.0088783333333
 30
0.0
 10
16.94307
 20
281.061795
 30
0.0
 10
16.94307
 20
283.7534894444444
 30
0.0
 10
13.66929222222222
 20
285.7678505555555
 30
0.0
 10
16.82312555555555
 20
287.5105727777777
 30
0.0
 10
19.97695888888888
 20
289.2532949999999
 30
0.0
 10
18.40004222222222
 20
292.6576005555555
 30
0.0
 10
22.43582
 20
292.156656111111
 30
0.0
 10
26.46806999999999
 20
291.6592394444444
 30
0.0
 10
26.78557
 20
288.5900727777777
 30
0.0
 10
28.50359777777777
 20
285.1011005555555
 30
0.0
 10
30.19340333333333
 20
281.6791561111111
 30
0.0
 10
33.94343111111111
 20
282.3388505555556
 30
0.0
 10
34.08101444444443
 20
279.7141838888888
 30
0.0
  0
POLYLINE
  5
255
330
1F
100
AcDbEntity
  8
DEFAULT
 62
   250
100
AcDb2dPolyline
 66
     1
 10
0.0
 20
0.0
 30
0.0
  0
VERTEX
  5
256
330
255
100
AcDbEntity
  8
DEFAULT
 62
   250
100
AcDbVertex
100
AcDb2dVertex
 10
231.3119438888889
 20
101.3539727777778
 30
0.0
  0
VERTEX
  5
257
330
255
100
AcDbEntity
  8
DEFAULT
 62
   250
100
AcDbVertex
100
AcDb2dVertex
 10
231.3119438888889
 20
100.22967
 30
0.0
  0
VERTEX
  5
258
330
255
100
AcDbEntity
  8
DEFAULT
 62
   250
100
AcDbVertex
100
AcDb2dVertex
 10
229.2912327777778
 20
100.22967
 30
0.0
  0
SEQEND
  5
259
330
255
100
AcDbEntity
  8
DEFAULT
 62
   250
  0
SPLINE
  5
25A
330
1F
100
AcDbEntity
  8
DEFAULT
 62
   250
100
AcDbSpline
210
0.0
220
0.0
230
1.0
 70
     8
 71
     3
 72
    11
 73
     7
 74
     0
 42
0.000000001
 43
0.0000000001
 40
0.0
 40
0.0
 40
0.0
 40
0.0
 40
1.0
 40
1.0
 40
1.0
 40
5.218667562157517
 40
5.218667562157517
 40
5.218667562157517
 40
5.218667562157517
 10
233.3952377777778
 20
149.8468061111111
 30
0.0
 10
233.3952377777778
 20
149.8468061111111
 30
0.0
 10
232.4984766666666
 20
150.83917
 30
0.0
 10
232.4208655555556
 20
150.893145
 30
0.0
 10
232.072085925926
 20
150.5403672222222
 30
0.0
 10
231.7233062962963
 20
150.1875894444445
 30
0.0
 10
231.3745266666667
 20
149.8348116666667
 30
0.0
  0
POLYLINE
  5
25B
330
1F
100
AcDbEntity
  8
DEFAULT
 62
   250
100
AcDb2dPolyline
 66
     1
 10
0.0
 20
0.0
 30
0.0
  0
VERTEX
  5
25C
330
25B
100
AcDbEntity
  8
DEFAULT
 62
   250
100
AcDbVertex
100
AcDb2dVertex
 10
231.3743502777778
 20
150.8932508333333
 30
0.0
  0
VERTEX
  5
25D
330
25B
100
AcDbEntity
  8
DEFAULT
 62
   250
100
AcDbVertex
100
AcDb2dVertex
 10
233.3950613888888
 20
150.8932508333333
 30
0.0
  0
SEQEND
  5
25E
330
25B
100
AcDbEntity
  8
DEFAULT
 62
   250
  0
SPLINE
  5
25F
330
1F
100
AcDbEntity
  8
DEFAULT
 62
     1
100
AcDbSpline
210
0.0
220
0.0
230
1.0
 70
     8
 71
     3
 72
    44
 73
    40
 74
     0
 42
0.000000001
 43
0.0000000001
 40
0.0
 40
0.0
 40
0.0
 40
0.0
 40
3.819999999999993
 40
3.819999999999993
 40
3.819999999999993
 40
13.73999999999995
 40
13.73999999999995
 40
13.73999999999995
 40
14.73999999999995
 40
14.73999999999995
 40
14.73999999999995
 40
15.73999999999995
 40
15.73999999999995
 40
15.73999999999995
 40
16.73999999999995
 40
16.73999999999995
 40
16.73999999999995
 40
17.73999999999995
 40
17.73999999999995
 40
17.73999999999995
 40
18.73999999999995
 40
18.73999999999995
 40
18.73999999999995
 40
19.73999999999995
 40
19.73999999999995
 40
19.73999999999995
 40
20.73999999999995
 40
20.73999999999995
 40
20.73999999999995
 40
21.73999999999995
 40
21.73999999999995
 40
21.73999999999995
 40
22.73999999999995
 40
22.73999999999995
 40
22.73999999999995
 40
32.65999999999991
 40
32.65999999999991
 40
32.65999999999991
 40
36.48999999999995
 40
36.48999999999995
 40
36.48999999999995
 40
36.48999999999995
 10
233.3435205555555
 20
100.6409383333333
 30
0.0
 10
233.3435205555555
 20
100.1917346296296
 30
0.0
 10
233.3435205555555
 20
99.74253092592592
 30
0.0
 10
233.3435205555555
 20
99.29332722222222
 30
0.0
 10
234.510039074074
 20
99.29332722222222
 30
0.0
 10
235.6765575925926
 20
99.29332722222222
 30
0.0
 10
236.8430761111111
 20
99.29332722222222
 30
0.0
 10
237.019465
 20
99.29332722222222
 30
0.0
 10
237.6262427777777
 20
99.39210499999999
 30
0.0
 10
238.5928538888889
 20
99.39210499999999
 30
0.0
 10
239.5629927777777
 20
99.39210499999999
 30
0.0
 10
240.3426316666666
 20
99.34977166666665
 30
0.0
 10
240.3426316666666
 20
99.29332722222222
 30
0.0
 10
240.3426316666666
 20
94.60138277777777
 30
0.0
 10
235.8200205555555
 20
94.91182722222221
 30
0.0
 10
231.2938816666667
 20
93.44074388888887
 30
0.0
 10
227.0887705555555
 20
92.08254944444445
 30
0.0
 10
223.9949094444444
 20
92.19543833333333
 30
0.0
 10
222.0122983333333
 20
91.88499388888889
 30
0.0
 10
220.1531594444444
 20
91.645105
 30
0.0
 10
219.0630761111111
 20
93.169105
 30
0.0
 10
219.0630761111111
 20
94.756605
 30
0.0
 10
219.0630761111111
 20
110.218855
 30
0.0
 10
225.843465
 20
108.4831883333333
 30
0.0
 10
225.843465
 20
120.4388272222222
 30
0.0
 10
225.843465
 20
135.0050216666667
 30
0.0
 10
222.3439094444444
 20
142.1029105555556
 30
0.0
 10
222.3439094444444
 20
148.8621327777778
 30
0.0
 10
222.3439094444444
 20
148.9185772222222
 30
0.0
 10
223.1270761111111
 20
148.9644383333333
 30
0.0
 10
224.0936872222222
 20
148.9644383333333
 30
0.0
 10
225.0602983333333
 20
148.9644383333333
 30
0.0
 10
225.6706038888888
 20
148.8621327777778
 30
0.0
 10
225.843465
 20
148.8621327777778
 30
0.0
 10
227.0099835185185
 20
148.8621327777778
 30
0.0
 10
228.176502037037
 20
148.8621327777778
 30
0.0
 10
229.3430205555555
 20
148.8621327777778
 30
0.0
 10
229.3430205555555
 20
149.3125124074074
 30
0.0
 10
229.3430205555555
 20
149.762892037037
 30
0.0
 10
229.3430205555555
 20
150.2132716666667
 30
0.0
  0
SPLINE
  5
260
330
1F
100
AcDbEntity
  8
DEFAULT
 62
     1
100
AcDbSpline
210
0.0
220
0.0
230
1.0
 70
     8
 71
     3
 72
    44
 73
    40
 74
     0
 42
0.000000001
 43
0.0000000001
 40
0.0
 40
0.0
 40
0.0
 40
0.0
 40
3.829999999999984
 40
3.829999999999984
 40
3.829999999999984
 40
13.74999999999994
 40
13.74999999999994
 40
13.74999999999994
 40
14.74999999999994
 40
14.74999999999994
 40
14.74999999999994
 40
15.74999999999994
 40
15.74999999999994
 40
15.74999999999994
 40
16.74999999999994
 40
16.74999999999994
 40
16.74999999999994
 40
17.74999999999994
 40
17.74999999999994
 40
17.74999999999994
 40
26.25999999999993
 40
26.25999999999993
 40
26.25999999999993
 40
27.25999999999993
 40
27.25999999999993
 40
27.25999999999993
 40
28.25999999999993
 40
28.25999999999993
 40
28.25999999999993
 40
29.25999999999993
 40
29.25999999999993
 40
29.25999999999993
 40
30.25999999999993
 40
30.25999999999993
 40
30.25999999999993
 40
40.17999999999989
 40
40.17999999999989
 40
40.17999999999989
 40
44.00999999999993
 40
44.00999999999993
 40
44.00999999999993
 40
44.00999999999993
 10
229.3430205555555
 20
150.5131327777778
 30
0.0
 10
229.3430205555555
 20
150.9635124074074
 30
0.0
 10
229.3430205555555
 20
151.413892037037
 30
0.0
 10
229.3430205555555
 20
151.8642716666667
 30
0.0
 10
228.176502037037
 20
151.8642716666667
 30
0.0
 10
227.0099835185185
 20
151.8642716666667
 30
0.0
 10
225.843465
 20
151.8642716666667
 30
0.0
 10
225.6706038888888
 20
151.8642716666667
 30
0.0
 10
225.0602983333333
 20
151.7619661111111
 30
0.0
 10
224.0936872222222
 20
151.7619661111111
 30
0.0
 10
223.1270761111111
 20
151.7619661111111
 30
0.0
 10
222.3439094444444
 20
151.8078272222222
 30
0.0
 10
222.3439094444444
 20
151.8642716666667
 30
0.0
 10
222.3439094444444
 20
153.5223272222222
 30
0.0
 10
223.6879927777777
 20
155.8647716666667
 30
0.0
 10
225.3460483333333
 20
155.8647716666667
 30
0.0
 10
234.4089094444444
 20
155.8647716666667
 30
0.0
 10
236.3456594444444
 20
154.0761883333333
 30
0.0
 10
236.3456594444444
 20
151.8642716666667
 30
0.0
 10
236.3456594444444
 20
150.8635587037037
 30
0.0
 10
236.3456594444444
 20
149.8628457407407
 30
0.0
 10
236.3456594444444
 20
148.8621327777778
 30
0.0
 10
236.3456594444444
 20
124.7815216666667
 30
0.0
 10
228.8067983333333
 20
105.2940772222222
 30
0.0
 10
237.3440205555555
 20
105.2940772222222
 30
0.0
 10
239.0020761111111
 20
105.2940772222222
 30
0.0
 10
240.3426316666666
 20
103.9499938888889
 30
0.0
 10
240.3426316666666
 20
102.2919383333333
 30
0.0
 10
240.3426316666666
 20
102.2390216666667
 30
0.0
 10
239.5629927777777
 20
102.1931605555556
 30
0.0
 10
238.5928538888889
 20
102.1931605555556
 30
0.0
 10
237.6262427777777
 20
102.1931605555556
 30
0.0
 10
237.019465
 20
102.2919383333333
 30
0.0
 10
236.8430761111111
 20
102.2919383333333
 30
0.0
 10
235.6765575925925
 20
102.2919383333333
 30
0.0
 10
234.510039074074
 20
102.2919383333333
 30
0.0
 10
233.3435205555555
 20
102.2919383333333
 30
0.0
 10
233.3435205555555
 20
101.8415587037037
 30
0.0
 10
233.3435205555555
 20
101.3911790740741
 30
0.0
 10
233.3435205555555
 20
100.9407994444444
 30
0.0
  0
POLYLINE
  5
261
330
1F
100
AcDbEntity
  8
DEFAULT
 62
   250
100
AcDb2dPolyline
 66
     1
 10
0.0
 20
0.0
 30
0.0
  0
VERTEX
  5
262
330
261
100
AcDbEntity
  8
DEFAULT
 62
   250
100
AcDbVertex
100
AcDb2dVertex
 10
248.7683408333333
 20
78.85200694444444
 30
0.0
  0
VERTEX
  5
263
330
261
100
AcDbEntity
  8
DEFAULT
 62
   250
100
AcDbVertex
100
AcDb2dVertex
 10
248.7683408333333
 20
77.72770416666665
 30
0.0
  0
VERTEX
  5
264
330
261
100
AcDbEntity
  8
DEFAULT
 62
   250
100
AcDbVertex
100
AcDb2dVertex
 10
246.7476297222222
 20
77.72770416666665
 30
0.0
  0
SEQEND
  5
265
330
261
100
AcDbEntity
  8
DEFAULT
 62
   250
  0
SPLINE
  5
266
330
1F
100
AcDbEntity
  8
DEFAULT
 62
   250
100
AcDbSpline
210
0.0
220
0.0
230
1.0
 70
     8
 71
     3
 72
    11
 73
     7
 74
     0
 42
0.000000001
 43
0.0000000001
 40
0.0
 40
0.0
 40
0.0
 40
0.0
 40
1.0
 40
1.0
 40
1.0
 40
5.219370687673766
 40
5.219370687673766
 40
5.219370687673766
 40
5.219370687673766
 10
250.8516347222222
 20
127.3448402777778
 30
0.0
 10
250.8516347222222
 20
127.3448402777778
 30
0.0
 10
249.9548736111111
 20
128.3372041666667
 30
0.0
 10
249.8772625
 20
128.3911791666667
 30
0.0
 10
249.5283652777778
 20
128.0384013888889
 30
0.0
 10
249.1794680555555
 20
127.6856236111111
 30
0.0
 10
248.8305708333333
 20
127.3328458333333
 30
0.0
  0
POLYLINE
  5
267
330
1F
100
AcDbEntity
  8
DEFAULT
 62
   250
100
AcDb2dPolyline
 66
     1
 10
0.0
 20
0.0
 30
0.0
  0
VERTEX
  5
268
330
267
100
AcDbEntity
  8
DEFAULT
 62
   250
100
AcDbVertex
100
AcDb2dVertex
 10
248.8307472222222
 20
128.391285
 30
0.0
  0
VERTEX
  5
269
330
267
100
AcDbEntity
  8
DEFAULT
 62
   250
100
AcDbVertex
100
AcDb2dVertex
 10
250.8518111111111
 20
128.391285
 30
0.0
  0
SEQEND
  5
26A
330
267
100
AcDbEntity
  8
DEFAULT
 62
   250
  0
SPLINE
  5
26B
330
1F
100
AcDbEntity
  8
DEFAULT
 62
     1
100
AcDbSpline
210
0.0
220
0.0
230
1.0
 70
     8
 71
     3
 72
    44
 73
    40
 74
     0
 42
0.000000001
 43
0.0000000001
 40
0.0
 40
0.0
 40
0.0
 40
0.0
 40
3.819999999999993
 40
3.819999999999993
 40
3.819999999999993
 40
13.73999999999995
 40
13.73999999999995
 40
13.73999999999995
 40
14.73999999999995
 40
14.73999999999995
 40
14.73999999999995
 40
15.73999999999995
 40
15.73999999999995
 40
15.73999999999995
 40
16.73999999999995
 40
16.73999999999995
 40
16.73999999999995
 40
17.73999999999995
 40
17.73999999999995
 40
17.73999999999995
 40
18.73999999999995
 40
18.73999999999995
 40
18.73999999999995
 40
19.73999999999995
 40
19.73999999999995
 40
19.73999999999995
 40
20.73999999999995
 40
20.73999999999995
 40
20.73999999999995
 40
21.73999999999995
 40
21.73999999999995
 40
21.73999999999995
 40
22.73999999999995
 40
22.73999999999995
 40
22.73999999999995
 40
32.65999999999991
 40
32.65999999999991
 40
32.65999999999991
 40
36.4899999999999
 40
36.4899999999999
 40
36.4899999999999
 40
36.4899999999999
 10
250.798965
 20
78.13724388888888
 30
0.0
 10
250.798965
 20
77.68804018518517
 30
0.0
 10
250.798965
 20
77.23883648148147
 30
0.0
 10
250.798965
 20
76.78963277777777
 30
0.0
 10
251.9654835185185
 20
76.78963277777777
 30
0.0
 10
253.132002037037
 20
76.78963277777777
 30
0.0
 10
254.2985205555555
 20
76.78963277777777
 30
0.0
 10
254.4749094444444
 20
76.78963277777777
 30
0.0
 10
255.0816872222222
 20
76.88841055555555
 30
0.0
 10
256.0482983333333
 20
76.88841055555555
 30
0.0
 10
257.0184372222222
 20
76.88841055555555
 30
0.0
 10
257.7980761111111
 20
76.84607722222222
 30
0.0
 10
257.7980761111111
 20
76.78963277777777
 30
0.0
 10
257.7980761111111
 20
72.09768833333332
 30
0.0
 10
253.275465
 20
72.40813277777777
 30
0.0
 10
248.7493261111111
 20
70.93704944444444
 30
0.0
 10
244.544215
 20
69.57885499999999
 30
0.0
 10
241.4503538888889
 20
69.69174388888888
 30
0.0
 10
239.4677427777777
 20
69.38129944444444
 30
0.0
 10
237.6086038888889
 20
69.14141055555555
 30
0.0
 10
236.5185205555555
 20
70.66541055555555
 30
0.0
 10
236.5185205555555
 20
72.25291055555554
 30
0.0
 10
236.5185205555555
 20
87.71516055555554
 30
0.0
 10
243.2989094444444
 20
85.97949388888888
 30
0.0
 10
243.2989094444444
 20
97.93513277777777
 30
0.0
 10
243.2989094444444
 20
112.5013272222222
 30
0.0
 10
239.7993538888889
 20
119.5992161111111
 30
0.0
 10
239.7993538888889
 20
126.3584383333333
 30
0.0
 10
239.7993538888889
 20
126.4148827777778
 30
0.0
 10
240.5825205555555
 20
126.4607438888889
 30
0.0
 10
241.5491316666666
 20
126.4607438888889
 30
0.0
 10
242.5157427777777
 20
126.4607438888889
 30
0.0
 10
243.1260483333333
 20
126.3584383333333
 30
0.0
 10
243.2989094444444
 20
126.3584383333333
 30
0.0
 10
244.465427962963
 20
126.3584383333333
 30
0.0
 10
245.6319464814815
 20
126.3584383333333
 30
0.0
 10
246.798465
 20
126.3584383333333
 30
0.0
 10
246.798465
 20
126.8088179629629
 30
0.0
 10
246.798465
 20
127.2591975925926
 30
0.0
 10
246.798465
 20
127.7095772222222
 30
0.0
  0
SPLINE
  5
26C
330
1F
100
AcDbEntity
  8
DEFAULT
 62
     1
100
AcDbSpline
210
0.0
220
0.0
230
1.0
 70
     8
 71
     3
 72
    44
 73
    40
 74
     0
 42
0.000000001
 43
0.0000000001
 40
0.0
 40
0.0
 40
0.0
 40
0.0
 40
3.829999999999984
 40
3.829999999999984
 40
3.829999999999984
 40
13.74999999999994
 40
13.74999999999994
 40
13.74999999999994
 40
14.74999999999994
 40
14.74999999999994
 40
14.74999999999994
 40
15.74999999999994
 40
15.74999999999994
 40
15.74999999999994
 40
16.74999999999994
 40
16.74999999999994
 40
16.74999999999994
 40
17.74999999999994
 40
17.74999999999994
 40
17.74999999999994
 40
26.25999999999993
 40
26.25999999999993
 40
26.25999999999993
 40
27.25999999999993
 40
27.25999999999993
 40
27.25999999999993
 40
28.25999999999993
 40
28.25999999999993
 40
28.25999999999993
 40
29.25999999999993
 40
29.25999999999993
 40
29.25999999999993
 40
30.25999999999993
 40
30.25999999999993
 40
30.25999999999993
 40
40.17999999999989
 40
40.17999999999989
 40
40.17999999999989
 40
44.00999999999991
 40
44.00999999999991
 40
44.00999999999991
 40
44.00999999999991
 10
246.798465
 20
128.0094383333333
 30
0.0
 10
246.798465
 20
128.4598179629629
 30
0.0
 10
246.798465
 20
128.9101975925926
 30
0.0
 10
246.798465
 20
129.3605772222222
 30
0.0
 10
245.6319464814815
 20
129.3605772222222
 30
0.0
 10
244.4654279629629
 20
129.3605772222222
 30
0.0
 10
243.2989094444444
 20
129.3605772222222
 30
0.0
 10
243.1260483333333
 20
129.3605772222222
 30
0.0
 10
242.5157427777777
 20
129.2582716666667
 30
0.0
 10
241.5491316666666
 20
129.2582716666667
 30
0.0
 10
240.5825205555555
 20
129.2582716666667
 30
0.0
 10
239.7993538888888
 20
129.3041327777778
 30
0.0
 10
239.7993538888888
 20
129.3605772222222
 30
0.0
 10
239.7993538888888
 20
131.0186327777778
 30
0.0
 10
241.1434372222222
 20
133.3610772222222
 30
0.0
 10
242.8014927777777
 20
133.3610772222222
 30
0.0
 10
251.8643538888889
 20
133.3610772222222
 30
0.0
 10
253.8011038888889
 20
131.5724938888889
 30
0.0
 10
253.8011038888889
 20
129.3605772222222
 30
0.0
 10
253.8011038888889
 20
128.3598642592592
 30
0.0
 10
253.8011038888889
 20
127.3591512962963
 30
0.0
 10
253.8011038888889
 20
126.3584383333333
 30
0.0
 10
253.8011038888889
 20
102.2778272222222
 30
0.0
 10
246.2622427777777
 20
82.79038277777776
 30
0.0
 10
254.7994649999999
 20
82.79038277777776
 30
0.0
 10
256.4575205555555
 20
82.79038277777776
 30
0.0
 10
257.7980761111111
 20
81.44629944444443
 30
0.0
 10
257.7980761111111
 20
79.78824388888889
 30
0.0
 10
257.7980761111111
 20
79.73532722222221
 30
0.0
 10
257.0184372222222
 20
79.6894661111111
 30
0.0
 10
256.0482983333333
 20
79.6894661111111
 30
0.0
 10
255.0816872222222
 20
79.6894661111111
 30
0.0
 10
254.4749094444444
 20
79.78824388888889
 30
0.0
 10
254.2985205555555
 20
79.78824388888889
 30
0.0
 10
253.132002037037
 20
79.78824388888889
 30
0.0
 10
251.9654835185185
 20
79.78824388888889
 30
0.0
 10
250.798965
 20
79.78824388888889
 30
0.0
 10
250.798965
 20
79.33786425925926
 30
0.0
 10
250.798965
 20
78.88748462962963
 30
0.0
 10
250.798965
 20
78.43710499999999
 30
0.0
  0
POLYLINE
  5
26D
330
1F
100
AcDbEntity
  8
DEFAULT
 62
   250
100
AcDb2dPolyline
 66
     1
 10
0.0
 20
0.0
 30
0.0
  0
VERTEX
  5
26E
330
26D
100
AcDbEntity
  8
DEFAULT
 62
   250
100
AcDbVertex
100
AcDb2dVertex
 10
69.22988722222222
 20
100.2295994444444
 30
0.0
  0
VERTEX
  5
26F
330
26D
100
AcDbEntity
  8
DEFAULT
 62
   250
100
AcDbVertex
100
AcDb2dVertex
 10
69.22988722222222
 20
101.3539022222222
 30
0.0
  0
VERTEX
  5
270
330
26D
100
AcDbEntity
  8
DEFAULT
 62
   250
100
AcDbVertex
100
AcDb2dVertex
 10
71.25059833333333
 20
101.3539022222222
 30
0.0
  0
SEQEND
  5
271
330
26D
100
AcDbEntity
  8
DEFAULT
 62
   250
  0
SPLINE
  5
272
330
1F
100
AcDbEntity
  8
DEFAULT
 62
   250
100
AcDbSpline
210
0.0
220
0.0
230
1.0
 70
     8
 71
     3
 72
    11
 73
     7
 74
     0
 42
0.000000001
 43
0.0000000001
 40
0.0
 40
0.0
 40
0.0
 40
0.0
 40
1.0
 40
1.0
 40
1.0
 40
5.219370687673705
 40
5.219370687673705
 40
5.219370687673705
 40
5.219370687673705
 10
67.14659333333333
 20
150.8813622222222
 30
0.0
 10
67.14659333333333
 20
150.8813622222222
 30
0.0
 10
68.04335444444445
 20
149.8889983333333
 30
0.0
 10
68.12096555555556
 20
149.8350233333333
 30
0.0
 10
68.46986277777778
 20
150.1878011111111
 30
0.0
 10
68.81876000000001
 20
150.5405788888889
 30
0.0
 10
69.16765722222222
 20
150.8933566666666
 30
0.0
  0
POLYLINE
  5
273
330
1F
100
AcDbEntity
  8
DEFAULT
 62
   250
100
AcDb2dPolyline
 66
     1
 10
0.0
 20
0.0
 30
0.0
  0
VERTEX
  5
274
330
273
100
AcDbEntity
  8
DEFAULT
 62
   250
100
AcDbVertex
100
AcDb2dVertex
 10
69.16748083333333
 20
149.8349175
 30
0.0
  0
VERTEX
  5
275
330
273
100
AcDbEntity
  8
DEFAULT
 62
   250
100
AcDbVertex
100
AcDb2dVertex
 10
67.14641694444444
 20
149.8349175
 30
0.0
  0
SEQEND
  5
276
330
273
100
AcDbEntity
  8
DEFAULT
 62
   250
  0
SPLINE
  5
277
330
1F
100
AcDbEntity
  8
DEFAULT
 62
     1
100
AcDbSpline
210
0.0
220
0.0
230
1.0
 70
     8
 71
     3
 72
    44
 73
    40
 74
     0
 42
0.000000001
 43
0.0000000001
 40
0.0
 40
0.0
 40
0.0
 40
0.0
 40
3.829999999999984
 40
3.829999999999984
 40
3.829999999999984
 40
13.74999999999997
 40
13.74999999999997
 40
13.74999999999997
 40
14.74999999999997
 40
14.74999999999997
 40
14.74999999999997
 40
15.74999999999997
 40
15.74999999999997
 40
15.74999999999997
 40
16.74999999999997
 40
16.74999999999997
 40
16.74999999999997
 40
17.74999999999997
 40
17.74999999999997
 40
17.74999999999997
 40
18.74999999999997
 40
18.74999999999997
 40
18.74999999999997
 40
19.74999999999997
 40
19.74999999999997
 40
19.74999999999997
 40
20.74999999999997
 40
20.74999999999997
 40
20.74999999999997
 40
21.74999999999997
 40
21.74999999999997
 40
21.74999999999997
 40
22.74999999999997
 40
22.74999999999997
 40
22.74999999999997
 40
32.66999999999996
 40
32.66999999999996
 40
32.66999999999996
 40
36.4899999999999
 40
36.4899999999999
 40
36.4899999999999
 40
36.4899999999999
 10
71.19979833333333
 20
150.2132716666667
 30
0.0
 10
71.19979833333333
 20
149.762892037037
 30
0.0
 10
71.19979833333333
 20
149.3125124074074
 30
0.0
 10
71.19979833333333
 20
148.8621327777778
 30
0.0
 10
72.36631685185183
 20
148.8621327777778
 30
0.0
 10
73.53283537037036
 20
148.8621327777778
 30
0.0
 10
74.69935388888888
 20
148.8621327777778
 30
0.0
 10
74.872215
 20
148.8621327777778
 30
0.0
 10
75.48252055555555
 20
148.9644383333333
 30
0.0
 10
76.44913166666666
 20
148.9644383333333
 30
0.0
 10
77.41574277777777
 20
148.9644383333333
 30
0.0
 10
78.19890944444444
 20
148.9185772222222
 30
0.0
 10
78.19890944444444
 20
148.8621327777778
 30
0.0
 10
78.19890944444444
 20
142.1029105555556
 30
0.0
 10
74.69935388888888
 20
135.0050216666666
 30
0.0
 10
74.69935388888888
 20
120.4388272222222
 30
0.0
 10
74.69935388888888
 20
108.4831883333333
 30
0.0
 10
81.47974277777777
 20
110.218855
 30
0.0
 10
81.47974277777777
 20
94.756605
 30
0.0
 10
81.47974277777777
 20
93.169105
 30
0.0
 10
80.38965944444445
 20
91.64510499999997
 30
0.0
 10
78.53052055555555
 20
91.88499388888889
 30
0.0
 10
76.54790944444444
 20
92.19543833333333
 30
0.0
 10
73.45404833333332
 20
92.08254944444442
 30
0.0
 10
69.24893722222221
 20
93.44074388888887
 30
0.0
 10
64.72279833333333
 20
94.91182722222221
 30
0.0
 10
60.20018722222221
 20
94.60138277777777
 30
0.0
 10
60.20018722222221
 20
99.29332722222222
 30
0.0
 10
60.20018722222221
 20
99.34977166666665
 30
0.0
 10
60.97982611111111
 20
99.39210499999999
 30
0.0
 10
61.94996499999999
 20
99.39210499999999
 30
0.0
 10
62.91657611111111
 20
99.39210499999999
 30
0.0
 10
63.52335388888888
 20
99.29332722222222
 30
0.0
 10
63.69974277777778
 20
99.29332722222222
 30
0.0
 10
64.86626129629629
 20
99.29332722222222
 30
0.0
 10
66.03277981481482
 20
99.29332722222222
 30
0.0
 10
67.19929833333333
 20
99.29332722222222
 30
0.0
 10
67.19929833333333
 20
99.74253092592592
 30
0.0
 10
67.19929833333333
 20
100.1917346296296
 30
0.0
 10
67.19929833333333
 20
100.6409383333333
 30
0.0
  0
SPLINE
  5
278
330
1F
100
AcDbEntity
  8
DEFAULT
 62
     1
100
AcDbSpline
210
0.0
220
0.0
230
1.0
 70
     8
 71
     3
 72
    44
 73
    40
 74
     0
 42
0.000000001
 43
0.0000000001
 40
0.0
 40
0.0
 40
0.0
 40
0.0
 40
3.829999999999984
 40
3.829999999999984
 40
3.829999999999984
 40
13.74999999999997
 40
13.74999999999997
 40
13.74999999999997
 40
14.74999999999997
 40
14.74999999999997
 40
14.74999999999997
 40
15.74999999999997
 40
15.74999999999997
 40
15.74999999999997
 40
16.74999999999997
 40
16.74999999999997
 40
16.74999999999997
 40
17.74999999999997
 40
17.74999999999997
 40
17.74999999999997
 40
26.25999999999996
 40
26.25999999999996
 40
26.25999999999996
 40
27.25999999999996
 40
27.25999999999996
 40
27.25999999999996
 40
28.25999999999996
 40
28.25999999999996
 40
28.25999999999996
 40
29.25999999999996
 40
29.25999999999996
 40
29.25999999999996
 40
30.25999999999996
 40
30.25999999999996
 40
30.25999999999996
 40
40.17999999999995
 40
40.17999999999995
 40
40.17999999999995
 40
44.00999999999999
 40
44.00999999999999
 40
44.00999999999999
 40
44.00999999999999
 10
67.19929833333333
 20
100.9407994444444
 30
0.0
 10
67.19929833333333
 20
101.3911790740741
 30
0.0
 10
67.19929833333333
 20
101.8415587037037
 30
0.0
 10
67.19929833333333
 20
102.2919383333333
 30
0.0
 10
66.03277981481482
 20
102.2919383333333
 30
0.0
 10
64.86626129629629
 20
102.2919383333333
 30
0.0
 10
63.69974277777778
 20
102.2919383333333
 30
0.0
 10
63.52335388888888
 20
102.2919383333333
 30
0.0
 10
62.91657611111111
 20
102.1931605555556
 30
0.0
 10
61.94996499999999
 20
102.1931605555556
 30
0.0
 10
60.97982611111111
 20
102.1931605555556
 30
0.0
 10
60.20018722222221
 20
102.2390216666667
 30
0.0
 10
60.20018722222221
 20
102.2919383333333
 30
0.0
 10
60.20018722222221
 20
103.9499938888889
 30
0.0
 10
61.54074277777777
 20
105.2940772222222
 30
0.0
 10
63.19879833333332
 20
105.2940772222222
 30
0.0
 10
71.73602055555556
 20
105.2940772222222
 30
0.0
 10
64.19715944444444
 20
124.7815216666666
 30
0.0
 10
64.19715944444444
 20
148.8621327777778
 30
0.0
 10
64.19715944444444
 20
149.8628457407407
 30
0.0
 10
64.19715944444444
 20
150.8635587037037
 30
0.0
 10
64.19715944444444
 20
151.8642716666667
 30
0.0
 10
64.19715944444444
 20
154.0761883333333
 30
0.0
 10
66.13390944444443
 20
155.8647716666667
 30
0.0
 10
75.19677055555556
 20
155.8647716666667
 30
0.0
 10
76.85482611111111
 20
155.8647716666667
 30
0.0
 10
78.19890944444444
 20
153.5223272222222
 30
0.0
 10
78.19890944444444
 20
151.8642716666667
 30
0.0
 10
78.19890944444444
 20
151.8078272222222
 30
0.0
 10
77.41574277777777
 20
151.7619661111111
 30
0.0
 10
76.44913166666666
 20
151.7619661111111
 30
0.0
 10
75.48252055555554
 20
151.7619661111111
 30
0.0
 10
74.872215
 20
151.8642716666667
 30
0.0
 10
74.69935388888888
 20
151.8642716666667
 30
0.0
 10
73.53283537037036
 20
151.8642716666667
 30
0.0
 10
72.36631685185185
 20
151.8642716666667
 30
0.0
 10
71.19979833333333
 20
151.8642716666667
 30
0.0
 10
71.19979833333333
 20
151.413892037037
 30
0.0
 10
71.19979833333333
 20
150.9635124074074
 30
0.0
 10
71.19979833333333
 20
150.5131327777777
 30
0.0
  0
POLYLINE
  5
279
330
1F
100
AcDbEntity
  8
DEFAULT
 62
   250
100
AcDb2dPolyline
 66
     1
 10
0.0
 20
0.0
 30
0.0
  0
VERTEX
  5
27A
330
279
100
AcDbEntity
  8
DEFAULT
 62
   250
100
AcDbVertex
100
AcDb2dVertex
 10
51.77349027777777
 20
77.7276336111111
 30
0.0
  0
VERTEX
  5
27B
330
279
100
AcDbEntity
  8
DEFAULT
 62
   250
100
AcDbVertex
100
AcDb2dVertex
 10
51.77349027777777
 20
78.85193638888889
 30
0.0
  0
VERTEX
  5
27C
330
279
100
AcDbEntity
  8
DEFAULT
 62
   250
100
AcDbVertex
100
AcDb2dVertex
 10
53.79420138888889
 20
78.85193638888889
 30
0.0
  0
SEQEND
  5
27D
330
279
100
AcDbEntity
  8
DEFAULT
 62
   250
  0
SPLINE
  5
27E
330
1F
100
AcDbEntity
  8
DEFAULT
 62
   250
100
AcDbSpline
210
0.0
220
0.0
230
1.0
 70
     8
 71
     3
 72
    11
 73
     7
 74
     0
 42
0.000000001
 43
0.0000000001
 40
0.0
 40
0.0
 40
0.0
 40
0.0
 40
1.0
 40
1.0
 40
1.0
 40
5.219370687673705
 40
5.219370687673705
 40
5.219370687673705
 40
5.219370687673705
 10
49.69019638888888
 20
128.3793963888889
 30
0.0
 10
49.69019638888888
 20
128.3793963888889
 30
0.0
 10
50.58695749999999
 20
127.3870325
 30
0.0
 10
50.6645686111111
 20
127.3330575
 30
0.0
 10
51.01346583333333
 20
127.6858352777778
 30
0.0
 10
51.36236305555556
 20
128.0386130555555
 30
0.0
 10
51.71126027777778
 20
128.3913908333333
 30
0.0
  0
POLYLINE
  5
27F
330
1F
100
AcDbEntity
  8
DEFAULT
 62
   250
100
AcDb2dPolyline
 66
     1
 10
0.0
 20
0.0
 30
0.0
  0
VERTEX
  5
280
330
27F
100
AcDbEntity
  8
DEFAULT
 62
   250
100
AcDbVertex
100
AcDb2dVertex
 10
51.71108388888889
 20
127.3329516666667
 30
0.0
  0
VERTEX
  5
281
330
27F
100
AcDbEntity
  8
DEFAULT
 62
   250
100
AcDbVertex
100
AcDb2dVertex
 10
49.69002
 20
127.3329516666667
 30
0.0
  0
SEQEND
  5
282
330
27F
100
AcDbEntity
  8
DEFAULT
 62
   250
  0
SPLINE
  5
283
330
1F
100
AcDbEntity
  8
DEFAULT
 62
     1
100
AcDbSpline
210
0.0
220
0.0
230
1.0
 70
     8
 71
     3
 72
    44
 73
    40
 74
     0
 42
0.000000001
 43
0.0000000001
 40
0.0
 40
0.0
 40
0.0
 40
0.0
 40
3.839999999999975
 40
3.839999999999975
 40
3.839999999999975
 40
13.75999999999996
 40
13.75999999999996
 40
13.75999999999996
 40
14.75999999999996
 40
14.75999999999996
 40
14.75999999999996
 40
15.75999999999996
 40
15.75999999999996
 40
15.75999999999996
 40
16.75999999999996
 40
16.75999999999996
 40
16.75999999999996
 40
17.75999999999996
 40
17.75999999999996
 40
17.75999999999996
 40
18.75999999999996
 40
18.75999999999996
 40
18.75999999999996
 40
19.75999999999996
 40
19.75999999999996
 40
19.75999999999996
 40
20.75999999999996
 40
20.75999999999996
 40
20.75999999999996
 40
21.75999999999996
 40
21.75999999999996
 40
21.75999999999996
 40
22.75999999999996
 40
22.75999999999996
 40
22.75999999999996
 40
32.67999999999995
 40
32.67999999999995
 40
32.67999999999995
 40
36.50999999999993
 40
36.50999999999993
 40
36.50999999999993
 40
36.50999999999993
 10
53.7408261111111
 20
127.713105
 30
0.0
 10
53.7408261111111
 20
127.2615494444444
 30
0.0
 10
53.7408261111111
 20
126.8099938888889
 30
0.0
 10
53.7408261111111
 20
126.3584383333334
 30
0.0
 10
54.90734462962962
 20
126.3584383333334
 30
0.0
 10
56.07386314814814
 20
126.3584383333334
 30
0.0
 10
57.24038166666666
 20
126.3584383333333
 30
0.0
 10
57.41324277777777
 20
126.3584383333333
 30
0.0
 10
58.02354833333333
 20
126.4607438888889
 30
0.0
 10
58.99015944444444
 20
126.4607438888889
 30
0.0
 10
59.95677055555555
 20
126.4607438888889
 30
0.0
 10
60.73993722222222
 20
126.4148827777778
 30
0.0
 10
60.73993722222222
 20
126.3584383333333
 30
0.0
 10
60.73993722222222
 20
119.5992161111111
 30
0.0
 10
57.24038166666666
 20
112.5013272222222
 30
0.0
 10
57.24038166666666
 20
97.93513277777777
 30
0.0
 10
57.24038166666666
 20
85.97949388888888
 30
0.0
 10
64.02077055555556
 20
87.71516055555556
 30
0.0
 10
64.02077055555556
 20
72.25291055555556
 30
0.0
 10
64.02077055555556
 20
70.66541055555555
 30
0.0
 10
62.93068722222222
 20
69.14141055555555
 30
0.0
 10
61.07154833333333
 20
69.38129944444445
 30
0.0
 10
59.08893722222221
 20
69.6917438888889
 30
0.0
 10
55.9950761111111
 20
69.578855
 30
0.0
 10
51.789965
 20
70.93704944444445
 30
0.0
 10
47.26382611111111
 20
72.40813277777778
 30
0.0
 10
42.74121499999999
 20
72.09768833333334
 30
0.0
 10
42.74121499999999
 20
76.78963277777778
 30
0.0
 10
42.74121499999999
 20
76.84607722222222
 30
0.0
 10
43.52085388888888
 20
76.88841055555557
 30
0.0
 10
44.49099277777777
 20
76.88841055555557
 30
0.0
 10
45.45760388888888
 20
76.88841055555557
 30
0.0
 10
46.06438166666666
 20
76.78963277777778
 30
0.0
 10
46.24077055555555
 20
76.78963277777778
 30
0.0
 10
47.40728907407406
 20
76.78963277777778
 30
0.0
 10
48.57380759259258
 20
76.78963277777778
 30
0.0
 10
49.7403261111111
 20
76.78963277777778
 30
0.0
 10
49.7403261111111
 20
77.2400124074074
 30
0.0
 10
49.7403261111111
 20
77.69039203703703
 30
0.0
 10
49.7403261111111
 20
78.14077166666667
 30
0.0
  0
SPLINE
  5
284
330
1F
100
AcDbEntity
  8
DEFAULT
 62
     1
100
AcDbSpline
210
0.0
220
0.0
230
1.0
 70
     8
 71
     3
 72
    44
 73
    40
 74
     0
 42
0.000000001
 43
0.0000000001
 40
0.0
 40
0.0
 40
0.0
 40
0.0
 40
3.819999999999993
 40
3.819999999999993
 40
3.819999999999993
 40
13.73999999999998
 40
13.73999999999998
 40
13.73999999999998
 40
14.73999999999998
 40
14.73999999999998
 40
14.73999999999998
 40
15.73999999999998
 40
15.73999999999998
 40
15.73999999999998
 40
16.73999999999998
 40
16.73999999999998
 40
16.73999999999998
 40
17.73999999999998
 40
17.73999999999998
 40
17.73999999999998
 40
26.24999999999997
 40
26.24999999999997
 40
26.24999999999997
 40
27.24999999999997
 40
27.24999999999997
 40
27.24999999999997
 40
28.24999999999997
 40
28.24999999999997
 40
28.24999999999997
 40
29.24999999999997
 40
29.24999999999997
 40
29.24999999999997
 40
30.24999999999997
 40
30.24999999999997
 40
30.24999999999997
 40
40.16999999999996
 40
40.16999999999996
 40
40.16999999999996
 40
43.99000000000001
 40
43.99000000000001
 40
43.99000000000001
 40
43.99000000000001
 10
49.7403261111111
 20
78.44063277777778
 30
0.0
 10
49.7403261111111
 20
78.88983648148148
 30
0.0
 10
49.7403261111111
 20
79.33904018518518
 30
0.0
 10
49.7403261111111
 20
79.78824388888889
 30
0.0
 10
48.57380759259258
 20
79.78824388888889
 30
0.0
 10
47.40728907407406
 20
79.78824388888889
 30
0.0
 10
46.24077055555555
 20
79.78824388888889
 30
0.0
 10
46.06438166666666
 20
79.78824388888889
 30
0.0
 10
45.45760388888888
 20
79.6894661111111
 30
0.0
 10
44.49099277777777
 20
79.6894661111111
 30
0.0
 10
43.52085388888888
 20
79.6894661111111
 30
0.0
 10
42.74121499999999
 20
79.73532722222221
 30
0.0
 10
42.74121499999999
 20
79.78824388888889
 30
0.0
 10
42.74121499999999
 20
81.44629944444445
 30
0.0
 10
44.08177055555555
 20
82.79038277777778
 30
0.0
 10
45.7398261111111
 20
82.79038277777778
 30
0.0
 10
54.27704833333333
 20
82.79038277777778
 30
0.0
 10
46.73818722222222
 20
102.2778272222222
 30
0.0
 10
46.73818722222222
 20
126.3584383333333
 30
0.0
 10
46.73818722222222
 20
127.3591512962963
 30
0.0
 10
46.73818722222222
 20
128.3598642592592
 30
0.0
 10
46.73818722222222
 20
129.3605772222222
 30
0.0
 10
46.73818722222222
 20
131.5724938888889
 30
0.0
 10
48.67493722222221
 20
133.3610772222222
 30
0.0
 10
57.73779833333333
 20
133.3610772222222
 30
0.0
 10
59.39585388888888
 20
133.3610772222222
 30
0.0
 10
60.73993722222222
 20
131.0186327777778
 30
0.0
 10
60.73993722222222
 20
129.3605772222222
 30
0.0
 10
60.73993722222222
 20
129.3041327777778
 30
0.0
 10
59.95677055555555
 20
129.2582716666667
 30
0.0
 10
58.99015944444444
 20
129.2582716666667
 30
0.0
 10
58.02354833333332
 20
129.2582716666667
 30
0.0
 10
57.41324277777777
 20
129.3605772222222
 30
0.0
 10
57.24038166666666
 20
129.3605772222222
 30
0.0
 10
56.07386314814814
 20
129.3605772222222
 30
0.0
 10
54.90734462962962
 20
129.3605772222222
 30
0.0
 10
53.7408261111111
 20
129.3605772222222
 30
0.0
 10
53.7408261111111
 20
128.9113735185185
 30
0.0
 10
53.7408261111111
 20
128.4621698148148
 30
0.0
 10
53.7408261111111
 20
128.0129661111111
 30
0.0
  0
POLYLINE
  5
285
330
1F
100
AcDbEntity
  8
DEFAULT
 62
   250
100
AcDb2dPolyline
 66
     1
 10
0.0
 20
0.0
 30
0.0
  0
VERTEX
  5
286
330
285
100
AcDbEntity
  8
DEFAULT
 62
   250
100
AcDbVertex
100
AcDb2dVertex
 10
248.8860275
 20
21.89596416666667
 30
0.0
  0
VERTEX
  5
287
330
285
100
AcDbEntity
  8
DEFAULT
 62
   250
100
AcDbVertex
100
AcDb2dVertex
 10
248.8860275
 20
23.02026694444444
 30
0.0
  0
VERTEX
  5
288
330
285
100
AcDbEntity
  8
DEFAULT
 62
   250
100
AcDbVertex
100
AcDb2dVertex
 10
250.9067386111111
 20
23.02026694444444
 30
0.0
  0
SEQEND
  5
289
330
285
100
AcDbEntity
  8
DEFAULT
 62
   250
  0
POLYLINE
  5
28A
330
1F
100
AcDbEntity
  8
DEFAULT
 62
   250
100
AcDb2dPolyline
 66
     1
 10
0.0
 20
0.0
 30
0.0
  0
VERTEX
  5
28B
330
28A
100
AcDbEntity
  8
DEFAULT
 62
   250
100
AcDbVertex
100
AcDb2dVertex
 10
252.8586227777778
 20
29.94338972222222
 30
0.0
  0
VERTEX
  5
28C
330
28A
100
AcDbEntity
  8
DEFAULT
 62
   250
100
AcDbVertex
100
AcDb2dVertex
 10
252.8586227777778
 20
28.89705083333333
 30
0.0
  0
SEQEND
  5
28D
330
28A
100
AcDbEntity
  8
DEFAULT
 62
   250
  0
POLYLINE
  5
28E
330
1F
100
AcDbEntity
  8
DEFAULT
 62
   250
100
AcDb2dPolyline
 66
     1
 10
0.0
 20
0.0
 30
0.0
  0
VERTEX
  5
28F
330
28E
100
AcDbEntity
  8
DEFAULT
 62
   250
100
AcDbVertex
100
AcDb2dVertex
 10
253.8060075
 20
30.03331277777777
 30
0.0
  0
VERTEX
  5
290
330
28E
100
AcDbEntity
  8
DEFAULT
 62
   250
100
AcDbVertex
100
AcDb2dVertex
 10
253.8060075
 20
28.89701555555555
 30
0.0
  0
VERTEX
  5
291
330
28E
100
AcDbEntity
  8
DEFAULT
 62
   250
100
AcDbVertex
100
AcDb2dVertex
 10
251.7852963888889
 20
28.89701555555555
 30
0.0
  0
VERTEX
  5
292
330
28E
100
AcDbEntity
  8
DEFAULT
 62
   250
100
AcDbVertex
100
AcDb2dVertex
 10
251.7852963888889
 20
29.98851
 30
0.0
  0
SEQEND
  5
293
330
28E
100
AcDbEntity
  8
DEFAULT
 62
   250
  0
POLYLINE
  5
294
330
1F
100
AcDbEntity
  8
DEFAULT
 62
   250
100
AcDb2dPolyline
 66
     1
 10
0.0
 20
0.0
 30
0.0
  0
VERTEX
  5
295
330
294
100
AcDbEntity
  8
DEFAULT
 62
   250
100
AcDbVertex
100
AcDb2dVertex
 10
252.8584463888889
 20
15.93920555555555
 30
0.0
  0
VERTEX
  5
296
330
294
100
AcDbEntity
  8
DEFAULT
 62
   250
100
AcDbVertex
100
AcDb2dVertex
 10
252.8584463888889
 20
14.89286666666667
 30
0.0
  0
SEQEND
  5
297
330
294
100
AcDbEntity
  8
DEFAULT
 62
   250
  0
POLYLINE
  5
298
330
1F
100
AcDbEntity
  8
DEFAULT
 62
   250
100
AcDb2dPolyline
 66
     1
 10
0.0
 20
0.0
 30
0.0
  0
VERTEX
  5
299
330
298
100
AcDbEntity
  8
DEFAULT
 62
   250
100
AcDbVertex
100
AcDb2dVertex
 10
253.8058311111111
 20
16.02912861111111
 30
0.0
  0
VERTEX
  5
29A
330
298
100
AcDbEntity
  8
DEFAULT
 62
   250
100
AcDbVertex
100
AcDb2dVertex
 10
253.8058311111111
 20
14.89283138888889
 30
0.0
  0
VERTEX
  5
29B
330
298
100
AcDbEntity
  8
DEFAULT
 62
   250
100
AcDbVertex
100
AcDb2dVertex
 10
251.7847672222222
 20
14.89283138888889
 30
0.0
  0
VERTEX
  5
29C
330
298
100
AcDbEntity
  8
DEFAULT
 62
   250
100
AcDbVertex
100
AcDb2dVertex
 10
251.7847672222222
 20
15.98432583333333
 30
0.0
  0
SEQEND
  5
29D
330
298
100
AcDbEntity
  8
DEFAULT
 62
   250
  0
SPLINE
  5
29E
330
1F
100
AcDbEntity
  8
DEFAULT
 62
     1
100
AcDbSpline
210
0.0
220
0.0
230
1.0
 70
     8
 71
     3
 72
    53
 73
    49
 74
     0
 42
0.000000001
 43
0.0000000001
 40
0.0
 40
0.0
 40
0.0
 40
0.0
 40
1.0
 40
1.0
 40
1.0
 40
2.0
 40
2.0
 40
2.0
 40
3.0
 40
3.0
 40
3.0
 40
12.90999999999997
 40
12.90999999999997
 40
12.90999999999997
 40
21.41000588235087
 40
21.41000588235087
 40
21.41000588235087
 40
31.34000588235094
 40
31.34000588235094
 40
31.34000588235094
 40
32.34000588235094
 40
32.34000588235094
 40
32.34000588235094
 40
33.34000588235094
 40
33.34000588235094
 40
33.34000588235094
 40
34.34000588235094
 40
34.34000588235094
 40
34.34000588235094
 40
35.34000588235094
 40
35.34000588235094
 40
35.34000588235094
 40
36.34000588235094
 40
36.34000588235094
 40
36.34000588235094
 40
37.34000588235094
 40
37.34000588235094
 40
37.34000588235094
 40
38.34000588235094
 40
38.34000588235094
 40
38.34000588235094
 40
39.34000588235094
 40
39.34000588235094
 40
39.34000588235094
 40
40.34000588235094
 40
40.34000588235094
 40
40.34000588235094
 40
44.19000588235094
 40
44.19000588235094
 40
44.19000588235094
 40
44.19000588235094
 10
261.6818066666667
 20
22.31541694444444
 30
0.0
 10
261.7453066666666
 20
20.69616694444445
 30
0.0
 10
262.83539
 20
19.91300027777778
 30
0.0
 10
262.8389177777777
 20
16.96025027777778
 30
0.0
 10
262.8389177777777
 20
16.90733361111111
 30
0.0
 10
262.0557511111111
 20
16.8614725
 30
0.0
 10
261.08914
 20
16.8614725
 30
0.0
 10
260.1190011111111
 20
16.8614725
 30
0.0
 10
259.5122233333333
 20
16.96025027777778
 30
0.0
 10
259.3358344444445
 20
16.96025027777778
 30
0.0
 10
258.1704918518519
 20
16.96025027777778
 30
0.0
 10
257.0051492592593
 20
16.96025027777778
 30
0.0
 10
255.8398066666667
 20
16.96025027777778
 30
0.0
 10
255.8386307407407
 20
15.96071324074074
 30
0.0
 10
255.8374548148148
 20
14.9611762037037
 30
0.0
 10
255.8362788888889
 20
13.96163916666667
 30
0.0
 10
257.0039733333333
 20
13.96163916666667
 30
0.0
 10
258.1716677777777
 20
13.96163916666667
 30
0.0
 10
259.3393622222222
 20
13.96163916666667
 30
0.0
 10
259.5122233333333
 20
13.96516694444444
 30
0.0
 10
260.1190011111111
 20
14.06394472222222
 30
0.0
 10
261.08914
 20
14.06394472222222
 30
0.0
 10
262.0557511111111
 20
14.06394472222222
 30
0.0
 10
262.83539
 20
14.01455583333333
 30
0.0
 10
262.83539
 20
13.96163916666667
 30
0.0
 10
262.83539
 20
12.30358361111111
 30
0.0
 10
261.4948344444445
 20
10.96302805555556
 30
0.0
 10
259.8367788888889
 20
10.96302805555556
 30
0.0
 10
255.6740011111111
 20
10.96302805555556
 30
0.0
 10
250.8621122222222
 20
11.79558361111111
 30
0.0
 10
248.6043344444444
 20
13.54536138888889
 30
0.0
 10
246.3465566666667
 20
15.29513916666667
 30
0.0
 10
246.6358344444444
 20
17.95861138888889
 30
0.0
 10
242.8575844444444
 20
17.95861138888889
 30
0.0
 10
241.1995288888889
 20
17.95861138888889
 30
0.0
 10
239.8589733333333
 20
19.29916694444444
 30
0.0
 10
239.8554455555555
 20
20.9572225
 30
0.0
 10
239.8554455555555
 20
21.01366694444445
 30
0.0
 10
240.6350844444445
 20
21.05952805555555
 30
0.0
 10
241.6052233333333
 20
21.05952805555555
 30
0.0
 10
242.5718344444444
 20
21.05952805555555
 30
0.0
 10
243.1786122222222
 20
20.96075027777778
 30
0.0
 10
243.3550011111111
 20
20.96075027777778
 30
0.0
 10
244.22989
 20
20.9572225
 30
0.0
 10
246.8545566666667
 20
20.9572225
 30
0.0
 10
246.8545566666667
 20
20.9572225
 30
0.0
 10
246.8545566666667
 20
21.40995398148148
 30
0.0
 10
246.8545566666667
 20
21.86268546296296
 30
0.0
 10
246.8545566666667
 20
22.31541694444444
 30
0.0
  0
SPLINE
  5
29F
330
1F
100
AcDbEntity
  8
DEFAULT
 62
     1
100
AcDbSpline
210
0.0
220
0.0
230
1.0
 70
     8
 71
     3
 72
    53
 73
    49
 74
     0
 42
0.000000001
 43
0.0000000001
 40
0.0
 40
0.0
 40
0.0
 40
0.0
 40
3.819999999999993
 40
3.819999999999993
 40
3.819999999999993
 40
4.819999999999993
 40
4.819999999999993
 40
4.819999999999993
 40
5.819999999999993
 40
5.819999999999993
 40
5.819999999999993
 40
6.819999999999993
 40
6.819999999999993
 40
6.819999999999993
 40
7.829999999999984
 40
7.829999999999984
 40
7.829999999999984
 40
8.829999999999984
 40
8.829999999999984
 40
8.829999999999984
 40
9.829999999999984
 40
9.829999999999984
 40
9.829999999999984
 40
10.82999999999998
 40
10.82999999999998
 40
10.82999999999998
 40
11.82999999999998
 40
11.82999999999998
 40
11.82999999999998
 40
12.82999999999998
 40
12.82999999999998
 40
12.82999999999998
 40
22.75999999999993
 40
22.75999999999993
 40
22.75999999999993
 40
31.25999999999993
 40
31.25999999999993
 40
31.25999999999993
 40
41.17999999999989
 40
41.17999999999989
 40
41.17999999999989
 40
42.17999999999989
 40
42.17999999999989
 40
42.17999999999989
 40
43.17999999999989
 40
43.17999999999989
 40
43.17999999999989
 40
44.17999999999989
 40
44.17999999999989
 40
44.17999999999989
 40
44.17999999999989
 10
246.8545566666666
 20
22.61527805555556
 30
0.0
 10
246.8545566666666
 20
23.06448175925926
 30
0.0
 10
246.8545566666666
 20
23.51368546296296
 30
0.0
 10
246.8545566666666
 20
23.96288916666666
 30
0.0
 10
246.8545566666666
 20
23.96288916666666
 30
0.0
 10
244.2263622222222
 20
23.95936138888889
 30
0.0
 10
243.3550011111111
 20
23.95936138888889
 30
0.0
 10
243.1786122222222
 20
23.95936138888889
 30
0.0
 10
242.5718344444444
 20
23.86058361111111
 30
0.0
 10
241.6052233333333
 20
23.86058361111111
 30
0.0
 10
240.6350844444444
 20
23.86058361111111
 30
0.0
 10
239.8519177777777
 20
23.90291694444445
 30
0.0
 10
239.8519177777777
 20
23.95936138888889
 30
0.0
 10
239.8554455555555
 20
25.61741694444445
 30
0.0
 10
241.1960011111111
 20
26.96150027777777
 30
0.0
 10
242.8575844444444
 20
26.96150027777777
 30
0.0
 10
246.6393622222222
 20
26.96150027777777
 30
0.0
 10
246.3500844444444
 20
29.6249725
 30
0.0
 10
248.6043344444444
 20
31.37827805555555
 30
0.0
 10
250.8621122222222
 20
33.12805583333333
 30
0.0
 10
255.6740011111111
 20
33.96061138888889
 30
0.0
 10
259.8403066666667
 20
33.96061138888889
 30
0.0
 10
261.4983622222222
 20
33.96413916666667
 30
0.0
 10
262.8389177777777
 20
32.62358361111111
 30
0.0
 10
262.83539
 20
30.96200027777778
 30
0.0
 10
262.83539
 20
30.90908361111111
 30
0.0
 10
262.0522233333333
 20
30.8632225
 30
0.0
 10
261.08914
 20
30.85969472222222
 30
0.0
 10
260.1225288888888
 20
30.8632225
 30
0.0
 10
259.5157511111111
 20
30.96200027777778
 30
0.0
 10
259.3393622222222
 20
30.96200027777778
 30
0.0
 10
258.1716677777777
 20
30.96200027777778
 30
0.0
 10
257.0039733333333
 20
30.96200027777778
 30
0.0
 10
255.8362788888889
 20
30.96200027777778
 30
0.0
 10
255.8362788888889
 20
29.96246324074074
 30
0.0
 10
255.8362788888889
 20
28.9629262037037
 30
0.0
 10
255.8362788888889
 20
27.96338916666667
 30
0.0
 10
257.0027974074074
 20
27.96338916666666
 30
0.0
 10
258.1693159259259
 20
27.96338916666666
 30
0.0
 10
259.3358344444444
 20
27.96338916666667
 30
0.0
 10
259.5122233333333
 20
27.96338916666667
 30
0.0
 10
260.1190011111111
 20
28.06216694444444
 30
0.0
 10
261.08914
 20
28.06216694444444
 30
0.0
 10
262.0557511111111
 20
28.06216694444444
 30
0.0
 10
262.83539
 20
28.01983361111111
 30
0.0
 10
262.8389177777777
 20
27.96338916666667
 30
0.0
 10
262.83539
 20
25.01416694444444
 30
0.0
 10
261.7453066666666
 20
24.2274725
 30
0.0
 10
261.6818066666666
 20
22.61527805555556
 30
0.0
  0
POLYLINE
  5
2A0
330
1F
100
AcDbEntity
  8
DEFAULT
 62
   250
100
AcDb2dPolyline
 66
     1
 10
0.0
 20
0.0
 30
0.0
  0
VERTEX
  5
2A1
330
2A0
100
AcDbEntity
  8
DEFAULT
 62
   250
100
AcDbVertex
100
AcDb2dVertex
 10
276.9039913888889
 20
21.89423555555555
 30
0.0
  0
VERTEX
  5
2A2
330
2A0
100
AcDbEntity
  8
DEFAULT
 62
   250
100
AcDbVertex
100
AcDb2dVertex
 10
276.9039913888889
 20
23.01853833333333
 30
0.0
  0
VERTEX
  5
2A3
330
2A0
100
AcDbEntity
  8
DEFAULT
 62
   250
100
AcDbVertex
100
AcDb2dVertex
 10
278.9247025
 20
23.01853833333333
 30
0.0
  0
SEQEND
  5
2A4
330
2A0
100
AcDbEntity
  8
DEFAULT
 62
   250
  0
POLYLINE
  5
2A5
330
1F
100
AcDbEntity
  8
DEFAULT
 62
   250
100
AcDb2dPolyline
 66
     1
 10
0.0
 20
0.0
 30
0.0
  0
VERTEX
  5
2A6
330
2A5
100
AcDbEntity
  8
DEFAULT
 62
   250
100
AcDbVertex
100
AcDb2dVertex
 10
280.8765866666666
 20
29.94166111111111
 30
0.0
  0
VERTEX
  5
2A7
330
2A5
100
AcDbEntity
  8
DEFAULT
 62
   250
100
AcDbVertex
100
AcDb2dVertex
 10
280.8765866666666
 20
28.89532222222222
 30
0.0
  0
SEQEND
  5
2A8
330
2A5
100
AcDbEntity
  8
DEFAULT
 62
   250
  0
POLYLINE
  5
2A9
330
1F
100
AcDbEntity
  8
DEFAULT
 62
   250
100
AcDb2dPolyline
 66
     1
 10
0.0
 20
0.0
 30
0.0
  0
VERTEX
  5
2AA
330
2A9
100
AcDbEntity
  8
DEFAULT
 62
   250
100
AcDbVertex
100
AcDb2dVertex
 10
281.8239713888888
 20
30.03158416666666
 30
0.0
  0
VERTEX
  5
2AB
330
2A9
100
AcDbEntity
  8
DEFAULT
 62
   250
100
AcDbVertex
100
AcDb2dVertex
 10
281.8239713888888
 20
28.89528694444444
 30
0.0
  0
VERTEX
  5
2AC
330
2A9
100
AcDbEntity
  8
DEFAULT
 62
   250
100
AcDbVertex
100
AcDb2dVertex
 10
279.8029074999999
 20
28.89528694444444
 30
0.0
  0
VERTEX
  5
2AD
330
2A9
100
AcDbEntity
  8
DEFAULT
 62
   250
100
AcDbVertex
100
AcDb2dVertex
 10
279.8029074999999
 20
29.98678138888889
 30
0.0
  0
SEQEND
  5
2AE
330
2A9
100
AcDbEntity
  8
DEFAULT
 62
   250
  0
POLYLINE
  5
2AF
330
1F
100
AcDbEntity
  8
DEFAULT
 62
   250
100
AcDb2dPolyline
 66
     1
 10
0.0
 20
0.0
 30
0.0
  0
VERTEX
  5
2B0
330
2AF
100
AcDbEntity
  8
DEFAULT
 62
   250
100
AcDbVertex
100
AcDb2dVertex
 10
280.8764102777778
 20
15.93747694444444
 30
0.0
  0
VERTEX
  5
2B1
330
2AF
100
AcDbEntity
  8
DEFAULT
 62
   250
100
AcDbVertex
100
AcDb2dVertex
 10
280.8764102777778
 20
14.89113805555555
 30
0.0
  0
SEQEND
  5
2B2
330
2AF
100
AcDbEntity
  8
DEFAULT
 62
   250
  0
POLYLINE
  5
2B3
330
1F
100
AcDbEntity
  8
DEFAULT
 62
   250
100
AcDb2dPolyline
 66
     1
 10
0.0
 20
0.0
 30
0.0
  0
VERTEX
  5
2B4
330
2B3
100
AcDbEntity
  8
DEFAULT
 62
   250
100
AcDbVertex
100
AcDb2dVertex
 10
281.823795
 20
16.0274
 30
0.0
  0
VERTEX
  5
2B5
330
2B3
100
AcDbEntity
  8
DEFAULT
 62
   250
100
AcDbVertex
100
AcDb2dVertex
 10
281.823795
 20
14.89110277777778
 30
0.0
  0
VERTEX
  5
2B6
330
2B3
100
AcDbEntity
  8
DEFAULT
 62
   250
100
AcDbVertex
100
AcDb2dVertex
 10
279.8027311111111
 20
14.89110277777778
 30
0.0
  0
VERTEX
  5
2B7
330
2B3
100
AcDbEntity
  8
DEFAULT
 62
   250
100
AcDbVertex
100
AcDb2dVertex
 10
279.8027311111111
 20
15.98259722222222
 30
0.0
  0
SEQEND
  5
2B8
330
2B3
100
AcDbEntity
  8
DEFAULT
 62
   250
  0
SPLINE
  5
2B9
330
1F
100
AcDbEntity
  8
DEFAULT
 62
     1
100
AcDbSpline
210
0.0
220
0.0
230
1.0
 70
     8
 71
     3
 72
    53
 73
    49
 74
     0
 42
0.000000001
 43
0.0000000001
 40
0.0
 40
0.0
 40
0.0
 40
0.0
 40
1.0
 40
1.0
 40
1.0
 40
2.0
 40
2.0
 40
2.0
 40
3.0
 40
3.0
 40
3.0
 40
12.90999999999997
 40
12.90999999999997
 40
12.90999999999997
 40
21.41000588235087
 40
21.41000588235087
 40
21.41000588235087
 40
31.34000588235094
 40
31.34000588235094
 40
31.34000588235094
 40
32.34000588235094
 40
32.34000588235094
 40
32.34000588235094
 40
33.34000588235094
 40
33.34000588235094
 40
33.34000588235094
 40
34.34000588235094
 40
34.34000588235094
 40
34.34000588235094
 40
35.34000588235094
 40
35.34000588235094
 40
35.34000588235094
 40
36.34000588235094
 40
36.34000588235094
 40
36.34000588235094
 40
37.34000588235094
 40
37.34000588235094
 40
37.34000588235094
 40
38.34000588235094
 40
38.34000588235094
 40
38.34000588235094
 40
39.34000588235094
 40
39.34000588235094
 40
39.34000588235094
 40
40.34000588235094
 40
40.34000588235094
 40
40.34000588235094
 40
44.19000588235094
 40
44.19000588235094
 40
44.19000588235094
 40
44.19000588235094
 10
289.6997705555555
 20
22.31368833333333
 30
0.0
 10
289.7632705555555
 20
20.69443833333333
 30
0.0
 10
290.8533538888889
 20
19.91127166666666
 30
0.0
 10
290.8568816666666
 20
16.95852166666666
 30
0.0
 10
290.8568816666666
 20
16.905605
 30
0.0
 10
290.0737149999999
 20
16.85974388888889
 30
0.0
 10
289.1071038888888
 20
16.85974388888889
 30
0.0
 10
288.136965
 20
16.85974388888889
 30
0.0
 10
287.5301872222222
 20
16.95852166666666
 30
0.0
 10
287.3537983333333
 20
16.95852166666666
 30
0.0
 10
286.1884557407407
 20
16.95852166666666
 30
0.0
 10
285.0231131481482
 20
16.95852166666666
 30
0.0
 10
283.8577705555555
 20
16.95852166666666
 30
0.0
 10
283.8565946296296
 20
15.95898462962963
 30
0.0
 10
283.8554187037037
 20
14.95944759259259
 30
0.0
 10
283.8542427777777
 20
13.95991055555555
 30
0.0
 10
285.0219372222222
 20
13.95991055555555
 30
0.0
 10
286.1896316666666
 20
13.95991055555555
 30
0.0
 10
287.3573261111111
 20
13.95991055555555
 30
0.0
 10
287.5301872222222
 20
13.96343833333333
 30
0.0
 10
288.136965
 20
14.06221611111111
 30
0.0
 10
289.1071038888888
 20
14.06221611111111
 30
0.0
 10
290.0737149999999
 20
14.06221611111111
 30
0.0
 10
290.8533538888889
 20
14.01282722222222
 30
0.0
 10
290.8533538888889
 20
13.95991055555555
 30
0.0
 10
290.8533538888889
 20
12.301855
 30
0.0
 10
289.5127983333333
 20
10.96129944444444
 30
0.0
 10
287.8547427777777
 20
10.96129944444444
 30
0.0
 10
283.691965
 20
10.96129944444444
 30
0.0
 10
278.8800761111111
 20
11.793855
 30
0.0
 10
276.6222983333333
 20
13.54363277777778
 30
0.0
 10
274.3645205555555
 20
15.29341055555555
 30
0.0
 10
274.6537983333333
 20
17.95688277777777
 30
0.0
 10
270.8755483333333
 20
17.95688277777777
 30
0.0
 10
269.2174927777777
 20
17.95688277777777
 30
0.0
 10
267.8769372222222
 20
19.29743833333333
 30
0.0
 10
267.8734094444444
 20
20.95549388888888
 30
0.0
 10
267.8734094444444
 20
21.01193833333333
 30
0.0
 10
268.6530483333333
 20
21.05779944444444
 30
0.0
 10
269.6231872222222
 20
21.05779944444444
 30
0.0
 10
270.5897983333333
 20
21.05779944444444
 30
0.0
 10
271.1965761111111
 20
20.95902166666666
 30
0.0
 10
271.372965
 20
20.95902166666666
 30
0.0
 10
272.2478538888889
 20
20.95549388888888
 30
0.0
 10
274.8725205555555
 20
20.95549388888888
 30
0.0
 10
274.8725205555555
 20
20.95549388888888
 30
0.0
 10
274.8725205555555
 20
21.40822537037036
 30
0.0
 10
274.8725205555555
 20
21.86095685185185
 30
0.0
 10
274.8725205555555
 20
22.31368833333333
 30
0.0
  0
SPLINE
  5
2BA
330
1F
100
AcDbEntity
  8
DEFAULT
 62
     1
100
AcDbSpline
210
0.0
220
0.0
230
1.0
 70
     8
 71
     3
 72
    53
 73
    49
 74
     0
 42
0.000000001
 43
0.0000000001
 40
0.0
 40
0.0
 40
0.0
 40
0.0
 40
3.819999999999993
 40
3.819999999999993
 40
3.819999999999993
 40
4.819999999999993
 40
4.819999999999993
 40
4.819999999999993
 40
5.819999999999993
 40
5.819999999999993
 40
5.819999999999993
 40
6.819999999999993
 40
6.819999999999993
 40
6.819999999999993
 40
7.829999999999984
 40
7.829999999999984
 40
7.829999999999984
 40
8.829999999999984
 40
8.829999999999984
 40
8.829999999999984
 40
9.829999999999984
 40
9.829999999999984
 40
9.829999999999984
 40
10.82999999999998
 40
10.82999999999998
 40
10.82999999999998
 40
11.82999999999998
 40
11.82999999999998
 40
11.82999999999998
 40
12.82999999999998
 40
12.82999999999998
 40
12.82999999999998
 40
22.75999999999993
 40
22.75999999999993
 40
22.75999999999993
 40
31.25999999999993
 40
31.25999999999993
 40
31.25999999999993
 40
41.17999999999989
 40
41.17999999999989
 40
41.17999999999989
 40
42.17999999999989
 40
42.17999999999989
 40
42.17999999999989
 40
43.17999999999989
 40
43.17999999999989
 40
43.17999999999989
 40
44.17999999999989
 40
44.17999999999989
 40
44.17999999999989
 40
44.17999999999989
 10
274.8725205555555
 20
22.61354944444444
 30
0.0
 10
274.8725205555555
 20
23.06275314814815
 30
0.0
 10
274.8725205555555
 20
23.51195685185185
 30
0.0
 10
274.8725205555555
 20
23.96116055555555
 30
0.0
 10
274.8725205555555
 20
23.96116055555555
 30
0.0
 10
272.2443261111111
 20
23.95763277777777
 30
0.0
 10
271.372965
 20
23.95763277777777
 30
0.0
 10
271.1965761111111
 20
23.95763277777777
 30
0.0
 10
270.5897983333333
 20
23.858855
 30
0.0
 10
269.6231872222222
 20
23.858855
 30
0.0
 10
268.6530483333333
 20
23.858855
 30
0.0
 10
267.8698816666666
 20
23.90118833333333
 30
0.0
 10
267.8698816666666
 20
23.95763277777777
 30
0.0
 10
267.8734094444444
 20
25.61568833333333
 30
0.0
 10
269.213965
 20
26.95977166666666
 30
0.0
 10
270.8755483333333
 20
26.95977166666666
 30
0.0
 10
274.6573261111111
 20
26.95977166666666
 30
0.0
 10
274.3680483333333
 20
29.62324388888889
 30
0.0
 10
276.6222983333333
 20
31.37654944444444
 30
0.0
 10
278.8800761111111
 20
33.12632722222222
 30
0.0
 10
283.691965
 20
33.95888277777777
 30
0.0
 10
287.8582705555556
 20
33.95888277777777
 30
0.0
 10
289.5163261111111
 20
33.96241055555555
 30
0.0
 10
290.8568816666667
 20
32.621855
 30
0.0
 10
290.8533538888889
 20
30.96027166666666
 30
0.0
 10
290.8533538888889
 20
30.907355
 30
0.0
 10
290.0701872222222
 20
30.86149388888888
 30
0.0
 10
289.1071038888888
 20
30.85796611111111
 30
0.0
 10
288.1404927777778
 20
30.86149388888888
 30
0.0
 10
287.533715
 20
30.96027166666666
 30
0.0
 10
287.3573261111111
 20
30.96027166666666
 30
0.0
 10
286.1896316666667
 20
30.96027166666666
 30
0.0
 10
285.0219372222222
 20
30.96027166666666
 30
0.0
 10
283.8542427777778
 20
30.96027166666666
 30
0.0
 10
283.8542427777778
 20
29.96073462962963
 30
0.0
 10
283.8542427777778
 20
28.96119759259259
 30
0.0
 10
283.8542427777778
 20
27.96166055555555
 30
0.0
 10
285.0207612962963
 20
27.96166055555555
 30
0.0
 10
286.1872798148148
 20
27.96166055555555
 30
0.0
 10
287.3537983333333
 20
27.96166055555555
 30
0.0
 10
287.5301872222222
 20
27.96166055555555
 30
0.0
 10
288.136965
 20
28.06043833333333
 30
0.0
 10
289.1071038888888
 20
28.06043833333333
 30
0.0
 10
290.073715
 20
28.06043833333333
 30
0.0
 10
290.8533538888889
 20
28.018105
 30
0.0
 10
290.8568816666667
 20
27.96166055555555
 30
0.0
 10
290.8533538888889
 20
25.01243833333333
 30
0.0
 10
289.7632705555556
 20
24.22574388888889
 30
0.0
 10
289.6997705555555
 20
22.61354944444444
 30
0.0
  0
SPLINE
  5
2BB
330
1F
100
AcDbEntity
  8
DEFAULT
 62
   250
100
AcDbSpline
210
0.0
220
0.0
230
1.0
 70
     8
 71
     3
 72
    14
 73
    10
 74
     0
 42
0.000000001
 43
0.0000000001
 40
0.0
 40
0.0
 40
0.0
 40
0.0
 40
3.832999999999998
 40
3.832999999999998
 40
3.832999999999998
 40
4.832999999999998
 40
4.832999999999998
 40
4.832999999999998
 40
5.832999999999998
 40
5.832999999999998
 40
5.832999999999998
 40
5.832999999999998
 10
29.3284275
 20
136.6834325
 30
0.0
 10
29.7791599074074
 20
136.6834325
 30
0.0
 10
30.22989231481481
 20
136.6834325
 30
0.0
 10
30.68062472222222
 20
136.6834325
 30
0.0
 10
31.21719972222222
 20
136.6834325
 30
0.0
 10
31.38229972222222
 20
136.4195547222222
 30
0.0
 10
31.38229972222222
 20
136.0717158333333
 30
0.0
 10
31.38229972222222
 20
135.9757602777778
 30
0.0
 10
31.36148583333333
 20
135.8589908333333
 30
0.0
 10
31.33432194444444
 20
135.7930213888889
 30
0.0
  0
SPLINE
  5
2BC
330
1F
100
AcDbEntity
  8
DEFAULT
 62
     1
100
AcDbSpline
210
0.0
220
0.0
230
1.0
 70
     8
 71
     3
 72
    32
 73
    28
 74
     0
 42
0.000000001
 43
0.0000000001
 40
0.0
 40
0.0
 40
0.0
 40
0.0
 40
1.0
 40
1.0
 40
1.0
 40
2.0
 40
2.0
 40
2.0
 40
3.0
 40
3.0
 40
3.0
 40
4.0
 40
4.0
 40
4.0
 40
5.0
 40
5.0
 40
5.0
 40
6.0
 40
6.0
 40
6.0
 40
7.0
 40
7.0
 40
7.0
 40
16.92
 40
16.92
 40
16.92
 40
20.74999999999999
 40
20.74999999999999
 40
20.74999999999999
 40
20.74999999999999
 10
26.40054833333333
 20
137.8907438888889
 30
0.0
 10
26.42524277777778
 20
140.4977716666666
 30
0.0
 10
27.10963166666667
 20
144.0749383333333
 30
0.0
 10
23.32432611111111
 20
145.2355772222222
 30
0.0
 10
19.46493722222222
 20
146.4209105555555
 30
0.0
 10
17.03782611111111
 20
146.9712438888889
 30
0.0
 10
23.01388166666667
 20
148.6645772222222
 30
0.0
 10
28.98993722222222
 20
150.3579105555555
 30
0.0
 10
27.89985388888889
 20
148.7527716666667
 30
0.0
 10
32.708215
 20
146.255105
 30
0.0
 10
37.51304833333333
 20
143.7574383333333
 30
0.0
 10
32.67293722222222
 20
140.7376605555555
 30
0.0
 10
37.39663166666666
 20
140.7376605555555
 30
0.0
 10
39.05468722222222
 20
140.7376605555555
 30
0.0
 10
40.39524277777777
 20
139.397105
 30
0.0
 10
40.39524277777777
 20
137.7390494444444
 30
0.0
 10
40.39524277777777
 20
137.682605
 30
0.0
 10
39.61560388888888
 20
137.6402716666666
 30
0.0
 10
38.64546499999999
 20
137.6402716666666
 30
0.0
 10
37.67885388888889
 20
137.6402716666666
 30
0.0
 10
37.07207611111111
 20
137.7390494444444
 30
0.0
 10
36.89568722222222
 20
137.7390494444444
 30
0.0
 10
35.7291687037037
 20
137.7390494444444
 30
0.0
 10
34.56265018518518
 20
137.7390494444444
 30
0.0
 10
33.39613166666666
 20
137.7390494444444
 30
0.0
 10
33.39613166666666
 20
137.2886698148148
 30
0.0
 10
33.39613166666666
 20
136.8382901851852
 30
0.0
 10
33.39613166666666
 20
136.3879105555555
 30
0.0
  0
SPLINE
  5
2BD
330
1F
100
AcDbEntity
  8
DEFAULT
 62
     1
100
AcDbSpline
210
0.0
220
0.0
230
1.0
 70
     8
 71
     3
 72
    26
 73
    22
 74
     0
 42
0.000000001
 43
0.0000000001
 40
0.0
 40
0.0
 40
0.0
 40
0.0
 40
3.829999999999984
 40
3.829999999999984
 40
3.829999999999984
 40
13.74999999999999
 40
13.74999999999999
 40
13.74999999999999
 40
14.74999999999999
 40
14.74999999999999
 40
14.74999999999999
 40
15.74999999999999
 40
15.74999999999999
 40
15.74999999999999
 40
16.74999999999999
 40
16.74999999999999
 40
16.74999999999999
 40
17.74999999999999
 40
17.74999999999999
 40
17.74999999999999
 40
25.83999999999996
 40
25.83999999999996
 40
25.83999999999996
 40
25.83999999999996
 10
33.39613166666666
 20
136.0880494444444
 30
0.0
 10
33.39613166666666
 20
135.6376698148148
 30
0.0
 10
33.39613166666666
 20
135.1872901851852
 30
0.0
 10
33.39613166666666
 20
134.7369105555555
 30
0.0
 10
34.56265018518518
 20
134.7369105555555
 30
0.0
 10
35.7291687037037
 20
134.7369105555555
 30
0.0
 10
36.89568722222222
 20
134.7369105555555
 30
0.0
 10
37.07207611111111
 20
134.7369105555555
 30
0.0
 10
37.67885388888889
 20
134.8392161111111
 30
0.0
 10
38.64546499999999
 20
134.8392161111111
 30
0.0
 10
39.61560388888888
 20
134.8392161111111
 30
0.0
 10
40.39524277777777
 20
134.793355
 30
0.0
 10
40.39524277777777
 20
134.7369105555555
 30
0.0
 10
40.39524277777777
 20
133.078855
 30
0.0
 10
40.69510388888889
 20
129.1947716666666
 30
0.0
 10
38.33854833333334
 20
129.9567716666666
 30
0.0
 10
30.36929833333333
 20
132.5285216666666
 30
0.0
 10
26.39702055555555
 20
129.8191883333333
 30
0.0
 10
26.39702055555555
 20
134.7369105555555
 30
0.0
 10
26.39702055555555
 20
135.6882346296296
 30
0.0
 10
26.39702055555555
 20
136.6395587037037
 30
0.0
 10
26.39702055555555
 20
137.5908827777778
 30
0.0
  0
SPLINE
  5
2BE
330
1F
100
AcDbEntity
  8
DEFAULT
 62
   250
100
AcDbSpline
210
0.0
220
0.0
230
1.0
 70
     8
 71
     3
 72
    14
 73
    10
 74
     0
 42
0.000000001
 43
0.0000000001
 40
0.0
 40
0.0
 40
0.0
 40
0.0
 40
3.832999999999998
 40
3.832999999999998
 40
3.832999999999998
 40
4.832999999999998
 40
4.832999999999998
 40
4.832999999999998
 40
5.832999999999998
 40
5.832999999999998
 40
5.832999999999998
 40
5.832999999999998
 10
19.55711805555555
 20
137.9084180555555
 30
0.0
 10
19.10638564814814
 20
137.9084180555555
 30
0.0
 10
18.65565324074074
 20
137.9084180555555
 30
0.0
 10
18.20492083333333
 20
137.9084180555555
 30
0.0
 10
17.66799305555555
 20
137.9084180555555
 30
0.0
 10
17.50324583333333
 20
138.1722958333333
 30
0.0
 10
17.50324583333333
 20
138.5201347222222
 30
0.0
 10
17.50324583333333
 20
138.6160902777777
 30
0.0
 10
17.52405972222222
 20
138.7328597222222
 30
0.0
 10
17.55122361111111
 20
138.7988291666666
 30
0.0
  0
SPLINE
  5
2BF
330
1F
100
AcDbEntity
  8
DEFAULT
 62
     1
100
AcDbSpline
210
0.0
220
0.0
230
1.0
 70
     8
 71
     3
 72
    35
 73
    31
 74
     0
 42
0.000000001
 43
0.0000000001
 40
0.0
 40
0.0
 40
0.0
 40
0.0
 40
8.100000000000023
 40
8.100000000000023
 40
8.100000000000023
 40
9.100000000000023
 40
9.100000000000023
 40
9.100000000000023
 40
10.10000000000002
 40
10.10000000000002
 40
10.10000000000002
 40
11.10000000000002
 40
11.10000000000002
 40
11.10000000000002
 40
12.10000000000002
 40
12.10000000000002
 40
12.10000000000002
 40
13.10000000000002
 40
13.10000000000002
 40
13.10000000000002
 40
14.10000000000002
 40
14.10000000000002
 40
14.10000000000002
 40
15.10000000000002
 40
15.10000000000002
 40
15.10000000000002
 40
25.02000000000002
 40
25.02000000000002
 40
25.02000000000002
 40
28.86000000000006
 40
28.86000000000006
 40
28.86000000000006
 40
28.86000000000006
 10
22.48824277777778
 20
139.7075494444445
 30
0.0
 10
22.48824277777778
 20
138.7550494444444
 30
0.0
 10
22.48824277777778
 20
137.8025494444445
 30
0.0
 10
22.48824277777778
 20
136.8500494444444
 30
0.0
 10
22.48824277777778
 20
134.2289105555556
 30
0.0
 10
21.70154833333333
 20
130.538855
 30
0.0
 10
25.56093722222222
 20
129.3570494444444
 30
0.0
 10
29.42032611111111
 20
128.1717161111111
 30
0.0
 10
31.84743722222222
 20
127.617855
 30
0.0
 10
25.87138166666666
 20
125.9245216666667
 30
0.0
 10
19.89532611111111
 20
124.2311883333333
 30
0.0
 10
20.98540944444444
 20
125.8363272222222
 30
0.0
 10
16.17704833333333
 20
128.3339938888889
 30
0.0
 10
11.372215
 20
130.8316605555555
 30
0.0
 10
16.21232611111111
 20
133.8514383333333
 30
0.0
 10
11.48863166666667
 20
133.8514383333333
 30
0.0
 10
9.83057611111111
 20
133.8514383333333
 30
0.0
 10
8.490020555555555
 20
135.1919938888889
 30
0.0
 10
8.490020555555555
 20
136.8500494444444
 30
0.0
 10
8.490020555555555
 20
136.9064938888889
 30
0.0
 10
9.269659444444445
 20
136.9488272222222
 30
0.0
 10
10.23979833333333
 20
136.9488272222222
 30
0.0
 10
11.20640944444444
 20
136.9488272222222
 30
0.0
 10
11.81318722222222
 20
136.8500494444444
 30
0.0
 10
11.98957611111111
 20
136.8500494444444
 30
0.0
 10
13.15609462962963
 20
136.8500494444444
 30
0.0
 10
14.32261314814814
 20
136.8500494444444
 30
0.0
 10
15.48913166666667
 20
136.8500494444444
 30
0.0
 10
15.48913166666667
 20
137.301605
 30
0.0
 10
15.48913166666667
 20
137.7531605555556
 30
0.0
 10
15.48913166666667
 20
138.2047161111111
 30
0.0
  0
SPLINE
  5
2C0
330
1F
100
AcDbEntity
  8
DEFAULT
 62
     1
100
AcDbSpline
210
0.0
220
0.0
230
1.0
 70
     8
 71
     3
 72
    23
 73
    19
 74
     0
 42
0.000000001
 43
0.0000000001
 40
0.0
 40
0.0
 40
0.0
 40
0.0
 40
3.819999999999993
 40
3.819999999999993
 40
3.819999999999993
 40
13.73999999999999
 40
13.73999999999999
 40
13.73999999999999
 40
14.73999999999999
 40
14.73999999999999
 40
14.73999999999999
 40
15.73999999999999
 40
15.73999999999999
 40
15.73999999999999
 40
16.73999999999999
 40
16.73999999999999
 40
16.73999999999999
 40
17.73999999999999
 40
17.73999999999999
 40
17.73999999999999
 40
17.73999999999999
 10
15.48913166666667
 20
138.5045772222222
 30
0.0
 10
15.48913166666667
 20
138.9537809259259
 30
0.0
 10
15.48913166666667
 20
139.4029846296296
 30
0.0
 10
15.48913166666667
 20
139.8521883333333
 30
0.0
 10
14.32261314814814
 20
139.8521883333333
 30
0.0
 10
13.15609462962963
 20
139.8521883333333
 30
0.0
 10
11.98957611111111
 20
139.8521883333333
 30
0.0
 10
11.81318722222222
 20
139.8521883333333
 30
0.0
 10
11.20640944444444
 20
139.7498827777778
 30
0.0
 10
10.23979833333333
 20
139.7498827777778
 30
0.0
 10
9.269659444444443
 20
139.7498827777778
 30
0.0
 10
8.490020555555555
 20
139.7957438888889
 30
0.0
 10
8.490020555555555
 20
139.8521883333333
 30
0.0
 10
8.490020555555555
 20
141.5102438888889
 30
0.0
 10
8.190159444444443
 20
145.397855
 30
0.0
 10
10.546715
 20
144.635855
 30
0.0
 10
18.43129833333333
 20
142.0887994444444
 30
0.0
 10
22.40357611111111
 20
144.7169938888889
 30
0.0
 10
22.484715
 20
140.0074105555555
 30
0.0
  0
SPLINE
  5
2C1
330
1F
100
AcDbEntity
  8
DEFAULT
 62
   250
100
AcDbSpline
210
0.0
220
0.0
230
1.0
 70
     8
 71
     3
 72
    14
 73
    10
 74
     0
 42
0.000000001
 43
0.0000000001
 40
0.0
 40
0.0
 40
0.0
 40
0.0
 40
3.832999999999998
 40
3.832999999999998
 40
3.832999999999998
 40
4.832999999999998
 40
4.832999999999998
 40
4.832999999999998
 40
5.832999999999998
 40
5.832999999999998
 40
5.832999999999998
 40
5.832999999999998
 10
29.3284275
 20
109.8157005555555
 30
0.0
 10
29.7791599074074
 20
109.8157005555556
 30
0.0
 10
30.22989231481481
 20
109.8157005555556
 30
0.0
 10
30.68062472222222
 20
109.8157005555555
 30
0.0
 10
31.21719972222222
 20
109.8157005555555
 30
0.0
 10
31.38229972222222
 20
109.5518227777778
 30
0.0
 10
31.38229972222222
 20
109.2039838888889
 30
0.0
 10
31.38229972222222
 20
109.1080283333333
 30
0.0
 10
31.36148583333333
 20
108.9912588888889
 30
0.0
 10
31.33432194444444
 20
108.9252894444444
 30
0.0
  0
SPLINE
  5
2C2
330
1F
100
AcDbEntity
  8
DEFAULT
 62
     1
100
AcDbSpline
210
0.0
220
0.0
230
1.0
 70
     8
 71
     3
 72
    26
 73
    22
 74
     0
 42
0.000000001
 43
0.0000000001
 40
0.0
 40
0.0
 40
0.0
 40
0.0
 40
3.829999999999984
 40
3.829999999999984
 40
3.829999999999984
 40
13.74999999999999
 40
13.74999999999999
 40
13.74999999999999
 40
14.74999999999999
 40
14.74999999999999
 40
14.74999999999999
 40
15.74999999999999
 40
15.74999999999999
 40
15.74999999999999
 40
16.74999999999999
 40
16.74999999999999
 40
16.74999999999999
 40
17.74999999999999
 40
17.74999999999999
 40
17.74999999999999
 40
25.83999999999996
 40
25.83999999999996
 40
25.83999999999996
 40
25.83999999999996
 10
33.39613166666666
 20
109.2204938888889
 30
0.0
 10
33.39613166666666
 20
108.7701142592592
 30
0.0
 10
33.39613166666666
 20
108.3197346296296
 30
0.0
 10
33.39613166666666
 20
107.869355
 30
0.0
 10
34.56265018518518
 20
107.869355
 30
0.0
 10
35.7291687037037
 20
107.869355
 30
0.0
 10
36.89568722222222
 20
107.869355
 30
0.0
 10
37.07207611111111
 20
107.869355
 30
0.0
 10
37.67885388888889
 20
107.9716605555555
 30
0.0
 10
38.64546499999999
 20
107.9716605555555
 30
0.0
 10
39.61560388888888
 20
107.9716605555555
 30
0.0
 10
40.39524277777777
 20
107.9257994444444
 30
0.0
 10
40.39524277777777
 20
107.869355
 30
0.0
 10
40.39524277777777
 20
106.2112994444444
 30
0.0
 10
40.69510388888889
 20
102.3272161111111
 30
0.0
 10
38.33854833333334
 20
103.0892161111111
 30
0.0
 10
30.36929833333333
 20
105.6609661111111
 30
0.0
 10
26.39702055555555
 20
102.9516327777778
 30
0.0
 10
26.39702055555555
 20
107.869355
 30
0.0
 10
26.39702055555555
 20
108.8206790740741
 30
0.0
 10
26.39702055555555
 20
109.7720031481481
 30
0.0
 10
26.39702055555555
 20
110.7233272222222
 30
0.0
  0
SPLINE
  5
2C3
330
1F
100
AcDbEntity
  8
DEFAULT
 62
     1
100
AcDbSpline
210
0.0
220
0.0
230
1.0
 70
     8
 71
     3
 72
    32
 73
    28
 74
     0
 42
0.000000001
 43
0.0000000001
 40
0.0
 40
0.0
 40
0.0
 40
0.0
 40
1.0
 40
1.0
 40
1.0
 40
2.0
 40
2.0
 40
2.0
 40
3.0
 40
3.0
 40
3.0
 40
4.0
 40
4.0
 40
4.0
 40
5.0
 40
5.0
 40
5.0
 40
6.0
 40
6.0
 40
6.0
 40
7.0
 40
7.0
 40
7.0
 40
16.92
 40
16.92
 40
16.92
 40
20.74999999999999
 40
20.74999999999999
 40
20.74999999999999
 40
20.74999999999999
 10
26.40054833333333
 20
111.0231883333333
 30
0.0
 10
26.42524277777778
 20
113.6302161111111
 30
0.0
 10
27.10963166666667
 20
117.2073827777778
 30
0.0
 10
23.32432611111111
 20
118.3680216666667
 30
0.0
 10
19.46493722222222
 20
119.553355
 30
0.0
 10
17.03782611111111
 20
120.1036883333333
 30
0.0
 10
23.01388166666667
 20
121.7970216666667
 30
0.0
 10
28.98993722222222
 20
123.490355
 30
0.0
 10
27.89985388888889
 20
121.8852161111111
 30
0.0
 10
32.708215
 20
119.3875494444444
 30
0.0
 10
37.51304833333333
 20
116.8898827777778
 30
0.0
 10
32.67293722222222
 20
113.870105
 30
0.0
 10
37.39663166666666
 20
113.870105
 30
0.0
 10
39.05468722222222
 20
113.870105
 30
0.0
 10
40.39524277777777
 20
112.5295494444444
 30
0.0
 10
40.39524277777777
 20
110.8714938888889
 30
0.0
 10
40.39524277777777
 20
110.8150494444445
 30
0.0
 10
39.61560388888888
 20
110.7727161111111
 30
0.0
 10
38.64546499999999
 20
110.7727161111111
 30
0.0
 10
37.67885388888889
 20
110.7727161111111
 30
0.0
 10
37.07207611111111
 20
110.8714938888889
 30
0.0
 10
36.89568722222222
 20
110.8714938888889
 30
0.0
 10
35.7291687037037
 20
110.8714938888889
 30
0.0
 10
34.56265018518518
 20
110.8714938888889
 30
0.0
 10
33.39613166666666
 20
110.8714938888889
 30
0.0
 10
33.39613166666666
 20
110.4211142592593
 30
0.0
 10
33.39613166666666
 20
109.9707346296296
 30
0.0
 10
33.39613166666666
 20
109.520355
 30
0.0
  0
SPLINE
  5
2C4
330
1F
100
AcDbEntity
  8
DEFAULT
 62
   250
100
AcDbSpline
210
0.0
220
0.0
230
1.0
 70
     8
 71
     3
 72
    14
 73
    10
 74
     0
 42
0.000000001
 43
0.0000000001
 40
0.0
 40
0.0
 40
0.0
 40
0.0
 40
3.832999999999998
 40
3.832999999999998
 40
3.832999999999998
 40
4.832999999999998
 40
4.832999999999998
 40
4.832999999999998
 40
5.832999999999998
 40
5.832999999999998
 40
5.832999999999998
 40
5.832999999999998
 10
19.55711805555555
 20
111.0406861111111
 30
0.0
 10
19.10638564814814
 20
111.0406861111111
 30
0.0
 10
18.65565324074074
 20
111.0406861111111
 30
0.0
 10
18.20492083333333
 20
111.0406861111111
 30
0.0
 10
17.66799305555555
 20
111.0406861111111
 30
0.0
 10
17.50324583333333
 20
111.3045638888889
 30
0.0
 10
17.50324583333333
 20
111.6524027777778
 30
0.0
 10
17.50324583333333
 20
111.7483583333333
 30
0.0
 10
17.52405972222222
 20
111.8651277777778
 30
0.0
 10
17.55122361111111
 20
111.9310972222222
 30
0.0
  0
SPLINE
  5
2C5
330
1F
100
AcDbEntity
  8
DEFAULT
 62
     1
100
AcDbSpline
210
0.0
220
0.0
230
1.0
 70
     8
 71
     3
 72
    35
 73
    31
 74
     0
 42
0.000000001
 43
0.0000000001
 40
0.0
 40
0.0
 40
0.0
 40
0.0
 40
8.089999999999975
 40
8.089999999999975
 40
8.089999999999975
 40
9.089999999999975
 40
9.089999999999975
 40
9.089999999999975
 40
10.08999999999997
 40
10.08999999999997
 40
10.08999999999997
 40
11.08999999999997
 40
11.08999999999997
 40
11.08999999999997
 40
12.08999999999997
 40
12.08999999999997
 40
12.08999999999997
 40
13.08999999999997
 40
13.08999999999997
 40
13.08999999999997
 40
14.08999999999997
 40
14.08999999999997
 40
14.08999999999997
 40
15.08999999999997
 40
15.08999999999997
 40
15.08999999999997
 40
25.00999999999998
 40
25.00999999999998
 40
25.00999999999998
 40
28.84999999999995
 40
28.84999999999995
 40
28.84999999999995
 40
28.84999999999995
 10
22.48824277777778
 20
112.8364661111111
 30
0.0
 10
22.48824277777778
 20
111.885142037037
 30
0.0
 10
22.48824277777778
 20
110.933817962963
 30
0.0
 10
22.48824277777778
 20
109.9824938888889
 30
0.0
 10
22.48824277777778
 20
107.361355
 30
0.0
 10
21.70154833333333
 20
103.6712994444444
 30
0.0
 10
25.56093722222222
 20
102.4894938888889
 30
0.0
 10
29.42032611111111
 20
101.3041605555556
 30
0.0
 10
31.84743722222222
 20
100.7502994444444
 30
0.0
 10
25.87138166666666
 20
99.05696611111111
 30
0.0
 10
19.89532611111111
 20
97.36363277777777
 30
0.0
 10
20.98540944444444
 20
98.96877166666665
 30
0.0
 10
16.17704833333333
 20
101.4664383333333
 30
0.0
 10
11.372215
 20
103.964105
 30
0.0
 10
16.21232611111111
 20
106.9838827777778
 30
0.0
 10
11.48863166666667
 20
106.9838827777778
 30
0.0
 10
9.83057611111111
 20
106.9838827777778
 30
0.0
 10
8.490020555555555
 20
108.3244383333333
 30
0.0
 10
8.490020555555555
 20
109.9824938888889
 30
0.0
 10
8.490020555555555
 20
110.0389383333333
 30
0.0
 10
9.269659444444445
 20
110.0812716666667
 30
0.0
 10
10.23979833333333
 20
110.0812716666667
 30
0.0
 10
11.20640944444444
 20
110.0812716666667
 30
0.0
 10
11.81318722222222
 20
109.9824938888889
 30
0.0
 10
11.98957611111111
 20
109.9824938888889
 30
0.0
 10
13.15609462962963
 20
109.9824938888889
 30
0.0
 10
14.32261314814814
 20
109.9824938888889
 30
0.0
 10
15.48913166666667
 20
109.9824938888889
 30
0.0
 10
15.48913166666667
 20
110.4340494444444
 30
0.0
 10
15.48913166666667
 20
110.885605
 30
0.0
 10
15.48913166666667
 20
111.3371605555556
 30
0.0
  0
SPLINE
  5
2C6
330
1F
100
AcDbEntity
  8
DEFAULT
 62
     1
100
AcDbSpline
210
0.0
220
0.0
230
1.0
 70
     8
 71
     3
 72
    23
 73
    19
 74
     0
 42
0.000000001
 43
0.0000000001
 40
0.0
 40
0.0
 40
0.0
 40
0.0
 40
3.819999999999993
 40
3.819999999999993
 40
3.819999999999993
 40
13.73999999999999
 40
13.73999999999999
 40
13.73999999999999
 40
14.73999999999999
 40
14.73999999999999
 40
14.73999999999999
 40
15.73999999999999
 40
15.73999999999999
 40
15.73999999999999
 40
16.73999999999999
 40
16.73999999999999
 40
16.73999999999999
 40
17.73999999999999
 40
17.73999999999999
 40
17.73999999999999
 40
17.73999999999999
 10
15.48913166666667
 20
111.6370216666667
 30
0.0
 10
15.48913166666667
 20
112.0862253703704
 30
0.0
 10
15.48913166666667
 20
112.535429074074
 30
0.0
 10
15.48913166666667
 20
112.9846327777778
 30
0.0
 10
14.32261314814814
 20
112.9846327777778
 30
0.0
 10
13.15609462962963
 20
112.9846327777778
 30
0.0
 10
11.98957611111111
 20
112.9846327777778
 30
0.0
 10
11.81318722222222
 20
112.9846327777778
 30
0.0
 10
11.20640944444444
 20
112.8823272222222
 30
0.0
 10
10.23979833333333
 20
112.8823272222222
 30
0.0
 10
9.269659444444443
 20
112.8823272222222
 30
0.0
 10
8.490020555555555
 20
112.9281883333333
 30
0.0
 10
8.490020555555555
 20
112.9846327777778
 30
0.0
 10
8.490020555555555
 20
114.6426883333333
 30
0.0
 10
8.190159444444443
 20
118.5302994444444
 30
0.0
 10
10.546715
 20
117.7682994444444
 30
0.0
 10
18.43129833333333
 20
115.2212438888889
 30
0.0
 10
22.40357611111111
 20
117.8494383333333
 30
0.0
 10
22.484715
 20
113.1363272222222
 30
0.0
  0
SPLINE
  5
2C7
330
1F
100
AcDbEntity
  8
DEFAULT
 62
   250
100
AcDbSpline
210
0.0
220
0.0
230
1.0
 70
     8
 71
     3
 72
    14
 73
    10
 74
     0
 42
0.000000001
 43
0.0000000001
 40
0.0
 40
0.0
 40
0.0
 40
0.0
 40
3.832518754031059
 40
3.832518754031059
 40
3.832518754031059
 40
4.832518754031058
 40
4.832518754031058
 40
4.832518754031058
 40
5.832518754031058
 40
5.832518754031058
 40
5.832518754031058
 40
5.832518754031058
 10
168.4545638888889
 20
241.6141486111111
 30
0.0
 10
168.135887962963
 20
241.2954726851852
 30
0.0
 10
167.8172120370371
 20
240.9767967592593
 30
0.0
 10
167.4985361111111
 20
240.6581208333333
 30
0.0
 10
167.1189472222222
 20
240.2785319444444
 30
0.0
 10
166.8159111111111
 20
240.3483819444444
 30
0.0
 10
166.5696722222222
 20
240.5942680555555
 30
0.0
 10
166.5019388888889
 20
240.6623541666666
 30
0.0
 10
166.4342055555556
 20
240.7597208333333
 30
0.0
 10
166.4066888888889
 20
240.8253375
 30
0.0
  0
SPLINE
  5
2C8
330
1F
100
AcDbEntity
  8
DEFAULT
 62
   250
100
AcDbSpline
210
0.0
220
0.0
230
1.0
 70
     8
 71
     3
 72
    14
 73
    10
 74
     0
 42
0.000000001
 43
0.0000000001
 40
0.0
 40
0.0
 40
0.0
 40
0.0
 40
3.832518754031059
 40
3.832518754031059
 40
3.832518754031059
 40
4.832518754031058
 40
4.832518754031058
 40
4.832518754031058
 40
5.832518754031058
 40
5.832518754031058
 40
5.832518754031058
 40
5.832518754031058
 10
132.0889958333333
 20
206.5078913888889
 30
0.0
 10
132.4076717592593
 20
206.8265673148148
 30
0.0
 10
132.7263476851852
 20
207.1452432407407
 30
0.0
 10
133.0450236111111
 20
207.4639191666666
 30
0.0
 10
133.4246125
 20
207.8435080555555
 30
0.0
 10
133.7276486111111
 20
207.7736580555555
 30
0.0
 10
133.9738875
 20
207.5277719444444
 30
0.0
 10
134.0416208333333
 20
207.4596858333333
 30
0.0
 10
134.1093541666666
 20
207.3623191666667
 30
0.0
 10
134.1368708333333
 20
207.2967025
 30
0.0
  0
SPLINE
  5
2C9
330
1F
100
AcDbEntity
  8
DEFAULT
 62
   250
100
AcDbSpline
210
0.0
220
0.0
230
1.0
 70
     8
 71
     3
 72
    14
 73
    10
 74
     0
 42
0.000000001
 43
0.0000000001
 40
0.0
 40
0.0
 40
0.0
 40
0.0
 40
3.833000000000027
 40
3.833000000000027
 40
3.833000000000027
 40
4.833000000000027
 40
4.833000000000027
 40
4.833000000000027
 40
5.833000000000027
 40
5.833000000000027
 40
5.833000000000027
 40
5.833000000000027
 10
175.5408816666666
 20
223.6157791666666
 30
0.0
 10
175.0901492592592
 20
223.6157791666666
 30
0.0
 10
174.6394168518518
 20
223.6157791666666
 30
0.0
 10
174.1886844444444
 20
223.6157791666666
 30
0.0
 10
173.6521094444444
 20
223.6157791666666
 30
0.0
 10
173.4870094444444
 20
223.8796569444444
 30
0.0
 10
173.4870094444444
 20
224.2274958333333
 30
0.0
 10
173.4870094444444
 20
224.3234513888889
 30
0.0
 10
173.5078233333333
 20
224.4402208333333
 30
0.0
 10
173.5349872222222
 20
224.5061902777777
 30
0.0
  0
SPLINE
  5
2CA
330
1F
100
AcDbEntity
  8
DEFAULT
 62
   250
100
AcDbSpline
210
0.0
220
0.0
230
1.0
 70
     8
 71
     3
 72
    14
 73
    10
 74
     0
 42
0.000000001
 43
0.0000000001
 40
0.0
 40
0.0
 40
0.0
 40
0.0
 40
3.833000000000027
 40
3.833000000000027
 40
3.833000000000027
 40
4.833000000000027
 40
4.833000000000027
 40
4.833000000000027
 40
5.833000000000027
 40
5.833000000000027
 40
5.833000000000027
 40
5.833000000000027
 10
125.0026780555555
 20
224.5062255555555
 30
0.0
 10
125.453410462963
 20
224.5062255555555
 30
0.0
 10
125.9041428703704
 20
224.5062255555555
 30
0.0
 10
126.3548752777778
 20
224.5062255555555
 30
0.0
 10
126.8914502777778
 20
224.5062255555555
 30
0.0
 10
127.0565502777778
 20
224.2423477777777
 30
0.0
 10
127.0565502777778
 20
223.8945088888888
 30
0.0
 10
127.0565502777778
 20
223.7985533333333
 30
0.0
 10
127.0357363888889
 20
223.6817838888888
 30
0.0
 10
127.0085725
 20
223.6158144444444
 30
0.0
  0
SPLINE
  5
2CB
330
1F
100
AcDbEntity
  8
DEFAULT
 62
   250
100
AcDbSpline
210
0.0
220
0.0
230
1.0
 70
     8
 71
     3
 72
    14
 73
    10
 74
     0
 42
0.000000001
 43
0.0000000001
 40
0.0
 40
0.0
 40
0.0
 40
0.0
 40
3.832518754031179
 40
3.832518754031179
 40
3.832518754031179
 40
4.832518754031179
 40
4.832518754031179
 40
4.832518754031179
 40
5.832518754031179
 40
5.832518754031179
 40
5.832518754031179
 40
5.832518754031179
 10
167.8249261111111
 20
205.8782536111111
 30
0.0
 10
167.5062501851852
 20
206.196929537037
 30
0.0
 10
167.1875742592593
 20
206.515605462963
 30
0.0
 10
166.8688983333333
 20
206.8342813888889
 30
0.0
 10
166.4893094444444
 20
207.2138702777777
 30
0.0
 10
166.5591594444444
 20
207.5169063888889
 30
0.0
 10
166.8050455555555
 20
207.7631452777777
 30
0.0
 10
166.8731316666667
 20
207.8308786111111
 30
0.0
 10
166.9704983333333
 20
207.8986119444444
 30
0.0
 10
167.036115
 20
207.9261286111111
 30
0.0
  0
SPLINE
  5
2CC
330
1F
100
AcDbEntity
  8
DEFAULT
 62
   250
100
AcDbSpline
210
0.0
220
0.0
230
1.0
 70
     8
 71
     3
 72
    14
 73
    10
 74
     0
 42
0.000000001
 43
0.0000000001
 40
0.0
 40
0.0
 40
0.0
 40
0.0
 40
3.832518754031139
 40
3.832518754031139
 40
3.832518754031139
 40
4.832518754031139
 40
4.832518754031139
 40
4.832518754031139
 40
5.832518754031139
 40
5.832518754031139
 40
5.832518754031139
 40
5.832518754031139
 10
132.7186336111111
 20
242.2437863888889
 30
0.0
 10
133.0373095370371
 20
241.9251104629629
 30
0.0
 10
133.355985462963
 20
241.606434537037
 30
0.0
 10
133.6746613888889
 20
241.2877586111111
 30
0.0
 10
134.0542502777778
 20
240.9081697222222
 30
0.0
 10
133.9844002777778
 20
240.6051336111111
 30
0.0
 10
133.7385141666667
 20
240.3588947222222
 30
0.0
 10
133.6704280555555
 20
240.2911613888889
 30
0.0
 10
133.5730613888889
 20
240.2234280555555
 30
0.0
 10
133.5074447222222
 20
240.1959113888889
 30
0.0
  0
SPLINE
  5
2CD
330
1F
100
AcDbEntity
  8
DEFAULT
 62
   250
100
AcDbSpline
210
0.0
220
0.0
230
1.0
 70
     8
 71
     3
 72
    14
 73
    10
 74
     0
 42
0.000000001
 43
0.0000000001
 40
0.0
 40
0.0
 40
0.0
 40
0.0
 40
3.83299999999997
 40
3.83299999999997
 40
3.83299999999997
 40
4.83299999999997
 40
4.83299999999997
 40
4.83299999999997
 40
5.83299999999997
 40
5.83299999999997
 40
5.83299999999997
 40
5.83299999999997
 10
149.8265566666666
 20
198.7919005555555
 30
0.0
 10
149.8265566666666
 20
199.2426329629629
 30
0.0
 10
149.8265566666666
 20
199.6933653703703
 30
0.0
 10
149.8265566666666
 20
200.1440977777777
 30
0.0
 10
149.8265566666666
 20
200.6806727777778
 30
0.0
 10
150.0904344444444
 20
200.8457727777778
 30
0.0
 10
150.4382733333333
 20
200.8457727777778
 30
0.0
 10
150.5342288888889
 20
200.8457727777778
 30
0.0
 10
150.6509983333333
 20
200.8249588888889
 30
0.0
 10
150.7169677777778
 20
200.797795
 30
0.0
  0
SPLINE
  5
2CE
330
1F
100
AcDbEntity
  8
DEFAULT
 62
   250
100
AcDbSpline
210
0.0
220
0.0
230
1.0
 70
     8
 71
     3
 72
    14
 73
    10
 74
     0
 42
0.000000001
 43
0.0000000001
 40
0.0
 40
0.0
 40
0.0
 40
0.0
 40
3.83299999999997
 40
3.83299999999997
 40
3.83299999999997
 40
4.83299999999997
 40
4.83299999999997
 40
4.83299999999997
 40
5.83299999999997
 40
5.83299999999997
 40
5.83299999999997
 40
5.83299999999997
 10
150.7170030555556
 20
249.3301041666667
 30
0.0
 10
150.7170030555556
 20
248.8793717592593
 30
0.0
 10
150.7170030555556
 20
248.4286393518519
 30
0.0
 10
150.7170030555556
 20
247.9779069444444
 30
0.0
 10
150.7170030555556
 20
247.4413319444444
 30
0.0
 10
150.4531252777778
 20
247.2762319444444
 30
0.0
 10
150.1052863888889
 20
247.2762319444444
 30
0.0
 10
150.0093308333333
 20
247.2762319444444
 30
0.0
 10
149.8925613888889
 20
247.2970458333333
 30
0.0
 10
149.8265919444444
 20
247.3242097222222
 30
0.0
  0
POLYLINE
  5
2CF
330
1F
100
AcDbEntity
  8
DEFAULT
 62
   250
100
AcDb2dPolyline
 66
     1
 10
0.0
 20
0.0
 30
0.0
  0
VERTEX
  5
2D0
330
2CF
100
AcDbEntity
  8
DEFAULT
 62
   250
100
AcDbVertex
100
AcDb2dVertex
 10
143.2704638888889
 20
196.8310558333333
 30
0.0
  0
VERTEX
  5
2D1
330
2CF
100
AcDbEntity
  8
DEFAULT
 62
   250
100
AcDbVertex
100
AcDb2dVertex
 10
143.2704638888889
 20
198.8521197222222
 30
0.0
  0
SEQEND
  5
2D2
330
2CF
100
AcDbEntity
  8
DEFAULT
 62
   250
  0
POLYLINE
  5
2D3
330
1F
100
AcDbEntity
  8
DEFAULT
 62
   250
100
AcDb2dPolyline
 66
     1
 10
0.0
 20
0.0
 30
0.0
  0
VERTEX
  5
2D4
330
2D3
100
AcDbEntity
  8
DEFAULT
 62
   250
100
AcDbVertex
100
AcDb2dVertex
 10
157.269815
 20
196.8310558333333
 30
0.0
  0
VERTEX
  5
2D5
330
2D3
100
AcDbEntity
  8
DEFAULT
 62
   250
100
AcDbVertex
100
AcDb2dVertex
 10
157.269815
 20
198.8521197222222
 30
0.0
  0
SEQEND
  5
2D6
330
2D3
100
AcDbEntity
  8
DEFAULT
 62
   250
  0
POLYLINE
  5
2D7
330
1F
100
AcDbEntity
  8
DEFAULT
 62
   250
100
AcDb2dPolyline
 66
     1
 10
0.0
 20
0.0
 30
0.0
  0
VERTEX
  5
2D8
330
2D7
100
AcDbEntity
  8
DEFAULT
 62
   250
100
AcDbVertex
100
AcDb2dVertex
 10
157.269815
 20
251.2898905555556
 30
0.0
  0
VERTEX
  5
2D9
330
2D7
100
AcDbEntity
  8
DEFAULT
 62
   250
100
AcDbVertex
100
AcDb2dVertex
 10
157.269815
 20
249.2688266666667
 30
0.0
  0
SEQEND
  5
2DA
330
2D7
100
AcDbEntity
  8
DEFAULT
 62
   250
  0
POLYLINE
  5
2DB
330
1F
100
AcDbEntity
  8
DEFAULT
 62
   250
100
AcDb2dPolyline
 66
     1
 10
0.0
 20
0.0
 30
0.0
  0
VERTEX
  5
2DC
330
2DB
100
AcDbEntity
  8
DEFAULT
 62
   250
100
AcDbVertex
100
AcDb2dVertex
 10
143.2704638888889
 20
251.2898552777777
 30
0.0
  0
VERTEX
  5
2DD
330
2DB
100
AcDbEntity
  8
DEFAULT
 62
   250
100
AcDbVertex
100
AcDb2dVertex
 10
143.2704638888889
 20
249.2691441666666
 30
0.0
  0
SEQEND
  5
2DE
330
2DB
100
AcDbEntity
  8
DEFAULT
 62
   250
  0
POLYLINE
  5
2DF
330
1F
100
AcDbEntity
  8
DEFAULT
 62
   250
100
AcDb2dPolyline
 66
     1
 10
0.0
 20
0.0
 30
0.0
  0
VERTEX
  5
2E0
330
2DF
100
AcDbEntity
  8
DEFAULT
 62
   250
100
AcDbVertex
100
AcDb2dVertex
 10
126.0665147222222
 20
209.7558811111111
 30
0.0
  0
VERTEX
  5
2E1
330
2DF
100
AcDbEntity
  8
DEFAULT
 62
   250
100
AcDbVertex
100
AcDb2dVertex
 10
127.4956175
 20
211.1849838888889
 30
0.0
  0
SEQEND
  5
2E2
330
2DF
100
AcDbEntity
  8
DEFAULT
 62
   250
  0
POLYLINE
  5
2E3
330
1F
100
AcDbEntity
  8
DEFAULT
 62
   250
100
AcDb2dPolyline
 66
     1
 10
0.0
 20
0.0
 30
0.0
  0
VERTEX
  5
2E4
330
2E3
100
AcDbEntity
  8
DEFAULT
 62
   250
100
AcDbVertex
100
AcDb2dVertex
 10
135.965565
 20
199.8568661111111
 30
0.0
  0
VERTEX
  5
2E5
330
2E3
100
AcDbEntity
  8
DEFAULT
 62
   250
100
AcDbVertex
100
AcDb2dVertex
 10
137.3946677777777
 20
201.2859688888888
 30
0.0
  0
SEQEND
  5
2E6
330
2E3
100
AcDbEntity
  8
DEFAULT
 62
   250
  0
POLYLINE
  5
2E7
330
1F
100
AcDbEntity
  8
DEFAULT
 62
   250
100
AcDb2dPolyline
 66
     1
 10
0.0
 20
0.0
 30
0.0
  0
VERTEX
  5
2E8
330
2E7
100
AcDbEntity
  8
DEFAULT
 62
   250
100
AcDbVertex
100
AcDb2dVertex
 10
174.4737641666667
 20
238.3650652777777
 30
0.0
  0
VERTEX
  5
2E9
330
2E7
100
AcDbEntity
  8
DEFAULT
 62
   250
100
AcDbVertex
100
AcDb2dVertex
 10
173.0446613888889
 20
236.9359625
 30
0.0
  0
SEQEND
  5
2EA
330
2E7
100
AcDbEntity
  8
DEFAULT
 62
   250
  0
POLYLINE
  5
2EB
330
1F
100
AcDbEntity
  8
DEFAULT
 62
   250
100
AcDb2dPolyline
 66
     1
 10
0.0
 20
0.0
 30
0.0
  0
VERTEX
  5
2EC
330
2EB
100
AcDbEntity
  8
DEFAULT
 62
   250
100
AcDbVertex
100
AcDb2dVertex
 10
164.5747138888889
 20
248.2640802777777
 30
0.0
  0
VERTEX
  5
2ED
330
2EB
100
AcDbEntity
  8
DEFAULT
 62
   250
100
AcDbVertex
100
AcDb2dVertex
 10
163.1456111111111
 20
246.8349775
 30
0.0
  0
SEQEND
  5
2EE
330
2EB
100
AcDbEntity
  8
DEFAULT
 62
   250
  0
POLYLINE
  5
2EF
330
1F
100
AcDbEntity
  8
DEFAULT
 62
   250
100
AcDb2dPolyline
 66
     1
 10
0.0
 20
0.0
 30
0.0
  0
VERTEX
  5
2F0
330
2EF
100
AcDbEntity
  8
DEFAULT
 62
   250
100
AcDbVertex
100
AcDb2dVertex
 10
123.0407044444444
 20
231.0601311111111
 30
0.0
  0
VERTEX
  5
2F1
330
2EF
100
AcDbEntity
  8
DEFAULT
 62
   250
100
AcDbVertex
100
AcDb2dVertex
 10
125.0614155555555
 20
231.0601311111111
 30
0.0
  0
SEQEND
  5
2F2
330
2EF
100
AcDbEntity
  8
DEFAULT
 62
   250
  0
POLYLINE
  5
2F3
330
1F
100
AcDbEntity
  8
DEFAULT
 62
   250
100
AcDb2dPolyline
 66
     1
 10
0.0
 20
0.0
 30
0.0
  0
VERTEX
  5
2F4
330
2F3
100
AcDbEntity
  8
DEFAULT
 62
   250
100
AcDbVertex
100
AcDb2dVertex
 10
123.0407397222222
 20
217.06078
 30
0.0
  0
VERTEX
  5
2F5
330
2F3
100
AcDbEntity
  8
DEFAULT
 62
   250
100
AcDbVertex
100
AcDb2dVertex
 10
125.0618036111111
 20
217.06078
 30
0.0
  0
SEQEND
  5
2F6
330
2F3
100
AcDbEntity
  8
DEFAULT
 62
   250
  0
POLYLINE
  5
2F7
330
1F
100
AcDbEntity
  8
DEFAULT
 62
   250
100
AcDb2dPolyline
 66
     1
 10
0.0
 20
0.0
 30
0.0
  0
VERTEX
  5
2F8
330
2F7
100
AcDbEntity
  8
DEFAULT
 62
   250
100
AcDbVertex
100
AcDb2dVertex
 10
177.4995744444444
 20
217.0608152777777
 30
0.0
  0
VERTEX
  5
2F9
330
2F7
100
AcDbEntity
  8
DEFAULT
 62
   250
100
AcDbVertex
100
AcDb2dVertex
 10
175.4785105555555
 20
217.0608152777777
 30
0.0
  0
SEQEND
  5
2FA
330
2F7
100
AcDbEntity
  8
DEFAULT
 62
   250
  0
POLYLINE
  5
2FB
330
1F
100
AcDbEntity
  8
DEFAULT
 62
   250
100
AcDb2dPolyline
 66
     1
 10
0.0
 20
0.0
 30
0.0
  0
VERTEX
  5
2FC
330
2FB
100
AcDbEntity
  8
DEFAULT
 62
   250
100
AcDbVertex
100
AcDb2dVertex
 10
177.4995391666667
 20
231.0601663888889
 30
0.0
  0
VERTEX
  5
2FD
330
2FB
100
AcDbEntity
  8
DEFAULT
 62
   250
100
AcDbVertex
100
AcDb2dVertex
 10
175.4788280555555
 20
231.0601663888889
 30
0.0
  0
SEQEND
  5
2FE
330
2FB
100
AcDbEntity
  8
DEFAULT
 62
   250
  0
POLYLINE
  5
2FF
330
1F
100
AcDbEntity
  8
DEFAULT
 62
   250
100
AcDb2dPolyline
 66
     1
 10
0.0
 20
0.0
 30
0.0
  0
VERTEX
  5
300
330
2FF
100
AcDbEntity
  8
DEFAULT
 62
   250
100
AcDbVertex
100
AcDb2dVertex
 10
135.9655297222222
 20
248.2640802777778
 30
0.0
  0
VERTEX
  5
301
330
2FF
100
AcDbEntity
  8
DEFAULT
 62
   250
100
AcDbVertex
100
AcDb2dVertex
 10
137.3946325
 20
246.8349775
 30
0.0
  0
SEQEND
  5
302
330
2FF
100
AcDbEntity
  8
DEFAULT
 62
   250
  0
POLYLINE
  5
303
330
1F
100
AcDbEntity
  8
DEFAULT
 62
   250
100
AcDb2dPolyline
 66
     1
 10
0.0
 20
0.0
 30
0.0
  0
VERTEX
  5
304
330
303
100
AcDbEntity
  8
DEFAULT
 62
   250
100
AcDbVertex
100
AcDb2dVertex
 10
126.0665147222222
 20
238.36503
 30
0.0
  0
VERTEX
  5
305
330
303
100
AcDbEntity
  8
DEFAULT
 62
   250
100
AcDbVertex
100
AcDb2dVertex
 10
127.4956175
 20
236.9359272222222
 30
0.0
  0
SEQEND
  5
306
330
303
100
AcDbEntity
  8
DEFAULT
 62
   250
  0
POLYLINE
  5
307
330
1F
100
AcDbEntity
  8
DEFAULT
 62
   250
100
AcDb2dPolyline
 66
     1
 10
0.0
 20
0.0
 30
0.0
  0
VERTEX
  5
308
330
307
100
AcDbEntity
  8
DEFAULT
 62
   250
100
AcDbVertex
100
AcDb2dVertex
 10
164.5747491666667
 20
199.8568661111111
 30
0.0
  0
VERTEX
  5
309
330
307
100
AcDbEntity
  8
DEFAULT
 62
   250
100
AcDbVertex
100
AcDb2dVertex
 10
163.1456463888889
 20
201.2859688888889
 30
0.0
  0
SEQEND
  5
30A
330
307
100
AcDbEntity
  8
DEFAULT
 62
   250
  0
POLYLINE
  5
30B
330
1F
100
AcDbEntity
  8
DEFAULT
 62
   250
100
AcDb2dPolyline
 66
     1
 10
0.0
 20
0.0
 30
0.0
  0
VERTEX
  5
30C
330
30B
100
AcDbEntity
  8
DEFAULT
 62
   250
100
AcDbVertex
100
AcDb2dVertex
 10
174.4737641666666
 20
209.7559163888888
 30
0.0
  0
VERTEX
  5
30D
330
30B
100
AcDbEntity
  8
DEFAULT
 62
   250
100
AcDbVertex
100
AcDb2dVertex
 10
173.0446613888889
 20
211.1850191666666
 30
0.0
  0
SEQEND
  5
30E
330
30B
100
AcDbEntity
  8
DEFAULT
 62
   250
  0
SPLINE
  5
30F
330
1F
100
AcDbEntity
  8
DEFAULT
 62
     1
100
AcDbSpline
210
0.0
220
0.0
230
1.0
 70
    11
 71
     3
 72
   221
 73
   217
 74
     0
 42
0.000000001
 43
0.0000000001
 40
8.5
 40
8.5
 40
8.5
 40
8.5
 40
18.42000000000002
 40
18.42000000000002
 40
18.42000000000002
 40
19.42000000000002
 40
19.42000000000002
 40
19.42000000000002
 40
20.42000000000002
 40
20.42000000000002
 40
20.42000000000002
 40
21.42000000000002
 40
21.42000000000002
 40
21.42000000000002
 40
22.42000000000002
 40
22.42000000000002
 40
22.42000000000002
 40
23.42000000000002
 40
23.42000000000002
 40
23.42000000000002
 40
24.42000000000002
 40
24.42000000000002
 40
24.42000000000002
 40
25.42000000000002
 40
25.42000000000002
 40
25.42000000000002
 40
33.92720524026544
 40
33.92720524026544
 40
33.92720524026544
 40
34.92720524026544
 40
34.92720524026544
 40
34.92720524026544
 40
35.92720524026544
 40
35.92720524026544
 40
35.92720524026544
 40
36.92720524026544
 40
36.92720524026544
 40
36.92720524026544
 40
37.92720524026544
 40
37.92720524026544
 40
37.92720524026544
 40
38.92720524026544
 40
38.92720524026544
 40
38.92720524026544
 40
39.92720524026544
 40
39.92720524026544
 40
39.92720524026544
 40
40.92720524026544
 40
40.92720524026544
 40
40.92720524026544
 40
50.8472052402654
 40
50.8472052402654
 40
50.8472052402654
 40
59.35720524026539
 40
59.35720524026539
 40
59.35720524026539
 40
69.27720524026535
 40
69.27720524026535
 40
69.27720524026535
 40
70.27720524026535
 40
70.27720524026535
 40
70.27720524026535
 40
71.27720524026535
 40
71.27720524026535
 40
71.27720524026535
 40
72.27720524026535
 40
72.27720524026535
 40
72.27720524026535
 40
73.27720524026535
 40
73.27720524026535
 40
73.27720524026535
 40
74.27720524026535
 40
74.27720524026535
 40
74.27720524026535
 40
75.27720524026535
 40
75.27720524026535
 40
75.27720524026535
 40
76.27720524026535
 40
76.27720524026535
 40
76.27720524026535
 40
84.78441048053077
 40
84.78441048053077
 40
84.78441048053077
 40
85.78441048053077
 40
85.78441048053077
 40
85.78441048053077
 40
86.78441048053077
 40
86.78441048053077
 40
86.78441048053077
 40
87.78441048053077
 40
87.78441048053077
 40
87.78441048053077
 40
88.78441048053077
 40
88.78441048053077
 40
88.78441048053077
 40
89.78441048053077
 40
89.78441048053077
 40
89.78441048053077
 40
90.78441048053077
 40
90.78441048053077
 40
90.78441048053077
 40
91.78441048053077
 40
91.78441048053077
 40
91.78441048053077
 40
101.7044104805308
 40
101.7044104805308
 40
101.7044104805308
 40
110.2044104805308
 40
110.2044104805308
 40
110.2044104805308
 40
120.1244104805308
 40
120.1244104805308
 40
120.1244104805308
 40
121.1244104805308
 40
121.1244104805308
 40
121.1244104805308
 40
122.1244104805308
 40
122.1244104805308
 40
122.1244104805308
 40
123.1244104805308
 40
123.1244104805308
 40
123.1244104805308
 40
124.1244104805308
 40
124.1244104805308
 40
124.1244104805308
 40
125.1244104805308
 40
125.1244104805308
 40
125.1244104805308
 40
126.1244104805308
 40
126.1244104805308
 40
126.1244104805308
 40
127.1244104805308
 40
127.1244104805308
 40
127.1244104805308
 40
135.6238339903931
 40
135.6238339903931
 40
135.6238339903931
 40
136.6238339903931
 40
136.6238339903931
 40
136.6238339903931
 40
137.6238339903931
 40
137.6238339903931
 40
137.6238339903931
 40
138.6238339903931
 40
138.6238339903931
 40
138.6238339903931
 40
139.6238339903931
 40
139.6238339903931
 40
139.6238339903931
 40
140.6238339903931
 40
140.6238339903931
 40
140.6238339903931
 40
141.6238339903931
 40
141.6238339903931
 40
141.6238339903931
 40
142.6238339903931
 40
142.6238339903931
 40
142.6238339903931
 40
152.553833990393
 40
152.553833990393
 40
152.553833990393
 40
161.063833990393
 40
161.063833990393
 40
161.063833990393
 40
170.993833990393
 40
170.993833990393
 40
170.993833990393
 40
171.993833990393
 40
171.993833990393
 40
171.993833990393
 40
172.993833990393
 40
172.993833990393
 40
172.993833990393
 40
173.993833990393
 40
173.993833990393
 40
173.993833990393
 40
174.993833990393
 40
174.993833990393
 40
174.993833990393
 40
175.993833990393
 40
175.993833990393
 40
175.993833990393
 40
176.993833990393
 40
176.993833990393
 40
176.993833990393
 40
177.993833990393
 40
177.993833990393
 40
177.993833990393
 40
186.4932575002553
 40
186.4932575002553
 40
186.4932575002553
 40
187.4932575002553
 40
187.4932575002553
 40
187.4932575002553
 40
188.4932575002553
 40
188.4932575002553
 40
188.4932575002553
 40
189.4932575002553
 40
189.4932575002553
 40
189.4932575002553
 40
190.4932575002553
 40
190.4932575002553
 40
190.4932575002553
 40
191.4932575002553
 40
191.4932575002553
 40
191.4932575002553
 40
192.4932575002553
 40
192.4932575002553
 40
192.4932575002553
 40
193.4932575002553
 40
193.4932575002553
 40
193.4932575002553
 40
203.4132575002553
 40
203.4132575002553
 40
203.4132575002553
 40
211.9132575002553
 40
211.9132575002553
 40
211.9132575002553
 40
211.9132575002553
 10
171.4709902777778
 20
222.5599505555555
 30
0.0
 10
170.3044717592593
 20
222.5599505555555
 30
0.0
 10
169.1379532407407
 20
222.5599505555555
 30
0.0
 10
167.9714347222222
 20
222.5599505555555
 30
0.0
 10
167.7950458333333
 20
222.5599505555555
 30
0.0
 10
167.1882680555555
 20
222.6587283333334
 30
0.0
 10
166.2216569444444
 20
222.6587283333334
 30
0.0
 10
165.2550458333333
 20
222.6587283333334
 30
0.0
 10
164.4718791666666
 20
222.616395
 30
0.0
 10
164.4718791666666
 20
222.5599505555555
 30
0.0
 10
164.4718791666666
 20
220.9618672222222
 30
0.0
 10
163.9709347222222
 20
219.6142561111111
 30
0.0
 10
163.5334902777778
 20
218.5665061111111
 30
0.0
 10
163.0995736111111
 20
217.5152283333333
 30
0.0
 10
162.5033791666667
 20
216.2099505555555
 30
0.0
 10
161.3709625
 20
215.0810616666667
 30
0.0
 10
161.3321569444444
 20
215.0422561111111
 30
0.0
 10
161.8542680555555
 20
214.456645
 30
0.0
 10
162.5386569444444
 20
213.7722561111111
 30
0.0
 10
163.2230458333333
 20
213.0878672222222
 30
0.0
 10
163.7239902777777
 20
212.7280338888889
 30
0.0
 10
163.8474625
 20
212.6045616666667
 30
0.0
 10
164.4648236111111
 20
211.9872005555556
 30
0.0
 10
166.3204347222222
 20
210.1315894444444
 30
0.0
 10
166.3204347222222
 20
210.1315894444444
 30
0.0
 10
165.6137032407407
 20
209.4235644444444
 30
0.0
 10
164.9069717592592
 20
208.7155394444444
 30
0.0
 10
164.2002402777778
 20
208.0075144444444
 30
0.0
 10
164.2002402777778
 20
208.0075144444444
 30
0.0
 10
162.3446291666667
 20
209.8634783333333
 30
0.0
 10
161.7272680555556
 20
210.4843672222222
 30
0.0
 10
161.6037958333333
 20
210.6078394444444
 30
0.0
 10
161.2439625
 20
211.1087838888889
 30
0.0
 10
160.5595736111111
 20
211.7931727777778
 30
0.0
 10
159.8751847222222
 20
212.4740338888889
 30
0.0
 10
159.2895736111111
 20
212.996145
 30
0.0
 10
159.2507680555555
 20
212.9573394444445
 30
0.0
 10
158.1218791666666
 20
211.8284505555555
 30
0.0
 10
156.8166013888889
 20
211.2322561111111
 30
0.0
 10
155.7653236111111
 20
210.7948116666667
 30
0.0
 10
154.7140458333333
 20
210.360895
 30
0.0
 10
153.3664347222222
 20
209.8595977777778
 30
0.0
 10
151.7718791666667
 20
209.8595977777778
 30
0.0
 10
151.7154347222222
 20
209.8595977777778
 30
0.0
 10
151.6695736111111
 20
209.0767838888889
 30
0.0
 10
151.6695736111111
 20
208.1101727777778
 30
0.0
 10
151.6695736111111
 20
207.1435616666667
 30
0.0
 10
151.7718791666667
 20
206.5332561111111
 30
0.0
 10
151.7718791666667
 20
206.360395
 30
0.0
 10
151.7718791666667
 20
205.1938764814815
 30
0.0
 10
151.7718791666667
 20
204.027357962963
 30
0.0
 10
151.7718791666667
 20
202.8608394444445
 30
0.0
 10
150.7711662037037
 20
202.8608394444445
 30
0.0
 10
149.7704532407407
 20
202.8608394444445
 30
0.0
 10
148.7697402777778
 20
202.8608394444445
 30
0.0
 10
148.7697402777778
 20
204.027357962963
 30
0.0
 10
148.7697402777778
 20
205.1938764814815
 30
0.0
 10
148.7697402777778
 20
206.360395
 30
0.0
 10
148.7697402777778
 20
206.5332561111111
 30
0.0
 10
148.8720458333333
 20
207.1435616666667
 30
0.0
 10
148.8720458333333
 20
208.1101727777778
 30
0.0
 10
148.8720458333333
 20
209.0767838888889
 30
0.0
 10
148.8258319444444
 20
209.8595977777778
 30
0.0
 10
148.7697402777778
 20
209.8595977777778
 30
0.0
 10
147.1751847222222
 20
209.8595977777778
 30
0.0
 10
145.8272208333333
 20
210.360895
 30
0.0
 10
144.7759430555556
 20
210.7948116666667
 30
0.0
 10
143.7246652777778
 20
211.2322561111111
 30
0.0
 10
142.4193875
 20
211.8284505555555
 30
0.0
 10
141.2904986111111
 20
212.9573394444445
 30
0.0
 10
141.2516930555555
 20
212.996145
 30
0.0
 10
140.6660819444444
 20
212.4740338888889
 30
0.0
 10
139.9820458333333
 20
211.7931727777778
 30
0.0
 10
139.2973041666667
 20
211.1087838888889
 30
0.0
 10
138.9374708333333
 20
210.6078394444444
 30
0.0
 10
138.8139986111111
 20
210.4843672222222
 30
0.0
 10
138.1966375
 20
209.8634783333333
 30
0.0
 10
136.3410263888889
 20
208.0075144444444
 30
0.0
 10
136.3410263888889
 20
208.0075144444444
 30
0.0
 10
135.6342949074074
 20
208.7155394444444
 30
0.0
 10
134.9275634259259
 20
209.4235644444444
 30
0.0
 10
134.2208319444444
 20
210.1315894444444
 30
0.0
 10
134.2208319444444
 20
210.1315894444444
 30
0.0
 10
136.0764430555555
 20
211.9872005555556
 30
0.0
 10
136.6938041666667
 20
212.6045616666667
 30
0.0
 10
136.8172763888889
 20
212.7280338888889
 30
0.0
 10
137.3182208333333
 20
213.0878672222222
 30
0.0
 10
138.0026097222222
 20
213.7722561111111
 30
0.0
 10
138.6869986111111
 20
214.456645
 30
0.0
 10
139.2091097222222
 20
215.0422561111111
 30
0.0
 10
139.1703041666667
 20
215.0810616666667
 30
0.0
 10
138.0378875
 20
216.2099505555555
 30
0.0
 10
137.4416930555555
 20
217.5152283333333
 30
0.0
 10
137.0077763888889
 20
218.5665061111111
 30
0.0
 10
136.5703319444444
 20
219.6142561111111
 30
0.0
 10
136.0693875
 20
220.9618672222222
 30
0.0
 10
136.0693875
 20
222.5599505555555
 30
0.0
 10
136.0693875
 20
222.616395
 30
0.0
 10
135.2862208333333
 20
222.6587283333334
 30
0.0
 10
134.3196097222222
 20
222.6587283333334
 30
0.0
 10
133.3529986111111
 20
222.6587283333334
 30
0.0
 10
132.7462208333333
 20
222.5599505555555
 30
0.0
 10
132.5698319444444
 20
222.5599505555555
 30
0.0
 10
131.4033134259259
 20
222.5599505555555
 30
0.0
 10
130.2367949074074
 20
222.5599505555555
 30
0.0
 10
129.0702763888889
 20
222.5599505555555
 30
0.0
 10
129.0702763888889
 20
223.5594875925925
 30
0.0
 10
129.0702763888889
 20
224.5590246296296
 30
0.0
 10
129.0702763888889
 20
225.5585616666667
 30
0.0
 10
130.2367949074074
 20
225.5585616666666
 30
0.0
 10
131.4033134259259
 20
225.5585616666666
 30
0.0
 10
132.5698319444444
 20
225.5585616666667
 30
0.0
 10
132.7462208333333
 20
225.5585616666667
 30
0.0
 10
133.3529986111111
 20
225.4597838888889
 30
0.0
 10
134.3196097222222
 20
225.4597838888889
 30
0.0
 10
135.2862208333333
 20
225.4597838888889
 30
0.0
 10
136.0693875
 20
225.505645
 30
0.0
 10
136.0693875
 20
225.5585616666667
 30
0.0
 10
136.0693875
 20
227.156645
 30
0.0
 10
136.5703319444444
 20
228.5042561111111
 30
0.0
 10
137.0077763888889
 20
229.5555338888889
 30
0.0
 10
137.4416930555555
 20
230.6032838888889
 30
0.0
 10
138.0378875
 20
231.9120894444444
 30
0.0
 10
139.1703041666667
 20
233.0409783333333
 30
0.0
 10
139.2091097222222
 20
233.0797838888889
 30
0.0
 10
138.6869986111111
 20
233.665395
 30
0.0
 10
138.0026097222222
 20
234.3497838888889
 30
0.0
 10
137.3182208333333
 20
235.030645
 30
0.0
 10
136.8172763888889
 20
235.3904783333333
 30
0.0
 10
136.6938041666667
 20
235.5139505555555
 30
0.0
 10
136.0764430555555
 20
236.1348394444444
 30
0.0
 10
134.2208319444444
 20
237.9904505555555
 30
0.0
 10
134.2208319444444
 20
237.9904505555555
 30
0.0
 10
134.9275634259259
 20
238.697182037037
 30
0.0
 10
135.6342949074074
 20
239.4039135185185
 30
0.0
 10
136.3410263888889
 20
240.110645
 30
0.0
 10
136.3410263888889
 20
240.110645
 30
0.0
 10
138.1966375
 20
238.2550338888889
 30
0.0
 10
138.8139986111111
 20
237.6376727777778
 30
0.0
 10
138.9374708333333
 20
237.5142005555556
 30
0.0
 10
139.2973041666667
 20
237.0132561111111
 30
0.0
 10
139.9820458333333
 20
236.3288672222222
 30
0.0
 10
140.6660819444444
 20
235.6444783333333
 30
0.0
 10
141.2516930555555
 20
235.1223672222222
 30
0.0
 10
141.2904986111111
 20
235.1611727777778
 30
0.0
 10
142.4193875
 20
236.2900616666667
 30
0.0
 10
143.7246652777778
 20
236.8897838888889
 30
0.0
 10
144.7759430555556
 20
237.3237005555555
 30
0.0
 10
145.8272208333333
 20
237.7576172222222
 30
0.0
 10
147.1751847222222
 20
238.2585616666667
 30
0.0
 10
148.7697402777778
 20
238.2585616666667
 30
0.0
 10
148.8258319444444
 20
238.2585616666667
 30
0.0
 10
148.8720458333333
 20
239.0417283333333
 30
0.0
 10
148.8720458333333
 20
240.0083394444444
 30
0.0
 10
148.8720458333333
 20
240.9784783333333
 30
0.0
 10
148.7697402777778
 20
241.5852561111111
 30
0.0
 10
148.7697402777778
 20
241.7581172222222
 30
0.0
 10
148.7697402777778
 20
242.9258116666667
 30
0.0
 10
148.7697402777778
 20
244.0935061111111
 30
0.0
 10
148.7697402777778
 20
245.2612005555555
 30
0.0
 10
149.7704532407407
 20
245.2612005555555
 30
0.0
 10
150.7711662037037
 20
245.2612005555555
 30
0.0
 10
151.7718791666667
 20
245.2612005555555
 30
0.0
 10
151.7718791666667
 20
244.0935061111111
 30
0.0
 10
151.7718791666667
 20
242.9258116666667
 30
0.0
 10
151.7718791666667
 20
241.7581172222222
 30
0.0
 10
151.7718791666667
 20
241.5852561111111
 30
0.0
 10
151.6695736111111
 20
240.9784783333333
 30
0.0
 10
151.6695736111111
 20
240.0083394444444
 30
0.0
 10
151.6695736111111
 20
239.0417283333333
 30
0.0
 10
151.7154347222222
 20
238.2585616666667
 30
0.0
 10
151.7718791666667
 20
238.2585616666667
 30
0.0
 10
153.3664347222222
 20
238.2585616666667
 30
0.0
 10
154.7140458333333
 20
237.7576172222222
 30
0.0
 10
155.7653236111111
 20
237.3237005555555
 30
0.0
 10
156.8166013888889
 20
236.8897838888889
 30
0.0
 10
158.1218791666666
 20
236.2900616666667
 30
0.0
 10
159.2507680555555
 20
235.1611727777778
 30
0.0
 10
159.2895736111111
 20
235.1223672222222
 30
0.0
 10
159.8751847222222
 20
235.6444783333333
 30
0.0
 10
160.5595736111111
 20
236.3288672222222
 30
0.0
 10
161.2439625
 20
237.0132561111111
 30
0.0
 10
161.6037958333333
 20
237.5142005555556
 30
0.0
 10
161.7272680555556
 20
237.6376727777778
 30
0.0
 10
162.3446291666667
 20
238.2550338888889
 30
0.0
 10
164.2002402777778
 20
240.110645
 30
0.0
 10
164.2002402777778
 20
240.110645
 30
0.0
 10
164.9069717592592
 20
239.4039135185185
 30
0.0
 10
165.6137032407407
 20
238.697182037037
 30
0.0
 10
166.3204347222222
 20
237.9904505555555
 30
0.0
 10
166.3204347222222
 20
237.9904505555555
 30
0.0
 10
164.4648236111111
 20
236.1348394444444
 30
0.0
 10
163.8474625
 20
235.5139505555555
 30
0.0
 10
163.7239902777777
 20
235.3904783333333
 30
0.0
 10
163.2230458333333
 20
235.030645
 30
0.0
 10
162.5386569444444
 20
234.3497838888889
 30
0.0
 10
161.8542680555555
 20
233.665395
 30
0.0
 10
161.3321569444444
 20
233.0797838888889
 30
0.0
 10
161.3709625
 20
233.0409783333333
 30
0.0
 10
162.5033791666667
 20
231.9120894444444
 30
0.0
 10
163.0995736111111
 20
230.6032838888889
 30
0.0
 10
163.5334902777778
 20
229.5555338888889
 30
0.0
 10
163.9709347222222
 20
228.5042561111111
 30
0.0
 10
164.4718791666666
 20
227.156645
 30
0.0
 10
164.4718791666666
 20
225.5585616666667
 30
0.0
 10
164.4718791666666
 20
225.505645
 30
0.0
 10
165.2550458333333
 20
225.4597838888889
 30
0.0
 10
166.2216569444444
 20
225.4597838888889
 30
0.0
 10
167.1882680555555
 20
225.4597838888889
 30
0.0
 10
167.7950458333333
 20
225.5585616666667
 30
0.0
 10
167.9714347222222
 20
225.5585616666667
 30
0.0
 10
169.1379532407407
 20
225.5585616666666
 30
0.0
 10
170.3044717592593
 20
225.5585616666666
 30
0.0
 10
171.4709902777778
 20
225.5585616666667
 30
0.0
 10
171.4709902777778
 20
224.5590246296296
 30
0.0
 10
171.4709902777778
 20
223.5594875925925
 30
0.0
 10
171.4709902777778
 20
222.5599505555555
 30
0.0
  0
SPLINE
  5
310
330
1F
100
AcDbEntity
  8
DEFAULT
 62
     1
100
AcDbSpline
210
0.0
220
0.0
230
1.0
 70
     8
 71
     3
 72
   143
 73
   139
 74
     0
 42
0.000000001
 43
0.0000000001
 40
0.0
 40
0.0
 40
0.0
 40
0.0
 40
3.832518754031099
 40
3.832518754031099
 40
3.832518754031099
 40
4.832518754031099
 40
4.832518754031099
 40
4.832518754031099
 40
5.832518754031099
 40
5.832518754031099
 40
5.832518754031099
 40
6.832518754031099
 40
6.832518754031099
 40
6.832518754031099
 40
7.832518754031099
 40
7.832518754031099
 40
7.832518754031099
 40
8.8325187540311
 40
8.8325187540311
 40
8.8325187540311
 40
9.8325187540311
 40
9.8325187540311
 40
9.8325187540311
 40
10.8325187540311
 40
10.8325187540311
 40
10.8325187540311
 40
20.75251875403106
 40
20.75251875403106
 40
20.75251875403106
 40
29.26251875403105
 40
29.26251875403105
 40
29.26251875403105
 40
39.18251875403101
 40
39.18251875403101
 40
39.18251875403101
 40
40.18251875403101
 40
40.18251875403101
 40
40.18251875403101
 40
41.18251875403101
 40
41.18251875403101
 40
41.18251875403101
 40
42.18251875403101
 40
42.18251875403101
 40
42.18251875403101
 40
43.18251875403101
 40
43.18251875403101
 40
43.18251875403101
 40
44.18251875403101
 40
44.18251875403101
 40
44.18251875403101
 40
45.18251875403101
 40
45.18251875403101
 40
45.18251875403101
 40
55.10251875403097
 40
55.10251875403097
 40
55.10251875403097
 40
63.60251875403097
 40
63.60251875403097
 40
63.60251875403097
 40
73.52251875403093
 40
73.52251875403093
 40
73.52251875403093
 40
74.52251875403093
 40
74.52251875403093
 40
74.52251875403093
 40
75.52251875403093
 40
75.52251875403093
 40
75.52251875403093
 40
76.52251875403093
 40
76.52251875403093
 40
76.52251875403093
 40
77.52251875403093
 40
77.52251875403093
 40
77.52251875403093
 40
78.52251875403093
 40
78.52251875403093
 40
78.52251875403093
 40
79.52251875403093
 40
79.52251875403093
 40
79.52251875403093
 40
80.52251875403093
 40
80.52251875403093
 40
80.52251875403093
 40
89.02901627063554
 40
89.02901627063554
 40
89.02901627063554
 40
90.02901627063554
 40
90.02901627063554
 40
90.02901627063554
 40
91.02901627063554
 40
91.02901627063554
 40
91.02901627063554
 40
92.02901627063554
 40
92.02901627063554
 40
92.02901627063554
 40
93.02901627063554
 40
93.02901627063554
 40
93.02901627063554
 40
94.02901627063554
 40
94.02901627063554
 40
94.02901627063554
 40
95.02901627063554
 40
95.02901627063554
 40
95.02901627063554
 40
96.02901627063554
 40
96.02901627063554
 40
96.02901627063554
 40
97.02901627063554
 40
97.02901627063554
 40
97.02901627063554
 40
105.5284397804978
 40
105.5284397804978
 40
105.5284397804978
 40
106.5284397804978
 40
106.5284397804978
 40
106.5284397804978
 40
107.5284397804978
 40
107.5284397804978
 40
107.5284397804978
 40
108.5284397804978
 40
108.5284397804978
 40
108.5284397804978
 40
109.5284397804978
 40
109.5284397804978
 40
109.5284397804978
 40
110.5284397804978
 40
110.5284397804978
 40
110.5284397804978
 40
111.5284397804978
 40
111.5284397804978
 40
111.5284397804978
 40
112.5284397804978
 40
112.5284397804978
 40
112.5284397804978
 40
122.4484397804978
 40
122.4484397804978
 40
122.4484397804978
 40
126.2784397804978
 40
126.2784397804978
 40
126.2784397804978
 40
126.2784397804978
 10
124.5219125
 20
208.4227338888888
 30
0.0
 10
124.203236574074
 20
208.7414098148148
 30
0.0
 10
123.8845606481481
 20
209.0600857407407
 30
0.0
 10
123.5658847222222
 20
209.3787616666666
 30
0.0
 10
123.5658847222222
 20
209.3787616666667
 30
0.0
 10
121.7102736111111
 20
207.5231505555556
 30
0.0
 10
121.0929125
 20
206.9057894444445
 30
0.0
 10
120.9694402777778
 20
206.7823172222222
 30
0.0
 10
120.6096069444444
 20
206.2813727777778
 30
0.0
 10
119.9252180555555
 20
205.5969838888889
 30
0.0
 10
119.2408291666667
 20
204.912595
 30
0.0
 10
118.6552180555556
 20
204.3904838888889
 30
0.0
 10
118.6164125
 20
204.4292894444444
 30
0.0
 10
116.4962180555555
 20
206.5494838888889
 30
0.0
 10
117.5580791666667
 20
207.9994005555555
 30
0.0
 10
116.6726069444444
 20
210.1407616666667
 30
0.0
 10
115.7836069444444
 20
212.2856505555556
 30
0.0
 10
114.0091347222222
 20
212.5572894444445
 30
0.0
 10
114.0091347222222
 20
215.5559005555556
 30
0.0
 10
114.0091347222222
 20
215.612345
 30
0.0
 10
114.7923013888889
 20
215.6582061111111
 30
0.0
 10
115.7589125
 20
215.6582061111111
 30
0.0
 10
116.7255236111111
 20
215.6582061111111
 30
0.0
 10
117.3323013888889
 20
215.5559005555556
 30
0.0
 10
117.5086902777778
 20
215.5559005555556
 30
0.0
 10
118.6752087962963
 20
215.5559005555556
 30
0.0
 10
119.8417273148148
 20
215.5559005555556
 30
0.0
 10
121.0082458333333
 20
215.5559005555556
 30
0.0
 10
121.0082458333333
 20
216.5566135185185
 30
0.0
 10
121.0082458333333
 20
217.5573264814815
 30
0.0
 10
121.0082458333333
 20
218.5580394444445
 30
0.0
 10
119.8417273148148
 20
218.5580394444445
 30
0.0
 10
118.6752087962963
 20
218.5580394444445
 30
0.0
 10
117.5086902777778
 20
218.5580394444445
 30
0.0
 10
117.3323013888889
 20
218.5580394444445
 30
0.0
 10
116.7255236111111
 20
218.4557338888889
 30
0.0
 10
115.7589125
 20
218.4557338888889
 30
0.0
 10
114.7923013888889
 20
218.4557338888889
 30
0.0
 10
114.0091347222222
 20
218.501595
 30
0.0
 10
114.0091347222222
 20
218.5580394444445
 30
0.0
 10
114.0091347222222
 20
220.1772894444445
 30
0.0
 10
114.9686902777778
 20
221.0169005555555
 30
0.0
 10
114.9686902777778
 20
224.057845
 30
0.0
 10
114.9686902777778
 20
225.677095
 30
0.0
 10
114.0091347222222
 20
226.5202338888889
 30
0.0
 10
114.0091347222222
 20
229.5611783333333
 30
0.0
 10
114.0091347222222
 20
229.614095
 30
0.0
 10
114.7923013888889
 20
229.6599561111111
 30
0.0
 10
115.7589125
 20
229.6599561111111
 30
0.0
 10
116.7255236111111
 20
229.6599561111111
 30
0.0
 10
117.3323013888889
 20
229.5611783333333
 30
0.0
 10
117.5086902777778
 20
229.5611783333333
 30
0.0
 10
118.6752087962963
 20
229.5611783333333
 30
0.0
 10
119.8417273148148
 20
229.5611783333333
 30
0.0
 10
121.0082458333333
 20
229.5611783333333
 30
0.0
 10
121.0082458333333
 20
230.5607153703703
 30
0.0
 10
121.0082458333333
 20
231.5602524074074
 30
0.0
 10
121.0082458333333
 20
232.5597894444444
 30
0.0
 10
119.8417273148148
 20
232.5597894444444
 30
0.0
 10
118.6752087962963
 20
232.5597894444444
 30
0.0
 10
117.5086902777778
 20
232.5597894444444
 30
0.0
 10
117.3323013888889
 20
232.5597894444444
 30
0.0
 10
116.7255236111111
 20
232.4610116666666
 30
0.0
 10
115.7589125
 20
232.4610116666666
 30
0.0
 10
114.7923013888889
 20
232.4610116666666
 30
0.0
 10
114.0091347222222
 20
232.503345
 30
0.0
 10
114.0091347222222
 20
232.5597894444444
 30
0.0
 10
114.0091347222222
 20
235.5584005555556
 30
0.0
 10
115.7836069444444
 20
235.8335672222222
 30
0.0
 10
116.6726069444444
 20
237.9749283333333
 30
0.0
 10
117.5580791666667
 20
240.1162894444444
 30
0.0
 10
116.4962180555555
 20
241.5662061111111
 30
0.0
 10
118.6164125
 20
243.6864005555556
 30
0.0
 10
118.6552180555556
 20
243.7252061111111
 30
0.0
 10
119.2408291666667
 20
243.203095
 30
0.0
 10
119.9252180555555
 20
242.5222338888889
 30
0.0
 10
120.6096069444444
 20
241.837845
 30
0.0
 10
120.9694402777778
 20
241.3369005555555
 30
0.0
 10
121.0929125
 20
241.2134283333333
 30
0.0
 10
121.7102736111111
 20
240.5925394444444
 30
0.0
 10
123.5658847222222
 20
238.7369283333333
 30
0.0
 10
123.5658847222222
 20
238.7369283333333
 30
0.0
 10
124.2737921296296
 20
239.4436598148148
 30
0.0
 10
124.981699537037
 20
240.1503912962963
 30
0.0
 10
125.6896069444444
 20
240.8571227777778
 30
0.0
 10
125.6896069444444
 20
240.8571227777778
 30
0.0
 10
123.8339958333333
 20
242.7162616666667
 30
0.0
 10
123.2131069444444
 20
243.3336227777778
 30
0.0
 10
123.0896347222222
 20
243.457095
 30
0.0
 10
122.5886902777778
 20
243.8169283333334
 30
0.0
 10
121.9043013888889
 20
244.5013172222222
 30
0.0
 10
121.2199125
 20
245.1857061111111
 30
0.0
 10
120.7013291666666
 20
245.7677894444444
 30
0.0
 10
120.7401347222222
 20
245.8101227777778
 30
0.0
 10
121.8831347222222
 20
246.9531227777778
 30
0.0
 10
123.1566625
 20
246.8684561111111
 30
0.0
 10
125.3086069444444
 20
249.0204005555556
 30
0.0
 10
126.4516069444444
 20
250.1634005555556
 30
0.0
 10
126.3669402777778
 20
251.4369283333333
 30
0.0
 10
128.5188847222222
 20
253.5888727777778
 30
0.0
 10
128.5576902777778
 20
253.6276783333333
 30
0.0
 10
129.1433013888889
 20
253.1055672222222
 30
0.0
 10
129.8276902777777
 20
252.4211783333333
 30
0.0
 10
130.5120791666667
 20
251.7367894444444
 30
0.0
 10
130.8683847222222
 20
251.235845
 30
0.0
 10
130.9918569444444
 20
251.1123727777778
 30
0.0
 10
131.6127458333333
 20
250.4950116666667
 30
0.0
 10
133.4683569444445
 20
248.6394005555555
 30
0.0
 10
133.4683569444445
 20
248.6394005555555
 30
0.0
 10
134.1750884259259
 20
249.346132037037
 30
0.0
 10
134.8818199074074
 20
250.0528635185185
 30
0.0
 10
135.5885513888889
 20
250.759595
 30
0.0
 10
135.5885513888889
 20
250.759595
 30
0.0
 10
133.7329402777778
 20
252.6152061111111
 30
0.0
 10
133.1155791666667
 20
253.236095
 30
0.0
 10
132.9921069444444
 20
253.3595672222222
 30
0.0
 10
132.4911625
 20
253.7194005555556
 30
0.0
 10
131.8067736111111
 20
254.4002616666667
 30
0.0
 10
131.1223847222222
 20
255.0846505555556
 30
0.0
 10
130.6002736111111
 20
255.6702616666666
 30
0.0
 10
130.6390791666666
 20
255.7090672222222
 30
0.0
 10
132.7628013888889
 20
257.8327894444445
 30
0.0
 10
134.2091902777778
 20
256.7674005555555
 30
0.0
 10
136.3540791666667
 20
257.6564005555556
 30
0.0
 10
138.4954402777778
 20
258.5418727777778
 30
0.0
 10
138.7706069444444
 20
260.3198727777778
 30
0.0
 10
141.7692180555555
 20
260.3198727777778
 30
0.0
 10
141.8221347222222
 20
260.3198727777778
 30
0.0
 10
141.8679958333333
 20
259.5367061111111
 30
0.0
 10
141.8679958333333
 20
258.570095
 30
0.0
 10
141.8679958333333
 20
257.6034838888889
 30
0.0
 10
141.7692180555555
 20
256.9931783333333
 30
0.0
 10
141.7692180555555
 20
256.8203172222222
 30
0.0
 10
141.7692180555555
 20
255.6537987037037
 30
0.0
 10
141.7692180555555
 20
254.4872801851851
 30
0.0
 10
141.7692180555555
 20
253.3207616666666
 30
0.0
 10
142.2195976851852
 20
253.3207616666666
 30
0.0
 10
142.6699773148148
 20
253.3207616666666
 30
0.0
 10
143.1203569444444
 20
253.3207616666666
 30
0.0
  0
SPLINE
  5
311
330
1F
100
AcDbEntity
  8
DEFAULT
 62
     1
100
AcDbSpline
210
0.0
220
0.0
230
1.0
 70
     8
 71
     3
 72
    89
 73
    85
 74
     0
 42
0.000000001
 43
0.0000000001
 40
0.0
 40
0.0
 40
0.0
 40
0.0
 40
3.825454221396398
 40
3.825454221396398
 40
3.825454221396398
 40
4.825454221396399
 40
4.825454221396399
 40
4.825454221396399
 40
5.825454221396399
 40
5.825454221396399
 40
5.825454221396399
 40
6.825454221396399
 40
6.825454221396399
 40
6.825454221396399
 40
7.825454221396399
 40
7.825454221396399
 40
7.825454221396399
 40
8.825454221396399
 40
8.825454221396399
 40
8.825454221396399
 40
9.825454221396399
 40
9.825454221396399
 40
9.825454221396399
 40
10.8254542213964
 40
10.8254542213964
 40
10.8254542213964
 40
11.8254542213964
 40
11.8254542213964
 40
11.8254542213964
 40
20.33195173800097
 40
20.33195173800097
 40
20.33195173800097
 40
30.24558881023635
 40
30.24558881023635
 40
30.24558881023635
 40
31.24558881023635
 40
31.24558881023635
 40
31.24558881023635
 40
32.24558881023635
 40
32.24558881023635
 40
32.24558881023635
 40
33.24558881023635
 40
33.24558881023635
 40
33.24558881023635
 40
34.24558881023635
 40
34.24558881023635
 40
34.24558881023635
 40
35.24558881023635
 40
35.24558881023635
 40
35.24558881023635
 40
36.24558881023635
 40
36.24558881023635
 40
36.24558881023635
 40
46.16558881023631
 40
46.16558881023631
 40
46.16558881023631
 40
54.66558881023631
 40
54.66558881023631
 40
54.66558881023631
 40
64.58558881023626
 40
64.58558881023626
 40
64.58558881023626
 40
65.58558881023626
 40
65.58558881023626
 40
65.58558881023626
 40
66.58558881023626
 40
66.58558881023626
 40
66.58558881023626
 40
67.58558881023626
 40
67.58558881023626
 40
67.58558881023626
 40
68.58558881023626
 40
68.58558881023626
 40
68.58558881023626
 40
69.58558881023626
 40
69.58558881023626
 40
69.58558881023626
 40
70.58558881023626
 40
70.58558881023626
 40
70.58558881023626
 40
80.50558881023622
 40
80.50558881023622
 40
80.50558881023622
 40
84.3355888102362
 40
84.3355888102362
 40
84.3355888102362
 40
84.3355888102362
 10
124.7335791666667
 20
208.2110672222222
 30
0.0
 10
125.0522550925926
 20
207.8935672222222
 30
0.0
 10
125.3709310185185
 20
207.5760672222222
 30
0.0
 10
125.6896069444445
 20
207.2585672222222
 30
0.0
 10
125.6896069444444
 20
207.2585672222222
 30
0.0
 10
123.8339958333333
 20
205.4029561111111
 30
0.0
 10
123.2131069444444
 20
204.7820672222222
 30
0.0
 10
123.0896347222222
 20
204.658595
 30
0.0
 10
122.5886902777778
 20
204.2987616666666
 30
0.0
 10
121.9043013888889
 20
203.6179005555556
 30
0.0
 10
121.2199125
 20
202.9335116666666
 30
0.0
 10
120.7013291666666
 20
202.3479005555556
 30
0.0
 10
120.7401347222222
 20
202.309095
 30
0.0
 10
122.8885513888889
 20
200.1571505555556
 30
0.0
 10
124.1620791666667
 20
200.2418172222222
 30
0.0
 10
125.3086069444444
 20
199.0988172222222
 30
0.0
 10
127.4570236111111
 20
196.9468727777778
 30
0.0
 10
127.3723569444444
 20
195.673345
 30
0.0
 10
128.5188847222222
 20
194.5268172222222
 30
0.0
 10
128.5576902777778
 20
194.4880116666667
 30
0.0
 10
129.1433013888889
 20
195.0101227777778
 30
0.0
 10
129.8276902777777
 20
195.6945116666666
 30
0.0
 10
130.5120791666667
 20
196.3789005555556
 30
0.0
 10
130.8719125
 20
196.879845
 30
0.0
 10
130.9918569444444
 20
197.0033172222222
 30
0.0
 10
131.6127458333333
 20
197.6206783333333
 30
0.0
 10
133.4683569444445
 20
199.4798172222222
 30
0.0
 10
133.4683569444445
 20
199.4798172222222
 30
0.0
 10
134.1750884259259
 20
198.7719098148148
 30
0.0
 10
134.8818199074074
 20
198.0640024074074
 30
0.0
 10
135.5885513888889
 20
197.356095
 30
0.0
 10
134.7642273148148
 20
196.5317709259259
 30
0.0
 10
133.9399032407407
 20
195.7074468518518
 30
0.0
 10
133.1155791666667
 20
194.8831227777778
 30
0.0
 10
132.9921069444444
 20
194.7596505555555
 30
0.0
 10
132.4911625
 20
194.3998172222222
 30
0.0
 10
131.8067736111111
 20
193.7154283333333
 30
0.0
 10
131.1223847222222
 20
193.0310394444444
 30
0.0
 10
130.6002736111111
 20
192.4454283333334
 30
0.0
 10
130.6390791666666
 20
192.4066227777778
 30
0.0
 10
132.7592736111111
 20
190.2864283333333
 30
0.0
 10
134.2091902777778
 20
191.3482894444444
 30
0.0
 10
136.3540791666667
 20
190.4628172222222
 30
0.0
 10
138.4954402777778
 20
189.5738172222222
 30
0.0
 10
138.7670791666667
 20
187.799345
 30
0.0
 10
141.7692180555555
 20
187.799345
 30
0.0
 10
141.8221347222222
 20
187.799345
 30
0.0
 10
141.8679958333333
 20
188.5789838888889
 30
0.0
 10
141.8679958333333
 20
189.5491227777778
 30
0.0
 10
141.8679958333333
 20
190.5157338888889
 30
0.0
 10
141.7692180555555
 20
191.1225116666667
 30
0.0
 10
141.7692180555555
 20
191.2989005555556
 30
0.0
 10
141.7692180555555
 20
192.465419074074
 30
0.0
 10
141.7692180555555
 20
193.6319375925926
 30
0.0
 10
141.7692180555555
 20
194.7984561111111
 30
0.0
 10
142.7687550925926
 20
194.7984561111111
 30
0.0
 10
143.7682921296296
 20
194.7984561111111
 30
0.0
 10
144.7678291666666
 20
194.7984561111111
 30
0.0
 10
144.7678291666666
 20
193.6319375925926
 30
0.0
 10
144.7678291666666
 20
192.465419074074
 30
0.0
 10
144.7678291666666
 20
191.2989005555556
 30
0.0
 10
144.7678291666666
 20
191.1225116666667
 30
0.0
 10
144.6690513888889
 20
190.5157338888889
 30
0.0
 10
144.6690513888889
 20
189.5491227777778
 30
0.0
 10
144.6690513888889
 20
188.5789838888889
 30
0.0
 10
144.7113847222222
 20
187.799345
 30
0.0
 10
144.7678291666666
 20
187.799345
 30
0.0
 10
147.8087736111111
 20
187.799345
 30
0.0
 10
148.6519125
 20
188.7589005555556
 30
0.0
 10
150.2676347222222
 20
188.7589005555556
 30
0.0
 10
153.3085791666666
 20
188.7589005555556
 30
0.0
 10
154.1517180555556
 20
187.799345
 30
0.0
 10
155.7709680555555
 20
187.799345
 30
0.0
 10
155.8238847222222
 20
187.799345
 30
0.0
 10
155.8697458333333
 20
188.5789838888889
 30
0.0
 10
155.8697458333333
 20
189.5491227777778
 30
0.0
 10
155.8697458333333
 20
190.5157338888889
 30
0.0
 10
155.7709680555555
 20
191.1225116666667
 30
0.0
 10
155.7709680555555
 20
191.2989005555556
 30
0.0
 10
155.7709680555555
 20
192.465419074074
 30
0.0
 10
155.7709680555555
 20
193.6319375925926
 30
0.0
 10
155.7709680555555
 20
194.7984561111111
 30
0.0
 10
156.2213476851852
 20
194.7984561111111
 30
0.0
 10
156.6717273148148
 20
194.7984561111111
 30
0.0
 10
157.1221069444444
 20
194.7984561111111
 30
0.0
  0
SPLINE
  5
312
330
1F
100
AcDbEntity
  8
DEFAULT
 62
     1
100
AcDbSpline
210
0.0
220
0.0
230
1.0
 70
     8
 71
     3
 72
   170
 73
   166
 74
     0
 42
0.000000001
 43
0.0000000001
 40
0.0
 40
0.0
 40
0.0
 40
0.0
 40
3.819999999999993
 40
3.819999999999993
 40
3.819999999999993
 40
13.73999999999995
 40
13.73999999999995
 40
13.73999999999995
 40
14.73999999999995
 40
14.73999999999995
 40
14.73999999999995
 40
15.73999999999995
 40
15.73999999999995
 40
15.73999999999995
 40
16.73999999999995
 40
16.73999999999995
 40
16.73999999999995
 40
17.73999999999995
 40
17.73999999999995
 40
17.73999999999995
 40
18.73999999999995
 40
18.73999999999995
 40
18.73999999999995
 40
19.73999999999995
 40
19.73999999999995
 40
19.73999999999995
 40
29.65999999999991
 40
29.65999999999991
 40
29.65999999999991
 40
38.15999999999991
 40
38.15999999999991
 40
38.15999999999991
 40
48.07999999999987
 40
48.07999999999987
 40
48.07999999999987
 40
49.07999999999987
 40
49.07999999999987
 40
49.07999999999987
 40
50.07999999999987
 40
50.07999999999987
 40
50.07999999999987
 40
51.07999999999987
 40
51.07999999999987
 40
51.07999999999987
 40
52.07999999999987
 40
52.07999999999987
 40
52.07999999999987
 40
53.07999999999987
 40
53.07999999999987
 40
53.07999999999987
 40
54.07999999999987
 40
54.07999999999987
 40
54.07999999999987
 40
55.07999999999987
 40
55.07999999999987
 40
55.07999999999987
 40
63.58649751660448
 40
63.58649751660448
 40
63.58649751660448
 40
73.50013458883987
 40
73.50013458883987
 40
73.50013458883987
 40
74.50013458883987
 40
74.50013458883987
 40
74.50013458883987
 40
75.50013458883987
 40
75.50013458883987
 40
75.50013458883987
 40
76.50013458883987
 40
76.50013458883987
 40
76.50013458883987
 40
77.50013458883987
 40
77.50013458883987
 40
77.50013458883987
 40
78.50013458883987
 40
78.50013458883987
 40
78.50013458883987
 40
79.50013458883987
 40
79.50013458883987
 40
79.50013458883987
 40
80.50013458883987
 40
80.50013458883987
 40
80.50013458883987
 40
88.99955809870215
 40
88.99955809870215
 40
88.99955809870215
 40
98.9273373065613
 40
98.9273373065613
 40
98.9273373065613
 40
99.9273373065613
 40
99.9273373065613
 40
99.9273373065613
 40
100.9273373065613
 40
100.9273373065613
 40
100.9273373065613
 40
101.9273373065613
 40
101.9273373065613
 40
101.9273373065613
 40
102.9273373065613
 40
102.9273373065613
 40
102.9273373065613
 40
103.9273373065613
 40
103.9273373065613
 40
103.9273373065613
 40
104.9273373065613
 40
104.9273373065613
 40
104.9273373065613
 40
114.8473373065613
 40
114.8473373065613
 40
114.8473373065613
 40
123.3473373065613
 40
123.3473373065613
 40
123.3473373065613
 40
133.2673373065613
 40
133.2673373065613
 40
133.2673373065613
 40
134.2673373065613
 40
134.2673373065613
 40
134.2673373065613
 40
135.2673373065613
 40
135.2673373065613
 40
135.2673373065613
 40
136.2673373065613
 40
136.2673373065613
 40
136.2673373065613
 40
137.2673373065613
 40
137.2673373065613
 40
137.2673373065613
 40
138.2673373065613
 40
138.2673373065613
 40
138.2673373065613
 40
139.2673373065613
 40
139.2673373065613
 40
139.2673373065613
 40
149.1873373065613
 40
149.1873373065613
 40
149.1873373065613
 40
157.6973373065613
 40
157.6973373065613
 40
157.6973373065613
 40
167.6173373065614
 40
167.6173373065614
 40
167.6173373065614
 40
168.6173373065614
 40
168.6173373065614
 40
168.6173373065614
 40
169.6173373065614
 40
169.6173373065614
 40
169.6173373065614
 40
170.6173373065614
 40
170.6173373065614
 40
170.6173373065614
 40
171.6173373065614
 40
171.6173373065614
 40
171.6173373065614
 40
172.6173373065614
 40
172.6173373065614
 40
172.6173373065614
 40
173.6173373065614
 40
173.6173373065614
 40
173.6173373065614
 40
174.6173373065614
 40
174.6173373065614
 40
174.6173373065614
 40
178.4357139249687
 40
178.4357139249687
 40
178.4357139249687
 40
178.4357139249687
 10
143.4202180555556
 20
253.3207616666666
 30
0.0
 10
143.8694217592592
 20
253.3207616666666
 30
0.0
 10
144.3186254629629
 20
253.3207616666666
 30
0.0
 10
144.7678291666666
 20
253.3207616666666
 30
0.0
 10
144.7678291666666
 20
254.4872801851851
 30
0.0
 10
144.7678291666666
 20
255.6537987037037
 30
0.0
 10
144.7678291666666
 20
256.8203172222222
 30
0.0
 10
144.7678291666666
 20
256.9931783333333
 30
0.0
 10
144.6690513888889
 20
257.6034838888889
 30
0.0
 10
144.6690513888889
 20
258.570095
 30
0.0
 10
144.6690513888889
 20
259.5367061111111
 30
0.0
 10
144.7113847222222
 20
260.3198727777778
 30
0.0
 10
144.7678291666666
 20
260.3198727777778
 30
0.0
 10
146.3870791666667
 20
260.3198727777778
 30
0.0
 10
147.2266902777778
 20
259.3567894444444
 30
0.0
 10
150.2676347222222
 20
259.3567894444444
 30
0.0
 10
151.8868847222222
 20
259.3567894444444
 30
0.0
 10
152.7300236111111
 20
260.3198727777778
 30
0.0
 10
155.7709680555555
 20
260.3198727777778
 30
0.0
 10
155.8238847222222
 20
260.3198727777778
 30
0.0
 10
155.8697458333333
 20
259.5367061111111
 30
0.0
 10
155.8697458333333
 20
258.570095
 30
0.0
 10
155.8697458333333
 20
257.6034838888889
 30
0.0
 10
155.7709680555555
 20
256.9931783333333
 30
0.0
 10
155.7709680555555
 20
256.8203172222222
 30
0.0
 10
155.7709680555555
 20
255.6537987037037
 30
0.0
 10
155.7709680555555
 20
254.4872801851851
 30
0.0
 10
155.7709680555555
 20
253.3207616666666
 30
0.0
 10
156.7705050925926
 20
253.3207616666666
 30
0.0
 10
157.7700421296296
 20
253.3207616666666
 30
0.0
 10
158.7695791666667
 20
253.3207616666666
 30
0.0
 10
158.7695791666667
 20
254.4872801851851
 30
0.0
 10
158.7695791666667
 20
255.6537987037037
 30
0.0
 10
158.7695791666667
 20
256.8203172222222
 30
0.0
 10
158.7695791666667
 20
256.9931783333333
 30
0.0
 10
158.6708013888889
 20
257.6034838888889
 30
0.0
 10
158.6708013888889
 20
258.570095
 30
0.0
 10
158.6708013888889
 20
259.5367061111111
 30
0.0
 10
158.7131347222222
 20
260.3198727777778
 30
0.0
 10
158.7695791666667
 20
260.3198727777778
 30
0.0
 10
161.7717180555555
 20
260.3198727777778
 30
0.0
 10
162.0433569444444
 20
258.5418727777778
 30
0.0
 10
164.1847180555555
 20
257.6564005555556
 30
0.0
 10
166.3260791666667
 20
256.7674005555555
 30
0.0
 10
167.7759958333333
 20
257.8292616666666
 30
0.0
 10
169.8961902777778
 20
255.7090672222222
 30
0.0
 10
169.9349958333333
 20
255.6702616666666
 30
0.0
 10
169.4164125
 20
255.0846505555556
 30
0.0
 10
168.7320236111111
 20
254.4002616666667
 30
0.0
 10
168.0476347222222
 20
253.7194005555556
 30
0.0
 10
167.5466902777778
 20
253.3595672222222
 30
0.0
 10
167.4232180555555
 20
253.236095
 30
0.0
 10
166.8023291666667
 20
252.6152061111111
 30
0.0
 10
164.9467180555555
 20
250.759595
 30
0.0
 10
164.9467180555555
 20
250.759595
 30
0.0
 10
165.6546254629629
 20
250.0528635185185
 30
0.0
 10
166.3625328703704
 20
249.346132037037
 30
0.0
 10
167.0704402777778
 20
248.6394005555555
 30
0.0
 10
167.8947643518518
 20
249.4637246296296
 30
0.0
 10
168.7190884259259
 20
250.2880487037037
 30
0.0
 10
169.5434125
 20
251.1123727777778
 30
0.0
 10
169.6668847222222
 20
251.235845
 30
0.0
 10
170.0267180555555
 20
251.7367894444444
 30
0.0
 10
170.7111069444444
 20
252.4211783333333
 30
0.0
 10
171.3954958333333
 20
253.1055672222222
 30
0.0
 10
171.9811069444444
 20
253.6276783333333
 30
0.0
 10
172.0199125
 20
253.5888727777778
 30
0.0
 10
173.1629125
 20
252.442345
 30
0.0
 10
173.0782458333333
 20
251.1688172222222
 30
0.0
 10
175.2301902777778
 20
249.0204005555556
 30
0.0
 10
176.3731902777778
 20
247.8738727777778
 30
0.0
 10
177.6502458333333
 20
247.9585394444445
 30
0.0
 10
179.7986625
 20
245.8101227777778
 30
0.0
 10
179.8374680555555
 20
245.7713172222222
 30
0.0
 10
179.3153569444444
 20
245.1857061111111
 30
0.0
 10
178.6309680555555
 20
244.5013172222222
 30
0.0
 10
177.9465791666667
 20
243.8169283333334
 30
0.0
 10
177.4491625
 20
243.457095
 30
0.0
 10
177.3256902777778
 20
243.3336227777778
 30
0.0
 10
176.7048013888889
 20
242.7162616666667
 30
0.0
 10
174.8491902777778
 20
240.8571227777778
 30
0.0
 10
174.8491902777778
 20
240.8571227777778
 30
0.0
 10
175.5559217592592
 20
240.1503912962963
 30
0.0
 10
176.2626532407407
 20
239.4436598148148
 30
0.0
 10
176.9693847222222
 20
238.7369283333333
 30
0.0
 10
177.7948847222222
 20
239.5624283333333
 30
0.0
 10
178.6203847222222
 20
240.3879283333333
 30
0.0
 10
179.4458847222222
 20
241.2134283333333
 30
0.0
 10
179.5693569444444
 20
241.3369005555555
 30
0.0
 10
179.9291902777778
 20
241.837845
 30
0.0
 10
180.6135791666667
 20
242.5222338888889
 30
0.0
 10
181.2944402777777
 20
243.203095
 30
0.0
 10
181.8800513888889
 20
243.7252061111111
 30
0.0
 10
181.9188569444445
 20
243.6864005555556
 30
0.0
 10
184.0425791666667
 20
241.5662061111111
 30
0.0
 10
182.9771902777778
 20
240.1162894444444
 30
0.0
 10
183.8661902777778
 20
237.9749283333333
 30
0.0
 10
184.7516625
 20
235.8335672222222
 30
0.0
 10
186.5296625
 20
235.5584005555556
 30
0.0
 10
186.5296625
 20
232.5597894444444
 30
0.0
 10
186.5296625
 20
232.503345
 30
0.0
 10
185.7464958333333
 20
232.4610116666666
 30
0.0
 10
184.7798847222222
 20
232.4610116666666
 30
0.0
 10
183.8132736111111
 20
232.4610116666666
 30
0.0
 10
183.2029680555555
 20
232.5597894444444
 30
0.0
 10
183.0301069444444
 20
232.5597894444444
 30
0.0
 10
181.8635884259259
 20
232.5597894444444
 30
0.0
 10
180.6970699074074
 20
232.5597894444444
 30
0.0
 10
179.5305513888889
 20
232.5597894444444
 30
0.0
 10
179.5305513888889
 20
231.5602524074074
 30
0.0
 10
179.5305513888889
 20
230.5607153703703
 30
0.0
 10
179.5305513888889
 20
229.5611783333333
 30
0.0
 10
180.6970699074074
 20
229.5611783333333
 30
0.0
 10
181.8635884259259
 20
229.5611783333333
 30
0.0
 10
183.0301069444444
 20
229.5611783333333
 30
0.0
 10
183.2029680555555
 20
229.5611783333333
 30
0.0
 10
183.8132736111111
 20
229.6599561111111
 30
0.0
 10
184.7798847222222
 20
229.6599561111111
 30
0.0
 10
185.7464958333333
 20
229.6599561111111
 30
0.0
 10
186.5296625
 20
229.614095
 30
0.0
 10
186.5296625
 20
229.5611783333333
 30
0.0
 10
186.5296625
 20
227.9419283333334
 30
0.0
 10
185.5701069444444
 20
227.0987894444444
 30
0.0
 10
185.5701069444444
 20
224.057845
 30
0.0
 10
185.5701069444444
 20
222.438595
 30
0.0
 10
186.5296625
 20
221.5989838888889
 30
0.0
 10
186.5296625
 20
218.5580394444445
 30
0.0
 10
186.5296625
 20
218.501595
 30
0.0
 10
185.7464958333333
 20
218.4557338888889
 30
0.0
 10
184.7798847222222
 20
218.4557338888889
 30
0.0
 10
183.8132736111111
 20
218.4557338888889
 30
0.0
 10
183.2029680555555
 20
218.5580394444445
 30
0.0
 10
183.0301069444444
 20
218.5580394444445
 30
0.0
 10
181.8635884259259
 20
218.5580394444445
 30
0.0
 10
180.6970699074074
 20
218.5580394444445
 30
0.0
 10
179.5305513888889
 20
218.5580394444445
 30
0.0
 10
179.5305513888889
 20
217.5573264814815
 30
0.0
 10
179.5305513888889
 20
216.5566135185185
 30
0.0
 10
179.5305513888889
 20
215.5559005555556
 30
0.0
 10
180.6970699074074
 20
215.5559005555556
 30
0.0
 10
181.8635884259259
 20
215.5559005555556
 30
0.0
 10
183.0301069444444
 20
215.5559005555556
 30
0.0
 10
183.2029680555555
 20
215.5559005555556
 30
0.0
 10
183.8132736111111
 20
215.6582061111111
 30
0.0
 10
184.7798847222222
 20
215.6582061111111
 30
0.0
 10
185.7464958333333
 20
215.6582061111111
 30
0.0
 10
186.5296625
 20
215.612345
 30
0.0
 10
186.5296625
 20
215.5559005555556
 30
0.0
 10
186.5296625
 20
212.5572894444445
 30
0.0
 10
184.7516625
 20
212.2856505555556
 30
0.0
 10
183.8661902777778
 20
210.1407616666667
 30
0.0
 10
182.9771902777778
 20
207.9994005555555
 30
0.0
 10
184.0390513888889
 20
206.5494838888889
 30
0.0
 10
181.9188569444445
 20
204.4292894444444
 30
0.0
 10
181.8800513888889
 20
204.3904838888889
 30
0.0
 10
181.2944402777777
 20
204.912595
 30
0.0
 10
180.6135791666667
 20
205.5969838888889
 30
0.0
 10
179.9291902777778
 20
206.2813727777778
 30
0.0
 10
179.5693569444444
 20
206.7823172222222
 30
0.0
 10
179.4458847222222
 20
206.9057894444445
 30
0.0
 10
178.8249958333333
 20
207.5231505555556
 30
0.0
 10
176.9693847222222
 20
209.3787616666667
 30
0.0
 10
176.9693847222222
 20
209.3787616666667
 30
0.0
 10
176.6518847222222
 20
209.0612616666667
 30
0.0
 10
176.3343847222222
 20
208.7437616666667
 30
0.0
 10
176.0168847222222
 20
208.4262616666667
 30
0.0
  0
SPLINE
  5
313
330
1F
100
AcDbEntity
  8
DEFAULT
 62
     1
100
AcDbSpline
210
0.0
220
0.0
230
1.0
 70
     8
 71
     3
 72
    62
 73
    58
 74
     0
 42
0.000000001
 43
0.0000000001
 40
0.0
 40
0.0
 40
0.0
 40
0.0
 40
3.819999999999993
 40
3.819999999999993
 40
3.819999999999993
 40
13.73999999999995
 40
13.73999999999995
 40
13.73999999999995
 40
14.73999999999995
 40
14.73999999999995
 40
14.73999999999995
 40
15.73999999999995
 40
15.73999999999995
 40
15.73999999999995
 40
16.73999999999995
 40
16.73999999999995
 40
16.73999999999995
 40
17.73999999999995
 40
17.73999999999995
 40
17.73999999999995
 40
18.73999999999995
 40
18.73999999999995
 40
18.73999999999995
 40
19.73999999999995
 40
19.73999999999995
 40
19.73999999999995
 40
20.73999999999995
 40
20.73999999999995
 40
20.73999999999995
 40
29.253565645486
 40
29.253565645486
 40
29.253565645486
 40
30.253565645486
 40
30.253565645486
 40
30.253565645486
 40
31.253565645486
 40
31.253565645486
 40
31.253565645486
 40
32.253565645486
 40
32.253565645486
 40
32.253565645486
 40
33.253565645486
 40
33.253565645486
 40
33.253565645486
 40
34.253565645486
 40
34.253565645486
 40
34.253565645486
 40
35.253565645486
 40
35.253565645486
 40
35.253565645486
 40
36.253565645486
 40
36.253565645486
 40
36.253565645486
 40
37.253565645486
 40
37.253565645486
 40
37.253565645486
 40
41.07901986688243
 40
41.07901986688243
 40
41.07901986688243
 40
41.07901986688243
 10
157.4219680555555
 20
194.7984561111111
 30
0.0
 10
157.8711717592593
 20
194.7984561111111
 30
0.0
 10
158.3203754629629
 20
194.7984561111111
 30
0.0
 10
158.7695791666667
 20
194.7984561111111
 30
0.0
 10
158.7695791666667
 20
193.6319375925926
 30
0.0
 10
158.7695791666667
 20
192.465419074074
 30
0.0
 10
158.7695791666667
 20
191.2989005555556
 30
0.0
 10
158.7695791666667
 20
191.1225116666667
 30
0.0
 10
158.6708013888889
 20
190.5157338888889
 30
0.0
 10
158.6708013888889
 20
189.5491227777778
 30
0.0
 10
158.6708013888889
 20
188.5789838888889
 30
0.0
 10
158.7131347222222
 20
187.799345
 30
0.0
 10
158.7695791666667
 20
187.799345
 30
0.0
 10
161.7681902777778
 20
187.799345
 30
0.0
 10
162.0433569444444
 20
189.5738172222222
 30
0.0
 10
164.1847180555555
 20
190.4628172222222
 30
0.0
 10
166.3260791666667
 20
191.3482894444444
 30
0.0
 10
167.7759958333333
 20
190.2864283333333
 30
0.0
 10
169.8961902777778
 20
192.4066227777778
 30
0.0
 10
169.9385236111111
 20
192.4454283333334
 30
0.0
 10
169.4164125
 20
193.0310394444444
 30
0.0
 10
168.7320236111111
 20
193.7154283333333
 30
0.0
 10
168.0476347222222
 20
194.3998172222222
 30
0.0
 10
167.5466902777778
 20
194.7596505555555
 30
0.0
 10
167.4232180555555
 20
194.8831227777778
 30
0.0
 10
166.8058569444444
 20
195.5004838888889
 30
0.0
 10
164.9467180555555
 20
197.356095
 30
0.0
 10
164.9467180555555
 20
197.356095
 30
0.0
 10
165.6546254629629
 20
198.0640024074074
 30
0.0
 10
166.3625328703704
 20
198.7719098148148
 30
0.0
 10
167.0704402777778
 20
199.4798172222222
 30
0.0
 10
167.0704402777778
 20
199.4798172222222
 30
0.0
 10
168.9260513888889
 20
197.6206783333333
 30
0.0
 10
169.5434125
 20
197.0033172222222
 30
0.0
 10
169.6668847222222
 20
196.879845
 30
0.0
 10
170.0267180555555
 20
196.3789005555556
 30
0.0
 10
170.7111069444444
 20
195.6945116666666
 30
0.0
 10
171.3954958333333
 20
195.0101227777778
 30
0.0
 10
171.9811069444444
 20
194.4880116666667
 30
0.0
 10
172.0199125
 20
194.5268172222222
 30
0.0
 10
174.1683291666667
 20
196.6787616666667
 30
0.0
 10
174.0836625
 20
197.9522894444445
 30
0.0
 10
175.2301902777778
 20
199.0988172222222
 30
0.0
 10
177.3786069444444
 20
201.2472338888889
 30
0.0
 10
178.6556625
 20
201.1625672222222
 30
0.0
 10
179.7986625
 20
202.309095
 30
0.0
 10
179.8374680555555
 20
202.3479005555556
 30
0.0
 10
179.3153569444444
 20
202.9335116666666
 30
0.0
 10
178.6309680555555
 20
203.6179005555556
 30
0.0
 10
177.9465791666667
 20
204.2987616666666
 30
0.0
 10
177.4491625
 20
204.658595
 30
0.0
 10
177.3256902777778
 20
204.7820672222222
 30
0.0
 10
176.7048013888889
 20
205.4029561111111
 30
0.0
 10
174.8491902777778
 20
207.2585672222222
 30
0.0
 10
174.8491902777778
 20
207.2585672222222
 30
0.0
 10
175.1678662037037
 20
207.5760672222222
 30
0.0
 10
175.4865421296296
 20
207.8935672222222
 30
0.0
 10
175.8052180555555
 20
208.2110672222222
 30
0.0
  0
SPLINE
  5
314
330
1F
100
AcDbEntity
  8
DEFAULT
 62
     1
100
AcDbSpline
210
0.0
220
0.0
230
1.0
 70
     8
 71
     3
 72
     8
 73
     4
 74
     0
 42
0.000000001
 43
0.0000000001
 40
0.0
 40
0.0
 40
0.0
 40
0.0
 40
1.0
 40
1.0
 40
1.0
 40
1.0
 10
0.0035277777777778
 20
295.2493177777777
 30
0.0
 10
0.0811388888888889
 20
297.88104
 30
0.0
 10
2.218972222222222
 20
300.0188733333333
 30
0.0
 10
4.850694444444444
 20
300.0964844444444
 30
0.0
  0
POLYLINE
  5
315
330
1F
100
AcDbEntity
  8
DEFAULT
 62
     1
100
AcDb2dPolyline
 66
     1
 10
0.0
 20
0.0
 30
0.0
  0
VERTEX
  5
316
330
315
100
AcDbEntity
  8
DEFAULT
 62
     1
100
AcDbVertex
100
AcDb2dVertex
 10
294.8516666666666
 20
300.1000122222222
 30
0.0
  0
VERTEX
  5
317
330
315
100
AcDbEntity
  8
DEFAULT
 62
     1
100
AcDbVertex
100
AcDb2dVertex
 10
5.150555555555523
 20
300.1000122222222
 30
0.0
  0
SEQEND
  5
318
330
315
100
AcDbEntity
  8
DEFAULT
 62
     1
  0
POLYLINE
  5
319
330
1F
100
AcDbEntity
  8
DEFAULT
 62
     1
100
AcDb2dPolyline
 66
     1
 10
0.0
 20
0.0
 30
0.0
  0
VERTEX
  5
31A
330
319
100
AcDbEntity
  8
DEFAULT
 62
     1
100
AcDbVertex
100
AcDb2dVertex
 10
299.9986944444444
 20
5.251873333333333
 30
0.0
  0
VERTEX
  5
31B
330
319
100
AcDbEntity
  8
DEFAULT
 62
     1
100
AcDbVertex
100
AcDb2dVertex
 10
299.9986944444444
 20
294.9494566666667
 30
0.0
  0
SEQEND
  5
31C
330
319
100
AcDbEntity
  8
DEFAULT
 62
     1
  0
SPLINE
  5
31D
330
1F
100
AcDbEntity
  8
DEFAULT
 62
     1
100
AcDbSpline
210
0.0
220
0.0
230
1.0
 70
     8
 71
     3
 72
     8
 73
     4
 74
     0
 42
0.000000001
 43
0.0000000001
 40
0.0
 40
0.0
 40
0.0
 40
0.0
 40
1.0
 40
1.0
 40
1.0
 40
1.0
 10
0.0035277777777778
 20
4.952012222222222
 30
0.0
 10
0.0811388888888889
 20
2.32029
 30
0.0
 10
2.218972222222222
 20
0.1824566666666669
 30
0.0
 10
4.850694444444444
 20
0.1048455555555556
 30
0.0
  0
POLYLINE
  5
31E
330
1F
100
AcDbEntity
  8
DEFAULT
 62
     1
100
AcDb2dPolyline
 66
     1
 10
0.0
 20
0.0
 30
0.0
  0
VERTEX
  5
31F
330
31E
100
AcDbEntity
  8
DEFAULT
 62
     1
100
AcDbVertex
100
AcDb2dVertex
 10
294.8516666666666
 20
0.1013177777777778
 30
0.0
  0
VERTEX
  5
320
330
31E
100
AcDbEntity
  8
DEFAULT
 62
     1
100
AcDbVertex
100
AcDb2dVertex
 10
5.150555555555523
 20
0.1013177777777778
 30
0.0
  0
SEQEND
  5
321
330
31E
100
AcDbEntity
  8
DEFAULT
 62
     1
  0
POLYLINE
  5
322
330
1F
100
AcDbEntity
  8
DEFAULT
 62
     1
100
AcDb2dPolyline
 66
     1
 10
0.0
 20
0.0
 30
0.0
  0
VERTEX
  5
323
330
322
100
AcDbEntity
  8
DEFAULT
 62
     1
100
AcDbVertex
100
AcDb2dVertex
 10
0.0
 20
5.251873333333333
 30
0.0
  0
VERTEX
  5
324
330
322
100
AcDbEntity
  8
DEFAULT
 62
     1
100
AcDbVertex
100
AcDb2dVertex
 10
0.0
 20
294.9494566666667
 30
0.0
  0
SEQEND
  5
325
330
322
100
AcDbEntity
  8
DEFAULT
 62
     1
  0
SPLINE
  5
326
330
1F
100
AcDbEntity
  8
DEFAULT
 62
     1
100
AcDbSpline
210
0.0
220
0.0
230
1.0
 70
     8
 71
     3
 72
     8
 73
     4
 74
     0
 42
0.000000001
 43
0.0000000001
 40
0.0
 40
0.0
 40
0.0
 40
0.0
 40
1.0
 40
1.0
 40
1.0
 40
1.0
 10
295.1515277777777
 20
0.1048455555555556
 30
0.0
 10
297.78325
 20
0.1824566666666667
 30
0.0
 10
299.9175555555555
 20
2.323817777777778
 30
0.0
 10
299.9951666666666
 20
4.952012222222222
 30
0.0
  0
SPLINE
  5
327
330
1F
100
AcDbEntity
  8
DEFAULT
 62
     1
100
AcDbSpline
210
0.0
220
0.0
230
1.0
 70
     8
 71
     3
 72
     8
 73
     4
 74
     0
 42
0.000000001
 43
0.0000000001
 40
0.0
 40
0.0
 40
0.0
 40
0.0
 40
1.0
 40
1.0
 40
1.0
 40
1.0
 10
299.9951666666666
 20
295.2493177777777
 30
0.0
 10
299.9175555555555
 20
297.8775122222222
 30
0.0
 10
297.78325
 20
300.0188733333333
 30
0.0
 10
295.1515277777777
 20
300.0964844444444
 30
0.0
  0
ENDSEC
  0
SECTION
  2
OBJECTS
  0
DICTIONARY
  5
C
330
0
100
AcDbDictionary
  3
ACAD_GROUP
350
D
  3
ACAD_LAYOUT
350
1A
  3
ACAD_MATERIAL
350
43
  3
ACAD_MLEADERSTYLE
350
34A
  3
ACAD_MLINESTYLE
350
17
  3
ACAD_PLOTSETTINGS
350
19
  3
ACAD_SCALELIST
350
47
  3
ACAD_VISUALSTYLE
350
2A
  3
ACDBHEADERROUNDTRIPXREC
350
328
  3
ACDBVARIABLEDICTIONARY
350
348
  0
DICTIONARY
  5
D
102
{ACAD_REACTORS
330
C
102
}
330
C
100
AcDbDictionary
  0
DICTIONARY
  5
1A
102
{ACAD_REACTORS
330
C
102
}
330
C
100
AcDbDictionary
  0
DICTIONARY
  5
43
102
{ACAD_REACTORS
330
C
102
}
330
C
100
AcDbDictionary
  3
BYBLOCK
350
45
  3
BYLAYER
350
44
  3
GLOBAL
350
46
  0
DICTIONARY
  5
34A
102
{ACAD_REACTORS
330
C
102
}
330
C
100
AcDbDictionary
  0
DICTIONARY
  5
17
102
{ACAD_REACTORS
330
C
102
}
330
C
100
AcDbDictionary
  3
STANDARD
350
18
  0
DICTIONARY
  5
19
102
{ACAD_REACTORS
330
C
102
}
330
C
100
AcDbDictionary
  0
DICTIONARY
  5
47
102
{ACAD_REACTORS
330
C
102
}
330
C
100
AcDbDictionary
  3
A0
350
48
  3
A1
350
49
  3
A2
350
4A
  3
A3
350
4B
  3
A4
350
4C
  3
A5
350
4D
  3
A6
350
4E
  3
A7
350
4F
  3
A8
350
50
  3
A9
350
51
  3
B0
350
52
  3
B1
350
53
  3
B2
350
54
  3
B3
350
55
  3
B4
350
56
  3
B5
350
57
  3
B6
350
58
  3
B7
350
59
  3
B8
350
5A
  3
B9
350
5B
  3
C0
350
5C
  3
C1
350
5D
  3
C2
350
5E
  3
C3
350
5F
  3
C4
350
60
  3
C5
350
61
  3
C6
350
62
  3
C7
350
63
  3
C8
350
64
  3
C9
350
65
  3
D0
350
66
  3
D1
350
67
  3
D2
350
68
  0
DICTIONARY
  5
2A
102
{ACAD_REACTORS
330
C
102
}
330
C
100
AcDbDictionary
  3
2DWIREFRAME
350
2F
  3
BASIC
350
32
  3
BRIGHTEN
350
36
  3
COLORCHANGE
350
3A
  3
CONCEPTUAL
350
34
  3
DIM
350
35
  3
EDGECOLOROFF
350
3D
  3
FACEPATTERN
350
39
  3
FLAT
350
2B
  3
FLATWITHEDGES
350
2C
  3
GOURAUD
350
2D
  3
GOURAUDWITHEDGES
350
2E
  3
HIDDEN
350
31
  3
JITTEROFF
350
3B
  3
LINEPATTERN
350
38
  3
OVERHANGOFF
350
3C
  3
REALISTIC
350
33
  3
SHADED
350
42
  3
SHADED_WITH_EDGES
350
41
  3
SHADES_OF_GRAY
350
3E
  3
SKETCHY
350
3F
  3
THICKEN
350
37
  3
WIREFRAME
350
30
  3
X-RAY
350
40
  0
DICTIONARY
  5
328
102
{ACAD_REACTORS
330
C
102
}
330
C
100
AcDbDictionary
  3
CEPSNTYPE
350
331
  3
DIMSTYLEDATA
350
347
  3
FINGERPRINTGUID
350
332
  3
HYPERLINKBASE
350
32B
  3
INSUNITS
350
330
  3
LAYOUTDICT
350
32D
  3
LWETCUNION
350
32F
  3
PLOTSETDICT
350
32E
  3
PSVPSCALE
350
334
  3
PUCSBASE
350
337
  3
PUCSORGBACK
350
33D
  3
PUCSORGBOTTOM
350
339
  3
PUCSORGFRONT
350
33C
  3
PUCSORGLEFT
350
33A
  3
PUCSORGRIGHT
350
33B
  3
PUCSORGTOP
350
338
  3
PUCSORTHOREF
350
335
  3
PUCSORTHOVIEW
350
336
  3
STYLESHEET
350
32C
  3
TSTACKALIGN
350
329
  3
TSTACKSIZE
350
32A
  3
UCSBASE
350
340
  3
UCSORGBACK
350
346
  3
UCSORGBOTTOM
350
342
  3
UCSORGFRONT
350
345
  3
UCSORGLEFT
350
343
  3
UCSORGRIGHT
350
344
  3
UCSORGTOP
350
341
  3
UCSORTHOREF
350
33E
  3
UCSORTHOVIEW
350
33F
  3
VERSIONGUID
350
333
  0
DICTIONARY
  5
348
102
{ACAD_REACTORS
330
C
102
}
330
C
100
AcDbDictionary
  3
CANNOSCALE
350
34F
  3
DIMASSOC
350
34D
  3
HIDETEXT
350
34E
  3
MSLTSCALE
350
350
  0
MATERIAL
  5
45
102
{ACAD_REACTORS
330
43
102
}
102
{ACAD_XDICTIONARY
360
353
102
}
330
43
100
AcDbMaterial
  1
BYBLOCK
  0
MATERIAL
  5
44
102
{ACAD_REACTORS
330
43
102
}
102
{ACAD_XDICTIONARY
360
351
102
}
330
43
100
AcDbMaterial
  1
BYLAYER
  0
MATERIAL
  5
46
102
{ACAD_REACTORS
330
43
102
}
102
{ACAD_XDICTIONARY
360
355
102
}
330
43
100
AcDbMaterial
  1
GLOBAL
  0
MLINESTYLE
  5
18
102
{ACAD_REACTORS
330
17
102
}
330
17
100
AcDbMlineStyle
  2
Standard
 70
     0
  3

 62
   256
 51
90.0
 52
90.0
 71
     2
 49
0.5
 62
   256
  6
BYLAYER
 49
-0.5
 62
   256
  6
BYLAYER
  0
ACAD_PROXY_OBJECT
  5
48
102
{ACAD_REACTORS
330
47
102
}
330
47
100
AcDbProxyObject
 90
      499
 91
      503
 93
       41
310
903313A31580
  0
ACAD_PROXY_OBJECT
  5
49
102
{ACAD_REACTORS
330
47
102
}
330
47
100
AcDbProxyObject
 90
      499
 91
      503
 93
      105
310
903313A324000000000000004000
  0
ACAD_PROXY_OBJECT
  5
4A
102
{ACAD_REACTORS
330
47
102
}
330
47
100
AcDbProxyObject
 90
      499
 91
      503
 93
      105
310
903313A344000000000000104000
  0
ACAD_PROXY_OBJECT
  5
4B
102
{ACAD_REACTORS
330
47
102
}
330
47
100
AcDbProxyObject
 90
      499
 91
      503
 93
      105
310
903313A354000000000000144000
  0
ACAD_PROXY_OBJECT
  5
4C
102
{ACAD_REACTORS
330
47
102
}
330
47
100
AcDbProxyObject
 90
      499
 91
      503
 93
      105
310
903313A384000000000000204000
  0
ACAD_PROXY_OBJECT
  5
4D
102
{ACAD_REACTORS
330
47
102
}
330
47
100
AcDbProxyObject
 90
      499
 91
      503
 93
      113
310
904313A31304000000000000244000
  0
ACAD_PROXY_OBJECT
  5
4E
102
{ACAD_REACTORS
330
47
102
}
330
47
100
AcDbProxyObject
 90
      499
 91
      503
 93
      113
310
904313A31364000000000000304000
  0
ACAD_PROXY_OBJECT
  5
4F
102
{ACAD_REACTORS
330
47
102
}
330
47
100
AcDbProxyObject
 90
      499
 91
      503
 93
      113
310
904313A32304000000000000344000
  0
ACAD_PROXY_OBJECT
  5
50
102
{ACAD_REACTORS
330
47
102
}
330
47
100
AcDbProxyObject
 90
      499
 91
      503
 93
      113
310
904313A333040000000000003E4000
  0
ACAD_PROXY_OBJECT
  5
51
102
{ACAD_REACTORS
330
47
102
}
330
47
100
AcDbProxyObject
 90
      499
 91
      503
 93
      113
310
904313A34304000000000000444000
  0
ACAD_PROXY_OBJECT
  5
52
102
{ACAD_REACTORS
330
47
102
}
330
47
100
AcDbProxyObject
 90
      499
 91
      503
 93
      113
310
904313A35304000000000000494000
  0
ACAD_PROXY_OBJECT
  5
53
102
{ACAD_REACTORS
330
47
102
}
330
47
100
AcDbProxyObject
 90
      499
 91
      503
 93
      121
310
905313A3130304000000000000594000
  0
ACAD_PROXY_OBJECT
  5
54
102
{ACAD_REACTORS
330
47
102
}
330
47
100
AcDbProxyObject
 90
      499
 91
      503
 93
      105
310
903323A310000000000000010100
  0
ACAD_PROXY_OBJECT
  5
55
102
{ACAD_REACTORS
330
47
102
}
330
47
100
AcDbProxyObject
 90
      499
 91
      503
 93
      105
310
903343A310000000000000410100
  0
ACAD_PROXY_OBJECT
  5
56
102
{ACAD_REACTORS
330
47
102
}
330
47
100
AcDbProxyObject
 90
      499
 91
      503
 93
      105
310
903383A310000000000000810100
  0
ACAD_PROXY_OBJECT
  5
57
102
{ACAD_REACTORS
330
47
102
}
330
47
100
AcDbProxyObject
 90
      499
 91
      503
 93
      113
310
90431303A310000000000000910100
  0
ACAD_PROXY_OBJECT
  5
58
102
{ACAD_REACTORS
330
47
102
}
330
47
100
AcDbProxyObject
 90
      499
 91
      503
 93
      121
310
9053130303A310000000000001650100
  0
ACAD_PROXY_OBJECT
  5
59
102
{ACAD_REACTORS
330
47
102
}
330
47
100
AcDbProxyObject
 90
      499
 91
      503
 93
      257
310
90E312F31323822203D2031272D3022000000000000200FC000000000000284000
  0
ACAD_PROXY_OBJECT
  5
5A
102
{ACAD_REACTORS
330
47
102
}
330
47
100
AcDbProxyObject
 90
      499
 91
      503
 93
      249
310
90D312F363422203D2031272D3022000000000000240FC000000000000284000
  0
ACAD_PROXY_OBJECT
  5
5B
102
{ACAD_REACTORS
330
47
102
}
330
47
100
AcDbProxyObject
 90
      499
 91
      503
 93
      249
310
90D312F333222203D2031272D3022000000000000280FC000000000000284000
  0
ACAD_PROXY_OBJECT
  5
5C
102
{ACAD_REACTORS
330
47
102
}
330
47
100
AcDbProxyObject
 90
      499
 91
      503
 93
      249
310
90D312F313622203D2031272D30220000000000002C0FC000000000000284000
  0
ACAD_PROXY_OBJECT
  5
5D
102
{ACAD_REACTORS
330
47
102
}
330
47
100
AcDbProxyObject
 90
      499
 91
      503
 93
      249
310
90D332F333222203D2031272D30220000000000002E0FC000000000000284000
  0
ACAD_PROXY_OBJECT
  5
5E
102
{ACAD_REACTORS
330
47
102
}
330
47
100
AcDbProxyObject
 90
      499
 91
      503
 93
      241
310
90C312F3822203D2031272D3022000000000000300FC000000000000284000
  0
ACAD_PROXY_OBJECT
  5
5F
102
{ACAD_REACTORS
330
47
102
}
330
47
100
AcDbProxyObject
 90
      499
 91
      503
 93
      249
310
90D332F313622203D2031272D3022000000000000320FC000000000000284000
  0
ACAD_PROXY_OBJECT
  5
60
102
{ACAD_REACTORS
330
47
102
}
330
47
100
AcDbProxyObject
 90
      499
 91
      503
 93
      241
310
90C312F3422203D2031272D3022000000000000340FC000000000000284000
  0
ACAD_PROXY_OBJECT
  5
61
102
{ACAD_REACTORS
330
47
102
}
330
47
100
AcDbProxyObject
 90
      499
 91
      503
 93
      241
310
90C332F3822203D2031272D3022000000000000360FC000000000000284000
  0
ACAD_PROXY_OBJECT
  5
62
102
{ACAD_REACTORS
330
47
102
}
330
47
100
AcDbProxyObject
 90
      499
 91
      503
 93
      241
310
90C312F3222203D2031272D3022000000000000380FC000000000000284000
  0
ACAD_PROXY_OBJECT
  5
63
102
{ACAD_REACTORS
330
47
102
}
330
47
100
AcDbProxyObject
 90
      499
 91
      503
 93
      241
310
90C332F3422203D2031272D30220000000000003A0FC000000000000284000
  0
ACAD_PROXY_OBJECT
  5
64
102
{ACAD_REACTORS
330
47
102
}
330
47
100
AcDbProxyObject
 90
      499
 91
      503
 93
      161
310
90A3122203D2031272D30224000000000000284000
  0
ACAD_PROXY_OBJECT
  5
65
102
{ACAD_REACTORS
330
47
102
}
330
47
100
AcDbProxyObject
 90
      499
 91
      503
 93
      257
310
90E312D312F3222203D2031272D30220000000000003E0FC000000000000284000
  0
ACAD_PROXY_OBJECT
  5
66
102
{ACAD_REACTORS
330
47
102
}
330
47
100
AcDbProxyObject
 90
      499
 91
      503
 93
      225
310
90A3322203D2031272D302200000000000002100000000000000284000
  0
ACAD_PROXY_OBJECT
  5
67
102
{ACAD_REACTORS
330
47
102
}
330
47
100
AcDbProxyObject
 90
      499
 91
      503
 93
      225
310
90A3622203D2031272D302200000000000006100000000000000284000
  0
ACAD_PROXY_OBJECT
  5
68
102
{ACAD_REACTORS
330
47
102
}
330
47
100
AcDbProxyObject
 90
      499
 91
      503
 93
      249
310
90D31272D3022203D2031272D30220000000000000A100000000000000284000
  0
ACAD_PROXY_OBJECT
  5
2F
102
{ACAD_REACTORS
330
2A
102
}
330
2A
100
AcDbProxyObject
 90
      499
 91
      501
 93
      436
310
42CC9915DA5C99599C985B595049028333333333333E33F0000000000000F90107901411070040501600405405064090741402480A0340
1001
ACAD
1000
AcDbSavedByObjectVersion
1070
     0
  0
ACAD_PROXY_OBJECT
  5
32
102
{ACAD_REACTORS
330
2A
102
}
330
2A
100
AcDbProxyObject
 90
      499
 91
      501
 93
      388
310
4150985CDA58D07406404333333333333E33F0000000000000F90107A41107004050150841D405064090741402480A0350
1001
ACAD
1000
AcDbSavedByObjectVersion
1070
     0
  0
ACAD_PROXY_OBJECT
  5
36
102
{ACAD_REACTORS
330
2A
102
}
330
2A
100
AcDbProxyObject
 90
      499
 91
      501
 93
      428
310
42109C9A59DA1D195B90C409028333333333333E33F0000000000000F9010790141107004050150841D405064090741402480A029950
1001
ACAD
1000
AcDbSavedByObjectVersion
1070
     0
  0
ACAD_PROXY_OBJECT
  5
3A
102
{ACAD_REACTORS
330
2A
102
}
330
2A
100
AcDbProxyObject
 90
      499
 91
      501
 93
      452
310
42D0DBDB1BDC90DA185B99D95104090240C333333333333E33F0000000000000F90108901411070040501508421405064090741402480A0350
1001
ACAD
1000
AcDbSavedByObjectVersion
1070
     0
  0
ACAD_PROXY_OBJECT
  5
34
102
{ACAD_REACTORS
330
2A
102
}
330
2A
100
AcDbProxyObject
 90
      499
 91
      501
 93
      500
310
4290DBDB98D95C1D1D585B10940D028333333333333E33F0000000000000F90107902409070040501000000000018199010841D405064090740C02480A0340
1001
ACAD
1000
AcDbSavedByObjectVersion
1070
     0
  0
ACAD_PROXY_OBJECT
  5
35
102
{ACAD_REACTORS
330
2A
102
}
330
2A
100
AcDbProxyObject
 90
      499
 91
      501
 93
      412
310
40D11A5B50B409028333333333333E33F0000000000000F9010790141107004050150841D405064090741402480A02677FFFFFD0
1001
ACAD
1000
AcDbSavedByObjectVersion
1070
     0
  0
ACAD_PROXY_OBJECT
  5
3D
102
{ACAD_REACTORS
330
2A
102
}
330
2A
100
AcDbProxyObject
 90
      499
 91
      501
 93
      452
310
43115919D950DBDB1BDC93D999916409028333333333333E33F0000000000000F9010790141107004050150841D405064090741402480A0350
1001
ACAD
1000
AcDbSavedByObjectVersion
1070
     0
  0
ACAD_PROXY_OBJECT
  5
39
102
{ACAD_REACTORS
330
2A
102
}
330
2A
100
AcDbProxyObject
 90
      499
 91
      501
 93
      444
310
42D19858D95C185D1D195C9B90F409028333333333333E33F0000000000000F9010790141107004050150841D405064090741402480A0350
1001
ACAD
1000
AcDbSavedByObjectVersion
1070
     0
  0
ACAD_PROXY_OBJECT
  5
2B
102
{ACAD_REACTORS
330
2A
102
}
330
2A
100
AcDbProxyObject
 90
      499
 91
      501
 93
      380
310
41119B185D240901404333333333333E33F0000000000000F9010740A907004050150841D405064090741402480A1B50
1001
ACAD
1000
AcDbSavedByObjectVersion
1070
     0
  0
ACAD_PROXY_OBJECT
  5
2C
102
{ACAD_REACTORS
330
2A
102
}
330
2A
100
AcDbProxyObject
 90
      499
 91
      501
 93
      468
310
43519B185D15DA5D1A115919D95CD0140901404333333333333E33F0000000000000F90107409019070040501600405405064090741402480A1B50
1001
ACAD
1000
AcDbSavedByObjectVersion
1070
     0
  0
ACAD_PROXY_OBJECT
  5
2D
102
{ACAD_REACTORS
330
2A
102
}
330
2A
100
AcDbProxyObject
 90
      499
 91
      501
 93
      404
310
41D1DBDD5C985D5910240902404333333333333E33F0000000000000F9010740A9070040501641D405064090741402480A1B50
1001
ACAD
1000
AcDbSavedByObjectVersion
1070
     0
  0
ACAD_PROXY_OBJECT
  5
2E
102
{ACAD_REACTORS
330
2A
102
}
330
2A
100
AcDbProxyObject
 90
      499
 91
      501
 93
      492
310
4411DBDD5C985D5915DA5D1A115919D95CD0340902404333333333333E33F0000000000000F90107409019070040501600405405064090741402480A1B50
1001
ACAD
1000
AcDbSavedByObjectVersion
1070
     0
  0
ACAD_PROXY_OBJECT
  5
31
102
{ACAD_REACTORS
330
2A
102
}
330
2A
100
AcDbProxyObject
 90
      499
 91
      501
 93
      476
310
41921A5919195B90640502408333333333333E33F0000000000000F901079024090700405020000000000001110200405405064090740C02480A0340
1001
ACAD
1000
AcDbSavedByObjectVersion
1070
     0
  0
ACAD_PROXY_OBJECT
  5
3B
102
{ACAD_REACTORS
330
2A
102
}
330
2A
100
AcDbProxyObject
 90
      499
 91
      501
 93
      428
310
42529A5D1D195C93D999914409028333333333333E33F0000000000000F9010790141107004050150A41D405064090741402480A0350
1001
ACAD
1000
AcDbSavedByObjectVersion
1070
     0
  0
ACAD_PROXY_OBJECT
  5
38
102
{ACAD_REACTORS
330
2A
102
}
330
2A
100
AcDbProxyObject
 90
      499
 91
      501
 93
      444
310
42D31A5B995C185D1D195C9B90E409028333333333333E33F0000000000000F9010790141107004050750841D405064090741402483A0350
1001
ACAD
1000
AcDbSavedByObjectVersion
1070
     0
  0
ACAD_PROXY_OBJECT
  5
3C
102
{ACAD_REACTORS
330
2A
102
}
330
2A
100
AcDbProxyObject
 90
      499
 91
      501
 93
      444
310
42D3DD995C9A185B99D3D999915409028333333333333E33F0000000000000F9010790141107004050150941D405064090741402480A0350
1001
ACAD
1000
AcDbSavedByObjectVersion
1070
     0
  0
ACAD_PROXY_OBJECT
  5
33
102
{ACAD_REACTORS
330
2A
102
}
330
2A
100
AcDbProxyObject
 90
      499
 91
      501
 93
      428
310
425499585B1A5CDD1A58D08409038333333333333E33F0000000000000F9010740A907004050150800405405064090740C02480A1B40
1001
ACAD
1000
AcDbSavedByObjectVersion
1070
     0
  0
ACAD_PROXY_OBJECT
  5
42
102
{ACAD_REACTORS
330
2A
102
}
330
2A
100
AcDbProxyObject
 90
      499
 91
      501
 93
      420
310
4194DA1859195911B40902404333333333333E33F0000000000000F9010740A41107004050150800405405064090840C02480A0B40
1001
ACAD
1000
AcDbSavedByObjectVersion
1070
     0
  0
ACAD_PROXY_OBJECT
  5
41
102
{ACAD_REACTORS
330
2A
102
}
330
2A
100
AcDbProxyObject
 90
      499
 91
      501
 93
      516
310
4454DA18591959081DDA5D1A08195919D95CD1A40902404333333333333E33F0000000000000F901074090142907004050250800405405064090740C02480A0B40
1001
ACAD
1000
AcDbSavedByObjectVersion
1070
     0
  0
ACAD_PROXY_OBJECT
  5
3E
102
{ACAD_REACTORS
330
2A
102
}
330
2A
100
AcDbProxyObject
 90
      499
 91
      501
 93
      532
310
4394DA1859195CC81BD98811DC985E5174090240C333333333333E33F0000000000000F901079024090741D01000000000000111010841D405064090740C02480A0340
1001
ACAD
1000
AcDbSavedByObjectVersion
1070
     0
  0
ACAD_PROXY_OBJECT
  5
3F
102
{ACAD_REACTORS
330
2A
102
}
330
2A
100
AcDbProxyObject
 90
      499
 91
      501
 93
      476
310
41D4DAD95D18DA1E51840502408333333333333E33F0000000000000F901079024090741D01000000000000111010B41D405064090741802480A0340
1001
ACAD
1000
AcDbSavedByObjectVersion
1070
     0
  0
ACAD_PROXY_OBJECT
  5
37
102
{ACAD_REACTORS
330
2A
102
}
330
2A
100
AcDbProxyObject
 90
      499
 91
      501
 93
      412
310
41D51A1A58DAD95B90D409028333333333333E33F0000000000000F9010790141107004050150C41D405064090741402480A0350
1001
ACAD
1000
AcDbSavedByObjectVersion
1070
     0
  0
ACAD_PROXY_OBJECT
  5
30
102
{ACAD_REACTORS
330
2A
102
}
330
2A
100
AcDbProxyObject
 90
      499
 91
      501
 93
      420
310
4255DA5C99599C985B595059028333333333333E33F0000000000000F90107901411070040501600405405064090740C02480A0340
1001
ACAD
1000
AcDbSavedByObjectVersion
1070
     0
  0
ACAD_PROXY_OBJECT
  5
40
102
{ACAD_REACTORS
330
2A
102
}
330
2A
100
AcDbProxyObject
 90
      499
 91
      501
 93
      404
310
41560B54985E51940902404000000000000E03F0000000000000F9010740501907004050150841D405064090740C02480A1B40
1001
ACAD
1000
AcDbSavedByObjectVersion
1070
     0
  0
XRECORD
  5
331
102
{ACAD_REACTORS
330
328
102
}
330
328
100
AcDbXrecord
 90
        0
  0
XRECORD
  5
347
102
{ACAD_REACTORS
330
328
102
}
330
328
100
AcDbXrecord
1000
DSTYLE
1002
{
1070
   279
 70
     2
1070
   340
340
11
1002
}
  0
XRECORD
  5
332
102
{ACAD_REACTORS
330
328
102
}
330
328
100
AcDbXrecord
  1
{05502AB2-7821-4CA5-82D3-68EE840480AB}
  0
XRECORD
  5
32B
102
{ACAD_REACTORS
330
328
102
}
330
328
100
AcDbXrecord
  1

  0
XRECORD
  5
330
102
{ACAD_REACTORS
330
328
102
}
330
328
100
AcDbXrecord
 90
        4
  0
XRECORD
  5
32D
102
{ACAD_REACTORS
330
328
102
}
330
328
100
AcDbXrecord
340
1A
  0
XRECORD
  5
32F
102
{ACAD_REACTORS
330
328
102
}
330
328
100
AcDbXrecord
 90
    10781
  0
XRECORD
  5
32E
102
{ACAD_REACTORS
330
328
102
}
330
328
100
AcDbXrecord
340
19
  0
XRECORD
  5
334
102
{ACAD_REACTORS
330
328
102
}
330
328
100
AcDbXrecord
 40
0.0
  0
XRECORD
  5
337
102
{ACAD_REACTORS
330
328
102
}
330
328
100
AcDbXrecord
340
0
  0
XRECORD
  5
33D
102
{ACAD_REACTORS
330
328
102
}
330
328
100
AcDbXrecord
 10
0.0
 20
0.0
 30
0.0
  0
XRECORD
  5
339
102
{ACAD_REACTORS
330
328
102
}
330
328
100
AcDbXrecord
 10
0.0
 20
0.0
 30
0.0
  0
XRECORD
  5
33C
102
{ACAD_REACTORS
330
328
102
}
330
328
100
AcDbXrecord
 10
0.0
 20
0.0
 30
0.0
  0
XRECORD
  5
33A
102
{ACAD_REACTORS
330
328
102
}
330
328
100
AcDbXrecord
 10
0.0
 20
0.0
 30
0.0
  0
XRECORD
  5
33B
102
{ACAD_REACTORS
330
328
102
}
330
328
100
AcDbXrecord
 10
0.0
 20
0.0
 30
0.0
  0
XRECORD
  5
338
102
{ACAD_REACTORS
330
328
102
}
330
328
100
AcDbXrecord
 10
0.0
 20
0.0
 30
0.0
  0
XRECORD
  5
335
102
{ACAD_REACTORS
330
328
102
}
330
328
100
AcDbXrecord
340
0
  0
XRECORD
  5
336
102
{ACAD_REACTORS
330
328
102
}
330
328
100
AcDbXrecord
 70
     0
  0
XRECORD
  5
32C
102
{ACAD_REACTORS
330
328
102
}
330
328
100
AcDbXrecord
  1

  0
XRECORD
  5
329
102
{ACAD_REACTORS
330
328
102
}
330
328
100
AcDbXrecord
 90
        1
  0
XRECORD
  5
32A
102
{ACAD_REACTORS
330
328
102
}
330
328
100
AcDbXrecord
 90
       70
  0
XRECORD
  5
340
102
{ACAD_REACTORS
330
328
102
}
330
328
100
AcDbXrecord
340
0
  0
XRECORD
  5
346
102
{ACAD_REACTORS
330
328
102
}
330
328
100
AcDbXrecord
 10
0.0
 20
0.0
 30
0.0
  0
XRECORD
  5
342
102
{ACAD_REACTORS
330
328
102
}
330
328
100
AcDbXrecord
 10
0.0
 20
0.0
 30
0.0
  0
XRECORD
  5
345
102
{ACAD_REACTORS
330
328
102
}
330
328
100
AcDbXrecord
 10
0.0
 20
0.0
 30
0.0
  0
XRECORD
  5
343
102
{ACAD_REACTORS
330
328
102
}
330
328
100
AcDbXrecord
 10
0.0
 20
0.0
 30
0.0
  0
XRECORD
  5
344
102
{ACAD_REACTORS
330
328
102
}
330
328
100
AcDbXrecord
 10
0.0
 20
0.0
 30
0.0
  0
XRECORD
  5
341
102
{ACAD_REACTORS
330
328
102
}
330
328
100
AcDbXrecord
 10
0.0
 20
0.0
 30
0.0
  0
XRECORD
  5
33E
102
{ACAD_REACTORS
330
328
102
}
330
328
100
AcDbXrecord
340
0
  0
XRECORD
  5
33F
102
{ACAD_REACTORS
330
328
102
}
330
328
100
AcDbXrecord
 70
     0
  0
XRECORD
  5
333
102
{ACAD_REACTORS
330
328
102
}
330
328
100
AcDbXrecord
  1
{FAEB1C32-E019-11D5-929B-00C0DF256EC4}
  0
DICTIONARYVAR
  5
34F
102
{ACAD_REACTORS
330
348
102
}
330
348
100
DictionaryVariables
280
     0
  1
1:1
  0
DICTIONARYVAR
  5
34D
102
{ACAD_REACTORS
330
348
102
}
330
348
100
DictionaryVariables
280
     0
  1
2
  0
DICTIONARYVAR
  5
34E
102
{ACAD_REACTORS
330
348
102
}
330
348
100
DictionaryVariables
280
     0
  1
1
  0
DICTIONARYVAR
  5
350
102
{ACAD_REACTORS
330
348
102
}
330
348
100
DictionaryVariables
280
     0
  1
1
  0
DICTIONARY
  5
353
330
45
100
AcDbDictionary
280
     1
  3
ACAD_XREC_ROUNDTRIP
360
354
  0
DICTIONARY
  5
351
330
44
100
AcDbDictionary
280
     1
  3
ACAD_XREC_ROUNDTRIP
360
352
  0
DICTIONARY
  5
355
330
46
100
AcDbDictionary
280
     1
  3
ACAD_XREC_ROUNDTRIP
360
356
  0
XRECORD
  5
354
102
{ACAD_REACTORS
330
353
102
}
330
353
100
AcDbXrecord
102
MATERIAL
148
0.0
149
0.0
149
0.0
 93
        0
 94
      127
282
     0
 72
     1
 77
     1
171
     1
175
     1
179
     1
273
     0
  0
XRECORD
  5
352
102
{ACAD_REACTORS
330
351
102
}
330
351
100
AcDbXrecord
102
MATERIAL
148
0.0
149
0.0
149
0.0
 93
        0
 94
      127
282
     0
 72
     1
 77
     1
171
     1
175
     1
179
     1
273
     0
  0
XRECORD
  5
356
102
{ACAD_REACTORS
330
355
102
}
330
355
100
AcDbXrecord
102
MATERIAL
148
0.0
149
0.0
149
0.0
 93
        0
 94
      127
282
     0
 72
     1
 77
     1
171
     1
175
     1
179
     1
273
     0
  0
ENDSEC
  0
EOF
